ISO-10303-21;
HEADER;
/* Generated by software containing ST-Developer
 * from STEP Tools, Inc. (www.steptools.com) 
 */

FILE_DESCRIPTION(
/* description */ ('model of PinSocket_2x04_P2.00mm_Vertical'),
/* implementation_level */ '2;1');

FILE_NAME(
/* name */ 'Conn_PinSocket_2x04_P2.00mm_Vertical.step',
/* time_stamp */ '2026-07-26T18:13:11+02:00',
/* author */ (''),
/* organization */ (''),
/* preprocessor_version */ 'ST-DEVELOPER v20.1',
/* originating_system */ 'Autodesk Translation Framework v15.8.0.0',
/* authorisation */ '');

FILE_SCHEMA (('AUTOMOTIVE_DESIGN { 1 0 10303 214 3 1 1 }'));
ENDSEC;

DATA;
#10=MECHANICAL_DESIGN_GEOMETRIC_PRESENTATION_REPRESENTATION('',(#3908,#3909,
#3910,#3911,#3912,#3913,#3914,#3915,#3916,#3917,#3918,#3919,#3920,#3921,
#3922,#3923,#3924,#3925,#3926,#3927,#3928,#3929,#3930,#3931,#3932,#3933,
#3934,#3935,#3936,#3937,#3938,#3939,#3940,#3941,#3942,#3943,#3944,#3945,
#3946,#3947,#3948,#3949,#3950,#3951,#3952,#3953,#3954,#3955,#3956,#3957,
#3958,#3959,#3960,#3961,#3962,#3963,#3964,#3965,#3966,#3967,#3968,#3969,
#3970,#3971,#3972,#3973,#3974,#3975,#3976,#3977,#3978,#3979,#3980,#3981,
#3982,#3983,#3984,#3985,#3986,#3987,#3988,#3989,#3990,#3991,#3992,#3993,
#3994,#3995,#3996,#3997,#3998,#3999,#4000,#4001,#4002,#4003,#4004,#4005,
#4006,#4007,#4008,#4009,#4010,#4011,#4012,#4013,#4014,#4015,#4016,#4017,
#4018,#4019,#4020,#4021,#4022,#4023,#4024,#4025,#4026,#4027,#4028,#4029,
#4030,#4031,#4032,#4033,#4034,#4035,#4036,#4037,#4038,#4039,#4040,#4041,
#4042,#4043,#4044,#4045,#4046,#4047,#4048,#4049,#4050,#4051,#4052,#4053,
#4054,#4055,#4056,#4057,#4058,#4059,#4060,#4061,#4062,#4063,#4064,#4065,
#4066,#4067,#4068,#4069,#4070,#4071,#4072,#4073,#4074,#4075,#4076,#4077,
#4078,#4079,#4080,#4081,#4082,#4083,#4084,#4085,#4086,#4087,#4088,#4089,
#4090,#4091,#4092,#4093,#4094,#4095,#4096,#4097,#4098,#4099,#4100,#4101,
#4102,#4103,#4104,#4105,#4106,#4107,#4108,#4109,#4110,#4111,#4112,#4113,
#4114,#4115,#4116,#4117,#4118,#4119,#4120,#4121,#4122,#4123,#4124,#4125,
#4126),#6741);
#11=SHAPE_REPRESENTATION_RELATIONSHIP('SRR','None',#6748,#12);
#12=ADVANCED_BREP_SHAPE_REPRESENTATION('',(#13),#6740);
#13=MANIFOLD_SOLID_BREP('Body1',#4345);
#14=FACE_BOUND('',#249,.T.);
#15=FACE_BOUND('',#250,.T.);
#16=FACE_BOUND('',#251,.T.);
#17=FACE_BOUND('',#252,.T.);
#18=FACE_BOUND('',#253,.T.);
#19=FACE_BOUND('',#254,.T.);
#20=FACE_BOUND('',#255,.T.);
#21=FACE_BOUND('',#256,.T.);
#22=FACE_BOUND('',#444,.T.);
#23=FACE_BOUND('',#445,.T.);
#24=FACE_BOUND('',#446,.T.);
#25=FACE_BOUND('',#447,.T.);
#26=FACE_BOUND('',#448,.T.);
#27=FACE_BOUND('',#449,.T.);
#28=FACE_BOUND('',#450,.T.);
#29=FACE_BOUND('',#451,.T.);
#30=FACE_OUTER_BOUND('',#248,.T.);
#31=FACE_OUTER_BOUND('',#257,.T.);
#32=FACE_OUTER_BOUND('',#258,.T.);
#33=FACE_OUTER_BOUND('',#259,.T.);
#34=FACE_OUTER_BOUND('',#260,.T.);
#35=FACE_OUTER_BOUND('',#261,.T.);
#36=FACE_OUTER_BOUND('',#262,.T.);
#37=FACE_OUTER_BOUND('',#263,.T.);
#38=FACE_OUTER_BOUND('',#264,.T.);
#39=FACE_OUTER_BOUND('',#265,.T.);
#40=FACE_OUTER_BOUND('',#266,.T.);
#41=FACE_OUTER_BOUND('',#267,.T.);
#42=FACE_OUTER_BOUND('',#268,.T.);
#43=FACE_OUTER_BOUND('',#269,.T.);
#44=FACE_OUTER_BOUND('',#270,.T.);
#45=FACE_OUTER_BOUND('',#271,.T.);
#46=FACE_OUTER_BOUND('',#272,.T.);
#47=FACE_OUTER_BOUND('',#273,.T.);
#48=FACE_OUTER_BOUND('',#274,.T.);
#49=FACE_OUTER_BOUND('',#275,.T.);
#50=FACE_OUTER_BOUND('',#276,.T.);
#51=FACE_OUTER_BOUND('',#277,.T.);
#52=FACE_OUTER_BOUND('',#278,.T.);
#53=FACE_OUTER_BOUND('',#279,.T.);
#54=FACE_OUTER_BOUND('',#280,.T.);
#55=FACE_OUTER_BOUND('',#281,.T.);
#56=FACE_OUTER_BOUND('',#282,.T.);
#57=FACE_OUTER_BOUND('',#283,.T.);
#58=FACE_OUTER_BOUND('',#284,.T.);
#59=FACE_OUTER_BOUND('',#285,.T.);
#60=FACE_OUTER_BOUND('',#286,.T.);
#61=FACE_OUTER_BOUND('',#287,.T.);
#62=FACE_OUTER_BOUND('',#288,.T.);
#63=FACE_OUTER_BOUND('',#289,.T.);
#64=FACE_OUTER_BOUND('',#290,.T.);
#65=FACE_OUTER_BOUND('',#291,.T.);
#66=FACE_OUTER_BOUND('',#292,.T.);
#67=FACE_OUTER_BOUND('',#293,.T.);
#68=FACE_OUTER_BOUND('',#294,.T.);
#69=FACE_OUTER_BOUND('',#295,.T.);
#70=FACE_OUTER_BOUND('',#296,.T.);
#71=FACE_OUTER_BOUND('',#297,.T.);
#72=FACE_OUTER_BOUND('',#298,.T.);
#73=FACE_OUTER_BOUND('',#299,.T.);
#74=FACE_OUTER_BOUND('',#300,.T.);
#75=FACE_OUTER_BOUND('',#301,.T.);
#76=FACE_OUTER_BOUND('',#302,.T.);
#77=FACE_OUTER_BOUND('',#303,.T.);
#78=FACE_OUTER_BOUND('',#304,.T.);
#79=FACE_OUTER_BOUND('',#305,.T.);
#80=FACE_OUTER_BOUND('',#306,.T.);
#81=FACE_OUTER_BOUND('',#307,.T.);
#82=FACE_OUTER_BOUND('',#308,.T.);
#83=FACE_OUTER_BOUND('',#309,.T.);
#84=FACE_OUTER_BOUND('',#310,.T.);
#85=FACE_OUTER_BOUND('',#311,.T.);
#86=FACE_OUTER_BOUND('',#312,.T.);
#87=FACE_OUTER_BOUND('',#313,.T.);
#88=FACE_OUTER_BOUND('',#314,.T.);
#89=FACE_OUTER_BOUND('',#315,.T.);
#90=FACE_OUTER_BOUND('',#316,.T.);
#91=FACE_OUTER_BOUND('',#317,.T.);
#92=FACE_OUTER_BOUND('',#318,.T.);
#93=FACE_OUTER_BOUND('',#319,.T.);
#94=FACE_OUTER_BOUND('',#320,.T.);
#95=FACE_OUTER_BOUND('',#321,.T.);
#96=FACE_OUTER_BOUND('',#322,.T.);
#97=FACE_OUTER_BOUND('',#323,.T.);
#98=FACE_OUTER_BOUND('',#324,.T.);
#99=FACE_OUTER_BOUND('',#325,.T.);
#100=FACE_OUTER_BOUND('',#326,.T.);
#101=FACE_OUTER_BOUND('',#327,.T.);
#102=FACE_OUTER_BOUND('',#328,.T.);
#103=FACE_OUTER_BOUND('',#329,.T.);
#104=FACE_OUTER_BOUND('',#330,.T.);
#105=FACE_OUTER_BOUND('',#331,.T.);
#106=FACE_OUTER_BOUND('',#332,.T.);
#107=FACE_OUTER_BOUND('',#333,.T.);
#108=FACE_OUTER_BOUND('',#334,.T.);
#109=FACE_OUTER_BOUND('',#335,.T.);
#110=FACE_OUTER_BOUND('',#336,.T.);
#111=FACE_OUTER_BOUND('',#337,.T.);
#112=FACE_OUTER_BOUND('',#338,.T.);
#113=FACE_OUTER_BOUND('',#339,.T.);
#114=FACE_OUTER_BOUND('',#340,.T.);
#115=FACE_OUTER_BOUND('',#341,.T.);
#116=FACE_OUTER_BOUND('',#342,.T.);
#117=FACE_OUTER_BOUND('',#343,.T.);
#118=FACE_OUTER_BOUND('',#344,.T.);
#119=FACE_OUTER_BOUND('',#345,.T.);
#120=FACE_OUTER_BOUND('',#346,.T.);
#121=FACE_OUTER_BOUND('',#347,.T.);
#122=FACE_OUTER_BOUND('',#348,.T.);
#123=FACE_OUTER_BOUND('',#349,.T.);
#124=FACE_OUTER_BOUND('',#350,.T.);
#125=FACE_OUTER_BOUND('',#351,.T.);
#126=FACE_OUTER_BOUND('',#352,.T.);
#127=FACE_OUTER_BOUND('',#353,.T.);
#128=FACE_OUTER_BOUND('',#354,.T.);
#129=FACE_OUTER_BOUND('',#355,.T.);
#130=FACE_OUTER_BOUND('',#356,.T.);
#131=FACE_OUTER_BOUND('',#357,.T.);
#132=FACE_OUTER_BOUND('',#358,.T.);
#133=FACE_OUTER_BOUND('',#359,.T.);
#134=FACE_OUTER_BOUND('',#360,.T.);
#135=FACE_OUTER_BOUND('',#361,.T.);
#136=FACE_OUTER_BOUND('',#362,.T.);
#137=FACE_OUTER_BOUND('',#363,.T.);
#138=FACE_OUTER_BOUND('',#364,.T.);
#139=FACE_OUTER_BOUND('',#365,.T.);
#140=FACE_OUTER_BOUND('',#366,.T.);
#141=FACE_OUTER_BOUND('',#367,.T.);
#142=FACE_OUTER_BOUND('',#368,.T.);
#143=FACE_OUTER_BOUND('',#369,.T.);
#144=FACE_OUTER_BOUND('',#370,.T.);
#145=FACE_OUTER_BOUND('',#371,.T.);
#146=FACE_OUTER_BOUND('',#372,.T.);
#147=FACE_OUTER_BOUND('',#373,.T.);
#148=FACE_OUTER_BOUND('',#374,.T.);
#149=FACE_OUTER_BOUND('',#375,.T.);
#150=FACE_OUTER_BOUND('',#376,.T.);
#151=FACE_OUTER_BOUND('',#377,.T.);
#152=FACE_OUTER_BOUND('',#378,.T.);
#153=FACE_OUTER_BOUND('',#379,.T.);
#154=FACE_OUTER_BOUND('',#380,.T.);
#155=FACE_OUTER_BOUND('',#381,.T.);
#156=FACE_OUTER_BOUND('',#382,.T.);
#157=FACE_OUTER_BOUND('',#383,.T.);
#158=FACE_OUTER_BOUND('',#384,.T.);
#159=FACE_OUTER_BOUND('',#385,.T.);
#160=FACE_OUTER_BOUND('',#386,.T.);
#161=FACE_OUTER_BOUND('',#387,.T.);
#162=FACE_OUTER_BOUND('',#388,.T.);
#163=FACE_OUTER_BOUND('',#389,.T.);
#164=FACE_OUTER_BOUND('',#390,.T.);
#165=FACE_OUTER_BOUND('',#391,.T.);
#166=FACE_OUTER_BOUND('',#392,.T.);
#167=FACE_OUTER_BOUND('',#393,.T.);
#168=FACE_OUTER_BOUND('',#394,.T.);
#169=FACE_OUTER_BOUND('',#395,.T.);
#170=FACE_OUTER_BOUND('',#396,.T.);
#171=FACE_OUTER_BOUND('',#397,.T.);
#172=FACE_OUTER_BOUND('',#398,.T.);
#173=FACE_OUTER_BOUND('',#399,.T.);
#174=FACE_OUTER_BOUND('',#400,.T.);
#175=FACE_OUTER_BOUND('',#401,.T.);
#176=FACE_OUTER_BOUND('',#402,.T.);
#177=FACE_OUTER_BOUND('',#403,.T.);
#178=FACE_OUTER_BOUND('',#404,.T.);
#179=FACE_OUTER_BOUND('',#405,.T.);
#180=FACE_OUTER_BOUND('',#406,.T.);
#181=FACE_OUTER_BOUND('',#407,.T.);
#182=FACE_OUTER_BOUND('',#408,.T.);
#183=FACE_OUTER_BOUND('',#409,.T.);
#184=FACE_OUTER_BOUND('',#410,.T.);
#185=FACE_OUTER_BOUND('',#411,.T.);
#186=FACE_OUTER_BOUND('',#412,.T.);
#187=FACE_OUTER_BOUND('',#413,.T.);
#188=FACE_OUTER_BOUND('',#414,.T.);
#189=FACE_OUTER_BOUND('',#415,.T.);
#190=FACE_OUTER_BOUND('',#416,.T.);
#191=FACE_OUTER_BOUND('',#417,.T.);
#192=FACE_OUTER_BOUND('',#418,.T.);
#193=FACE_OUTER_BOUND('',#419,.T.);
#194=FACE_OUTER_BOUND('',#420,.T.);
#195=FACE_OUTER_BOUND('',#421,.T.);
#196=FACE_OUTER_BOUND('',#422,.T.);
#197=FACE_OUTER_BOUND('',#423,.T.);
#198=FACE_OUTER_BOUND('',#424,.T.);
#199=FACE_OUTER_BOUND('',#425,.T.);
#200=FACE_OUTER_BOUND('',#426,.T.);
#201=FACE_OUTER_BOUND('',#427,.T.);
#202=FACE_OUTER_BOUND('',#428,.T.);
#203=FACE_OUTER_BOUND('',#429,.T.);
#204=FACE_OUTER_BOUND('',#430,.T.);
#205=FACE_OUTER_BOUND('',#431,.T.);
#206=FACE_OUTER_BOUND('',#432,.T.);
#207=FACE_OUTER_BOUND('',#433,.T.);
#208=FACE_OUTER_BOUND('',#434,.T.);
#209=FACE_OUTER_BOUND('',#435,.T.);
#210=FACE_OUTER_BOUND('',#436,.T.);
#211=FACE_OUTER_BOUND('',#437,.T.);
#212=FACE_OUTER_BOUND('',#438,.T.);
#213=FACE_OUTER_BOUND('',#439,.T.);
#214=FACE_OUTER_BOUND('',#440,.T.);
#215=FACE_OUTER_BOUND('',#441,.T.);
#216=FACE_OUTER_BOUND('',#442,.T.);
#217=FACE_OUTER_BOUND('',#443,.T.);
#218=FACE_OUTER_BOUND('',#452,.T.);
#219=FACE_OUTER_BOUND('',#453,.T.);
#220=FACE_OUTER_BOUND('',#454,.T.);
#221=FACE_OUTER_BOUND('',#455,.T.);
#222=FACE_OUTER_BOUND('',#456,.T.);
#223=FACE_OUTER_BOUND('',#457,.T.);
#224=FACE_OUTER_BOUND('',#458,.T.);
#225=FACE_OUTER_BOUND('',#459,.T.);
#226=FACE_OUTER_BOUND('',#460,.T.);
#227=FACE_OUTER_BOUND('',#461,.T.);
#228=FACE_OUTER_BOUND('',#462,.T.);
#229=FACE_OUTER_BOUND('',#463,.T.);
#230=FACE_OUTER_BOUND('',#464,.T.);
#231=FACE_OUTER_BOUND('',#465,.T.);
#232=FACE_OUTER_BOUND('',#466,.T.);
#233=FACE_OUTER_BOUND('',#467,.T.);
#234=FACE_OUTER_BOUND('',#468,.T.);
#235=FACE_OUTER_BOUND('',#469,.T.);
#236=FACE_OUTER_BOUND('',#470,.T.);
#237=FACE_OUTER_BOUND('',#471,.T.);
#238=FACE_OUTER_BOUND('',#472,.T.);
#239=FACE_OUTER_BOUND('',#473,.T.);
#240=FACE_OUTER_BOUND('',#474,.T.);
#241=FACE_OUTER_BOUND('',#475,.T.);
#242=FACE_OUTER_BOUND('',#476,.T.);
#243=FACE_OUTER_BOUND('',#477,.T.);
#244=FACE_OUTER_BOUND('',#478,.T.);
#245=FACE_OUTER_BOUND('',#479,.T.);
#246=FACE_OUTER_BOUND('',#480,.T.);
#247=FACE_OUTER_BOUND('',#481,.T.);
#248=EDGE_LOOP('',(#2554,#2555,#2556,#2557));
#249=EDGE_LOOP('',(#2558,#2559,#2560,#2561));
#250=EDGE_LOOP('',(#2562,#2563,#2564,#2565));
#251=EDGE_LOOP('',(#2566,#2567,#2568,#2569));
#252=EDGE_LOOP('',(#2570,#2571,#2572,#2573));
#253=EDGE_LOOP('',(#2574,#2575,#2576,#2577));
#254=EDGE_LOOP('',(#2578,#2579,#2580,#2581));
#255=EDGE_LOOP('',(#2582,#2583,#2584,#2585));
#256=EDGE_LOOP('',(#2586,#2587,#2588,#2589));
#257=EDGE_LOOP('',(#2590,#2591,#2592,#2593));
#258=EDGE_LOOP('',(#2594,#2595,#2596,#2597));
#259=EDGE_LOOP('',(#2598,#2599,#2600,#2601));
#260=EDGE_LOOP('',(#2602,#2603,#2604,#2605));
#261=EDGE_LOOP('',(#2606,#2607,#2608,#2609));
#262=EDGE_LOOP('',(#2610,#2611,#2612,#2613));
#263=EDGE_LOOP('',(#2614,#2615,#2616,#2617));
#264=EDGE_LOOP('',(#2618,#2619,#2620,#2621));
#265=EDGE_LOOP('',(#2622,#2623,#2624,#2625));
#266=EDGE_LOOP('',(#2626,#2627,#2628,#2629));
#267=EDGE_LOOP('',(#2630,#2631,#2632,#2633));
#268=EDGE_LOOP('',(#2634,#2635,#2636,#2637));
#269=EDGE_LOOP('',(#2638,#2639,#2640,#2641));
#270=EDGE_LOOP('',(#2642,#2643,#2644,#2645));
#271=EDGE_LOOP('',(#2646,#2647,#2648,#2649));
#272=EDGE_LOOP('',(#2650,#2651,#2652,#2653));
#273=EDGE_LOOP('',(#2654,#2655,#2656,#2657));
#274=EDGE_LOOP('',(#2658,#2659,#2660,#2661));
#275=EDGE_LOOP('',(#2662,#2663,#2664,#2665));
#276=EDGE_LOOP('',(#2666,#2667,#2668,#2669));
#277=EDGE_LOOP('',(#2670,#2671,#2672,#2673));
#278=EDGE_LOOP('',(#2674,#2675,#2676,#2677));
#279=EDGE_LOOP('',(#2678,#2679,#2680,#2681));
#280=EDGE_LOOP('',(#2682,#2683,#2684,#2685));
#281=EDGE_LOOP('',(#2686,#2687,#2688,#2689));
#282=EDGE_LOOP('',(#2690,#2691,#2692,#2693));
#283=EDGE_LOOP('',(#2694,#2695,#2696,#2697));
#284=EDGE_LOOP('',(#2698,#2699,#2700,#2701));
#285=EDGE_LOOP('',(#2702,#2703,#2704,#2705));
#286=EDGE_LOOP('',(#2706,#2707,#2708,#2709));
#287=EDGE_LOOP('',(#2710,#2711,#2712,#2713));
#288=EDGE_LOOP('',(#2714,#2715,#2716,#2717));
#289=EDGE_LOOP('',(#2718,#2719,#2720,#2721));
#290=EDGE_LOOP('',(#2722,#2723,#2724,#2725));
#291=EDGE_LOOP('',(#2726,#2727,#2728,#2729));
#292=EDGE_LOOP('',(#2730,#2731,#2732,#2733));
#293=EDGE_LOOP('',(#2734,#2735,#2736,#2737));
#294=EDGE_LOOP('',(#2738,#2739,#2740,#2741));
#295=EDGE_LOOP('',(#2742,#2743,#2744,#2745));
#296=EDGE_LOOP('',(#2746,#2747,#2748,#2749));
#297=EDGE_LOOP('',(#2750,#2751,#2752,#2753));
#298=EDGE_LOOP('',(#2754,#2755,#2756,#2757));
#299=EDGE_LOOP('',(#2758,#2759,#2760,#2761));
#300=EDGE_LOOP('',(#2762,#2763,#2764,#2765));
#301=EDGE_LOOP('',(#2766,#2767,#2768,#2769));
#302=EDGE_LOOP('',(#2770,#2771,#2772,#2773));
#303=EDGE_LOOP('',(#2774,#2775,#2776,#2777));
#304=EDGE_LOOP('',(#2778,#2779,#2780,#2781));
#305=EDGE_LOOP('',(#2782,#2783,#2784,#2785));
#306=EDGE_LOOP('',(#2786,#2787,#2788,#2789));
#307=EDGE_LOOP('',(#2790,#2791,#2792,#2793));
#308=EDGE_LOOP('',(#2794,#2795,#2796,#2797));
#309=EDGE_LOOP('',(#2798,#2799,#2800,#2801));
#310=EDGE_LOOP('',(#2802,#2803,#2804,#2805));
#311=EDGE_LOOP('',(#2806,#2807,#2808,#2809));
#312=EDGE_LOOP('',(#2810,#2811,#2812,#2813));
#313=EDGE_LOOP('',(#2814,#2815,#2816,#2817));
#314=EDGE_LOOP('',(#2818,#2819,#2820,#2821));
#315=EDGE_LOOP('',(#2822,#2823,#2824,#2825));
#316=EDGE_LOOP('',(#2826,#2827,#2828,#2829));
#317=EDGE_LOOP('',(#2830,#2831,#2832,#2833));
#318=EDGE_LOOP('',(#2834,#2835,#2836,#2837));
#319=EDGE_LOOP('',(#2838,#2839,#2840,#2841));
#320=EDGE_LOOP('',(#2842,#2843,#2844,#2845));
#321=EDGE_LOOP('',(#2846,#2847,#2848,#2849,#2850,#2851,#2852,#2853));
#322=EDGE_LOOP('',(#2854,#2855,#2856,#2857,#2858,#2859,#2860,#2861));
#323=EDGE_LOOP('',(#2862,#2863,#2864,#2865));
#324=EDGE_LOOP('',(#2866,#2867,#2868,#2869));
#325=EDGE_LOOP('',(#2870,#2871,#2872,#2873,#2874,#2875,#2876,#2877));
#326=EDGE_LOOP('',(#2878,#2879,#2880,#2881,#2882,#2883,#2884,#2885));
#327=EDGE_LOOP('',(#2886,#2887,#2888,#2889));
#328=EDGE_LOOP('',(#2890,#2891,#2892,#2893));
#329=EDGE_LOOP('',(#2894,#2895,#2896,#2897,#2898,#2899,#2900,#2901));
#330=EDGE_LOOP('',(#2902,#2903,#2904,#2905,#2906,#2907,#2908,#2909));
#331=EDGE_LOOP('',(#2910,#2911,#2912,#2913));
#332=EDGE_LOOP('',(#2914,#2915,#2916,#2917));
#333=EDGE_LOOP('',(#2918,#2919,#2920,#2921,#2922,#2923,#2924,#2925));
#334=EDGE_LOOP('',(#2926,#2927,#2928,#2929,#2930,#2931,#2932,#2933));
#335=EDGE_LOOP('',(#2934,#2935,#2936,#2937));
#336=EDGE_LOOP('',(#2938,#2939,#2940,#2941));
#337=EDGE_LOOP('',(#2942,#2943,#2944,#2945,#2946,#2947,#2948,#2949));
#338=EDGE_LOOP('',(#2950,#2951,#2952,#2953,#2954,#2955,#2956,#2957));
#339=EDGE_LOOP('',(#2958,#2959,#2960,#2961));
#340=EDGE_LOOP('',(#2962,#2963,#2964,#2965));
#341=EDGE_LOOP('',(#2966,#2967,#2968,#2969,#2970,#2971,#2972,#2973));
#342=EDGE_LOOP('',(#2974,#2975,#2976,#2977,#2978,#2979,#2980,#2981));
#343=EDGE_LOOP('',(#2982,#2983,#2984,#2985));
#344=EDGE_LOOP('',(#2986,#2987,#2988,#2989));
#345=EDGE_LOOP('',(#2990,#2991,#2992,#2993,#2994,#2995,#2996,#2997));
#346=EDGE_LOOP('',(#2998,#2999,#3000,#3001,#3002,#3003,#3004,#3005));
#347=EDGE_LOOP('',(#3006,#3007,#3008,#3009));
#348=EDGE_LOOP('',(#3010,#3011,#3012,#3013));
#349=EDGE_LOOP('',(#3014,#3015,#3016,#3017,#3018,#3019,#3020,#3021));
#350=EDGE_LOOP('',(#3022,#3023,#3024,#3025,#3026,#3027,#3028,#3029));
#351=EDGE_LOOP('',(#3030,#3031,#3032,#3033));
#352=EDGE_LOOP('',(#3034,#3035,#3036,#3037));
#353=EDGE_LOOP('',(#3038,#3039,#3040,#3041));
#354=EDGE_LOOP('',(#3042,#3043,#3044,#3045));
#355=EDGE_LOOP('',(#3046,#3047,#3048,#3049));
#356=EDGE_LOOP('',(#3050,#3051,#3052,#3053));
#357=EDGE_LOOP('',(#3054,#3055,#3056,#3057));
#358=EDGE_LOOP('',(#3058,#3059,#3060,#3061));
#359=EDGE_LOOP('',(#3062,#3063,#3064,#3065));
#360=EDGE_LOOP('',(#3066,#3067,#3068,#3069));
#361=EDGE_LOOP('',(#3070,#3071,#3072,#3073));
#362=EDGE_LOOP('',(#3074,#3075,#3076,#3077));
#363=EDGE_LOOP('',(#3078,#3079,#3080,#3081));
#364=EDGE_LOOP('',(#3082,#3083,#3084,#3085));
#365=EDGE_LOOP('',(#3086,#3087,#3088,#3089));
#366=EDGE_LOOP('',(#3090,#3091,#3092,#3093));
#367=EDGE_LOOP('',(#3094,#3095,#3096,#3097));
#368=EDGE_LOOP('',(#3098,#3099,#3100,#3101));
#369=EDGE_LOOP('',(#3102,#3103,#3104,#3105));
#370=EDGE_LOOP('',(#3106,#3107,#3108,#3109));
#371=EDGE_LOOP('',(#3110,#3111,#3112,#3113));
#372=EDGE_LOOP('',(#3114,#3115,#3116,#3117));
#373=EDGE_LOOP('',(#3118,#3119,#3120,#3121));
#374=EDGE_LOOP('',(#3122,#3123,#3124,#3125));
#375=EDGE_LOOP('',(#3126,#3127,#3128,#3129));
#376=EDGE_LOOP('',(#3130,#3131,#3132,#3133));
#377=EDGE_LOOP('',(#3134,#3135,#3136,#3137));
#378=EDGE_LOOP('',(#3138,#3139,#3140,#3141));
#379=EDGE_LOOP('',(#3142,#3143,#3144,#3145));
#380=EDGE_LOOP('',(#3146,#3147,#3148,#3149));
#381=EDGE_LOOP('',(#3150,#3151,#3152,#3153));
#382=EDGE_LOOP('',(#3154,#3155,#3156,#3157));
#383=EDGE_LOOP('',(#3158,#3159,#3160,#3161));
#384=EDGE_LOOP('',(#3162,#3163,#3164,#3165));
#385=EDGE_LOOP('',(#3166,#3167,#3168,#3169));
#386=EDGE_LOOP('',(#3170,#3171,#3172,#3173));
#387=EDGE_LOOP('',(#3174,#3175,#3176,#3177));
#388=EDGE_LOOP('',(#3178,#3179,#3180,#3181));
#389=EDGE_LOOP('',(#3182,#3183,#3184,#3185));
#390=EDGE_LOOP('',(#3186,#3187,#3188,#3189));
#391=EDGE_LOOP('',(#3190,#3191,#3192,#3193));
#392=EDGE_LOOP('',(#3194,#3195,#3196,#3197));
#393=EDGE_LOOP('',(#3198,#3199,#3200,#3201,#3202,#3203,#3204,#3205));
#394=EDGE_LOOP('',(#3206,#3207,#3208,#3209));
#395=EDGE_LOOP('',(#3210,#3211,#3212,#3213,#3214,#3215,#3216,#3217));
#396=EDGE_LOOP('',(#3218,#3219,#3220,#3221));
#397=EDGE_LOOP('',(#3222,#3223,#3224,#3225,#3226,#3227,#3228,#3229));
#398=EDGE_LOOP('',(#3230,#3231,#3232,#3233));
#399=EDGE_LOOP('',(#3234,#3235,#3236,#3237,#3238,#3239,#3240,#3241));
#400=EDGE_LOOP('',(#3242,#3243,#3244,#3245));
#401=EDGE_LOOP('',(#3246,#3247,#3248,#3249,#3250,#3251,#3252,#3253));
#402=EDGE_LOOP('',(#3254,#3255,#3256,#3257));
#403=EDGE_LOOP('',(#3258,#3259,#3260,#3261,#3262,#3263,#3264,#3265));
#404=EDGE_LOOP('',(#3266,#3267,#3268,#3269));
#405=EDGE_LOOP('',(#3270,#3271,#3272,#3273,#3274,#3275,#3276,#3277));
#406=EDGE_LOOP('',(#3278,#3279,#3280,#3281));
#407=EDGE_LOOP('',(#3282,#3283,#3284,#3285,#3286,#3287,#3288,#3289));
#408=EDGE_LOOP('',(#3290,#3291,#3292,#3293));
#409=EDGE_LOOP('',(#3294,#3295,#3296,#3297,#3298,#3299));
#410=EDGE_LOOP('',(#3300,#3301,#3302,#3303));
#411=EDGE_LOOP('',(#3304,#3305,#3306,#3307,#3308,#3309));
#412=EDGE_LOOP('',(#3310,#3311,#3312,#3313));
#413=EDGE_LOOP('',(#3314,#3315,#3316,#3317,#3318,#3319));
#414=EDGE_LOOP('',(#3320,#3321,#3322,#3323));
#415=EDGE_LOOP('',(#3324,#3325,#3326,#3327,#3328,#3329));
#416=EDGE_LOOP('',(#3330,#3331,#3332,#3333));
#417=EDGE_LOOP('',(#3334,#3335,#3336,#3337,#3338,#3339));
#418=EDGE_LOOP('',(#3340,#3341,#3342,#3343));
#419=EDGE_LOOP('',(#3344,#3345,#3346,#3347,#3348,#3349));
#420=EDGE_LOOP('',(#3350,#3351,#3352,#3353));
#421=EDGE_LOOP('',(#3354,#3355,#3356,#3357,#3358,#3359));
#422=EDGE_LOOP('',(#3360,#3361,#3362,#3363));
#423=EDGE_LOOP('',(#3364,#3365,#3366,#3367,#3368,#3369));
#424=EDGE_LOOP('',(#3370,#3371,#3372,#3373));
#425=EDGE_LOOP('',(#3374,#3375,#3376,#3377,#3378,#3379));
#426=EDGE_LOOP('',(#3380,#3381,#3382,#3383));
#427=EDGE_LOOP('',(#3384,#3385,#3386,#3387,#3388,#3389));
#428=EDGE_LOOP('',(#3390,#3391,#3392,#3393));
#429=EDGE_LOOP('',(#3394,#3395,#3396,#3397,#3398,#3399));
#430=EDGE_LOOP('',(#3400,#3401,#3402,#3403));
#431=EDGE_LOOP('',(#3404,#3405,#3406,#3407,#3408,#3409));
#432=EDGE_LOOP('',(#3410,#3411,#3412,#3413));
#433=EDGE_LOOP('',(#3414,#3415,#3416,#3417,#3418,#3419));
#434=EDGE_LOOP('',(#3420,#3421,#3422,#3423));
#435=EDGE_LOOP('',(#3424,#3425,#3426,#3427,#3428,#3429));
#436=EDGE_LOOP('',(#3430,#3431,#3432,#3433));
#437=EDGE_LOOP('',(#3434,#3435,#3436,#3437,#3438,#3439));
#438=EDGE_LOOP('',(#3440,#3441,#3442,#3443));
#439=EDGE_LOOP('',(#3444,#3445,#3446,#3447,#3448,#3449));
#440=EDGE_LOOP('',(#3450,#3451,#3452,#3453));
#441=EDGE_LOOP('',(#3454,#3455,#3456,#3457));
#442=EDGE_LOOP('',(#3458,#3459,#3460,#3461));
#443=EDGE_LOOP('',(#3462,#3463,#3464,#3465));
#444=EDGE_LOOP('',(#3466,#3467,#3468,#3469,#3470,#3471,#3472,#3473));
#445=EDGE_LOOP('',(#3474,#3475,#3476,#3477,#3478,#3479,#3480,#3481));
#446=EDGE_LOOP('',(#3482,#3483,#3484,#3485,#3486,#3487,#3488,#3489));
#447=EDGE_LOOP('',(#3490,#3491,#3492,#3493,#3494,#3495,#3496,#3497));
#448=EDGE_LOOP('',(#3498,#3499,#3500,#3501,#3502,#3503,#3504,#3505));
#449=EDGE_LOOP('',(#3506,#3507,#3508,#3509,#3510,#3511,#3512,#3513));
#450=EDGE_LOOP('',(#3514,#3515,#3516,#3517,#3518,#3519,#3520,#3521));
#451=EDGE_LOOP('',(#3522,#3523,#3524,#3525,#3526,#3527,#3528,#3529));
#452=EDGE_LOOP('',(#3530,#3531,#3532,#3533));
#453=EDGE_LOOP('',(#3534,#3535,#3536,#3537));
#454=EDGE_LOOP('',(#3538,#3539,#3540,#3541));
#455=EDGE_LOOP('',(#3542,#3543,#3544,#3545,#3546,#3547,#3548,#3549));
#456=EDGE_LOOP('',(#3550,#3551,#3552,#3553,#3554,#3555,#3556,#3557));
#457=EDGE_LOOP('',(#3558,#3559,#3560,#3561));
#458=EDGE_LOOP('',(#3562,#3563,#3564,#3565));
#459=EDGE_LOOP('',(#3566,#3567,#3568,#3569,#3570,#3571,#3572,#3573));
#460=EDGE_LOOP('',(#3574,#3575,#3576,#3577));
#461=EDGE_LOOP('',(#3578,#3579,#3580,#3581));
#462=EDGE_LOOP('',(#3582,#3583,#3584,#3585,#3586,#3587,#3588,#3589));
#463=EDGE_LOOP('',(#3590,#3591,#3592,#3593));
#464=EDGE_LOOP('',(#3594,#3595,#3596,#3597));
#465=EDGE_LOOP('',(#3598,#3599,#3600,#3601,#3602,#3603,#3604,#3605));
#466=EDGE_LOOP('',(#3606,#3607,#3608,#3609));
#467=EDGE_LOOP('',(#3610,#3611,#3612,#3613));
#468=EDGE_LOOP('',(#3614,#3615,#3616,#3617,#3618,#3619,#3620,#3621));
#469=EDGE_LOOP('',(#3622,#3623,#3624,#3625));
#470=EDGE_LOOP('',(#3626,#3627,#3628,#3629));
#471=EDGE_LOOP('',(#3630,#3631,#3632,#3633,#3634,#3635,#3636,#3637));
#472=EDGE_LOOP('',(#3638,#3639,#3640,#3641));
#473=EDGE_LOOP('',(#3642,#3643,#3644,#3645));
#474=EDGE_LOOP('',(#3646,#3647,#3648,#3649,#3650,#3651,#3652,#3653));
#475=EDGE_LOOP('',(#3654,#3655,#3656,#3657));
#476=EDGE_LOOP('',(#3658,#3659,#3660,#3661));
#477=EDGE_LOOP('',(#3662,#3663,#3664,#3665,#3666,#3667,#3668,#3669));
#478=EDGE_LOOP('',(#3670,#3671,#3672,#3673));
#479=EDGE_LOOP('',(#3674,#3675,#3676,#3677));
#480=EDGE_LOOP('',(#3678,#3679,#3680,#3681));
#481=EDGE_LOOP('',(#3682,#3683,#3684,#3685,#3686,#3687,#3688,#3689));
#482=LINE('',#5587,#1050);
#483=LINE('',#5589,#1051);
#484=LINE('',#5591,#1052);
#485=LINE('',#5592,#1053);
#486=LINE('',#5595,#1054);
#487=LINE('',#5597,#1055);
#488=LINE('',#5599,#1056);
#489=LINE('',#5600,#1057);
#490=LINE('',#5603,#1058);
#491=LINE('',#5605,#1059);
#492=LINE('',#5607,#1060);
#493=LINE('',#5608,#1061);
#494=LINE('',#5611,#1062);
#495=LINE('',#5613,#1063);
#496=LINE('',#5615,#1064);
#497=LINE('',#5616,#1065);
#498=LINE('',#5619,#1066);
#499=LINE('',#5621,#1067);
#500=LINE('',#5623,#1068);
#501=LINE('',#5624,#1069);
#502=LINE('',#5627,#1070);
#503=LINE('',#5629,#1071);
#504=LINE('',#5631,#1072);
#505=LINE('',#5632,#1073);
#506=LINE('',#5635,#1074);
#507=LINE('',#5637,#1075);
#508=LINE('',#5639,#1076);
#509=LINE('',#5640,#1077);
#510=LINE('',#5643,#1078);
#511=LINE('',#5645,#1079);
#512=LINE('',#5647,#1080);
#513=LINE('',#5648,#1081);
#514=LINE('',#5651,#1082);
#515=LINE('',#5653,#1083);
#516=LINE('',#5655,#1084);
#517=LINE('',#5656,#1085);
#518=LINE('',#5659,#1086);
#519=LINE('',#5661,#1087);
#520=LINE('',#5662,#1088);
#521=LINE('',#5665,#1089);
#522=LINE('',#5666,#1090);
#523=LINE('',#5669,#1091);
#524=LINE('',#5670,#1092);
#525=LINE('',#5672,#1093);
#526=LINE('',#5675,#1094);
#527=LINE('',#5677,#1095);
#528=LINE('',#5678,#1096);
#529=LINE('',#5681,#1097);
#530=LINE('',#5682,#1098);
#531=LINE('',#5685,#1099);
#532=LINE('',#5686,#1100);
#533=LINE('',#5688,#1101);
#534=LINE('',#5691,#1102);
#535=LINE('',#5693,#1103);
#536=LINE('',#5694,#1104);
#537=LINE('',#5697,#1105);
#538=LINE('',#5698,#1106);
#539=LINE('',#5701,#1107);
#540=LINE('',#5702,#1108);
#541=LINE('',#5704,#1109);
#542=LINE('',#5707,#1110);
#543=LINE('',#5709,#1111);
#544=LINE('',#5710,#1112);
#545=LINE('',#5713,#1113);
#546=LINE('',#5714,#1114);
#547=LINE('',#5717,#1115);
#548=LINE('',#5718,#1116);
#549=LINE('',#5720,#1117);
#550=LINE('',#5723,#1118);
#551=LINE('',#5725,#1119);
#552=LINE('',#5726,#1120);
#553=LINE('',#5729,#1121);
#554=LINE('',#5730,#1122);
#555=LINE('',#5733,#1123);
#556=LINE('',#5734,#1124);
#557=LINE('',#5736,#1125);
#558=LINE('',#5739,#1126);
#559=LINE('',#5741,#1127);
#560=LINE('',#5742,#1128);
#561=LINE('',#5745,#1129);
#562=LINE('',#5746,#1130);
#563=LINE('',#5749,#1131);
#564=LINE('',#5750,#1132);
#565=LINE('',#5752,#1133);
#566=LINE('',#5755,#1134);
#567=LINE('',#5757,#1135);
#568=LINE('',#5758,#1136);
#569=LINE('',#5761,#1137);
#570=LINE('',#5762,#1138);
#571=LINE('',#5765,#1139);
#572=LINE('',#5766,#1140);
#573=LINE('',#5768,#1141);
#574=LINE('',#5771,#1142);
#575=LINE('',#5773,#1143);
#576=LINE('',#5774,#1144);
#577=LINE('',#5777,#1145);
#578=LINE('',#5778,#1146);
#579=LINE('',#5781,#1147);
#580=LINE('',#5782,#1148);
#581=LINE('',#5784,#1149);
#582=LINE('',#5788,#1150);
#583=LINE('',#5790,#1151);
#584=LINE('',#5792,#1152);
#585=LINE('',#5793,#1153);
#586=LINE('',#5797,#1154);
#587=LINE('',#5799,#1155);
#588=LINE('',#5801,#1156);
#589=LINE('',#5802,#1157);
#590=LINE('',#5806,#1158);
#591=LINE('',#5808,#1159);
#592=LINE('',#5810,#1160);
#593=LINE('',#5811,#1161);
#594=LINE('',#5815,#1162);
#595=LINE('',#5817,#1163);
#596=LINE('',#5819,#1164);
#597=LINE('',#5820,#1165);
#598=LINE('',#5824,#1166);
#599=LINE('',#5826,#1167);
#600=LINE('',#5828,#1168);
#601=LINE('',#5829,#1169);
#602=LINE('',#5833,#1170);
#603=LINE('',#5835,#1171);
#604=LINE('',#5837,#1172);
#605=LINE('',#5838,#1173);
#606=LINE('',#5842,#1174);
#607=LINE('',#5844,#1175);
#608=LINE('',#5846,#1176);
#609=LINE('',#5847,#1177);
#610=LINE('',#5851,#1178);
#611=LINE('',#5853,#1179);
#612=LINE('',#5855,#1180);
#613=LINE('',#5856,#1181);
#614=LINE('',#5860,#1182);
#615=LINE('',#5862,#1183);
#616=LINE('',#5864,#1184);
#617=LINE('',#5865,#1185);
#618=LINE('',#5869,#1186);
#619=LINE('',#5871,#1187);
#620=LINE('',#5873,#1188);
#621=LINE('',#5874,#1189);
#622=LINE('',#5878,#1190);
#623=LINE('',#5880,#1191);
#624=LINE('',#5882,#1192);
#625=LINE('',#5883,#1193);
#626=LINE('',#5887,#1194);
#627=LINE('',#5889,#1195);
#628=LINE('',#5891,#1196);
#629=LINE('',#5892,#1197);
#630=LINE('',#5896,#1198);
#631=LINE('',#5898,#1199);
#632=LINE('',#5900,#1200);
#633=LINE('',#5901,#1201);
#634=LINE('',#5905,#1202);
#635=LINE('',#5907,#1203);
#636=LINE('',#5909,#1204);
#637=LINE('',#5910,#1205);
#638=LINE('',#5914,#1206);
#639=LINE('',#5916,#1207);
#640=LINE('',#5918,#1208);
#641=LINE('',#5919,#1209);
#642=LINE('',#5923,#1210);
#643=LINE('',#5925,#1211);
#644=LINE('',#5927,#1212);
#645=LINE('',#5928,#1213);
#646=LINE('',#5931,#1214);
#647=LINE('',#5933,#1215);
#648=LINE('',#5934,#1216);
#649=LINE('',#5937,#1217);
#650=LINE('',#5939,#1218);
#651=LINE('',#5940,#1219);
#652=LINE('',#5943,#1220);
#653=LINE('',#5945,#1221);
#654=LINE('',#5946,#1222);
#655=LINE('',#5949,#1223);
#656=LINE('',#5951,#1224);
#657=LINE('',#5952,#1225);
#658=LINE('',#5955,#1226);
#659=LINE('',#5957,#1227);
#660=LINE('',#5958,#1228);
#661=LINE('',#5961,#1229);
#662=LINE('',#5963,#1230);
#663=LINE('',#5964,#1231);
#664=LINE('',#5967,#1232);
#665=LINE('',#5969,#1233);
#666=LINE('',#5970,#1234);
#667=LINE('',#5973,#1235);
#668=LINE('',#5975,#1236);
#669=LINE('',#5976,#1237);
#670=LINE('',#5979,#1238);
#671=LINE('',#5981,#1239);
#672=LINE('',#5982,#1240);
#673=LINE('',#5985,#1241);
#674=LINE('',#5987,#1242);
#675=LINE('',#5988,#1243);
#676=LINE('',#5991,#1244);
#677=LINE('',#5993,#1245);
#678=LINE('',#5994,#1246);
#679=LINE('',#5997,#1247);
#680=LINE('',#5999,#1248);
#681=LINE('',#6000,#1249);
#682=LINE('',#6003,#1250);
#683=LINE('',#6005,#1251);
#684=LINE('',#6006,#1252);
#685=LINE('',#6009,#1253);
#686=LINE('',#6011,#1254);
#687=LINE('',#6012,#1255);
#688=LINE('',#6015,#1256);
#689=LINE('',#6017,#1257);
#690=LINE('',#6018,#1258);
#691=LINE('',#6021,#1259);
#692=LINE('',#6023,#1260);
#693=LINE('',#6024,#1261);
#694=LINE('',#6027,#1262);
#695=LINE('',#6029,#1263);
#696=LINE('',#6030,#1264);
#697=LINE('',#6031,#1265);
#698=LINE('',#6033,#1266);
#699=LINE('',#6035,#1267);
#700=LINE('',#6037,#1268);
#701=LINE('',#6038,#1269);
#702=LINE('',#6041,#1270);
#703=LINE('',#6043,#1271);
#704=LINE('',#6044,#1272);
#705=LINE('',#6047,#1273);
#706=LINE('',#6049,#1274);
#707=LINE('',#6050,#1275);
#708=LINE('',#6053,#1276);
#709=LINE('',#6055,#1277);
#710=LINE('',#6056,#1278);
#711=LINE('',#6057,#1279);
#712=LINE('',#6059,#1280);
#713=LINE('',#6061,#1281);
#714=LINE('',#6063,#1282);
#715=LINE('',#6064,#1283);
#716=LINE('',#6067,#1284);
#717=LINE('',#6069,#1285);
#718=LINE('',#6070,#1286);
#719=LINE('',#6073,#1287);
#720=LINE('',#6075,#1288);
#721=LINE('',#6076,#1289);
#722=LINE('',#6079,#1290);
#723=LINE('',#6081,#1291);
#724=LINE('',#6082,#1292);
#725=LINE('',#6083,#1293);
#726=LINE('',#6085,#1294);
#727=LINE('',#6087,#1295);
#728=LINE('',#6089,#1296);
#729=LINE('',#6090,#1297);
#730=LINE('',#6093,#1298);
#731=LINE('',#6095,#1299);
#732=LINE('',#6096,#1300);
#733=LINE('',#6099,#1301);
#734=LINE('',#6101,#1302);
#735=LINE('',#6102,#1303);
#736=LINE('',#6105,#1304);
#737=LINE('',#6107,#1305);
#738=LINE('',#6108,#1306);
#739=LINE('',#6109,#1307);
#740=LINE('',#6111,#1308);
#741=LINE('',#6113,#1309);
#742=LINE('',#6115,#1310);
#743=LINE('',#6116,#1311);
#744=LINE('',#6119,#1312);
#745=LINE('',#6121,#1313);
#746=LINE('',#6122,#1314);
#747=LINE('',#6125,#1315);
#748=LINE('',#6127,#1316);
#749=LINE('',#6128,#1317);
#750=LINE('',#6131,#1318);
#751=LINE('',#6133,#1319);
#752=LINE('',#6134,#1320);
#753=LINE('',#6135,#1321);
#754=LINE('',#6137,#1322);
#755=LINE('',#6139,#1323);
#756=LINE('',#6141,#1324);
#757=LINE('',#6142,#1325);
#758=LINE('',#6145,#1326);
#759=LINE('',#6147,#1327);
#760=LINE('',#6148,#1328);
#761=LINE('',#6151,#1329);
#762=LINE('',#6153,#1330);
#763=LINE('',#6154,#1331);
#764=LINE('',#6157,#1332);
#765=LINE('',#6159,#1333);
#766=LINE('',#6160,#1334);
#767=LINE('',#6161,#1335);
#768=LINE('',#6163,#1336);
#769=LINE('',#6165,#1337);
#770=LINE('',#6167,#1338);
#771=LINE('',#6168,#1339);
#772=LINE('',#6171,#1340);
#773=LINE('',#6173,#1341);
#774=LINE('',#6174,#1342);
#775=LINE('',#6177,#1343);
#776=LINE('',#6179,#1344);
#777=LINE('',#6180,#1345);
#778=LINE('',#6183,#1346);
#779=LINE('',#6185,#1347);
#780=LINE('',#6186,#1348);
#781=LINE('',#6187,#1349);
#782=LINE('',#6189,#1350);
#783=LINE('',#6191,#1351);
#784=LINE('',#6193,#1352);
#785=LINE('',#6194,#1353);
#786=LINE('',#6197,#1354);
#787=LINE('',#6199,#1355);
#788=LINE('',#6200,#1356);
#789=LINE('',#6203,#1357);
#790=LINE('',#6205,#1358);
#791=LINE('',#6206,#1359);
#792=LINE('',#6209,#1360);
#793=LINE('',#6211,#1361);
#794=LINE('',#6212,#1362);
#795=LINE('',#6213,#1363);
#796=LINE('',#6215,#1364);
#797=LINE('',#6217,#1365);
#798=LINE('',#6219,#1366);
#799=LINE('',#6220,#1367);
#800=LINE('',#6223,#1368);
#801=LINE('',#6225,#1369);
#802=LINE('',#6226,#1370);
#803=LINE('',#6229,#1371);
#804=LINE('',#6231,#1372);
#805=LINE('',#6232,#1373);
#806=LINE('',#6236,#1374);
#807=LINE('',#6238,#1375);
#808=LINE('',#6240,#1376);
#809=LINE('',#6241,#1377);
#810=LINE('',#6244,#1378);
#811=LINE('',#6246,#1379);
#812=LINE('',#6247,#1380);
#813=LINE('',#6250,#1381);
#814=LINE('',#6252,#1382);
#815=LINE('',#6253,#1383);
#816=LINE('',#6256,#1384);
#817=LINE('',#6258,#1385);
#818=LINE('',#6259,#1386);
#819=LINE('',#6262,#1387);
#820=LINE('',#6264,#1388);
#821=LINE('',#6265,#1389);
#822=LINE('',#6269,#1390);
#823=LINE('',#6271,#1391);
#824=LINE('',#6273,#1392);
#825=LINE('',#6274,#1393);
#826=LINE('',#6277,#1394);
#827=LINE('',#6279,#1395);
#828=LINE('',#6280,#1396);
#829=LINE('',#6283,#1397);
#830=LINE('',#6285,#1398);
#831=LINE('',#6286,#1399);
#832=LINE('',#6289,#1400);
#833=LINE('',#6291,#1401);
#834=LINE('',#6292,#1402);
#835=LINE('',#6295,#1403);
#836=LINE('',#6297,#1404);
#837=LINE('',#6298,#1405);
#838=LINE('',#6302,#1406);
#839=LINE('',#6304,#1407);
#840=LINE('',#6306,#1408);
#841=LINE('',#6307,#1409);
#842=LINE('',#6310,#1410);
#843=LINE('',#6312,#1411);
#844=LINE('',#6313,#1412);
#845=LINE('',#6316,#1413);
#846=LINE('',#6318,#1414);
#847=LINE('',#6319,#1415);
#848=LINE('',#6322,#1416);
#849=LINE('',#6324,#1417);
#850=LINE('',#6325,#1418);
#851=LINE('',#6328,#1419);
#852=LINE('',#6330,#1420);
#853=LINE('',#6331,#1421);
#854=LINE('',#6335,#1422);
#855=LINE('',#6337,#1423);
#856=LINE('',#6339,#1424);
#857=LINE('',#6340,#1425);
#858=LINE('',#6343,#1426);
#859=LINE('',#6345,#1427);
#860=LINE('',#6346,#1428);
#861=LINE('',#6349,#1429);
#862=LINE('',#6351,#1430);
#863=LINE('',#6352,#1431);
#864=LINE('',#6355,#1432);
#865=LINE('',#6357,#1433);
#866=LINE('',#6358,#1434);
#867=LINE('',#6361,#1435);
#868=LINE('',#6363,#1436);
#869=LINE('',#6364,#1437);
#870=LINE('',#6368,#1438);
#871=LINE('',#6370,#1439);
#872=LINE('',#6372,#1440);
#873=LINE('',#6373,#1441);
#874=LINE('',#6376,#1442);
#875=LINE('',#6378,#1443);
#876=LINE('',#6379,#1444);
#877=LINE('',#6382,#1445);
#878=LINE('',#6384,#1446);
#879=LINE('',#6385,#1447);
#880=LINE('',#6388,#1448);
#881=LINE('',#6390,#1449);
#882=LINE('',#6391,#1450);
#883=LINE('',#6394,#1451);
#884=LINE('',#6396,#1452);
#885=LINE('',#6397,#1453);
#886=LINE('',#6401,#1454);
#887=LINE('',#6403,#1455);
#888=LINE('',#6405,#1456);
#889=LINE('',#6406,#1457);
#890=LINE('',#6409,#1458);
#891=LINE('',#6411,#1459);
#892=LINE('',#6412,#1460);
#893=LINE('',#6415,#1461);
#894=LINE('',#6417,#1462);
#895=LINE('',#6418,#1463);
#896=LINE('',#6421,#1464);
#897=LINE('',#6423,#1465);
#898=LINE('',#6424,#1466);
#899=LINE('',#6427,#1467);
#900=LINE('',#6429,#1468);
#901=LINE('',#6430,#1469);
#902=LINE('',#6434,#1470);
#903=LINE('',#6436,#1471);
#904=LINE('',#6438,#1472);
#905=LINE('',#6439,#1473);
#906=LINE('',#6442,#1474);
#907=LINE('',#6444,#1475);
#908=LINE('',#6445,#1476);
#909=LINE('',#6448,#1477);
#910=LINE('',#6450,#1478);
#911=LINE('',#6451,#1479);
#912=LINE('',#6454,#1480);
#913=LINE('',#6456,#1481);
#914=LINE('',#6457,#1482);
#915=LINE('',#6460,#1483);
#916=LINE('',#6462,#1484);
#917=LINE('',#6463,#1485);
#918=LINE('',#6467,#1486);
#919=LINE('',#6469,#1487);
#920=LINE('',#6471,#1488);
#921=LINE('',#6472,#1489);
#922=LINE('',#6475,#1490);
#923=LINE('',#6477,#1491);
#924=LINE('',#6478,#1492);
#925=LINE('',#6481,#1493);
#926=LINE('',#6483,#1494);
#927=LINE('',#6484,#1495);
#928=LINE('',#6487,#1496);
#929=LINE('',#6489,#1497);
#930=LINE('',#6490,#1498);
#931=LINE('',#6493,#1499);
#932=LINE('',#6495,#1500);
#933=LINE('',#6496,#1501);
#934=LINE('',#6498,#1502);
#935=LINE('',#6499,#1503);
#936=LINE('',#6501,#1504);
#937=LINE('',#6503,#1505);
#938=LINE('',#6504,#1506);
#939=LINE('',#6506,#1507);
#940=LINE('',#6508,#1508);
#941=LINE('',#6509,#1509);
#942=LINE('',#6511,#1510);
#943=LINE('',#6513,#1511);
#944=LINE('',#6514,#1512);
#945=LINE('',#6516,#1513);
#946=LINE('',#6518,#1514);
#947=LINE('',#6519,#1515);
#948=LINE('',#6521,#1516);
#949=LINE('',#6523,#1517);
#950=LINE('',#6524,#1518);
#951=LINE('',#6526,#1519);
#952=LINE('',#6528,#1520);
#953=LINE('',#6529,#1521);
#954=LINE('',#6531,#1522);
#955=LINE('',#6533,#1523);
#956=LINE('',#6534,#1524);
#957=LINE('',#6536,#1525);
#958=LINE('',#6538,#1526);
#959=LINE('',#6541,#1527);
#960=LINE('',#6543,#1528);
#961=LINE('',#6544,#1529);
#962=LINE('',#6546,#1530);
#963=LINE('',#6550,#1531);
#964=LINE('',#6551,#1532);
#965=LINE('',#6552,#1533);
#966=LINE('',#6554,#1534);
#967=LINE('',#6557,#1535);
#968=LINE('',#6559,#1536);
#969=LINE('',#6560,#1537);
#970=LINE('',#6562,#1538);
#971=LINE('',#6566,#1539);
#972=LINE('',#6567,#1540);
#973=LINE('',#6568,#1541);
#974=LINE('',#6570,#1542);
#975=LINE('',#6573,#1543);
#976=LINE('',#6575,#1544);
#977=LINE('',#6576,#1545);
#978=LINE('',#6578,#1546);
#979=LINE('',#6582,#1547);
#980=LINE('',#6583,#1548);
#981=LINE('',#6584,#1549);
#982=LINE('',#6586,#1550);
#983=LINE('',#6589,#1551);
#984=LINE('',#6591,#1552);
#985=LINE('',#6592,#1553);
#986=LINE('',#6594,#1554);
#987=LINE('',#6598,#1555);
#988=LINE('',#6599,#1556);
#989=LINE('',#6600,#1557);
#990=LINE('',#6602,#1558);
#991=LINE('',#6605,#1559);
#992=LINE('',#6607,#1560);
#993=LINE('',#6608,#1561);
#994=LINE('',#6610,#1562);
#995=LINE('',#6614,#1563);
#996=LINE('',#6615,#1564);
#997=LINE('',#6616,#1565);
#998=LINE('',#6618,#1566);
#999=LINE('',#6621,#1567);
#1000=LINE('',#6623,#1568);
#1001=LINE('',#6624,#1569);
#1002=LINE('',#6626,#1570);
#1003=LINE('',#6630,#1571);
#1004=LINE('',#6631,#1572);
#1005=LINE('',#6632,#1573);
#1006=LINE('',#6634,#1574);
#1007=LINE('',#6637,#1575);
#1008=LINE('',#6639,#1576);
#1009=LINE('',#6640,#1577);
#1010=LINE('',#6642,#1578);
#1011=LINE('',#6646,#1579);
#1012=LINE('',#6647,#1580);
#1013=LINE('',#6648,#1581);
#1014=LINE('',#6650,#1582);
#1015=LINE('',#6653,#1583);
#1016=LINE('',#6655,#1584);
#1017=LINE('',#6656,#1585);
#1018=LINE('',#6658,#1586);
#1019=LINE('',#6662,#1587);
#1020=LINE('',#6663,#1588);
#1021=LINE('',#6664,#1589);
#1022=LINE('',#6667,#1590);
#1023=LINE('',#6669,#1591);
#1024=LINE('',#6670,#1592);
#1025=LINE('',#6674,#1593);
#1026=LINE('',#6676,#1594);
#1027=LINE('',#6678,#1595);
#1028=LINE('',#6679,#1596);
#1029=LINE('',#6682,#1597);
#1030=LINE('',#6684,#1598);
#1031=LINE('',#6685,#1599);
#1032=LINE('',#6688,#1600);
#1033=LINE('',#6690,#1601);
#1034=LINE('',#6691,#1602);
#1035=LINE('',#6693,#1603);
#1036=LINE('',#6694,#1604);
#1037=LINE('',#6697,#1605);
#1038=LINE('',#6699,#1606);
#1039=LINE('',#6700,#1607);
#1040=LINE('',#6702,#1608);
#1041=LINE('',#6704,#1609);
#1042=LINE('',#6708,#1610);
#1043=LINE('',#6712,#1611);
#1044=LINE('',#6716,#1612);
#1045=LINE('',#6720,#1613);
#1046=LINE('',#6724,#1614);
#1047=LINE('',#6728,#1615);
#1048=LINE('',#6732,#1616);
#1049=LINE('',#6736,#1617);
#1050=VECTOR('',#4581,1.);
#1051=VECTOR('',#4582,1.);
#1052=VECTOR('',#4583,1.);
#1053=VECTOR('',#4584,1.);
#1054=VECTOR('',#4585,1.);
#1055=VECTOR('',#4586,1.);
#1056=VECTOR('',#4587,1.);
#1057=VECTOR('',#4588,1.);
#1058=VECTOR('',#4589,1.);
#1059=VECTOR('',#4590,1.);
#1060=VECTOR('',#4591,1.);
#1061=VECTOR('',#4592,1.);
#1062=VECTOR('',#4593,1.);
#1063=VECTOR('',#4594,1.);
#1064=VECTOR('',#4595,1.);
#1065=VECTOR('',#4596,1.);
#1066=VECTOR('',#4597,1.);
#1067=VECTOR('',#4598,1.);
#1068=VECTOR('',#4599,1.);
#1069=VECTOR('',#4600,1.);
#1070=VECTOR('',#4601,1.);
#1071=VECTOR('',#4602,1.);
#1072=VECTOR('',#4603,1.);
#1073=VECTOR('',#4604,1.);
#1074=VECTOR('',#4605,1.);
#1075=VECTOR('',#4606,1.);
#1076=VECTOR('',#4607,1.);
#1077=VECTOR('',#4608,1.);
#1078=VECTOR('',#4609,1.);
#1079=VECTOR('',#4610,1.);
#1080=VECTOR('',#4611,1.);
#1081=VECTOR('',#4612,1.);
#1082=VECTOR('',#4613,1.);
#1083=VECTOR('',#4614,1.);
#1084=VECTOR('',#4615,1.);
#1085=VECTOR('',#4616,1.);
#1086=VECTOR('',#4619,1.00000000000065);
#1087=VECTOR('',#4620,1.00000000000065);
#1088=VECTOR('',#4621,1.);
#1089=VECTOR('',#4624,1.00000000000065);
#1090=VECTOR('',#4625,1.);
#1091=VECTOR('',#4628,1.00000000000065);
#1092=VECTOR('',#4629,1.);
#1093=VECTOR('',#4632,1.);
#1094=VECTOR('',#4635,1.00000000000065);
#1095=VECTOR('',#4636,1.00000000000065);
#1096=VECTOR('',#4637,1.);
#1097=VECTOR('',#4640,1.00000000000065);
#1098=VECTOR('',#4641,1.);
#1099=VECTOR('',#4644,1.00000000000065);
#1100=VECTOR('',#4645,1.);
#1101=VECTOR('',#4648,1.);
#1102=VECTOR('',#4651,1.00000000000065);
#1103=VECTOR('',#4652,1.00000000000065);
#1104=VECTOR('',#4653,1.);
#1105=VECTOR('',#4656,1.00000000000065);
#1106=VECTOR('',#4657,1.);
#1107=VECTOR('',#4660,1.00000000000065);
#1108=VECTOR('',#4661,1.);
#1109=VECTOR('',#4664,1.);
#1110=VECTOR('',#4667,1.00000000000065);
#1111=VECTOR('',#4668,1.00000000000065);
#1112=VECTOR('',#4669,1.);
#1113=VECTOR('',#4672,1.00000000000065);
#1114=VECTOR('',#4673,1.);
#1115=VECTOR('',#4676,1.00000000000065);
#1116=VECTOR('',#4677,1.);
#1117=VECTOR('',#4680,1.);
#1118=VECTOR('',#4683,1.00000000000065);
#1119=VECTOR('',#4684,1.00000000000065);
#1120=VECTOR('',#4685,1.);
#1121=VECTOR('',#4688,1.00000000000065);
#1122=VECTOR('',#4689,1.);
#1123=VECTOR('',#4692,1.00000000000065);
#1124=VECTOR('',#4693,1.);
#1125=VECTOR('',#4696,1.);
#1126=VECTOR('',#4699,1.00000000000065);
#1127=VECTOR('',#4700,1.00000000000065);
#1128=VECTOR('',#4701,1.);
#1129=VECTOR('',#4704,1.00000000000065);
#1130=VECTOR('',#4705,1.);
#1131=VECTOR('',#4708,1.00000000000065);
#1132=VECTOR('',#4709,1.);
#1133=VECTOR('',#4712,1.);
#1134=VECTOR('',#4715,1.00000000000065);
#1135=VECTOR('',#4716,1.00000000000065);
#1136=VECTOR('',#4717,1.);
#1137=VECTOR('',#4720,1.00000000000065);
#1138=VECTOR('',#4721,1.);
#1139=VECTOR('',#4724,1.00000000000065);
#1140=VECTOR('',#4725,1.);
#1141=VECTOR('',#4728,1.);
#1142=VECTOR('',#4731,1.00000000000065);
#1143=VECTOR('',#4732,1.00000000000065);
#1144=VECTOR('',#4733,1.);
#1145=VECTOR('',#4736,1.00000000000065);
#1146=VECTOR('',#4737,1.);
#1147=VECTOR('',#4740,1.00000000000065);
#1148=VECTOR('',#4741,1.);
#1149=VECTOR('',#4744,1.);
#1150=VECTOR('',#4747,1.);
#1151=VECTOR('',#4748,1.00000000000064);
#1152=VECTOR('',#4749,1.);
#1153=VECTOR('',#4750,1.00000000000064);
#1154=VECTOR('',#4753,1.);
#1155=VECTOR('',#4754,1.00000000000064);
#1156=VECTOR('',#4755,1.);
#1157=VECTOR('',#4756,1.00000000000064);
#1158=VECTOR('',#4759,1.);
#1159=VECTOR('',#4760,1.00000000000064);
#1160=VECTOR('',#4761,1.);
#1161=VECTOR('',#4762,1.00000000000064);
#1162=VECTOR('',#4765,1.);
#1163=VECTOR('',#4766,1.00000000000064);
#1164=VECTOR('',#4767,1.);
#1165=VECTOR('',#4768,1.00000000000064);
#1166=VECTOR('',#4771,1.);
#1167=VECTOR('',#4772,1.00000000000064);
#1168=VECTOR('',#4773,1.);
#1169=VECTOR('',#4774,1.00000000000064);
#1170=VECTOR('',#4777,1.);
#1171=VECTOR('',#4778,1.00000000000064);
#1172=VECTOR('',#4779,1.);
#1173=VECTOR('',#4780,1.00000000000064);
#1174=VECTOR('',#4783,1.);
#1175=VECTOR('',#4784,1.00000000000064);
#1176=VECTOR('',#4785,1.);
#1177=VECTOR('',#4786,1.00000000000064);
#1178=VECTOR('',#4789,1.);
#1179=VECTOR('',#4790,1.00000000000064);
#1180=VECTOR('',#4791,1.);
#1181=VECTOR('',#4792,1.00000000000064);
#1182=VECTOR('',#4795,1.);
#1183=VECTOR('',#4796,1.00000000000064);
#1184=VECTOR('',#4797,1.);
#1185=VECTOR('',#4798,1.00000000000064);
#1186=VECTOR('',#4801,1.);
#1187=VECTOR('',#4802,1.00000000000064);
#1188=VECTOR('',#4803,1.);
#1189=VECTOR('',#4804,1.00000000000064);
#1190=VECTOR('',#4807,1.);
#1191=VECTOR('',#4808,1.00000000000064);
#1192=VECTOR('',#4809,1.);
#1193=VECTOR('',#4810,1.00000000000064);
#1194=VECTOR('',#4813,1.);
#1195=VECTOR('',#4814,1.00000000000064);
#1196=VECTOR('',#4815,1.);
#1197=VECTOR('',#4816,1.00000000000064);
#1198=VECTOR('',#4819,1.);
#1199=VECTOR('',#4820,1.00000000000064);
#1200=VECTOR('',#4821,1.);
#1201=VECTOR('',#4822,1.00000000000064);
#1202=VECTOR('',#4825,1.);
#1203=VECTOR('',#4826,1.00000000000064);
#1204=VECTOR('',#4827,1.);
#1205=VECTOR('',#4828,1.00000000000064);
#1206=VECTOR('',#4831,1.);
#1207=VECTOR('',#4832,1.00000000000064);
#1208=VECTOR('',#4833,1.);
#1209=VECTOR('',#4834,1.00000000000064);
#1210=VECTOR('',#4837,1.);
#1211=VECTOR('',#4838,1.00000000000064);
#1212=VECTOR('',#4839,1.);
#1213=VECTOR('',#4840,1.00000000000064);
#1214=VECTOR('',#4843,1.);
#1215=VECTOR('',#4844,1.);
#1216=VECTOR('',#4845,1.);
#1217=VECTOR('',#4848,1.);
#1218=VECTOR('',#4849,1.);
#1219=VECTOR('',#4850,1.);
#1220=VECTOR('',#4853,1.);
#1221=VECTOR('',#4854,1.);
#1222=VECTOR('',#4855,1.);
#1223=VECTOR('',#4858,1.);
#1224=VECTOR('',#4859,1.);
#1225=VECTOR('',#4860,1.);
#1226=VECTOR('',#4863,1.);
#1227=VECTOR('',#4864,1.);
#1228=VECTOR('',#4865,1.);
#1229=VECTOR('',#4868,1.);
#1230=VECTOR('',#4869,1.);
#1231=VECTOR('',#4870,1.);
#1232=VECTOR('',#4873,1.);
#1233=VECTOR('',#4874,1.);
#1234=VECTOR('',#4875,1.);
#1235=VECTOR('',#4878,1.);
#1236=VECTOR('',#4879,1.);
#1237=VECTOR('',#4880,1.);
#1238=VECTOR('',#4883,1.);
#1239=VECTOR('',#4884,1.);
#1240=VECTOR('',#4885,1.);
#1241=VECTOR('',#4888,1.);
#1242=VECTOR('',#4889,1.);
#1243=VECTOR('',#4890,1.);
#1244=VECTOR('',#4893,1.);
#1245=VECTOR('',#4894,1.);
#1246=VECTOR('',#4895,1.);
#1247=VECTOR('',#4898,1.);
#1248=VECTOR('',#4899,1.);
#1249=VECTOR('',#4900,1.);
#1250=VECTOR('',#4903,1.);
#1251=VECTOR('',#4904,1.);
#1252=VECTOR('',#4905,1.);
#1253=VECTOR('',#4908,1.);
#1254=VECTOR('',#4909,1.);
#1255=VECTOR('',#4910,1.);
#1256=VECTOR('',#4913,1.);
#1257=VECTOR('',#4914,1.);
#1258=VECTOR('',#4915,1.);
#1259=VECTOR('',#4918,1.);
#1260=VECTOR('',#4919,1.);
#1261=VECTOR('',#4920,1.);
#1262=VECTOR('',#4923,1.);
#1263=VECTOR('',#4924,1.);
#1264=VECTOR('',#4925,1.);
#1265=VECTOR('',#4926,1.);
#1266=VECTOR('',#4929,1.);
#1267=VECTOR('',#4930,1.);
#1268=VECTOR('',#4931,1.);
#1269=VECTOR('',#4932,1.);
#1270=VECTOR('',#4935,1.);
#1271=VECTOR('',#4936,1.);
#1272=VECTOR('',#4937,1.);
#1273=VECTOR('',#4940,1.);
#1274=VECTOR('',#4941,1.);
#1275=VECTOR('',#4942,1.);
#1276=VECTOR('',#4945,1.);
#1277=VECTOR('',#4946,1.);
#1278=VECTOR('',#4947,1.);
#1279=VECTOR('',#4948,1.);
#1280=VECTOR('',#4951,1.);
#1281=VECTOR('',#4952,1.);
#1282=VECTOR('',#4953,1.);
#1283=VECTOR('',#4954,1.);
#1284=VECTOR('',#4957,1.);
#1285=VECTOR('',#4958,1.);
#1286=VECTOR('',#4959,1.);
#1287=VECTOR('',#4962,1.);
#1288=VECTOR('',#4963,1.);
#1289=VECTOR('',#4964,1.);
#1290=VECTOR('',#4967,1.);
#1291=VECTOR('',#4968,1.);
#1292=VECTOR('',#4969,1.);
#1293=VECTOR('',#4970,1.);
#1294=VECTOR('',#4973,1.);
#1295=VECTOR('',#4974,1.);
#1296=VECTOR('',#4975,1.);
#1297=VECTOR('',#4976,1.);
#1298=VECTOR('',#4979,1.);
#1299=VECTOR('',#4980,1.);
#1300=VECTOR('',#4981,1.);
#1301=VECTOR('',#4984,1.);
#1302=VECTOR('',#4985,1.);
#1303=VECTOR('',#4986,1.);
#1304=VECTOR('',#4989,1.);
#1305=VECTOR('',#4990,1.);
#1306=VECTOR('',#4991,1.);
#1307=VECTOR('',#4992,1.);
#1308=VECTOR('',#4995,1.);
#1309=VECTOR('',#4996,1.);
#1310=VECTOR('',#4997,1.);
#1311=VECTOR('',#4998,1.);
#1312=VECTOR('',#5001,1.);
#1313=VECTOR('',#5002,1.);
#1314=VECTOR('',#5003,1.);
#1315=VECTOR('',#5006,1.);
#1316=VECTOR('',#5007,1.);
#1317=VECTOR('',#5008,1.);
#1318=VECTOR('',#5011,1.);
#1319=VECTOR('',#5012,1.);
#1320=VECTOR('',#5013,1.);
#1321=VECTOR('',#5014,1.);
#1322=VECTOR('',#5017,1.);
#1323=VECTOR('',#5018,1.);
#1324=VECTOR('',#5019,1.);
#1325=VECTOR('',#5020,1.);
#1326=VECTOR('',#5023,1.);
#1327=VECTOR('',#5024,1.);
#1328=VECTOR('',#5025,1.);
#1329=VECTOR('',#5028,1.);
#1330=VECTOR('',#5029,1.);
#1331=VECTOR('',#5030,1.);
#1332=VECTOR('',#5033,1.);
#1333=VECTOR('',#5034,1.);
#1334=VECTOR('',#5035,1.);
#1335=VECTOR('',#5036,1.);
#1336=VECTOR('',#5039,1.);
#1337=VECTOR('',#5040,1.);
#1338=VECTOR('',#5041,1.);
#1339=VECTOR('',#5042,1.);
#1340=VECTOR('',#5045,1.);
#1341=VECTOR('',#5046,1.);
#1342=VECTOR('',#5047,1.);
#1343=VECTOR('',#5050,1.);
#1344=VECTOR('',#5051,1.);
#1345=VECTOR('',#5052,1.);
#1346=VECTOR('',#5055,1.);
#1347=VECTOR('',#5056,1.);
#1348=VECTOR('',#5057,1.);
#1349=VECTOR('',#5058,1.);
#1350=VECTOR('',#5061,1.);
#1351=VECTOR('',#5062,1.);
#1352=VECTOR('',#5063,1.);
#1353=VECTOR('',#5064,1.);
#1354=VECTOR('',#5067,1.);
#1355=VECTOR('',#5068,1.);
#1356=VECTOR('',#5069,1.);
#1357=VECTOR('',#5072,1.);
#1358=VECTOR('',#5073,1.);
#1359=VECTOR('',#5074,1.);
#1360=VECTOR('',#5077,1.);
#1361=VECTOR('',#5078,1.);
#1362=VECTOR('',#5079,1.);
#1363=VECTOR('',#5080,1.);
#1364=VECTOR('',#5083,1.);
#1365=VECTOR('',#5084,1.);
#1366=VECTOR('',#5085,1.);
#1367=VECTOR('',#5086,1.);
#1368=VECTOR('',#5089,1.);
#1369=VECTOR('',#5090,1.);
#1370=VECTOR('',#5091,1.);
#1371=VECTOR('',#5094,1.);
#1372=VECTOR('',#5095,1.);
#1373=VECTOR('',#5096,1.);
#1374=VECTOR('',#5099,1.);
#1375=VECTOR('',#5100,1.);
#1376=VECTOR('',#5101,1.);
#1377=VECTOR('',#5102,1.);
#1378=VECTOR('',#5105,0.999999999999597);
#1379=VECTOR('',#5106,1.);
#1380=VECTOR('',#5107,0.999999999999597);
#1381=VECTOR('',#5110,1.);
#1382=VECTOR('',#5111,1.);
#1383=VECTOR('',#5112,1.);
#1384=VECTOR('',#5115,0.999999999999597);
#1385=VECTOR('',#5116,1.);
#1386=VECTOR('',#5117,0.999999999999597);
#1387=VECTOR('',#5120,1.);
#1388=VECTOR('',#5121,1.);
#1389=VECTOR('',#5122,1.);
#1390=VECTOR('',#5125,1.);
#1391=VECTOR('',#5126,1.);
#1392=VECTOR('',#5127,1.);
#1393=VECTOR('',#5128,1.);
#1394=VECTOR('',#5131,0.999999999999597);
#1395=VECTOR('',#5132,1.);
#1396=VECTOR('',#5133,0.999999999999597);
#1397=VECTOR('',#5136,1.);
#1398=VECTOR('',#5137,1.);
#1399=VECTOR('',#5138,1.);
#1400=VECTOR('',#5141,0.999999999999597);
#1401=VECTOR('',#5142,1.);
#1402=VECTOR('',#5143,0.999999999999597);
#1403=VECTOR('',#5146,1.);
#1404=VECTOR('',#5147,1.);
#1405=VECTOR('',#5148,1.);
#1406=VECTOR('',#5151,1.);
#1407=VECTOR('',#5152,1.);
#1408=VECTOR('',#5153,1.);
#1409=VECTOR('',#5154,1.);
#1410=VECTOR('',#5157,0.999999999999597);
#1411=VECTOR('',#5158,1.);
#1412=VECTOR('',#5159,0.999999999999597);
#1413=VECTOR('',#5162,1.);
#1414=VECTOR('',#5163,1.);
#1415=VECTOR('',#5164,1.);
#1416=VECTOR('',#5167,0.999999999999597);
#1417=VECTOR('',#5168,1.);
#1418=VECTOR('',#5169,0.999999999999597);
#1419=VECTOR('',#5172,1.);
#1420=VECTOR('',#5173,1.);
#1421=VECTOR('',#5174,1.);
#1422=VECTOR('',#5177,1.);
#1423=VECTOR('',#5178,1.);
#1424=VECTOR('',#5179,1.);
#1425=VECTOR('',#5180,1.);
#1426=VECTOR('',#5183,0.999999999999597);
#1427=VECTOR('',#5184,1.);
#1428=VECTOR('',#5185,0.999999999999597);
#1429=VECTOR('',#5188,1.);
#1430=VECTOR('',#5189,1.);
#1431=VECTOR('',#5190,1.);
#1432=VECTOR('',#5193,0.999999999999597);
#1433=VECTOR('',#5194,1.);
#1434=VECTOR('',#5195,0.999999999999597);
#1435=VECTOR('',#5198,1.);
#1436=VECTOR('',#5199,1.);
#1437=VECTOR('',#5200,1.);
#1438=VECTOR('',#5203,1.);
#1439=VECTOR('',#5204,1.);
#1440=VECTOR('',#5205,1.);
#1441=VECTOR('',#5206,1.);
#1442=VECTOR('',#5209,0.999999999999597);
#1443=VECTOR('',#5210,1.);
#1444=VECTOR('',#5211,0.999999999999597);
#1445=VECTOR('',#5214,1.);
#1446=VECTOR('',#5215,1.);
#1447=VECTOR('',#5216,1.);
#1448=VECTOR('',#5219,0.999999999999597);
#1449=VECTOR('',#5220,1.);
#1450=VECTOR('',#5221,0.999999999999597);
#1451=VECTOR('',#5224,1.);
#1452=VECTOR('',#5225,1.);
#1453=VECTOR('',#5226,1.);
#1454=VECTOR('',#5229,1.);
#1455=VECTOR('',#5230,1.);
#1456=VECTOR('',#5231,1.);
#1457=VECTOR('',#5232,1.);
#1458=VECTOR('',#5235,0.999999999999597);
#1459=VECTOR('',#5236,1.);
#1460=VECTOR('',#5237,0.999999999999597);
#1461=VECTOR('',#5240,1.);
#1462=VECTOR('',#5241,1.);
#1463=VECTOR('',#5242,1.);
#1464=VECTOR('',#5245,0.999999999999597);
#1465=VECTOR('',#5246,1.);
#1466=VECTOR('',#5247,0.999999999999597);
#1467=VECTOR('',#5250,1.);
#1468=VECTOR('',#5251,1.);
#1469=VECTOR('',#5252,1.);
#1470=VECTOR('',#5255,1.);
#1471=VECTOR('',#5256,1.);
#1472=VECTOR('',#5257,1.);
#1473=VECTOR('',#5258,1.);
#1474=VECTOR('',#5261,0.999999999999597);
#1475=VECTOR('',#5262,1.);
#1476=VECTOR('',#5263,0.999999999999597);
#1477=VECTOR('',#5266,1.);
#1478=VECTOR('',#5267,1.);
#1479=VECTOR('',#5268,1.);
#1480=VECTOR('',#5271,0.999999999999597);
#1481=VECTOR('',#5272,1.);
#1482=VECTOR('',#5273,0.999999999999597);
#1483=VECTOR('',#5276,1.);
#1484=VECTOR('',#5277,1.);
#1485=VECTOR('',#5278,1.);
#1486=VECTOR('',#5281,1.);
#1487=VECTOR('',#5282,1.);
#1488=VECTOR('',#5283,1.);
#1489=VECTOR('',#5284,1.);
#1490=VECTOR('',#5287,0.999999999999597);
#1491=VECTOR('',#5288,1.);
#1492=VECTOR('',#5289,0.999999999999597);
#1493=VECTOR('',#5292,1.);
#1494=VECTOR('',#5293,1.);
#1495=VECTOR('',#5294,1.);
#1496=VECTOR('',#5297,0.999999999999597);
#1497=VECTOR('',#5298,1.);
#1498=VECTOR('',#5299,0.999999999999597);
#1499=VECTOR('',#5302,1.);
#1500=VECTOR('',#5303,1.);
#1501=VECTOR('',#5304,1.);
#1502=VECTOR('',#5307,1.);
#1503=VECTOR('',#5308,1.);
#1504=VECTOR('',#5311,1.);
#1505=VECTOR('',#5314,1.);
#1506=VECTOR('',#5315,1.);
#1507=VECTOR('',#5318,1.);
#1508=VECTOR('',#5321,1.);
#1509=VECTOR('',#5322,1.);
#1510=VECTOR('',#5325,1.);
#1511=VECTOR('',#5328,1.);
#1512=VECTOR('',#5329,1.);
#1513=VECTOR('',#5332,1.);
#1514=VECTOR('',#5335,1.);
#1515=VECTOR('',#5336,1.);
#1516=VECTOR('',#5339,1.);
#1517=VECTOR('',#5342,1.);
#1518=VECTOR('',#5343,1.);
#1519=VECTOR('',#5346,1.);
#1520=VECTOR('',#5349,1.);
#1521=VECTOR('',#5350,1.);
#1522=VECTOR('',#5353,1.);
#1523=VECTOR('',#5356,1.);
#1524=VECTOR('',#5357,1.);
#1525=VECTOR('',#5360,1.);
#1526=VECTOR('',#5363,1.);
#1527=VECTOR('',#5366,1.);
#1528=VECTOR('',#5367,1.);
#1529=VECTOR('',#5368,1.);
#1530=VECTOR('',#5371,1.);
#1531=VECTOR('',#5374,1.);
#1532=VECTOR('',#5375,1.);
#1533=VECTOR('',#5376,1.);
#1534=VECTOR('',#5379,1.);
#1535=VECTOR('',#5382,1.);
#1536=VECTOR('',#5383,1.);
#1537=VECTOR('',#5384,1.);
#1538=VECTOR('',#5387,1.);
#1539=VECTOR('',#5390,1.);
#1540=VECTOR('',#5391,1.);
#1541=VECTOR('',#5392,1.);
#1542=VECTOR('',#5395,1.);
#1543=VECTOR('',#5398,1.);
#1544=VECTOR('',#5399,1.);
#1545=VECTOR('',#5400,1.);
#1546=VECTOR('',#5403,1.);
#1547=VECTOR('',#5406,1.);
#1548=VECTOR('',#5407,1.);
#1549=VECTOR('',#5408,1.);
#1550=VECTOR('',#5411,1.);
#1551=VECTOR('',#5414,1.);
#1552=VECTOR('',#5415,1.);
#1553=VECTOR('',#5416,1.);
#1554=VECTOR('',#5419,1.);
#1555=VECTOR('',#5422,1.);
#1556=VECTOR('',#5423,1.);
#1557=VECTOR('',#5424,1.);
#1558=VECTOR('',#5427,1.);
#1559=VECTOR('',#5430,1.);
#1560=VECTOR('',#5431,1.);
#1561=VECTOR('',#5432,1.);
#1562=VECTOR('',#5435,1.);
#1563=VECTOR('',#5438,1.);
#1564=VECTOR('',#5439,1.);
#1565=VECTOR('',#5440,1.);
#1566=VECTOR('',#5443,1.);
#1567=VECTOR('',#5446,1.);
#1568=VECTOR('',#5447,1.);
#1569=VECTOR('',#5448,1.);
#1570=VECTOR('',#5451,1.);
#1571=VECTOR('',#5454,1.);
#1572=VECTOR('',#5455,1.);
#1573=VECTOR('',#5456,1.);
#1574=VECTOR('',#5459,1.);
#1575=VECTOR('',#5462,1.);
#1576=VECTOR('',#5463,1.);
#1577=VECTOR('',#5464,1.);
#1578=VECTOR('',#5467,1.);
#1579=VECTOR('',#5470,1.);
#1580=VECTOR('',#5471,1.);
#1581=VECTOR('',#5472,1.);
#1582=VECTOR('',#5475,1.);
#1583=VECTOR('',#5478,1.);
#1584=VECTOR('',#5479,1.);
#1585=VECTOR('',#5480,1.);
#1586=VECTOR('',#5483,1.);
#1587=VECTOR('',#5486,1.);
#1588=VECTOR('',#5487,1.);
#1589=VECTOR('',#5488,1.);
#1590=VECTOR('',#5491,1.);
#1591=VECTOR('',#5492,1.);
#1592=VECTOR('',#5493,1.);
#1593=VECTOR('',#5496,1.);
#1594=VECTOR('',#5497,1.);
#1595=VECTOR('',#5498,1.);
#1596=VECTOR('',#5499,1.);
#1597=VECTOR('',#5502,1.);
#1598=VECTOR('',#5503,1.);
#1599=VECTOR('',#5504,1.);
#1600=VECTOR('',#5507,1.);
#1601=VECTOR('',#5508,1.);
#1602=VECTOR('',#5509,1.);
#1603=VECTOR('',#5512,1.);
#1604=VECTOR('',#5513,1.);
#1605=VECTOR('',#5516,1.);
#1606=VECTOR('',#5517,1.);
#1607=VECTOR('',#5518,1.);
#1608=VECTOR('',#5521,1.);
#1609=VECTOR('',#5524,1.);
#1610=VECTOR('',#5531,1.);
#1611=VECTOR('',#5538,1.);
#1612=VECTOR('',#5545,1.);
#1613=VECTOR('',#5552,1.);
#1614=VECTOR('',#5559,1.);
#1615=VECTOR('',#5566,1.);
#1616=VECTOR('',#5573,1.);
#1617=VECTOR('',#5580,1.);
#1618=VERTEX_POINT('',#5585);
#1619=VERTEX_POINT('',#5586);
#1620=VERTEX_POINT('',#5588);
#1621=VERTEX_POINT('',#5590);
#1622=VERTEX_POINT('',#5593);
#1623=VERTEX_POINT('',#5594);
#1624=VERTEX_POINT('',#5596);
#1625=VERTEX_POINT('',#5598);
#1626=VERTEX_POINT('',#5601);
#1627=VERTEX_POINT('',#5602);
#1628=VERTEX_POINT('',#5604);
#1629=VERTEX_POINT('',#5606);
#1630=VERTEX_POINT('',#5609);
#1631=VERTEX_POINT('',#5610);
#1632=VERTEX_POINT('',#5612);
#1633=VERTEX_POINT('',#5614);
#1634=VERTEX_POINT('',#5617);
#1635=VERTEX_POINT('',#5618);
#1636=VERTEX_POINT('',#5620);
#1637=VERTEX_POINT('',#5622);
#1638=VERTEX_POINT('',#5625);
#1639=VERTEX_POINT('',#5626);
#1640=VERTEX_POINT('',#5628);
#1641=VERTEX_POINT('',#5630);
#1642=VERTEX_POINT('',#5633);
#1643=VERTEX_POINT('',#5634);
#1644=VERTEX_POINT('',#5636);
#1645=VERTEX_POINT('',#5638);
#1646=VERTEX_POINT('',#5641);
#1647=VERTEX_POINT('',#5642);
#1648=VERTEX_POINT('',#5644);
#1649=VERTEX_POINT('',#5646);
#1650=VERTEX_POINT('',#5649);
#1651=VERTEX_POINT('',#5650);
#1652=VERTEX_POINT('',#5652);
#1653=VERTEX_POINT('',#5654);
#1654=VERTEX_POINT('',#5658);
#1655=VERTEX_POINT('',#5660);
#1656=VERTEX_POINT('',#5664);
#1657=VERTEX_POINT('',#5668);
#1658=VERTEX_POINT('',#5674);
#1659=VERTEX_POINT('',#5676);
#1660=VERTEX_POINT('',#5680);
#1661=VERTEX_POINT('',#5684);
#1662=VERTEX_POINT('',#5690);
#1663=VERTEX_POINT('',#5692);
#1664=VERTEX_POINT('',#5696);
#1665=VERTEX_POINT('',#5700);
#1666=VERTEX_POINT('',#5706);
#1667=VERTEX_POINT('',#5708);
#1668=VERTEX_POINT('',#5712);
#1669=VERTEX_POINT('',#5716);
#1670=VERTEX_POINT('',#5722);
#1671=VERTEX_POINT('',#5724);
#1672=VERTEX_POINT('',#5728);
#1673=VERTEX_POINT('',#5732);
#1674=VERTEX_POINT('',#5738);
#1675=VERTEX_POINT('',#5740);
#1676=VERTEX_POINT('',#5744);
#1677=VERTEX_POINT('',#5748);
#1678=VERTEX_POINT('',#5754);
#1679=VERTEX_POINT('',#5756);
#1680=VERTEX_POINT('',#5760);
#1681=VERTEX_POINT('',#5764);
#1682=VERTEX_POINT('',#5770);
#1683=VERTEX_POINT('',#5772);
#1684=VERTEX_POINT('',#5776);
#1685=VERTEX_POINT('',#5780);
#1686=VERTEX_POINT('',#5786);
#1687=VERTEX_POINT('',#5787);
#1688=VERTEX_POINT('',#5789);
#1689=VERTEX_POINT('',#5791);
#1690=VERTEX_POINT('',#5795);
#1691=VERTEX_POINT('',#5796);
#1692=VERTEX_POINT('',#5798);
#1693=VERTEX_POINT('',#5800);
#1694=VERTEX_POINT('',#5804);
#1695=VERTEX_POINT('',#5805);
#1696=VERTEX_POINT('',#5807);
#1697=VERTEX_POINT('',#5809);
#1698=VERTEX_POINT('',#5813);
#1699=VERTEX_POINT('',#5814);
#1700=VERTEX_POINT('',#5816);
#1701=VERTEX_POINT('',#5818);
#1702=VERTEX_POINT('',#5822);
#1703=VERTEX_POINT('',#5823);
#1704=VERTEX_POINT('',#5825);
#1705=VERTEX_POINT('',#5827);
#1706=VERTEX_POINT('',#5831);
#1707=VERTEX_POINT('',#5832);
#1708=VERTEX_POINT('',#5834);
#1709=VERTEX_POINT('',#5836);
#1710=VERTEX_POINT('',#5840);
#1711=VERTEX_POINT('',#5841);
#1712=VERTEX_POINT('',#5843);
#1713=VERTEX_POINT('',#5845);
#1714=VERTEX_POINT('',#5849);
#1715=VERTEX_POINT('',#5850);
#1716=VERTEX_POINT('',#5852);
#1717=VERTEX_POINT('',#5854);
#1718=VERTEX_POINT('',#5858);
#1719=VERTEX_POINT('',#5859);
#1720=VERTEX_POINT('',#5861);
#1721=VERTEX_POINT('',#5863);
#1722=VERTEX_POINT('',#5867);
#1723=VERTEX_POINT('',#5868);
#1724=VERTEX_POINT('',#5870);
#1725=VERTEX_POINT('',#5872);
#1726=VERTEX_POINT('',#5876);
#1727=VERTEX_POINT('',#5877);
#1728=VERTEX_POINT('',#5879);
#1729=VERTEX_POINT('',#5881);
#1730=VERTEX_POINT('',#5885);
#1731=VERTEX_POINT('',#5886);
#1732=VERTEX_POINT('',#5888);
#1733=VERTEX_POINT('',#5890);
#1734=VERTEX_POINT('',#5894);
#1735=VERTEX_POINT('',#5895);
#1736=VERTEX_POINT('',#5897);
#1737=VERTEX_POINT('',#5899);
#1738=VERTEX_POINT('',#5903);
#1739=VERTEX_POINT('',#5904);
#1740=VERTEX_POINT('',#5906);
#1741=VERTEX_POINT('',#5908);
#1742=VERTEX_POINT('',#5912);
#1743=VERTEX_POINT('',#5913);
#1744=VERTEX_POINT('',#5915);
#1745=VERTEX_POINT('',#5917);
#1746=VERTEX_POINT('',#5921);
#1747=VERTEX_POINT('',#5922);
#1748=VERTEX_POINT('',#5924);
#1749=VERTEX_POINT('',#5926);
#1750=VERTEX_POINT('',#5930);
#1751=VERTEX_POINT('',#5932);
#1752=VERTEX_POINT('',#5936);
#1753=VERTEX_POINT('',#5938);
#1754=VERTEX_POINT('',#5942);
#1755=VERTEX_POINT('',#5944);
#1756=VERTEX_POINT('',#5948);
#1757=VERTEX_POINT('',#5950);
#1758=VERTEX_POINT('',#5954);
#1759=VERTEX_POINT('',#5956);
#1760=VERTEX_POINT('',#5960);
#1761=VERTEX_POINT('',#5962);
#1762=VERTEX_POINT('',#5966);
#1763=VERTEX_POINT('',#5968);
#1764=VERTEX_POINT('',#5972);
#1765=VERTEX_POINT('',#5974);
#1766=VERTEX_POINT('',#5978);
#1767=VERTEX_POINT('',#5980);
#1768=VERTEX_POINT('',#5984);
#1769=VERTEX_POINT('',#5986);
#1770=VERTEX_POINT('',#5990);
#1771=VERTEX_POINT('',#5992);
#1772=VERTEX_POINT('',#5996);
#1773=VERTEX_POINT('',#5998);
#1774=VERTEX_POINT('',#6002);
#1775=VERTEX_POINT('',#6004);
#1776=VERTEX_POINT('',#6008);
#1777=VERTEX_POINT('',#6010);
#1778=VERTEX_POINT('',#6014);
#1779=VERTEX_POINT('',#6016);
#1780=VERTEX_POINT('',#6020);
#1781=VERTEX_POINT('',#6022);
#1782=VERTEX_POINT('',#6026);
#1783=VERTEX_POINT('',#6028);
#1784=VERTEX_POINT('',#6034);
#1785=VERTEX_POINT('',#6036);
#1786=VERTEX_POINT('',#6040);
#1787=VERTEX_POINT('',#6042);
#1788=VERTEX_POINT('',#6046);
#1789=VERTEX_POINT('',#6048);
#1790=VERTEX_POINT('',#6052);
#1791=VERTEX_POINT('',#6054);
#1792=VERTEX_POINT('',#6060);
#1793=VERTEX_POINT('',#6062);
#1794=VERTEX_POINT('',#6066);
#1795=VERTEX_POINT('',#6068);
#1796=VERTEX_POINT('',#6072);
#1797=VERTEX_POINT('',#6074);
#1798=VERTEX_POINT('',#6078);
#1799=VERTEX_POINT('',#6080);
#1800=VERTEX_POINT('',#6086);
#1801=VERTEX_POINT('',#6088);
#1802=VERTEX_POINT('',#6092);
#1803=VERTEX_POINT('',#6094);
#1804=VERTEX_POINT('',#6098);
#1805=VERTEX_POINT('',#6100);
#1806=VERTEX_POINT('',#6104);
#1807=VERTEX_POINT('',#6106);
#1808=VERTEX_POINT('',#6112);
#1809=VERTEX_POINT('',#6114);
#1810=VERTEX_POINT('',#6118);
#1811=VERTEX_POINT('',#6120);
#1812=VERTEX_POINT('',#6124);
#1813=VERTEX_POINT('',#6126);
#1814=VERTEX_POINT('',#6130);
#1815=VERTEX_POINT('',#6132);
#1816=VERTEX_POINT('',#6138);
#1817=VERTEX_POINT('',#6140);
#1818=VERTEX_POINT('',#6144);
#1819=VERTEX_POINT('',#6146);
#1820=VERTEX_POINT('',#6150);
#1821=VERTEX_POINT('',#6152);
#1822=VERTEX_POINT('',#6156);
#1823=VERTEX_POINT('',#6158);
#1824=VERTEX_POINT('',#6164);
#1825=VERTEX_POINT('',#6166);
#1826=VERTEX_POINT('',#6170);
#1827=VERTEX_POINT('',#6172);
#1828=VERTEX_POINT('',#6176);
#1829=VERTEX_POINT('',#6178);
#1830=VERTEX_POINT('',#6182);
#1831=VERTEX_POINT('',#6184);
#1832=VERTEX_POINT('',#6190);
#1833=VERTEX_POINT('',#6192);
#1834=VERTEX_POINT('',#6196);
#1835=VERTEX_POINT('',#6198);
#1836=VERTEX_POINT('',#6202);
#1837=VERTEX_POINT('',#6204);
#1838=VERTEX_POINT('',#6208);
#1839=VERTEX_POINT('',#6210);
#1840=VERTEX_POINT('',#6216);
#1841=VERTEX_POINT('',#6218);
#1842=VERTEX_POINT('',#6222);
#1843=VERTEX_POINT('',#6224);
#1844=VERTEX_POINT('',#6228);
#1845=VERTEX_POINT('',#6230);
#1846=VERTEX_POINT('',#6234);
#1847=VERTEX_POINT('',#6235);
#1848=VERTEX_POINT('',#6237);
#1849=VERTEX_POINT('',#6239);
#1850=VERTEX_POINT('',#6243);
#1851=VERTEX_POINT('',#6245);
#1852=VERTEX_POINT('',#6249);
#1853=VERTEX_POINT('',#6251);
#1854=VERTEX_POINT('',#6255);
#1855=VERTEX_POINT('',#6257);
#1856=VERTEX_POINT('',#6261);
#1857=VERTEX_POINT('',#6263);
#1858=VERTEX_POINT('',#6267);
#1859=VERTEX_POINT('',#6268);
#1860=VERTEX_POINT('',#6270);
#1861=VERTEX_POINT('',#6272);
#1862=VERTEX_POINT('',#6276);
#1863=VERTEX_POINT('',#6278);
#1864=VERTEX_POINT('',#6282);
#1865=VERTEX_POINT('',#6284);
#1866=VERTEX_POINT('',#6288);
#1867=VERTEX_POINT('',#6290);
#1868=VERTEX_POINT('',#6294);
#1869=VERTEX_POINT('',#6296);
#1870=VERTEX_POINT('',#6300);
#1871=VERTEX_POINT('',#6301);
#1872=VERTEX_POINT('',#6303);
#1873=VERTEX_POINT('',#6305);
#1874=VERTEX_POINT('',#6309);
#1875=VERTEX_POINT('',#6311);
#1876=VERTEX_POINT('',#6315);
#1877=VERTEX_POINT('',#6317);
#1878=VERTEX_POINT('',#6321);
#1879=VERTEX_POINT('',#6323);
#1880=VERTEX_POINT('',#6327);
#1881=VERTEX_POINT('',#6329);
#1882=VERTEX_POINT('',#6333);
#1883=VERTEX_POINT('',#6334);
#1884=VERTEX_POINT('',#6336);
#1885=VERTEX_POINT('',#6338);
#1886=VERTEX_POINT('',#6342);
#1887=VERTEX_POINT('',#6344);
#1888=VERTEX_POINT('',#6348);
#1889=VERTEX_POINT('',#6350);
#1890=VERTEX_POINT('',#6354);
#1891=VERTEX_POINT('',#6356);
#1892=VERTEX_POINT('',#6360);
#1893=VERTEX_POINT('',#6362);
#1894=VERTEX_POINT('',#6366);
#1895=VERTEX_POINT('',#6367);
#1896=VERTEX_POINT('',#6369);
#1897=VERTEX_POINT('',#6371);
#1898=VERTEX_POINT('',#6375);
#1899=VERTEX_POINT('',#6377);
#1900=VERTEX_POINT('',#6381);
#1901=VERTEX_POINT('',#6383);
#1902=VERTEX_POINT('',#6387);
#1903=VERTEX_POINT('',#6389);
#1904=VERTEX_POINT('',#6393);
#1905=VERTEX_POINT('',#6395);
#1906=VERTEX_POINT('',#6399);
#1907=VERTEX_POINT('',#6400);
#1908=VERTEX_POINT('',#6402);
#1909=VERTEX_POINT('',#6404);
#1910=VERTEX_POINT('',#6408);
#1911=VERTEX_POINT('',#6410);
#1912=VERTEX_POINT('',#6414);
#1913=VERTEX_POINT('',#6416);
#1914=VERTEX_POINT('',#6420);
#1915=VERTEX_POINT('',#6422);
#1916=VERTEX_POINT('',#6426);
#1917=VERTEX_POINT('',#6428);
#1918=VERTEX_POINT('',#6432);
#1919=VERTEX_POINT('',#6433);
#1920=VERTEX_POINT('',#6435);
#1921=VERTEX_POINT('',#6437);
#1922=VERTEX_POINT('',#6441);
#1923=VERTEX_POINT('',#6443);
#1924=VERTEX_POINT('',#6447);
#1925=VERTEX_POINT('',#6449);
#1926=VERTEX_POINT('',#6453);
#1927=VERTEX_POINT('',#6455);
#1928=VERTEX_POINT('',#6459);
#1929=VERTEX_POINT('',#6461);
#1930=VERTEX_POINT('',#6465);
#1931=VERTEX_POINT('',#6466);
#1932=VERTEX_POINT('',#6468);
#1933=VERTEX_POINT('',#6470);
#1934=VERTEX_POINT('',#6474);
#1935=VERTEX_POINT('',#6476);
#1936=VERTEX_POINT('',#6480);
#1937=VERTEX_POINT('',#6482);
#1938=VERTEX_POINT('',#6486);
#1939=VERTEX_POINT('',#6488);
#1940=VERTEX_POINT('',#6492);
#1941=VERTEX_POINT('',#6494);
#1942=VERTEX_POINT('',#6540);
#1943=VERTEX_POINT('',#6542);
#1944=VERTEX_POINT('',#6548);
#1945=VERTEX_POINT('',#6549);
#1946=VERTEX_POINT('',#6556);
#1947=VERTEX_POINT('',#6558);
#1948=VERTEX_POINT('',#6564);
#1949=VERTEX_POINT('',#6565);
#1950=VERTEX_POINT('',#6572);
#1951=VERTEX_POINT('',#6574);
#1952=VERTEX_POINT('',#6580);
#1953=VERTEX_POINT('',#6581);
#1954=VERTEX_POINT('',#6588);
#1955=VERTEX_POINT('',#6590);
#1956=VERTEX_POINT('',#6596);
#1957=VERTEX_POINT('',#6597);
#1958=VERTEX_POINT('',#6604);
#1959=VERTEX_POINT('',#6606);
#1960=VERTEX_POINT('',#6612);
#1961=VERTEX_POINT('',#6613);
#1962=VERTEX_POINT('',#6620);
#1963=VERTEX_POINT('',#6622);
#1964=VERTEX_POINT('',#6628);
#1965=VERTEX_POINT('',#6629);
#1966=VERTEX_POINT('',#6636);
#1967=VERTEX_POINT('',#6638);
#1968=VERTEX_POINT('',#6644);
#1969=VERTEX_POINT('',#6645);
#1970=VERTEX_POINT('',#6652);
#1971=VERTEX_POINT('',#6654);
#1972=VERTEX_POINT('',#6660);
#1973=VERTEX_POINT('',#6661);
#1974=VERTEX_POINT('',#6666);
#1975=VERTEX_POINT('',#6668);
#1976=VERTEX_POINT('',#6672);
#1977=VERTEX_POINT('',#6673);
#1978=VERTEX_POINT('',#6675);
#1979=VERTEX_POINT('',#6677);
#1980=VERTEX_POINT('',#6681);
#1981=VERTEX_POINT('',#6683);
#1982=VERTEX_POINT('',#6687);
#1983=VERTEX_POINT('',#6689);
#1984=VERTEX_POINT('',#6696);
#1985=VERTEX_POINT('',#6698);
#1986=EDGE_CURVE('',#1618,#1619,#482,.T.);
#1987=EDGE_CURVE('',#1619,#1620,#483,.T.);
#1988=EDGE_CURVE('',#1620,#1621,#484,.T.);
#1989=EDGE_CURVE('',#1621,#1618,#485,.T.);
#1990=EDGE_CURVE('',#1622,#1623,#486,.T.);
#1991=EDGE_CURVE('',#1624,#1622,#487,.T.);
#1992=EDGE_CURVE('',#1625,#1624,#488,.T.);
#1993=EDGE_CURVE('',#1623,#1625,#489,.T.);
#1994=EDGE_CURVE('',#1626,#1627,#490,.T.);
#1995=EDGE_CURVE('',#1628,#1626,#491,.T.);
#1996=EDGE_CURVE('',#1629,#1628,#492,.T.);
#1997=EDGE_CURVE('',#1627,#1629,#493,.T.);
#1998=EDGE_CURVE('',#1630,#1631,#494,.T.);
#1999=EDGE_CURVE('',#1632,#1630,#495,.T.);
#2000=EDGE_CURVE('',#1633,#1632,#496,.T.);
#2001=EDGE_CURVE('',#1631,#1633,#497,.T.);
#2002=EDGE_CURVE('',#1634,#1635,#498,.T.);
#2003=EDGE_CURVE('',#1636,#1634,#499,.T.);
#2004=EDGE_CURVE('',#1637,#1636,#500,.T.);
#2005=EDGE_CURVE('',#1635,#1637,#501,.T.);
#2006=EDGE_CURVE('',#1638,#1639,#502,.T.);
#2007=EDGE_CURVE('',#1640,#1638,#503,.T.);
#2008=EDGE_CURVE('',#1641,#1640,#504,.T.);
#2009=EDGE_CURVE('',#1639,#1641,#505,.T.);
#2010=EDGE_CURVE('',#1642,#1643,#506,.T.);
#2011=EDGE_CURVE('',#1644,#1642,#507,.T.);
#2012=EDGE_CURVE('',#1645,#1644,#508,.T.);
#2013=EDGE_CURVE('',#1643,#1645,#509,.T.);
#2014=EDGE_CURVE('',#1646,#1647,#510,.T.);
#2015=EDGE_CURVE('',#1648,#1646,#511,.T.);
#2016=EDGE_CURVE('',#1649,#1648,#512,.T.);
#2017=EDGE_CURVE('',#1647,#1649,#513,.T.);
#2018=EDGE_CURVE('',#1650,#1651,#514,.T.);
#2019=EDGE_CURVE('',#1652,#1650,#515,.T.);
#2020=EDGE_CURVE('',#1653,#1652,#516,.T.);
#2021=EDGE_CURVE('',#1651,#1653,#517,.T.);
#2022=EDGE_CURVE('',#1622,#1654,#518,.T.);
#2023=EDGE_CURVE('',#1623,#1655,#519,.T.);
#2024=EDGE_CURVE('',#1654,#1655,#520,.T.);
#2025=EDGE_CURVE('',#1625,#1656,#521,.T.);
#2026=EDGE_CURVE('',#1655,#1656,#522,.T.);
#2027=EDGE_CURVE('',#1624,#1657,#523,.T.);
#2028=EDGE_CURVE('',#1656,#1657,#524,.T.);
#2029=EDGE_CURVE('',#1657,#1654,#525,.T.);
#2030=EDGE_CURVE('',#1626,#1658,#526,.T.);
#2031=EDGE_CURVE('',#1627,#1659,#527,.T.);
#2032=EDGE_CURVE('',#1658,#1659,#528,.T.);
#2033=EDGE_CURVE('',#1629,#1660,#529,.T.);
#2034=EDGE_CURVE('',#1659,#1660,#530,.T.);
#2035=EDGE_CURVE('',#1628,#1661,#531,.T.);
#2036=EDGE_CURVE('',#1660,#1661,#532,.T.);
#2037=EDGE_CURVE('',#1661,#1658,#533,.T.);
#2038=EDGE_CURVE('',#1630,#1662,#534,.T.);
#2039=EDGE_CURVE('',#1631,#1663,#535,.T.);
#2040=EDGE_CURVE('',#1662,#1663,#536,.T.);
#2041=EDGE_CURVE('',#1633,#1664,#537,.T.);
#2042=EDGE_CURVE('',#1663,#1664,#538,.T.);
#2043=EDGE_CURVE('',#1632,#1665,#539,.T.);
#2044=EDGE_CURVE('',#1664,#1665,#540,.T.);
#2045=EDGE_CURVE('',#1665,#1662,#541,.T.);
#2046=EDGE_CURVE('',#1634,#1666,#542,.T.);
#2047=EDGE_CURVE('',#1635,#1667,#543,.T.);
#2048=EDGE_CURVE('',#1666,#1667,#544,.T.);
#2049=EDGE_CURVE('',#1637,#1668,#545,.T.);
#2050=EDGE_CURVE('',#1667,#1668,#546,.T.);
#2051=EDGE_CURVE('',#1636,#1669,#547,.T.);
#2052=EDGE_CURVE('',#1668,#1669,#548,.T.);
#2053=EDGE_CURVE('',#1669,#1666,#549,.T.);
#2054=EDGE_CURVE('',#1638,#1670,#550,.T.);
#2055=EDGE_CURVE('',#1639,#1671,#551,.T.);
#2056=EDGE_CURVE('',#1670,#1671,#552,.T.);
#2057=EDGE_CURVE('',#1641,#1672,#553,.T.);
#2058=EDGE_CURVE('',#1671,#1672,#554,.T.);
#2059=EDGE_CURVE('',#1640,#1673,#555,.T.);
#2060=EDGE_CURVE('',#1672,#1673,#556,.T.);
#2061=EDGE_CURVE('',#1673,#1670,#557,.T.);
#2062=EDGE_CURVE('',#1642,#1674,#558,.T.);
#2063=EDGE_CURVE('',#1643,#1675,#559,.T.);
#2064=EDGE_CURVE('',#1674,#1675,#560,.T.);
#2065=EDGE_CURVE('',#1645,#1676,#561,.T.);
#2066=EDGE_CURVE('',#1675,#1676,#562,.T.);
#2067=EDGE_CURVE('',#1644,#1677,#563,.T.);
#2068=EDGE_CURVE('',#1676,#1677,#564,.T.);
#2069=EDGE_CURVE('',#1677,#1674,#565,.T.);
#2070=EDGE_CURVE('',#1646,#1678,#566,.T.);
#2071=EDGE_CURVE('',#1647,#1679,#567,.T.);
#2072=EDGE_CURVE('',#1678,#1679,#568,.T.);
#2073=EDGE_CURVE('',#1649,#1680,#569,.T.);
#2074=EDGE_CURVE('',#1679,#1680,#570,.T.);
#2075=EDGE_CURVE('',#1648,#1681,#571,.T.);
#2076=EDGE_CURVE('',#1680,#1681,#572,.T.);
#2077=EDGE_CURVE('',#1681,#1678,#573,.T.);
#2078=EDGE_CURVE('',#1650,#1682,#574,.T.);
#2079=EDGE_CURVE('',#1651,#1683,#575,.T.);
#2080=EDGE_CURVE('',#1682,#1683,#576,.T.);
#2081=EDGE_CURVE('',#1653,#1684,#577,.T.);
#2082=EDGE_CURVE('',#1683,#1684,#578,.T.);
#2083=EDGE_CURVE('',#1652,#1685,#579,.T.);
#2084=EDGE_CURVE('',#1684,#1685,#580,.T.);
#2085=EDGE_CURVE('',#1685,#1682,#581,.T.);
#2086=EDGE_CURVE('',#1686,#1687,#582,.T.);
#2087=EDGE_CURVE('',#1687,#1688,#583,.T.);
#2088=EDGE_CURVE('',#1689,#1688,#584,.T.);
#2089=EDGE_CURVE('',#1686,#1689,#585,.T.);
#2090=EDGE_CURVE('',#1690,#1691,#586,.T.);
#2091=EDGE_CURVE('',#1691,#1692,#587,.T.);
#2092=EDGE_CURVE('',#1693,#1692,#588,.T.);
#2093=EDGE_CURVE('',#1690,#1693,#589,.T.);
#2094=EDGE_CURVE('',#1694,#1695,#590,.T.);
#2095=EDGE_CURVE('',#1695,#1696,#591,.T.);
#2096=EDGE_CURVE('',#1697,#1696,#592,.T.);
#2097=EDGE_CURVE('',#1694,#1697,#593,.T.);
#2098=EDGE_CURVE('',#1698,#1699,#594,.T.);
#2099=EDGE_CURVE('',#1699,#1700,#595,.T.);
#2100=EDGE_CURVE('',#1701,#1700,#596,.T.);
#2101=EDGE_CURVE('',#1698,#1701,#597,.T.);
#2102=EDGE_CURVE('',#1702,#1703,#598,.T.);
#2103=EDGE_CURVE('',#1703,#1704,#599,.T.);
#2104=EDGE_CURVE('',#1705,#1704,#600,.T.);
#2105=EDGE_CURVE('',#1702,#1705,#601,.T.);
#2106=EDGE_CURVE('',#1706,#1707,#602,.T.);
#2107=EDGE_CURVE('',#1707,#1708,#603,.T.);
#2108=EDGE_CURVE('',#1709,#1708,#604,.T.);
#2109=EDGE_CURVE('',#1706,#1709,#605,.T.);
#2110=EDGE_CURVE('',#1710,#1711,#606,.T.);
#2111=EDGE_CURVE('',#1711,#1712,#607,.T.);
#2112=EDGE_CURVE('',#1713,#1712,#608,.T.);
#2113=EDGE_CURVE('',#1710,#1713,#609,.T.);
#2114=EDGE_CURVE('',#1714,#1715,#610,.T.);
#2115=EDGE_CURVE('',#1715,#1716,#611,.T.);
#2116=EDGE_CURVE('',#1717,#1716,#612,.T.);
#2117=EDGE_CURVE('',#1714,#1717,#613,.T.);
#2118=EDGE_CURVE('',#1718,#1719,#614,.T.);
#2119=EDGE_CURVE('',#1719,#1720,#615,.T.);
#2120=EDGE_CURVE('',#1721,#1720,#616,.T.);
#2121=EDGE_CURVE('',#1718,#1721,#617,.T.);
#2122=EDGE_CURVE('',#1722,#1723,#618,.T.);
#2123=EDGE_CURVE('',#1723,#1724,#619,.T.);
#2124=EDGE_CURVE('',#1725,#1724,#620,.T.);
#2125=EDGE_CURVE('',#1722,#1725,#621,.T.);
#2126=EDGE_CURVE('',#1726,#1727,#622,.T.);
#2127=EDGE_CURVE('',#1727,#1728,#623,.T.);
#2128=EDGE_CURVE('',#1729,#1728,#624,.T.);
#2129=EDGE_CURVE('',#1726,#1729,#625,.T.);
#2130=EDGE_CURVE('',#1730,#1731,#626,.T.);
#2131=EDGE_CURVE('',#1731,#1732,#627,.T.);
#2132=EDGE_CURVE('',#1733,#1732,#628,.T.);
#2133=EDGE_CURVE('',#1730,#1733,#629,.T.);
#2134=EDGE_CURVE('',#1734,#1735,#630,.T.);
#2135=EDGE_CURVE('',#1735,#1736,#631,.T.);
#2136=EDGE_CURVE('',#1737,#1736,#632,.T.);
#2137=EDGE_CURVE('',#1734,#1737,#633,.T.);
#2138=EDGE_CURVE('',#1738,#1739,#634,.T.);
#2139=EDGE_CURVE('',#1739,#1740,#635,.T.);
#2140=EDGE_CURVE('',#1741,#1740,#636,.T.);
#2141=EDGE_CURVE('',#1738,#1741,#637,.T.);
#2142=EDGE_CURVE('',#1742,#1743,#638,.T.);
#2143=EDGE_CURVE('',#1743,#1744,#639,.T.);
#2144=EDGE_CURVE('',#1745,#1744,#640,.T.);
#2145=EDGE_CURVE('',#1742,#1745,#641,.T.);
#2146=EDGE_CURVE('',#1746,#1747,#642,.T.);
#2147=EDGE_CURVE('',#1747,#1748,#643,.T.);
#2148=EDGE_CURVE('',#1749,#1748,#644,.T.);
#2149=EDGE_CURVE('',#1746,#1749,#645,.T.);
#2150=EDGE_CURVE('',#1748,#1750,#646,.T.);
#2151=EDGE_CURVE('',#1751,#1750,#647,.T.);
#2152=EDGE_CURVE('',#1749,#1751,#648,.T.);
#2153=EDGE_CURVE('',#1750,#1752,#649,.T.);
#2154=EDGE_CURVE('',#1753,#1752,#650,.T.);
#2155=EDGE_CURVE('',#1751,#1753,#651,.T.);
#2156=EDGE_CURVE('',#1740,#1754,#652,.T.);
#2157=EDGE_CURVE('',#1755,#1754,#653,.T.);
#2158=EDGE_CURVE('',#1741,#1755,#654,.T.);
#2159=EDGE_CURVE('',#1754,#1756,#655,.T.);
#2160=EDGE_CURVE('',#1757,#1756,#656,.T.);
#2161=EDGE_CURVE('',#1755,#1757,#657,.T.);
#2162=EDGE_CURVE('',#1732,#1758,#658,.T.);
#2163=EDGE_CURVE('',#1759,#1758,#659,.T.);
#2164=EDGE_CURVE('',#1733,#1759,#660,.T.);
#2165=EDGE_CURVE('',#1758,#1760,#661,.T.);
#2166=EDGE_CURVE('',#1761,#1760,#662,.T.);
#2167=EDGE_CURVE('',#1759,#1761,#663,.T.);
#2168=EDGE_CURVE('',#1724,#1762,#664,.T.);
#2169=EDGE_CURVE('',#1763,#1762,#665,.T.);
#2170=EDGE_CURVE('',#1725,#1763,#666,.T.);
#2171=EDGE_CURVE('',#1762,#1764,#667,.T.);
#2172=EDGE_CURVE('',#1765,#1764,#668,.T.);
#2173=EDGE_CURVE('',#1763,#1765,#669,.T.);
#2174=EDGE_CURVE('',#1716,#1766,#670,.T.);
#2175=EDGE_CURVE('',#1767,#1766,#671,.T.);
#2176=EDGE_CURVE('',#1717,#1767,#672,.T.);
#2177=EDGE_CURVE('',#1766,#1768,#673,.T.);
#2178=EDGE_CURVE('',#1769,#1768,#674,.T.);
#2179=EDGE_CURVE('',#1767,#1769,#675,.T.);
#2180=EDGE_CURVE('',#1708,#1770,#676,.T.);
#2181=EDGE_CURVE('',#1771,#1770,#677,.T.);
#2182=EDGE_CURVE('',#1709,#1771,#678,.T.);
#2183=EDGE_CURVE('',#1770,#1772,#679,.T.);
#2184=EDGE_CURVE('',#1773,#1772,#680,.T.);
#2185=EDGE_CURVE('',#1771,#1773,#681,.T.);
#2186=EDGE_CURVE('',#1700,#1774,#682,.T.);
#2187=EDGE_CURVE('',#1775,#1774,#683,.T.);
#2188=EDGE_CURVE('',#1701,#1775,#684,.T.);
#2189=EDGE_CURVE('',#1774,#1776,#685,.T.);
#2190=EDGE_CURVE('',#1777,#1776,#686,.T.);
#2191=EDGE_CURVE('',#1775,#1777,#687,.T.);
#2192=EDGE_CURVE('',#1692,#1778,#688,.T.);
#2193=EDGE_CURVE('',#1779,#1778,#689,.T.);
#2194=EDGE_CURVE('',#1693,#1779,#690,.T.);
#2195=EDGE_CURVE('',#1778,#1780,#691,.T.);
#2196=EDGE_CURVE('',#1781,#1780,#692,.T.);
#2197=EDGE_CURVE('',#1779,#1781,#693,.T.);
#2198=EDGE_CURVE('',#1747,#1782,#694,.T.);
#2199=EDGE_CURVE('',#1783,#1782,#695,.T.);
#2200=EDGE_CURVE('',#1783,#1744,#696,.T.);
#2201=EDGE_CURVE('',#1752,#1743,#697,.T.);
#2202=EDGE_CURVE('',#1753,#1742,#698,.T.);
#2203=EDGE_CURVE('',#1784,#1745,#699,.T.);
#2204=EDGE_CURVE('',#1784,#1785,#700,.T.);
#2205=EDGE_CURVE('',#1746,#1785,#701,.T.);
#2206=EDGE_CURVE('',#1786,#1785,#702,.T.);
#2207=EDGE_CURVE('',#1784,#1787,#703,.T.);
#2208=EDGE_CURVE('',#1787,#1786,#704,.T.);
#2209=EDGE_CURVE('',#1782,#1788,#705,.T.);
#2210=EDGE_CURVE('',#1788,#1789,#706,.T.);
#2211=EDGE_CURVE('',#1789,#1783,#707,.T.);
#2212=EDGE_CURVE('',#1739,#1790,#708,.T.);
#2213=EDGE_CURVE('',#1791,#1790,#709,.T.);
#2214=EDGE_CURVE('',#1791,#1736,#710,.T.);
#2215=EDGE_CURVE('',#1756,#1735,#711,.T.);
#2216=EDGE_CURVE('',#1757,#1734,#712,.T.);
#2217=EDGE_CURVE('',#1792,#1737,#713,.T.);
#2218=EDGE_CURVE('',#1792,#1793,#714,.T.);
#2219=EDGE_CURVE('',#1738,#1793,#715,.T.);
#2220=EDGE_CURVE('',#1794,#1793,#716,.T.);
#2221=EDGE_CURVE('',#1792,#1795,#717,.T.);
#2222=EDGE_CURVE('',#1795,#1794,#718,.T.);
#2223=EDGE_CURVE('',#1790,#1796,#719,.T.);
#2224=EDGE_CURVE('',#1796,#1797,#720,.T.);
#2225=EDGE_CURVE('',#1797,#1791,#721,.T.);
#2226=EDGE_CURVE('',#1731,#1798,#722,.T.);
#2227=EDGE_CURVE('',#1799,#1798,#723,.T.);
#2228=EDGE_CURVE('',#1799,#1728,#724,.T.);
#2229=EDGE_CURVE('',#1760,#1727,#725,.T.);
#2230=EDGE_CURVE('',#1761,#1726,#726,.T.);
#2231=EDGE_CURVE('',#1800,#1729,#727,.T.);
#2232=EDGE_CURVE('',#1800,#1801,#728,.T.);
#2233=EDGE_CURVE('',#1730,#1801,#729,.T.);
#2234=EDGE_CURVE('',#1802,#1801,#730,.T.);
#2235=EDGE_CURVE('',#1800,#1803,#731,.T.);
#2236=EDGE_CURVE('',#1803,#1802,#732,.T.);
#2237=EDGE_CURVE('',#1798,#1804,#733,.T.);
#2238=EDGE_CURVE('',#1804,#1805,#734,.T.);
#2239=EDGE_CURVE('',#1805,#1799,#735,.T.);
#2240=EDGE_CURVE('',#1723,#1806,#736,.T.);
#2241=EDGE_CURVE('',#1807,#1806,#737,.T.);
#2242=EDGE_CURVE('',#1807,#1720,#738,.T.);
#2243=EDGE_CURVE('',#1764,#1719,#739,.T.);
#2244=EDGE_CURVE('',#1765,#1718,#740,.T.);
#2245=EDGE_CURVE('',#1808,#1721,#741,.T.);
#2246=EDGE_CURVE('',#1808,#1809,#742,.T.);
#2247=EDGE_CURVE('',#1722,#1809,#743,.T.);
#2248=EDGE_CURVE('',#1810,#1809,#744,.T.);
#2249=EDGE_CURVE('',#1808,#1811,#745,.T.);
#2250=EDGE_CURVE('',#1811,#1810,#746,.T.);
#2251=EDGE_CURVE('',#1806,#1812,#747,.T.);
#2252=EDGE_CURVE('',#1812,#1813,#748,.T.);
#2253=EDGE_CURVE('',#1813,#1807,#749,.T.);
#2254=EDGE_CURVE('',#1715,#1814,#750,.T.);
#2255=EDGE_CURVE('',#1815,#1814,#751,.T.);
#2256=EDGE_CURVE('',#1815,#1712,#752,.T.);
#2257=EDGE_CURVE('',#1768,#1711,#753,.T.);
#2258=EDGE_CURVE('',#1769,#1710,#754,.T.);
#2259=EDGE_CURVE('',#1816,#1713,#755,.T.);
#2260=EDGE_CURVE('',#1816,#1817,#756,.T.);
#2261=EDGE_CURVE('',#1714,#1817,#757,.T.);
#2262=EDGE_CURVE('',#1818,#1817,#758,.T.);
#2263=EDGE_CURVE('',#1816,#1819,#759,.T.);
#2264=EDGE_CURVE('',#1819,#1818,#760,.T.);
#2265=EDGE_CURVE('',#1814,#1820,#761,.T.);
#2266=EDGE_CURVE('',#1820,#1821,#762,.T.);
#2267=EDGE_CURVE('',#1821,#1815,#763,.T.);
#2268=EDGE_CURVE('',#1707,#1822,#764,.T.);
#2269=EDGE_CURVE('',#1823,#1822,#765,.T.);
#2270=EDGE_CURVE('',#1823,#1704,#766,.T.);
#2271=EDGE_CURVE('',#1772,#1703,#767,.T.);
#2272=EDGE_CURVE('',#1773,#1702,#768,.T.);
#2273=EDGE_CURVE('',#1824,#1705,#769,.T.);
#2274=EDGE_CURVE('',#1824,#1825,#770,.T.);
#2275=EDGE_CURVE('',#1706,#1825,#771,.T.);
#2276=EDGE_CURVE('',#1826,#1825,#772,.T.);
#2277=EDGE_CURVE('',#1824,#1827,#773,.T.);
#2278=EDGE_CURVE('',#1827,#1826,#774,.T.);
#2279=EDGE_CURVE('',#1822,#1828,#775,.T.);
#2280=EDGE_CURVE('',#1828,#1829,#776,.T.);
#2281=EDGE_CURVE('',#1829,#1823,#777,.T.);
#2282=EDGE_CURVE('',#1699,#1830,#778,.T.);
#2283=EDGE_CURVE('',#1831,#1830,#779,.T.);
#2284=EDGE_CURVE('',#1831,#1696,#780,.T.);
#2285=EDGE_CURVE('',#1776,#1695,#781,.T.);
#2286=EDGE_CURVE('',#1777,#1694,#782,.T.);
#2287=EDGE_CURVE('',#1832,#1697,#783,.T.);
#2288=EDGE_CURVE('',#1832,#1833,#784,.T.);
#2289=EDGE_CURVE('',#1698,#1833,#785,.T.);
#2290=EDGE_CURVE('',#1834,#1833,#786,.T.);
#2291=EDGE_CURVE('',#1832,#1835,#787,.T.);
#2292=EDGE_CURVE('',#1835,#1834,#788,.T.);
#2293=EDGE_CURVE('',#1830,#1836,#789,.T.);
#2294=EDGE_CURVE('',#1836,#1837,#790,.T.);
#2295=EDGE_CURVE('',#1837,#1831,#791,.T.);
#2296=EDGE_CURVE('',#1691,#1838,#792,.T.);
#2297=EDGE_CURVE('',#1839,#1838,#793,.T.);
#2298=EDGE_CURVE('',#1839,#1688,#794,.T.);
#2299=EDGE_CURVE('',#1780,#1687,#795,.T.);
#2300=EDGE_CURVE('',#1781,#1686,#796,.T.);
#2301=EDGE_CURVE('',#1840,#1689,#797,.T.);
#2302=EDGE_CURVE('',#1840,#1841,#798,.T.);
#2303=EDGE_CURVE('',#1690,#1841,#799,.T.);
#2304=EDGE_CURVE('',#1842,#1841,#800,.T.);
#2305=EDGE_CURVE('',#1840,#1843,#801,.T.);
#2306=EDGE_CURVE('',#1843,#1842,#802,.T.);
#2307=EDGE_CURVE('',#1838,#1844,#803,.T.);
#2308=EDGE_CURVE('',#1844,#1845,#804,.T.);
#2309=EDGE_CURVE('',#1845,#1839,#805,.T.);
#2310=EDGE_CURVE('',#1846,#1847,#806,.T.);
#2311=EDGE_CURVE('',#1847,#1848,#807,.T.);
#2312=EDGE_CURVE('',#1849,#1848,#808,.T.);
#2313=EDGE_CURVE('',#1846,#1849,#809,.T.);
#2314=EDGE_CURVE('',#1848,#1850,#810,.T.);
#2315=EDGE_CURVE('',#1851,#1850,#811,.T.);
#2316=EDGE_CURVE('',#1849,#1851,#812,.T.);
#2317=EDGE_CURVE('',#1850,#1852,#813,.T.);
#2318=EDGE_CURVE('',#1853,#1852,#814,.T.);
#2319=EDGE_CURVE('',#1853,#1851,#815,.T.);
#2320=EDGE_CURVE('',#1852,#1854,#816,.T.);
#2321=EDGE_CURVE('',#1855,#1854,#817,.T.);
#2322=EDGE_CURVE('',#1853,#1855,#818,.T.);
#2323=EDGE_CURVE('',#1854,#1856,#819,.T.);
#2324=EDGE_CURVE('',#1857,#1856,#820,.T.);
#2325=EDGE_CURVE('',#1855,#1857,#821,.T.);
#2326=EDGE_CURVE('',#1858,#1859,#822,.T.);
#2327=EDGE_CURVE('',#1859,#1860,#823,.T.);
#2328=EDGE_CURVE('',#1861,#1860,#824,.T.);
#2329=EDGE_CURVE('',#1858,#1861,#825,.T.);
#2330=EDGE_CURVE('',#1860,#1862,#826,.T.);
#2331=EDGE_CURVE('',#1863,#1862,#827,.T.);
#2332=EDGE_CURVE('',#1861,#1863,#828,.T.);
#2333=EDGE_CURVE('',#1862,#1864,#829,.T.);
#2334=EDGE_CURVE('',#1865,#1864,#830,.T.);
#2335=EDGE_CURVE('',#1865,#1863,#831,.T.);
#2336=EDGE_CURVE('',#1864,#1866,#832,.T.);
#2337=EDGE_CURVE('',#1867,#1866,#833,.T.);
#2338=EDGE_CURVE('',#1865,#1867,#834,.T.);
#2339=EDGE_CURVE('',#1866,#1868,#835,.T.);
#2340=EDGE_CURVE('',#1869,#1868,#836,.T.);
#2341=EDGE_CURVE('',#1867,#1869,#837,.T.);
#2342=EDGE_CURVE('',#1870,#1871,#838,.T.);
#2343=EDGE_CURVE('',#1871,#1872,#839,.T.);
#2344=EDGE_CURVE('',#1873,#1872,#840,.T.);
#2345=EDGE_CURVE('',#1870,#1873,#841,.T.);
#2346=EDGE_CURVE('',#1872,#1874,#842,.T.);
#2347=EDGE_CURVE('',#1875,#1874,#843,.T.);
#2348=EDGE_CURVE('',#1873,#1875,#844,.T.);
#2349=EDGE_CURVE('',#1874,#1876,#845,.T.);
#2350=EDGE_CURVE('',#1877,#1876,#846,.T.);
#2351=EDGE_CURVE('',#1877,#1875,#847,.T.);
#2352=EDGE_CURVE('',#1876,#1878,#848,.T.);
#2353=EDGE_CURVE('',#1879,#1878,#849,.T.);
#2354=EDGE_CURVE('',#1877,#1879,#850,.T.);
#2355=EDGE_CURVE('',#1878,#1880,#851,.T.);
#2356=EDGE_CURVE('',#1881,#1880,#852,.T.);
#2357=EDGE_CURVE('',#1879,#1881,#853,.T.);
#2358=EDGE_CURVE('',#1882,#1883,#854,.T.);
#2359=EDGE_CURVE('',#1883,#1884,#855,.T.);
#2360=EDGE_CURVE('',#1885,#1884,#856,.T.);
#2361=EDGE_CURVE('',#1882,#1885,#857,.T.);
#2362=EDGE_CURVE('',#1884,#1886,#858,.T.);
#2363=EDGE_CURVE('',#1887,#1886,#859,.T.);
#2364=EDGE_CURVE('',#1885,#1887,#860,.T.);
#2365=EDGE_CURVE('',#1886,#1888,#861,.T.);
#2366=EDGE_CURVE('',#1889,#1888,#862,.T.);
#2367=EDGE_CURVE('',#1889,#1887,#863,.T.);
#2368=EDGE_CURVE('',#1888,#1890,#864,.T.);
#2369=EDGE_CURVE('',#1891,#1890,#865,.T.);
#2370=EDGE_CURVE('',#1889,#1891,#866,.T.);
#2371=EDGE_CURVE('',#1890,#1892,#867,.T.);
#2372=EDGE_CURVE('',#1893,#1892,#868,.T.);
#2373=EDGE_CURVE('',#1891,#1893,#869,.T.);
#2374=EDGE_CURVE('',#1894,#1895,#870,.T.);
#2375=EDGE_CURVE('',#1895,#1896,#871,.T.);
#2376=EDGE_CURVE('',#1897,#1896,#872,.T.);
#2377=EDGE_CURVE('',#1894,#1897,#873,.T.);
#2378=EDGE_CURVE('',#1896,#1898,#874,.T.);
#2379=EDGE_CURVE('',#1899,#1898,#875,.T.);
#2380=EDGE_CURVE('',#1897,#1899,#876,.T.);
#2381=EDGE_CURVE('',#1898,#1900,#877,.T.);
#2382=EDGE_CURVE('',#1901,#1900,#878,.T.);
#2383=EDGE_CURVE('',#1901,#1899,#879,.T.);
#2384=EDGE_CURVE('',#1900,#1902,#880,.T.);
#2385=EDGE_CURVE('',#1903,#1902,#881,.T.);
#2386=EDGE_CURVE('',#1901,#1903,#882,.T.);
#2387=EDGE_CURVE('',#1902,#1904,#883,.T.);
#2388=EDGE_CURVE('',#1905,#1904,#884,.T.);
#2389=EDGE_CURVE('',#1903,#1905,#885,.T.);
#2390=EDGE_CURVE('',#1906,#1907,#886,.T.);
#2391=EDGE_CURVE('',#1907,#1908,#887,.T.);
#2392=EDGE_CURVE('',#1909,#1908,#888,.T.);
#2393=EDGE_CURVE('',#1906,#1909,#889,.T.);
#2394=EDGE_CURVE('',#1908,#1910,#890,.T.);
#2395=EDGE_CURVE('',#1911,#1910,#891,.T.);
#2396=EDGE_CURVE('',#1909,#1911,#892,.T.);
#2397=EDGE_CURVE('',#1910,#1912,#893,.T.);
#2398=EDGE_CURVE('',#1913,#1912,#894,.T.);
#2399=EDGE_CURVE('',#1913,#1911,#895,.T.);
#2400=EDGE_CURVE('',#1912,#1914,#896,.T.);
#2401=EDGE_CURVE('',#1915,#1914,#897,.T.);
#2402=EDGE_CURVE('',#1913,#1915,#898,.T.);
#2403=EDGE_CURVE('',#1914,#1916,#899,.T.);
#2404=EDGE_CURVE('',#1917,#1916,#900,.T.);
#2405=EDGE_CURVE('',#1915,#1917,#901,.T.);
#2406=EDGE_CURVE('',#1918,#1919,#902,.T.);
#2407=EDGE_CURVE('',#1919,#1920,#903,.T.);
#2408=EDGE_CURVE('',#1921,#1920,#904,.T.);
#2409=EDGE_CURVE('',#1918,#1921,#905,.T.);
#2410=EDGE_CURVE('',#1920,#1922,#906,.T.);
#2411=EDGE_CURVE('',#1923,#1922,#907,.T.);
#2412=EDGE_CURVE('',#1921,#1923,#908,.T.);
#2413=EDGE_CURVE('',#1922,#1924,#909,.T.);
#2414=EDGE_CURVE('',#1925,#1924,#910,.T.);
#2415=EDGE_CURVE('',#1925,#1923,#911,.T.);
#2416=EDGE_CURVE('',#1924,#1926,#912,.T.);
#2417=EDGE_CURVE('',#1927,#1926,#913,.T.);
#2418=EDGE_CURVE('',#1925,#1927,#914,.T.);
#2419=EDGE_CURVE('',#1926,#1928,#915,.T.);
#2420=EDGE_CURVE('',#1929,#1928,#916,.T.);
#2421=EDGE_CURVE('',#1927,#1929,#917,.T.);
#2422=EDGE_CURVE('',#1930,#1931,#918,.T.);
#2423=EDGE_CURVE('',#1931,#1932,#919,.T.);
#2424=EDGE_CURVE('',#1933,#1932,#920,.T.);
#2425=EDGE_CURVE('',#1930,#1933,#921,.T.);
#2426=EDGE_CURVE('',#1932,#1934,#922,.T.);
#2427=EDGE_CURVE('',#1935,#1934,#923,.T.);
#2428=EDGE_CURVE('',#1933,#1935,#924,.T.);
#2429=EDGE_CURVE('',#1934,#1936,#925,.T.);
#2430=EDGE_CURVE('',#1937,#1936,#926,.T.);
#2431=EDGE_CURVE('',#1937,#1935,#927,.T.);
#2432=EDGE_CURVE('',#1936,#1938,#928,.T.);
#2433=EDGE_CURVE('',#1939,#1938,#929,.T.);
#2434=EDGE_CURVE('',#1937,#1939,#930,.T.);
#2435=EDGE_CURVE('',#1938,#1940,#931,.T.);
#2436=EDGE_CURVE('',#1941,#1940,#932,.T.);
#2437=EDGE_CURVE('',#1939,#1941,#933,.T.);
#2438=EDGE_CURVE('',#1682,#1788,#934,.T.);
#2439=EDGE_CURVE('',#1685,#1786,#935,.T.);
#2440=EDGE_CURVE('',#1684,#1787,#936,.T.);
#2441=EDGE_CURVE('',#1678,#1796,#937,.T.);
#2442=EDGE_CURVE('',#1681,#1794,#938,.T.);
#2443=EDGE_CURVE('',#1680,#1795,#939,.T.);
#2444=EDGE_CURVE('',#1674,#1804,#940,.T.);
#2445=EDGE_CURVE('',#1677,#1802,#941,.T.);
#2446=EDGE_CURVE('',#1676,#1803,#942,.T.);
#2447=EDGE_CURVE('',#1670,#1812,#943,.T.);
#2448=EDGE_CURVE('',#1673,#1810,#944,.T.);
#2449=EDGE_CURVE('',#1672,#1811,#945,.T.);
#2450=EDGE_CURVE('',#1666,#1820,#946,.T.);
#2451=EDGE_CURVE('',#1669,#1818,#947,.T.);
#2452=EDGE_CURVE('',#1668,#1819,#948,.T.);
#2453=EDGE_CURVE('',#1662,#1828,#949,.T.);
#2454=EDGE_CURVE('',#1665,#1826,#950,.T.);
#2455=EDGE_CURVE('',#1664,#1827,#951,.T.);
#2456=EDGE_CURVE('',#1658,#1836,#952,.T.);
#2457=EDGE_CURVE('',#1661,#1834,#953,.T.);
#2458=EDGE_CURVE('',#1660,#1835,#954,.T.);
#2459=EDGE_CURVE('',#1654,#1844,#955,.T.);
#2460=EDGE_CURVE('',#1657,#1842,#956,.T.);
#2461=EDGE_CURVE('',#1656,#1843,#957,.T.);
#2462=EDGE_CURVE('',#1846,#1857,#958,.T.);
#2463=EDGE_CURVE('',#1846,#1942,#959,.T.);
#2464=EDGE_CURVE('',#1942,#1943,#960,.T.);
#2465=EDGE_CURVE('',#1943,#1847,#961,.T.);
#2466=EDGE_CURVE('',#1847,#1856,#962,.T.);
#2467=EDGE_CURVE('',#1944,#1945,#963,.T.);
#2468=EDGE_CURVE('',#1944,#1857,#964,.T.);
#2469=EDGE_CURVE('',#1856,#1945,#965,.T.);
#2470=EDGE_CURVE('',#1858,#1869,#966,.T.);
#2471=EDGE_CURVE('',#1858,#1946,#967,.T.);
#2472=EDGE_CURVE('',#1946,#1947,#968,.T.);
#2473=EDGE_CURVE('',#1947,#1859,#969,.T.);
#2474=EDGE_CURVE('',#1859,#1868,#970,.T.);
#2475=EDGE_CURVE('',#1948,#1949,#971,.T.);
#2476=EDGE_CURVE('',#1948,#1869,#972,.T.);
#2477=EDGE_CURVE('',#1868,#1949,#973,.T.);
#2478=EDGE_CURVE('',#1870,#1881,#974,.T.);
#2479=EDGE_CURVE('',#1870,#1950,#975,.T.);
#2480=EDGE_CURVE('',#1950,#1951,#976,.T.);
#2481=EDGE_CURVE('',#1951,#1871,#977,.T.);
#2482=EDGE_CURVE('',#1871,#1880,#978,.T.);
#2483=EDGE_CURVE('',#1952,#1953,#979,.T.);
#2484=EDGE_CURVE('',#1952,#1881,#980,.T.);
#2485=EDGE_CURVE('',#1880,#1953,#981,.T.);
#2486=EDGE_CURVE('',#1882,#1893,#982,.T.);
#2487=EDGE_CURVE('',#1882,#1954,#983,.T.);
#2488=EDGE_CURVE('',#1954,#1955,#984,.T.);
#2489=EDGE_CURVE('',#1955,#1883,#985,.T.);
#2490=EDGE_CURVE('',#1883,#1892,#986,.T.);
#2491=EDGE_CURVE('',#1956,#1957,#987,.T.);
#2492=EDGE_CURVE('',#1956,#1893,#988,.T.);
#2493=EDGE_CURVE('',#1892,#1957,#989,.T.);
#2494=EDGE_CURVE('',#1894,#1905,#990,.T.);
#2495=EDGE_CURVE('',#1894,#1958,#991,.T.);
#2496=EDGE_CURVE('',#1958,#1959,#992,.T.);
#2497=EDGE_CURVE('',#1959,#1895,#993,.T.);
#2498=EDGE_CURVE('',#1895,#1904,#994,.T.);
#2499=EDGE_CURVE('',#1960,#1961,#995,.T.);
#2500=EDGE_CURVE('',#1960,#1905,#996,.T.);
#2501=EDGE_CURVE('',#1904,#1961,#997,.T.);
#2502=EDGE_CURVE('',#1906,#1917,#998,.T.);
#2503=EDGE_CURVE('',#1906,#1962,#999,.T.);
#2504=EDGE_CURVE('',#1962,#1963,#1000,.T.);
#2505=EDGE_CURVE('',#1963,#1907,#1001,.T.);
#2506=EDGE_CURVE('',#1907,#1916,#1002,.T.);
#2507=EDGE_CURVE('',#1964,#1965,#1003,.T.);
#2508=EDGE_CURVE('',#1964,#1917,#1004,.T.);
#2509=EDGE_CURVE('',#1916,#1965,#1005,.T.);
#2510=EDGE_CURVE('',#1918,#1929,#1006,.T.);
#2511=EDGE_CURVE('',#1918,#1966,#1007,.T.);
#2512=EDGE_CURVE('',#1966,#1967,#1008,.T.);
#2513=EDGE_CURVE('',#1967,#1919,#1009,.T.);
#2514=EDGE_CURVE('',#1919,#1928,#1010,.T.);
#2515=EDGE_CURVE('',#1968,#1969,#1011,.T.);
#2516=EDGE_CURVE('',#1968,#1929,#1012,.T.);
#2517=EDGE_CURVE('',#1928,#1969,#1013,.T.);
#2518=EDGE_CURVE('',#1930,#1941,#1014,.T.);
#2519=EDGE_CURVE('',#1930,#1970,#1015,.T.);
#2520=EDGE_CURVE('',#1970,#1971,#1016,.T.);
#2521=EDGE_CURVE('',#1971,#1931,#1017,.T.);
#2522=EDGE_CURVE('',#1931,#1940,#1018,.T.);
#2523=EDGE_CURVE('',#1972,#1973,#1019,.T.);
#2524=EDGE_CURVE('',#1972,#1941,#1020,.T.);
#2525=EDGE_CURVE('',#1940,#1973,#1021,.T.);
#2526=EDGE_CURVE('',#1974,#1620,#1022,.T.);
#2527=EDGE_CURVE('',#1974,#1975,#1023,.T.);
#2528=EDGE_CURVE('',#1975,#1621,#1024,.T.);
#2529=EDGE_CURVE('',#1976,#1977,#1025,.T.);
#2530=EDGE_CURVE('',#1977,#1978,#1026,.T.);
#2531=EDGE_CURVE('',#1979,#1978,#1027,.T.);
#2532=EDGE_CURVE('',#1976,#1979,#1028,.T.);
#2533=EDGE_CURVE('',#1980,#1977,#1029,.T.);
#2534=EDGE_CURVE('',#1981,#1980,#1030,.T.);
#2535=EDGE_CURVE('',#1978,#1981,#1031,.T.);
#2536=EDGE_CURVE('',#1982,#1981,#1032,.T.);
#2537=EDGE_CURVE('',#1983,#1980,#1033,.T.);
#2538=EDGE_CURVE('',#1982,#1983,#1034,.T.);
#2539=EDGE_CURVE('',#1975,#1983,#1035,.T.);
#2540=EDGE_CURVE('',#1982,#1974,#1036,.T.);
#2541=EDGE_CURVE('',#1976,#1984,#1037,.T.);
#2542=EDGE_CURVE('',#1985,#1979,#1038,.T.);
#2543=EDGE_CURVE('',#1984,#1985,#1039,.T.);
#2544=EDGE_CURVE('',#1984,#1618,#1040,.T.);
#2545=EDGE_CURVE('',#1683,#1789,#1041,.T.);
#2546=EDGE_CURVE('',#1679,#1797,#1042,.T.);
#2547=EDGE_CURVE('',#1675,#1805,#1043,.T.);
#2548=EDGE_CURVE('',#1671,#1813,#1044,.T.);
#2549=EDGE_CURVE('',#1667,#1821,#1045,.T.);
#2550=EDGE_CURVE('',#1663,#1829,#1046,.T.);
#2551=EDGE_CURVE('',#1659,#1837,#1047,.T.);
#2552=EDGE_CURVE('',#1655,#1845,#1048,.T.);
#2553=EDGE_CURVE('',#1985,#1619,#1049,.T.);
#2554=ORIENTED_EDGE('',*,*,#1986,.T.);
#2555=ORIENTED_EDGE('',*,*,#1987,.T.);
#2556=ORIENTED_EDGE('',*,*,#1988,.T.);
#2557=ORIENTED_EDGE('',*,*,#1989,.T.);
#2558=ORIENTED_EDGE('',*,*,#1990,.F.);
#2559=ORIENTED_EDGE('',*,*,#1991,.F.);
#2560=ORIENTED_EDGE('',*,*,#1992,.F.);
#2561=ORIENTED_EDGE('',*,*,#1993,.F.);
#2562=ORIENTED_EDGE('',*,*,#1994,.F.);
#2563=ORIENTED_EDGE('',*,*,#1995,.F.);
#2564=ORIENTED_EDGE('',*,*,#1996,.F.);
#2565=ORIENTED_EDGE('',*,*,#1997,.F.);
#2566=ORIENTED_EDGE('',*,*,#1998,.F.);
#2567=ORIENTED_EDGE('',*,*,#1999,.F.);
#2568=ORIENTED_EDGE('',*,*,#2000,.F.);
#2569=ORIENTED_EDGE('',*,*,#2001,.F.);
#2570=ORIENTED_EDGE('',*,*,#2002,.F.);
#2571=ORIENTED_EDGE('',*,*,#2003,.F.);
#2572=ORIENTED_EDGE('',*,*,#2004,.F.);
#2573=ORIENTED_EDGE('',*,*,#2005,.F.);
#2574=ORIENTED_EDGE('',*,*,#2006,.F.);
#2575=ORIENTED_EDGE('',*,*,#2007,.F.);
#2576=ORIENTED_EDGE('',*,*,#2008,.F.);
#2577=ORIENTED_EDGE('',*,*,#2009,.F.);
#2578=ORIENTED_EDGE('',*,*,#2010,.F.);
#2579=ORIENTED_EDGE('',*,*,#2011,.F.);
#2580=ORIENTED_EDGE('',*,*,#2012,.F.);
#2581=ORIENTED_EDGE('',*,*,#2013,.F.);
#2582=ORIENTED_EDGE('',*,*,#2014,.F.);
#2583=ORIENTED_EDGE('',*,*,#2015,.F.);
#2584=ORIENTED_EDGE('',*,*,#2016,.F.);
#2585=ORIENTED_EDGE('',*,*,#2017,.F.);
#2586=ORIENTED_EDGE('',*,*,#2018,.F.);
#2587=ORIENTED_EDGE('',*,*,#2019,.F.);
#2588=ORIENTED_EDGE('',*,*,#2020,.F.);
#2589=ORIENTED_EDGE('',*,*,#2021,.F.);
#2590=ORIENTED_EDGE('',*,*,#2022,.F.);
#2591=ORIENTED_EDGE('',*,*,#1990,.T.);
#2592=ORIENTED_EDGE('',*,*,#2023,.T.);
#2593=ORIENTED_EDGE('',*,*,#2024,.F.);
#2594=ORIENTED_EDGE('',*,*,#2023,.F.);
#2595=ORIENTED_EDGE('',*,*,#1993,.T.);
#2596=ORIENTED_EDGE('',*,*,#2025,.T.);
#2597=ORIENTED_EDGE('',*,*,#2026,.F.);
#2598=ORIENTED_EDGE('',*,*,#2025,.F.);
#2599=ORIENTED_EDGE('',*,*,#1992,.T.);
#2600=ORIENTED_EDGE('',*,*,#2027,.T.);
#2601=ORIENTED_EDGE('',*,*,#2028,.F.);
#2602=ORIENTED_EDGE('',*,*,#2027,.F.);
#2603=ORIENTED_EDGE('',*,*,#1991,.T.);
#2604=ORIENTED_EDGE('',*,*,#2022,.T.);
#2605=ORIENTED_EDGE('',*,*,#2029,.F.);
#2606=ORIENTED_EDGE('',*,*,#2030,.F.);
#2607=ORIENTED_EDGE('',*,*,#1994,.T.);
#2608=ORIENTED_EDGE('',*,*,#2031,.T.);
#2609=ORIENTED_EDGE('',*,*,#2032,.F.);
#2610=ORIENTED_EDGE('',*,*,#2031,.F.);
#2611=ORIENTED_EDGE('',*,*,#1997,.T.);
#2612=ORIENTED_EDGE('',*,*,#2033,.T.);
#2613=ORIENTED_EDGE('',*,*,#2034,.F.);
#2614=ORIENTED_EDGE('',*,*,#2033,.F.);
#2615=ORIENTED_EDGE('',*,*,#1996,.T.);
#2616=ORIENTED_EDGE('',*,*,#2035,.T.);
#2617=ORIENTED_EDGE('',*,*,#2036,.F.);
#2618=ORIENTED_EDGE('',*,*,#2035,.F.);
#2619=ORIENTED_EDGE('',*,*,#1995,.T.);
#2620=ORIENTED_EDGE('',*,*,#2030,.T.);
#2621=ORIENTED_EDGE('',*,*,#2037,.F.);
#2622=ORIENTED_EDGE('',*,*,#2038,.F.);
#2623=ORIENTED_EDGE('',*,*,#1998,.T.);
#2624=ORIENTED_EDGE('',*,*,#2039,.T.);
#2625=ORIENTED_EDGE('',*,*,#2040,.F.);
#2626=ORIENTED_EDGE('',*,*,#2039,.F.);
#2627=ORIENTED_EDGE('',*,*,#2001,.T.);
#2628=ORIENTED_EDGE('',*,*,#2041,.T.);
#2629=ORIENTED_EDGE('',*,*,#2042,.F.);
#2630=ORIENTED_EDGE('',*,*,#2041,.F.);
#2631=ORIENTED_EDGE('',*,*,#2000,.T.);
#2632=ORIENTED_EDGE('',*,*,#2043,.T.);
#2633=ORIENTED_EDGE('',*,*,#2044,.F.);
#2634=ORIENTED_EDGE('',*,*,#2043,.F.);
#2635=ORIENTED_EDGE('',*,*,#1999,.T.);
#2636=ORIENTED_EDGE('',*,*,#2038,.T.);
#2637=ORIENTED_EDGE('',*,*,#2045,.F.);
#2638=ORIENTED_EDGE('',*,*,#2046,.F.);
#2639=ORIENTED_EDGE('',*,*,#2002,.T.);
#2640=ORIENTED_EDGE('',*,*,#2047,.T.);
#2641=ORIENTED_EDGE('',*,*,#2048,.F.);
#2642=ORIENTED_EDGE('',*,*,#2047,.F.);
#2643=ORIENTED_EDGE('',*,*,#2005,.T.);
#2644=ORIENTED_EDGE('',*,*,#2049,.T.);
#2645=ORIENTED_EDGE('',*,*,#2050,.F.);
#2646=ORIENTED_EDGE('',*,*,#2049,.F.);
#2647=ORIENTED_EDGE('',*,*,#2004,.T.);
#2648=ORIENTED_EDGE('',*,*,#2051,.T.);
#2649=ORIENTED_EDGE('',*,*,#2052,.F.);
#2650=ORIENTED_EDGE('',*,*,#2051,.F.);
#2651=ORIENTED_EDGE('',*,*,#2003,.T.);
#2652=ORIENTED_EDGE('',*,*,#2046,.T.);
#2653=ORIENTED_EDGE('',*,*,#2053,.F.);
#2654=ORIENTED_EDGE('',*,*,#2054,.F.);
#2655=ORIENTED_EDGE('',*,*,#2006,.T.);
#2656=ORIENTED_EDGE('',*,*,#2055,.T.);
#2657=ORIENTED_EDGE('',*,*,#2056,.F.);
#2658=ORIENTED_EDGE('',*,*,#2055,.F.);
#2659=ORIENTED_EDGE('',*,*,#2009,.T.);
#2660=ORIENTED_EDGE('',*,*,#2057,.T.);
#2661=ORIENTED_EDGE('',*,*,#2058,.F.);
#2662=ORIENTED_EDGE('',*,*,#2057,.F.);
#2663=ORIENTED_EDGE('',*,*,#2008,.T.);
#2664=ORIENTED_EDGE('',*,*,#2059,.T.);
#2665=ORIENTED_EDGE('',*,*,#2060,.F.);
#2666=ORIENTED_EDGE('',*,*,#2059,.F.);
#2667=ORIENTED_EDGE('',*,*,#2007,.T.);
#2668=ORIENTED_EDGE('',*,*,#2054,.T.);
#2669=ORIENTED_EDGE('',*,*,#2061,.F.);
#2670=ORIENTED_EDGE('',*,*,#2062,.F.);
#2671=ORIENTED_EDGE('',*,*,#2010,.T.);
#2672=ORIENTED_EDGE('',*,*,#2063,.T.);
#2673=ORIENTED_EDGE('',*,*,#2064,.F.);
#2674=ORIENTED_EDGE('',*,*,#2063,.F.);
#2675=ORIENTED_EDGE('',*,*,#2013,.T.);
#2676=ORIENTED_EDGE('',*,*,#2065,.T.);
#2677=ORIENTED_EDGE('',*,*,#2066,.F.);
#2678=ORIENTED_EDGE('',*,*,#2065,.F.);
#2679=ORIENTED_EDGE('',*,*,#2012,.T.);
#2680=ORIENTED_EDGE('',*,*,#2067,.T.);
#2681=ORIENTED_EDGE('',*,*,#2068,.F.);
#2682=ORIENTED_EDGE('',*,*,#2067,.F.);
#2683=ORIENTED_EDGE('',*,*,#2011,.T.);
#2684=ORIENTED_EDGE('',*,*,#2062,.T.);
#2685=ORIENTED_EDGE('',*,*,#2069,.F.);
#2686=ORIENTED_EDGE('',*,*,#2070,.F.);
#2687=ORIENTED_EDGE('',*,*,#2014,.T.);
#2688=ORIENTED_EDGE('',*,*,#2071,.T.);
#2689=ORIENTED_EDGE('',*,*,#2072,.F.);
#2690=ORIENTED_EDGE('',*,*,#2071,.F.);
#2691=ORIENTED_EDGE('',*,*,#2017,.T.);
#2692=ORIENTED_EDGE('',*,*,#2073,.T.);
#2693=ORIENTED_EDGE('',*,*,#2074,.F.);
#2694=ORIENTED_EDGE('',*,*,#2073,.F.);
#2695=ORIENTED_EDGE('',*,*,#2016,.T.);
#2696=ORIENTED_EDGE('',*,*,#2075,.T.);
#2697=ORIENTED_EDGE('',*,*,#2076,.F.);
#2698=ORIENTED_EDGE('',*,*,#2075,.F.);
#2699=ORIENTED_EDGE('',*,*,#2015,.T.);
#2700=ORIENTED_EDGE('',*,*,#2070,.T.);
#2701=ORIENTED_EDGE('',*,*,#2077,.F.);
#2702=ORIENTED_EDGE('',*,*,#2078,.F.);
#2703=ORIENTED_EDGE('',*,*,#2018,.T.);
#2704=ORIENTED_EDGE('',*,*,#2079,.T.);
#2705=ORIENTED_EDGE('',*,*,#2080,.F.);
#2706=ORIENTED_EDGE('',*,*,#2079,.F.);
#2707=ORIENTED_EDGE('',*,*,#2021,.T.);
#2708=ORIENTED_EDGE('',*,*,#2081,.T.);
#2709=ORIENTED_EDGE('',*,*,#2082,.F.);
#2710=ORIENTED_EDGE('',*,*,#2081,.F.);
#2711=ORIENTED_EDGE('',*,*,#2020,.T.);
#2712=ORIENTED_EDGE('',*,*,#2083,.T.);
#2713=ORIENTED_EDGE('',*,*,#2084,.F.);
#2714=ORIENTED_EDGE('',*,*,#2083,.F.);
#2715=ORIENTED_EDGE('',*,*,#2019,.T.);
#2716=ORIENTED_EDGE('',*,*,#2078,.T.);
#2717=ORIENTED_EDGE('',*,*,#2085,.F.);
#2718=ORIENTED_EDGE('',*,*,#2086,.T.);
#2719=ORIENTED_EDGE('',*,*,#2087,.T.);
#2720=ORIENTED_EDGE('',*,*,#2088,.F.);
#2721=ORIENTED_EDGE('',*,*,#2089,.F.);
#2722=ORIENTED_EDGE('',*,*,#2090,.T.);
#2723=ORIENTED_EDGE('',*,*,#2091,.T.);
#2724=ORIENTED_EDGE('',*,*,#2092,.F.);
#2725=ORIENTED_EDGE('',*,*,#2093,.F.);
#2726=ORIENTED_EDGE('',*,*,#2094,.T.);
#2727=ORIENTED_EDGE('',*,*,#2095,.T.);
#2728=ORIENTED_EDGE('',*,*,#2096,.F.);
#2729=ORIENTED_EDGE('',*,*,#2097,.F.);
#2730=ORIENTED_EDGE('',*,*,#2098,.T.);
#2731=ORIENTED_EDGE('',*,*,#2099,.T.);
#2732=ORIENTED_EDGE('',*,*,#2100,.F.);
#2733=ORIENTED_EDGE('',*,*,#2101,.F.);
#2734=ORIENTED_EDGE('',*,*,#2102,.T.);
#2735=ORIENTED_EDGE('',*,*,#2103,.T.);
#2736=ORIENTED_EDGE('',*,*,#2104,.F.);
#2737=ORIENTED_EDGE('',*,*,#2105,.F.);
#2738=ORIENTED_EDGE('',*,*,#2106,.T.);
#2739=ORIENTED_EDGE('',*,*,#2107,.T.);
#2740=ORIENTED_EDGE('',*,*,#2108,.F.);
#2741=ORIENTED_EDGE('',*,*,#2109,.F.);
#2742=ORIENTED_EDGE('',*,*,#2110,.T.);
#2743=ORIENTED_EDGE('',*,*,#2111,.T.);
#2744=ORIENTED_EDGE('',*,*,#2112,.F.);
#2745=ORIENTED_EDGE('',*,*,#2113,.F.);
#2746=ORIENTED_EDGE('',*,*,#2114,.T.);
#2747=ORIENTED_EDGE('',*,*,#2115,.T.);
#2748=ORIENTED_EDGE('',*,*,#2116,.F.);
#2749=ORIENTED_EDGE('',*,*,#2117,.F.);
#2750=ORIENTED_EDGE('',*,*,#2118,.T.);
#2751=ORIENTED_EDGE('',*,*,#2119,.T.);
#2752=ORIENTED_EDGE('',*,*,#2120,.F.);
#2753=ORIENTED_EDGE('',*,*,#2121,.F.);
#2754=ORIENTED_EDGE('',*,*,#2122,.T.);
#2755=ORIENTED_EDGE('',*,*,#2123,.T.);
#2756=ORIENTED_EDGE('',*,*,#2124,.F.);
#2757=ORIENTED_EDGE('',*,*,#2125,.F.);
#2758=ORIENTED_EDGE('',*,*,#2126,.T.);
#2759=ORIENTED_EDGE('',*,*,#2127,.T.);
#2760=ORIENTED_EDGE('',*,*,#2128,.F.);
#2761=ORIENTED_EDGE('',*,*,#2129,.F.);
#2762=ORIENTED_EDGE('',*,*,#2130,.T.);
#2763=ORIENTED_EDGE('',*,*,#2131,.T.);
#2764=ORIENTED_EDGE('',*,*,#2132,.F.);
#2765=ORIENTED_EDGE('',*,*,#2133,.F.);
#2766=ORIENTED_EDGE('',*,*,#2134,.T.);
#2767=ORIENTED_EDGE('',*,*,#2135,.T.);
#2768=ORIENTED_EDGE('',*,*,#2136,.F.);
#2769=ORIENTED_EDGE('',*,*,#2137,.F.);
#2770=ORIENTED_EDGE('',*,*,#2138,.T.);
#2771=ORIENTED_EDGE('',*,*,#2139,.T.);
#2772=ORIENTED_EDGE('',*,*,#2140,.F.);
#2773=ORIENTED_EDGE('',*,*,#2141,.F.);
#2774=ORIENTED_EDGE('',*,*,#2142,.T.);
#2775=ORIENTED_EDGE('',*,*,#2143,.T.);
#2776=ORIENTED_EDGE('',*,*,#2144,.F.);
#2777=ORIENTED_EDGE('',*,*,#2145,.F.);
#2778=ORIENTED_EDGE('',*,*,#2146,.T.);
#2779=ORIENTED_EDGE('',*,*,#2147,.T.);
#2780=ORIENTED_EDGE('',*,*,#2148,.F.);
#2781=ORIENTED_EDGE('',*,*,#2149,.F.);
#2782=ORIENTED_EDGE('',*,*,#2150,.T.);
#2783=ORIENTED_EDGE('',*,*,#2151,.F.);
#2784=ORIENTED_EDGE('',*,*,#2152,.F.);
#2785=ORIENTED_EDGE('',*,*,#2148,.T.);
#2786=ORIENTED_EDGE('',*,*,#2151,.T.);
#2787=ORIENTED_EDGE('',*,*,#2153,.T.);
#2788=ORIENTED_EDGE('',*,*,#2154,.F.);
#2789=ORIENTED_EDGE('',*,*,#2155,.F.);
#2790=ORIENTED_EDGE('',*,*,#2156,.T.);
#2791=ORIENTED_EDGE('',*,*,#2157,.F.);
#2792=ORIENTED_EDGE('',*,*,#2158,.F.);
#2793=ORIENTED_EDGE('',*,*,#2140,.T.);
#2794=ORIENTED_EDGE('',*,*,#2157,.T.);
#2795=ORIENTED_EDGE('',*,*,#2159,.T.);
#2796=ORIENTED_EDGE('',*,*,#2160,.F.);
#2797=ORIENTED_EDGE('',*,*,#2161,.F.);
#2798=ORIENTED_EDGE('',*,*,#2162,.T.);
#2799=ORIENTED_EDGE('',*,*,#2163,.F.);
#2800=ORIENTED_EDGE('',*,*,#2164,.F.);
#2801=ORIENTED_EDGE('',*,*,#2132,.T.);
#2802=ORIENTED_EDGE('',*,*,#2163,.T.);
#2803=ORIENTED_EDGE('',*,*,#2165,.T.);
#2804=ORIENTED_EDGE('',*,*,#2166,.F.);
#2805=ORIENTED_EDGE('',*,*,#2167,.F.);
#2806=ORIENTED_EDGE('',*,*,#2168,.T.);
#2807=ORIENTED_EDGE('',*,*,#2169,.F.);
#2808=ORIENTED_EDGE('',*,*,#2170,.F.);
#2809=ORIENTED_EDGE('',*,*,#2124,.T.);
#2810=ORIENTED_EDGE('',*,*,#2169,.T.);
#2811=ORIENTED_EDGE('',*,*,#2171,.T.);
#2812=ORIENTED_EDGE('',*,*,#2172,.F.);
#2813=ORIENTED_EDGE('',*,*,#2173,.F.);
#2814=ORIENTED_EDGE('',*,*,#2174,.T.);
#2815=ORIENTED_EDGE('',*,*,#2175,.F.);
#2816=ORIENTED_EDGE('',*,*,#2176,.F.);
#2817=ORIENTED_EDGE('',*,*,#2116,.T.);
#2818=ORIENTED_EDGE('',*,*,#2175,.T.);
#2819=ORIENTED_EDGE('',*,*,#2177,.T.);
#2820=ORIENTED_EDGE('',*,*,#2178,.F.);
#2821=ORIENTED_EDGE('',*,*,#2179,.F.);
#2822=ORIENTED_EDGE('',*,*,#2180,.T.);
#2823=ORIENTED_EDGE('',*,*,#2181,.F.);
#2824=ORIENTED_EDGE('',*,*,#2182,.F.);
#2825=ORIENTED_EDGE('',*,*,#2108,.T.);
#2826=ORIENTED_EDGE('',*,*,#2181,.T.);
#2827=ORIENTED_EDGE('',*,*,#2183,.T.);
#2828=ORIENTED_EDGE('',*,*,#2184,.F.);
#2829=ORIENTED_EDGE('',*,*,#2185,.F.);
#2830=ORIENTED_EDGE('',*,*,#2186,.T.);
#2831=ORIENTED_EDGE('',*,*,#2187,.F.);
#2832=ORIENTED_EDGE('',*,*,#2188,.F.);
#2833=ORIENTED_EDGE('',*,*,#2100,.T.);
#2834=ORIENTED_EDGE('',*,*,#2187,.T.);
#2835=ORIENTED_EDGE('',*,*,#2189,.T.);
#2836=ORIENTED_EDGE('',*,*,#2190,.F.);
#2837=ORIENTED_EDGE('',*,*,#2191,.F.);
#2838=ORIENTED_EDGE('',*,*,#2192,.T.);
#2839=ORIENTED_EDGE('',*,*,#2193,.F.);
#2840=ORIENTED_EDGE('',*,*,#2194,.F.);
#2841=ORIENTED_EDGE('',*,*,#2092,.T.);
#2842=ORIENTED_EDGE('',*,*,#2193,.T.);
#2843=ORIENTED_EDGE('',*,*,#2195,.T.);
#2844=ORIENTED_EDGE('',*,*,#2196,.F.);
#2845=ORIENTED_EDGE('',*,*,#2197,.F.);
#2846=ORIENTED_EDGE('',*,*,#2198,.T.);
#2847=ORIENTED_EDGE('',*,*,#2199,.F.);
#2848=ORIENTED_EDGE('',*,*,#2200,.T.);
#2849=ORIENTED_EDGE('',*,*,#2143,.F.);
#2850=ORIENTED_EDGE('',*,*,#2201,.F.);
#2851=ORIENTED_EDGE('',*,*,#2153,.F.);
#2852=ORIENTED_EDGE('',*,*,#2150,.F.);
#2853=ORIENTED_EDGE('',*,*,#2147,.F.);
#2854=ORIENTED_EDGE('',*,*,#2152,.T.);
#2855=ORIENTED_EDGE('',*,*,#2155,.T.);
#2856=ORIENTED_EDGE('',*,*,#2202,.T.);
#2857=ORIENTED_EDGE('',*,*,#2145,.T.);
#2858=ORIENTED_EDGE('',*,*,#2203,.F.);
#2859=ORIENTED_EDGE('',*,*,#2204,.T.);
#2860=ORIENTED_EDGE('',*,*,#2205,.F.);
#2861=ORIENTED_EDGE('',*,*,#2149,.T.);
#2862=ORIENTED_EDGE('',*,*,#2206,.T.);
#2863=ORIENTED_EDGE('',*,*,#2204,.F.);
#2864=ORIENTED_EDGE('',*,*,#2207,.T.);
#2865=ORIENTED_EDGE('',*,*,#2208,.T.);
#2866=ORIENTED_EDGE('',*,*,#2209,.T.);
#2867=ORIENTED_EDGE('',*,*,#2210,.T.);
#2868=ORIENTED_EDGE('',*,*,#2211,.T.);
#2869=ORIENTED_EDGE('',*,*,#2199,.T.);
#2870=ORIENTED_EDGE('',*,*,#2212,.T.);
#2871=ORIENTED_EDGE('',*,*,#2213,.F.);
#2872=ORIENTED_EDGE('',*,*,#2214,.T.);
#2873=ORIENTED_EDGE('',*,*,#2135,.F.);
#2874=ORIENTED_EDGE('',*,*,#2215,.F.);
#2875=ORIENTED_EDGE('',*,*,#2159,.F.);
#2876=ORIENTED_EDGE('',*,*,#2156,.F.);
#2877=ORIENTED_EDGE('',*,*,#2139,.F.);
#2878=ORIENTED_EDGE('',*,*,#2158,.T.);
#2879=ORIENTED_EDGE('',*,*,#2161,.T.);
#2880=ORIENTED_EDGE('',*,*,#2216,.T.);
#2881=ORIENTED_EDGE('',*,*,#2137,.T.);
#2882=ORIENTED_EDGE('',*,*,#2217,.F.);
#2883=ORIENTED_EDGE('',*,*,#2218,.T.);
#2884=ORIENTED_EDGE('',*,*,#2219,.F.);
#2885=ORIENTED_EDGE('',*,*,#2141,.T.);
#2886=ORIENTED_EDGE('',*,*,#2220,.T.);
#2887=ORIENTED_EDGE('',*,*,#2218,.F.);
#2888=ORIENTED_EDGE('',*,*,#2221,.T.);
#2889=ORIENTED_EDGE('',*,*,#2222,.T.);
#2890=ORIENTED_EDGE('',*,*,#2223,.T.);
#2891=ORIENTED_EDGE('',*,*,#2224,.T.);
#2892=ORIENTED_EDGE('',*,*,#2225,.T.);
#2893=ORIENTED_EDGE('',*,*,#2213,.T.);
#2894=ORIENTED_EDGE('',*,*,#2226,.T.);
#2895=ORIENTED_EDGE('',*,*,#2227,.F.);
#2896=ORIENTED_EDGE('',*,*,#2228,.T.);
#2897=ORIENTED_EDGE('',*,*,#2127,.F.);
#2898=ORIENTED_EDGE('',*,*,#2229,.F.);
#2899=ORIENTED_EDGE('',*,*,#2165,.F.);
#2900=ORIENTED_EDGE('',*,*,#2162,.F.);
#2901=ORIENTED_EDGE('',*,*,#2131,.F.);
#2902=ORIENTED_EDGE('',*,*,#2164,.T.);
#2903=ORIENTED_EDGE('',*,*,#2167,.T.);
#2904=ORIENTED_EDGE('',*,*,#2230,.T.);
#2905=ORIENTED_EDGE('',*,*,#2129,.T.);
#2906=ORIENTED_EDGE('',*,*,#2231,.F.);
#2907=ORIENTED_EDGE('',*,*,#2232,.T.);
#2908=ORIENTED_EDGE('',*,*,#2233,.F.);
#2909=ORIENTED_EDGE('',*,*,#2133,.T.);
#2910=ORIENTED_EDGE('',*,*,#2234,.T.);
#2911=ORIENTED_EDGE('',*,*,#2232,.F.);
#2912=ORIENTED_EDGE('',*,*,#2235,.T.);
#2913=ORIENTED_EDGE('',*,*,#2236,.T.);
#2914=ORIENTED_EDGE('',*,*,#2237,.T.);
#2915=ORIENTED_EDGE('',*,*,#2238,.T.);
#2916=ORIENTED_EDGE('',*,*,#2239,.T.);
#2917=ORIENTED_EDGE('',*,*,#2227,.T.);
#2918=ORIENTED_EDGE('',*,*,#2240,.T.);
#2919=ORIENTED_EDGE('',*,*,#2241,.F.);
#2920=ORIENTED_EDGE('',*,*,#2242,.T.);
#2921=ORIENTED_EDGE('',*,*,#2119,.F.);
#2922=ORIENTED_EDGE('',*,*,#2243,.F.);
#2923=ORIENTED_EDGE('',*,*,#2171,.F.);
#2924=ORIENTED_EDGE('',*,*,#2168,.F.);
#2925=ORIENTED_EDGE('',*,*,#2123,.F.);
#2926=ORIENTED_EDGE('',*,*,#2170,.T.);
#2927=ORIENTED_EDGE('',*,*,#2173,.T.);
#2928=ORIENTED_EDGE('',*,*,#2244,.T.);
#2929=ORIENTED_EDGE('',*,*,#2121,.T.);
#2930=ORIENTED_EDGE('',*,*,#2245,.F.);
#2931=ORIENTED_EDGE('',*,*,#2246,.T.);
#2932=ORIENTED_EDGE('',*,*,#2247,.F.);
#2933=ORIENTED_EDGE('',*,*,#2125,.T.);
#2934=ORIENTED_EDGE('',*,*,#2248,.T.);
#2935=ORIENTED_EDGE('',*,*,#2246,.F.);
#2936=ORIENTED_EDGE('',*,*,#2249,.T.);
#2937=ORIENTED_EDGE('',*,*,#2250,.T.);
#2938=ORIENTED_EDGE('',*,*,#2251,.T.);
#2939=ORIENTED_EDGE('',*,*,#2252,.T.);
#2940=ORIENTED_EDGE('',*,*,#2253,.T.);
#2941=ORIENTED_EDGE('',*,*,#2241,.T.);
#2942=ORIENTED_EDGE('',*,*,#2254,.T.);
#2943=ORIENTED_EDGE('',*,*,#2255,.F.);
#2944=ORIENTED_EDGE('',*,*,#2256,.T.);
#2945=ORIENTED_EDGE('',*,*,#2111,.F.);
#2946=ORIENTED_EDGE('',*,*,#2257,.F.);
#2947=ORIENTED_EDGE('',*,*,#2177,.F.);
#2948=ORIENTED_EDGE('',*,*,#2174,.F.);
#2949=ORIENTED_EDGE('',*,*,#2115,.F.);
#2950=ORIENTED_EDGE('',*,*,#2176,.T.);
#2951=ORIENTED_EDGE('',*,*,#2179,.T.);
#2952=ORIENTED_EDGE('',*,*,#2258,.T.);
#2953=ORIENTED_EDGE('',*,*,#2113,.T.);
#2954=ORIENTED_EDGE('',*,*,#2259,.F.);
#2955=ORIENTED_EDGE('',*,*,#2260,.T.);
#2956=ORIENTED_EDGE('',*,*,#2261,.F.);
#2957=ORIENTED_EDGE('',*,*,#2117,.T.);
#2958=ORIENTED_EDGE('',*,*,#2262,.T.);
#2959=ORIENTED_EDGE('',*,*,#2260,.F.);
#2960=ORIENTED_EDGE('',*,*,#2263,.T.);
#2961=ORIENTED_EDGE('',*,*,#2264,.T.);
#2962=ORIENTED_EDGE('',*,*,#2265,.T.);
#2963=ORIENTED_EDGE('',*,*,#2266,.T.);
#2964=ORIENTED_EDGE('',*,*,#2267,.T.);
#2965=ORIENTED_EDGE('',*,*,#2255,.T.);
#2966=ORIENTED_EDGE('',*,*,#2268,.T.);
#2967=ORIENTED_EDGE('',*,*,#2269,.F.);
#2968=ORIENTED_EDGE('',*,*,#2270,.T.);
#2969=ORIENTED_EDGE('',*,*,#2103,.F.);
#2970=ORIENTED_EDGE('',*,*,#2271,.F.);
#2971=ORIENTED_EDGE('',*,*,#2183,.F.);
#2972=ORIENTED_EDGE('',*,*,#2180,.F.);
#2973=ORIENTED_EDGE('',*,*,#2107,.F.);
#2974=ORIENTED_EDGE('',*,*,#2182,.T.);
#2975=ORIENTED_EDGE('',*,*,#2185,.T.);
#2976=ORIENTED_EDGE('',*,*,#2272,.T.);
#2977=ORIENTED_EDGE('',*,*,#2105,.T.);
#2978=ORIENTED_EDGE('',*,*,#2273,.F.);
#2979=ORIENTED_EDGE('',*,*,#2274,.T.);
#2980=ORIENTED_EDGE('',*,*,#2275,.F.);
#2981=ORIENTED_EDGE('',*,*,#2109,.T.);
#2982=ORIENTED_EDGE('',*,*,#2276,.T.);
#2983=ORIENTED_EDGE('',*,*,#2274,.F.);
#2984=ORIENTED_EDGE('',*,*,#2277,.T.);
#2985=ORIENTED_EDGE('',*,*,#2278,.T.);
#2986=ORIENTED_EDGE('',*,*,#2279,.T.);
#2987=ORIENTED_EDGE('',*,*,#2280,.T.);
#2988=ORIENTED_EDGE('',*,*,#2281,.T.);
#2989=ORIENTED_EDGE('',*,*,#2269,.T.);
#2990=ORIENTED_EDGE('',*,*,#2282,.T.);
#2991=ORIENTED_EDGE('',*,*,#2283,.F.);
#2992=ORIENTED_EDGE('',*,*,#2284,.T.);
#2993=ORIENTED_EDGE('',*,*,#2095,.F.);
#2994=ORIENTED_EDGE('',*,*,#2285,.F.);
#2995=ORIENTED_EDGE('',*,*,#2189,.F.);
#2996=ORIENTED_EDGE('',*,*,#2186,.F.);
#2997=ORIENTED_EDGE('',*,*,#2099,.F.);
#2998=ORIENTED_EDGE('',*,*,#2188,.T.);
#2999=ORIENTED_EDGE('',*,*,#2191,.T.);
#3000=ORIENTED_EDGE('',*,*,#2286,.T.);
#3001=ORIENTED_EDGE('',*,*,#2097,.T.);
#3002=ORIENTED_EDGE('',*,*,#2287,.F.);
#3003=ORIENTED_EDGE('',*,*,#2288,.T.);
#3004=ORIENTED_EDGE('',*,*,#2289,.F.);
#3005=ORIENTED_EDGE('',*,*,#2101,.T.);
#3006=ORIENTED_EDGE('',*,*,#2290,.T.);
#3007=ORIENTED_EDGE('',*,*,#2288,.F.);
#3008=ORIENTED_EDGE('',*,*,#2291,.T.);
#3009=ORIENTED_EDGE('',*,*,#2292,.T.);
#3010=ORIENTED_EDGE('',*,*,#2293,.T.);
#3011=ORIENTED_EDGE('',*,*,#2294,.T.);
#3012=ORIENTED_EDGE('',*,*,#2295,.T.);
#3013=ORIENTED_EDGE('',*,*,#2283,.T.);
#3014=ORIENTED_EDGE('',*,*,#2296,.T.);
#3015=ORIENTED_EDGE('',*,*,#2297,.F.);
#3016=ORIENTED_EDGE('',*,*,#2298,.T.);
#3017=ORIENTED_EDGE('',*,*,#2087,.F.);
#3018=ORIENTED_EDGE('',*,*,#2299,.F.);
#3019=ORIENTED_EDGE('',*,*,#2195,.F.);
#3020=ORIENTED_EDGE('',*,*,#2192,.F.);
#3021=ORIENTED_EDGE('',*,*,#2091,.F.);
#3022=ORIENTED_EDGE('',*,*,#2194,.T.);
#3023=ORIENTED_EDGE('',*,*,#2197,.T.);
#3024=ORIENTED_EDGE('',*,*,#2300,.T.);
#3025=ORIENTED_EDGE('',*,*,#2089,.T.);
#3026=ORIENTED_EDGE('',*,*,#2301,.F.);
#3027=ORIENTED_EDGE('',*,*,#2302,.T.);
#3028=ORIENTED_EDGE('',*,*,#2303,.F.);
#3029=ORIENTED_EDGE('',*,*,#2093,.T.);
#3030=ORIENTED_EDGE('',*,*,#2304,.T.);
#3031=ORIENTED_EDGE('',*,*,#2302,.F.);
#3032=ORIENTED_EDGE('',*,*,#2305,.T.);
#3033=ORIENTED_EDGE('',*,*,#2306,.T.);
#3034=ORIENTED_EDGE('',*,*,#2307,.T.);
#3035=ORIENTED_EDGE('',*,*,#2308,.T.);
#3036=ORIENTED_EDGE('',*,*,#2309,.T.);
#3037=ORIENTED_EDGE('',*,*,#2297,.T.);
#3038=ORIENTED_EDGE('',*,*,#2310,.T.);
#3039=ORIENTED_EDGE('',*,*,#2311,.T.);
#3040=ORIENTED_EDGE('',*,*,#2312,.F.);
#3041=ORIENTED_EDGE('',*,*,#2313,.F.);
#3042=ORIENTED_EDGE('',*,*,#2312,.T.);
#3043=ORIENTED_EDGE('',*,*,#2314,.T.);
#3044=ORIENTED_EDGE('',*,*,#2315,.F.);
#3045=ORIENTED_EDGE('',*,*,#2316,.F.);
#3046=ORIENTED_EDGE('',*,*,#2315,.T.);
#3047=ORIENTED_EDGE('',*,*,#2317,.T.);
#3048=ORIENTED_EDGE('',*,*,#2318,.F.);
#3049=ORIENTED_EDGE('',*,*,#2319,.T.);
#3050=ORIENTED_EDGE('',*,*,#2318,.T.);
#3051=ORIENTED_EDGE('',*,*,#2320,.T.);
#3052=ORIENTED_EDGE('',*,*,#2321,.F.);
#3053=ORIENTED_EDGE('',*,*,#2322,.F.);
#3054=ORIENTED_EDGE('',*,*,#2321,.T.);
#3055=ORIENTED_EDGE('',*,*,#2323,.T.);
#3056=ORIENTED_EDGE('',*,*,#2324,.F.);
#3057=ORIENTED_EDGE('',*,*,#2325,.F.);
#3058=ORIENTED_EDGE('',*,*,#2326,.T.);
#3059=ORIENTED_EDGE('',*,*,#2327,.T.);
#3060=ORIENTED_EDGE('',*,*,#2328,.F.);
#3061=ORIENTED_EDGE('',*,*,#2329,.F.);
#3062=ORIENTED_EDGE('',*,*,#2328,.T.);
#3063=ORIENTED_EDGE('',*,*,#2330,.T.);
#3064=ORIENTED_EDGE('',*,*,#2331,.F.);
#3065=ORIENTED_EDGE('',*,*,#2332,.F.);
#3066=ORIENTED_EDGE('',*,*,#2331,.T.);
#3067=ORIENTED_EDGE('',*,*,#2333,.T.);
#3068=ORIENTED_EDGE('',*,*,#2334,.F.);
#3069=ORIENTED_EDGE('',*,*,#2335,.T.);
#3070=ORIENTED_EDGE('',*,*,#2334,.T.);
#3071=ORIENTED_EDGE('',*,*,#2336,.T.);
#3072=ORIENTED_EDGE('',*,*,#2337,.F.);
#3073=ORIENTED_EDGE('',*,*,#2338,.F.);
#3074=ORIENTED_EDGE('',*,*,#2337,.T.);
#3075=ORIENTED_EDGE('',*,*,#2339,.T.);
#3076=ORIENTED_EDGE('',*,*,#2340,.F.);
#3077=ORIENTED_EDGE('',*,*,#2341,.F.);
#3078=ORIENTED_EDGE('',*,*,#2342,.T.);
#3079=ORIENTED_EDGE('',*,*,#2343,.T.);
#3080=ORIENTED_EDGE('',*,*,#2344,.F.);
#3081=ORIENTED_EDGE('',*,*,#2345,.F.);
#3082=ORIENTED_EDGE('',*,*,#2344,.T.);
#3083=ORIENTED_EDGE('',*,*,#2346,.T.);
#3084=ORIENTED_EDGE('',*,*,#2347,.F.);
#3085=ORIENTED_EDGE('',*,*,#2348,.F.);
#3086=ORIENTED_EDGE('',*,*,#2347,.T.);
#3087=ORIENTED_EDGE('',*,*,#2349,.T.);
#3088=ORIENTED_EDGE('',*,*,#2350,.F.);
#3089=ORIENTED_EDGE('',*,*,#2351,.T.);
#3090=ORIENTED_EDGE('',*,*,#2350,.T.);
#3091=ORIENTED_EDGE('',*,*,#2352,.T.);
#3092=ORIENTED_EDGE('',*,*,#2353,.F.);
#3093=ORIENTED_EDGE('',*,*,#2354,.F.);
#3094=ORIENTED_EDGE('',*,*,#2353,.T.);
#3095=ORIENTED_EDGE('',*,*,#2355,.T.);
#3096=ORIENTED_EDGE('',*,*,#2356,.F.);
#3097=ORIENTED_EDGE('',*,*,#2357,.F.);
#3098=ORIENTED_EDGE('',*,*,#2358,.T.);
#3099=ORIENTED_EDGE('',*,*,#2359,.T.);
#3100=ORIENTED_EDGE('',*,*,#2360,.F.);
#3101=ORIENTED_EDGE('',*,*,#2361,.F.);
#3102=ORIENTED_EDGE('',*,*,#2360,.T.);
#3103=ORIENTED_EDGE('',*,*,#2362,.T.);
#3104=ORIENTED_EDGE('',*,*,#2363,.F.);
#3105=ORIENTED_EDGE('',*,*,#2364,.F.);
#3106=ORIENTED_EDGE('',*,*,#2363,.T.);
#3107=ORIENTED_EDGE('',*,*,#2365,.T.);
#3108=ORIENTED_EDGE('',*,*,#2366,.F.);
#3109=ORIENTED_EDGE('',*,*,#2367,.T.);
#3110=ORIENTED_EDGE('',*,*,#2366,.T.);
#3111=ORIENTED_EDGE('',*,*,#2368,.T.);
#3112=ORIENTED_EDGE('',*,*,#2369,.F.);
#3113=ORIENTED_EDGE('',*,*,#2370,.F.);
#3114=ORIENTED_EDGE('',*,*,#2369,.T.);
#3115=ORIENTED_EDGE('',*,*,#2371,.T.);
#3116=ORIENTED_EDGE('',*,*,#2372,.F.);
#3117=ORIENTED_EDGE('',*,*,#2373,.F.);
#3118=ORIENTED_EDGE('',*,*,#2374,.T.);
#3119=ORIENTED_EDGE('',*,*,#2375,.T.);
#3120=ORIENTED_EDGE('',*,*,#2376,.F.);
#3121=ORIENTED_EDGE('',*,*,#2377,.F.);
#3122=ORIENTED_EDGE('',*,*,#2376,.T.);
#3123=ORIENTED_EDGE('',*,*,#2378,.T.);
#3124=ORIENTED_EDGE('',*,*,#2379,.F.);
#3125=ORIENTED_EDGE('',*,*,#2380,.F.);
#3126=ORIENTED_EDGE('',*,*,#2379,.T.);
#3127=ORIENTED_EDGE('',*,*,#2381,.T.);
#3128=ORIENTED_EDGE('',*,*,#2382,.F.);
#3129=ORIENTED_EDGE('',*,*,#2383,.T.);
#3130=ORIENTED_EDGE('',*,*,#2382,.T.);
#3131=ORIENTED_EDGE('',*,*,#2384,.T.);
#3132=ORIENTED_EDGE('',*,*,#2385,.F.);
#3133=ORIENTED_EDGE('',*,*,#2386,.F.);
#3134=ORIENTED_EDGE('',*,*,#2385,.T.);
#3135=ORIENTED_EDGE('',*,*,#2387,.T.);
#3136=ORIENTED_EDGE('',*,*,#2388,.F.);
#3137=ORIENTED_EDGE('',*,*,#2389,.F.);
#3138=ORIENTED_EDGE('',*,*,#2390,.T.);
#3139=ORIENTED_EDGE('',*,*,#2391,.T.);
#3140=ORIENTED_EDGE('',*,*,#2392,.F.);
#3141=ORIENTED_EDGE('',*,*,#2393,.F.);
#3142=ORIENTED_EDGE('',*,*,#2392,.T.);
#3143=ORIENTED_EDGE('',*,*,#2394,.T.);
#3144=ORIENTED_EDGE('',*,*,#2395,.F.);
#3145=ORIENTED_EDGE('',*,*,#2396,.F.);
#3146=ORIENTED_EDGE('',*,*,#2395,.T.);
#3147=ORIENTED_EDGE('',*,*,#2397,.T.);
#3148=ORIENTED_EDGE('',*,*,#2398,.F.);
#3149=ORIENTED_EDGE('',*,*,#2399,.T.);
#3150=ORIENTED_EDGE('',*,*,#2398,.T.);
#3151=ORIENTED_EDGE('',*,*,#2400,.T.);
#3152=ORIENTED_EDGE('',*,*,#2401,.F.);
#3153=ORIENTED_EDGE('',*,*,#2402,.F.);
#3154=ORIENTED_EDGE('',*,*,#2401,.T.);
#3155=ORIENTED_EDGE('',*,*,#2403,.T.);
#3156=ORIENTED_EDGE('',*,*,#2404,.F.);
#3157=ORIENTED_EDGE('',*,*,#2405,.F.);
#3158=ORIENTED_EDGE('',*,*,#2406,.T.);
#3159=ORIENTED_EDGE('',*,*,#2407,.T.);
#3160=ORIENTED_EDGE('',*,*,#2408,.F.);
#3161=ORIENTED_EDGE('',*,*,#2409,.F.);
#3162=ORIENTED_EDGE('',*,*,#2408,.T.);
#3163=ORIENTED_EDGE('',*,*,#2410,.T.);
#3164=ORIENTED_EDGE('',*,*,#2411,.F.);
#3165=ORIENTED_EDGE('',*,*,#2412,.F.);
#3166=ORIENTED_EDGE('',*,*,#2411,.T.);
#3167=ORIENTED_EDGE('',*,*,#2413,.T.);
#3168=ORIENTED_EDGE('',*,*,#2414,.F.);
#3169=ORIENTED_EDGE('',*,*,#2415,.T.);
#3170=ORIENTED_EDGE('',*,*,#2414,.T.);
#3171=ORIENTED_EDGE('',*,*,#2416,.T.);
#3172=ORIENTED_EDGE('',*,*,#2417,.F.);
#3173=ORIENTED_EDGE('',*,*,#2418,.F.);
#3174=ORIENTED_EDGE('',*,*,#2417,.T.);
#3175=ORIENTED_EDGE('',*,*,#2419,.T.);
#3176=ORIENTED_EDGE('',*,*,#2420,.F.);
#3177=ORIENTED_EDGE('',*,*,#2421,.F.);
#3178=ORIENTED_EDGE('',*,*,#2422,.T.);
#3179=ORIENTED_EDGE('',*,*,#2423,.T.);
#3180=ORIENTED_EDGE('',*,*,#2424,.F.);
#3181=ORIENTED_EDGE('',*,*,#2425,.F.);
#3182=ORIENTED_EDGE('',*,*,#2424,.T.);
#3183=ORIENTED_EDGE('',*,*,#2426,.T.);
#3184=ORIENTED_EDGE('',*,*,#2427,.F.);
#3185=ORIENTED_EDGE('',*,*,#2428,.F.);
#3186=ORIENTED_EDGE('',*,*,#2427,.T.);
#3187=ORIENTED_EDGE('',*,*,#2429,.T.);
#3188=ORIENTED_EDGE('',*,*,#2430,.F.);
#3189=ORIENTED_EDGE('',*,*,#2431,.T.);
#3190=ORIENTED_EDGE('',*,*,#2430,.T.);
#3191=ORIENTED_EDGE('',*,*,#2432,.T.);
#3192=ORIENTED_EDGE('',*,*,#2433,.F.);
#3193=ORIENTED_EDGE('',*,*,#2434,.F.);
#3194=ORIENTED_EDGE('',*,*,#2433,.T.);
#3195=ORIENTED_EDGE('',*,*,#2435,.T.);
#3196=ORIENTED_EDGE('',*,*,#2436,.F.);
#3197=ORIENTED_EDGE('',*,*,#2437,.F.);
#3198=ORIENTED_EDGE('',*,*,#2438,.T.);
#3199=ORIENTED_EDGE('',*,*,#2209,.F.);
#3200=ORIENTED_EDGE('',*,*,#2198,.F.);
#3201=ORIENTED_EDGE('',*,*,#2146,.F.);
#3202=ORIENTED_EDGE('',*,*,#2205,.T.);
#3203=ORIENTED_EDGE('',*,*,#2206,.F.);
#3204=ORIENTED_EDGE('',*,*,#2439,.F.);
#3205=ORIENTED_EDGE('',*,*,#2085,.T.);
#3206=ORIENTED_EDGE('',*,*,#2439,.T.);
#3207=ORIENTED_EDGE('',*,*,#2208,.F.);
#3208=ORIENTED_EDGE('',*,*,#2440,.F.);
#3209=ORIENTED_EDGE('',*,*,#2084,.T.);
#3210=ORIENTED_EDGE('',*,*,#2441,.T.);
#3211=ORIENTED_EDGE('',*,*,#2223,.F.);
#3212=ORIENTED_EDGE('',*,*,#2212,.F.);
#3213=ORIENTED_EDGE('',*,*,#2138,.F.);
#3214=ORIENTED_EDGE('',*,*,#2219,.T.);
#3215=ORIENTED_EDGE('',*,*,#2220,.F.);
#3216=ORIENTED_EDGE('',*,*,#2442,.F.);
#3217=ORIENTED_EDGE('',*,*,#2077,.T.);
#3218=ORIENTED_EDGE('',*,*,#2442,.T.);
#3219=ORIENTED_EDGE('',*,*,#2222,.F.);
#3220=ORIENTED_EDGE('',*,*,#2443,.F.);
#3221=ORIENTED_EDGE('',*,*,#2076,.T.);
#3222=ORIENTED_EDGE('',*,*,#2444,.T.);
#3223=ORIENTED_EDGE('',*,*,#2237,.F.);
#3224=ORIENTED_EDGE('',*,*,#2226,.F.);
#3225=ORIENTED_EDGE('',*,*,#2130,.F.);
#3226=ORIENTED_EDGE('',*,*,#2233,.T.);
#3227=ORIENTED_EDGE('',*,*,#2234,.F.);
#3228=ORIENTED_EDGE('',*,*,#2445,.F.);
#3229=ORIENTED_EDGE('',*,*,#2069,.T.);
#3230=ORIENTED_EDGE('',*,*,#2445,.T.);
#3231=ORIENTED_EDGE('',*,*,#2236,.F.);
#3232=ORIENTED_EDGE('',*,*,#2446,.F.);
#3233=ORIENTED_EDGE('',*,*,#2068,.T.);
#3234=ORIENTED_EDGE('',*,*,#2447,.T.);
#3235=ORIENTED_EDGE('',*,*,#2251,.F.);
#3236=ORIENTED_EDGE('',*,*,#2240,.F.);
#3237=ORIENTED_EDGE('',*,*,#2122,.F.);
#3238=ORIENTED_EDGE('',*,*,#2247,.T.);
#3239=ORIENTED_EDGE('',*,*,#2248,.F.);
#3240=ORIENTED_EDGE('',*,*,#2448,.F.);
#3241=ORIENTED_EDGE('',*,*,#2061,.T.);
#3242=ORIENTED_EDGE('',*,*,#2448,.T.);
#3243=ORIENTED_EDGE('',*,*,#2250,.F.);
#3244=ORIENTED_EDGE('',*,*,#2449,.F.);
#3245=ORIENTED_EDGE('',*,*,#2060,.T.);
#3246=ORIENTED_EDGE('',*,*,#2450,.T.);
#3247=ORIENTED_EDGE('',*,*,#2265,.F.);
#3248=ORIENTED_EDGE('',*,*,#2254,.F.);
#3249=ORIENTED_EDGE('',*,*,#2114,.F.);
#3250=ORIENTED_EDGE('',*,*,#2261,.T.);
#3251=ORIENTED_EDGE('',*,*,#2262,.F.);
#3252=ORIENTED_EDGE('',*,*,#2451,.F.);
#3253=ORIENTED_EDGE('',*,*,#2053,.T.);
#3254=ORIENTED_EDGE('',*,*,#2451,.T.);
#3255=ORIENTED_EDGE('',*,*,#2264,.F.);
#3256=ORIENTED_EDGE('',*,*,#2452,.F.);
#3257=ORIENTED_EDGE('',*,*,#2052,.T.);
#3258=ORIENTED_EDGE('',*,*,#2453,.T.);
#3259=ORIENTED_EDGE('',*,*,#2279,.F.);
#3260=ORIENTED_EDGE('',*,*,#2268,.F.);
#3261=ORIENTED_EDGE('',*,*,#2106,.F.);
#3262=ORIENTED_EDGE('',*,*,#2275,.T.);
#3263=ORIENTED_EDGE('',*,*,#2276,.F.);
#3264=ORIENTED_EDGE('',*,*,#2454,.F.);
#3265=ORIENTED_EDGE('',*,*,#2045,.T.);
#3266=ORIENTED_EDGE('',*,*,#2454,.T.);
#3267=ORIENTED_EDGE('',*,*,#2278,.F.);
#3268=ORIENTED_EDGE('',*,*,#2455,.F.);
#3269=ORIENTED_EDGE('',*,*,#2044,.T.);
#3270=ORIENTED_EDGE('',*,*,#2456,.T.);
#3271=ORIENTED_EDGE('',*,*,#2293,.F.);
#3272=ORIENTED_EDGE('',*,*,#2282,.F.);
#3273=ORIENTED_EDGE('',*,*,#2098,.F.);
#3274=ORIENTED_EDGE('',*,*,#2289,.T.);
#3275=ORIENTED_EDGE('',*,*,#2290,.F.);
#3276=ORIENTED_EDGE('',*,*,#2457,.F.);
#3277=ORIENTED_EDGE('',*,*,#2037,.T.);
#3278=ORIENTED_EDGE('',*,*,#2457,.T.);
#3279=ORIENTED_EDGE('',*,*,#2292,.F.);
#3280=ORIENTED_EDGE('',*,*,#2458,.F.);
#3281=ORIENTED_EDGE('',*,*,#2036,.T.);
#3282=ORIENTED_EDGE('',*,*,#2459,.T.);
#3283=ORIENTED_EDGE('',*,*,#2307,.F.);
#3284=ORIENTED_EDGE('',*,*,#2296,.F.);
#3285=ORIENTED_EDGE('',*,*,#2090,.F.);
#3286=ORIENTED_EDGE('',*,*,#2303,.T.);
#3287=ORIENTED_EDGE('',*,*,#2304,.F.);
#3288=ORIENTED_EDGE('',*,*,#2460,.F.);
#3289=ORIENTED_EDGE('',*,*,#2029,.T.);
#3290=ORIENTED_EDGE('',*,*,#2460,.T.);
#3291=ORIENTED_EDGE('',*,*,#2306,.F.);
#3292=ORIENTED_EDGE('',*,*,#2461,.F.);
#3293=ORIENTED_EDGE('',*,*,#2028,.T.);
#3294=ORIENTED_EDGE('',*,*,#2325,.T.);
#3295=ORIENTED_EDGE('',*,*,#2462,.F.);
#3296=ORIENTED_EDGE('',*,*,#2313,.T.);
#3297=ORIENTED_EDGE('',*,*,#2316,.T.);
#3298=ORIENTED_EDGE('',*,*,#2319,.F.);
#3299=ORIENTED_EDGE('',*,*,#2322,.T.);
#3300=ORIENTED_EDGE('',*,*,#2310,.F.);
#3301=ORIENTED_EDGE('',*,*,#2463,.T.);
#3302=ORIENTED_EDGE('',*,*,#2464,.T.);
#3303=ORIENTED_EDGE('',*,*,#2465,.T.);
#3304=ORIENTED_EDGE('',*,*,#2323,.F.);
#3305=ORIENTED_EDGE('',*,*,#2320,.F.);
#3306=ORIENTED_EDGE('',*,*,#2317,.F.);
#3307=ORIENTED_EDGE('',*,*,#2314,.F.);
#3308=ORIENTED_EDGE('',*,*,#2311,.F.);
#3309=ORIENTED_EDGE('',*,*,#2466,.T.);
#3310=ORIENTED_EDGE('',*,*,#2467,.F.);
#3311=ORIENTED_EDGE('',*,*,#2468,.T.);
#3312=ORIENTED_EDGE('',*,*,#2324,.T.);
#3313=ORIENTED_EDGE('',*,*,#2469,.T.);
#3314=ORIENTED_EDGE('',*,*,#2341,.T.);
#3315=ORIENTED_EDGE('',*,*,#2470,.F.);
#3316=ORIENTED_EDGE('',*,*,#2329,.T.);
#3317=ORIENTED_EDGE('',*,*,#2332,.T.);
#3318=ORIENTED_EDGE('',*,*,#2335,.F.);
#3319=ORIENTED_EDGE('',*,*,#2338,.T.);
#3320=ORIENTED_EDGE('',*,*,#2326,.F.);
#3321=ORIENTED_EDGE('',*,*,#2471,.T.);
#3322=ORIENTED_EDGE('',*,*,#2472,.T.);
#3323=ORIENTED_EDGE('',*,*,#2473,.T.);
#3324=ORIENTED_EDGE('',*,*,#2339,.F.);
#3325=ORIENTED_EDGE('',*,*,#2336,.F.);
#3326=ORIENTED_EDGE('',*,*,#2333,.F.);
#3327=ORIENTED_EDGE('',*,*,#2330,.F.);
#3328=ORIENTED_EDGE('',*,*,#2327,.F.);
#3329=ORIENTED_EDGE('',*,*,#2474,.T.);
#3330=ORIENTED_EDGE('',*,*,#2475,.F.);
#3331=ORIENTED_EDGE('',*,*,#2476,.T.);
#3332=ORIENTED_EDGE('',*,*,#2340,.T.);
#3333=ORIENTED_EDGE('',*,*,#2477,.T.);
#3334=ORIENTED_EDGE('',*,*,#2357,.T.);
#3335=ORIENTED_EDGE('',*,*,#2478,.F.);
#3336=ORIENTED_EDGE('',*,*,#2345,.T.);
#3337=ORIENTED_EDGE('',*,*,#2348,.T.);
#3338=ORIENTED_EDGE('',*,*,#2351,.F.);
#3339=ORIENTED_EDGE('',*,*,#2354,.T.);
#3340=ORIENTED_EDGE('',*,*,#2342,.F.);
#3341=ORIENTED_EDGE('',*,*,#2479,.T.);
#3342=ORIENTED_EDGE('',*,*,#2480,.T.);
#3343=ORIENTED_EDGE('',*,*,#2481,.T.);
#3344=ORIENTED_EDGE('',*,*,#2355,.F.);
#3345=ORIENTED_EDGE('',*,*,#2352,.F.);
#3346=ORIENTED_EDGE('',*,*,#2349,.F.);
#3347=ORIENTED_EDGE('',*,*,#2346,.F.);
#3348=ORIENTED_EDGE('',*,*,#2343,.F.);
#3349=ORIENTED_EDGE('',*,*,#2482,.T.);
#3350=ORIENTED_EDGE('',*,*,#2483,.F.);
#3351=ORIENTED_EDGE('',*,*,#2484,.T.);
#3352=ORIENTED_EDGE('',*,*,#2356,.T.);
#3353=ORIENTED_EDGE('',*,*,#2485,.T.);
#3354=ORIENTED_EDGE('',*,*,#2373,.T.);
#3355=ORIENTED_EDGE('',*,*,#2486,.F.);
#3356=ORIENTED_EDGE('',*,*,#2361,.T.);
#3357=ORIENTED_EDGE('',*,*,#2364,.T.);
#3358=ORIENTED_EDGE('',*,*,#2367,.F.);
#3359=ORIENTED_EDGE('',*,*,#2370,.T.);
#3360=ORIENTED_EDGE('',*,*,#2358,.F.);
#3361=ORIENTED_EDGE('',*,*,#2487,.T.);
#3362=ORIENTED_EDGE('',*,*,#2488,.T.);
#3363=ORIENTED_EDGE('',*,*,#2489,.T.);
#3364=ORIENTED_EDGE('',*,*,#2371,.F.);
#3365=ORIENTED_EDGE('',*,*,#2368,.F.);
#3366=ORIENTED_EDGE('',*,*,#2365,.F.);
#3367=ORIENTED_EDGE('',*,*,#2362,.F.);
#3368=ORIENTED_EDGE('',*,*,#2359,.F.);
#3369=ORIENTED_EDGE('',*,*,#2490,.T.);
#3370=ORIENTED_EDGE('',*,*,#2491,.F.);
#3371=ORIENTED_EDGE('',*,*,#2492,.T.);
#3372=ORIENTED_EDGE('',*,*,#2372,.T.);
#3373=ORIENTED_EDGE('',*,*,#2493,.T.);
#3374=ORIENTED_EDGE('',*,*,#2389,.T.);
#3375=ORIENTED_EDGE('',*,*,#2494,.F.);
#3376=ORIENTED_EDGE('',*,*,#2377,.T.);
#3377=ORIENTED_EDGE('',*,*,#2380,.T.);
#3378=ORIENTED_EDGE('',*,*,#2383,.F.);
#3379=ORIENTED_EDGE('',*,*,#2386,.T.);
#3380=ORIENTED_EDGE('',*,*,#2374,.F.);
#3381=ORIENTED_EDGE('',*,*,#2495,.T.);
#3382=ORIENTED_EDGE('',*,*,#2496,.T.);
#3383=ORIENTED_EDGE('',*,*,#2497,.T.);
#3384=ORIENTED_EDGE('',*,*,#2387,.F.);
#3385=ORIENTED_EDGE('',*,*,#2384,.F.);
#3386=ORIENTED_EDGE('',*,*,#2381,.F.);
#3387=ORIENTED_EDGE('',*,*,#2378,.F.);
#3388=ORIENTED_EDGE('',*,*,#2375,.F.);
#3389=ORIENTED_EDGE('',*,*,#2498,.T.);
#3390=ORIENTED_EDGE('',*,*,#2499,.F.);
#3391=ORIENTED_EDGE('',*,*,#2500,.T.);
#3392=ORIENTED_EDGE('',*,*,#2388,.T.);
#3393=ORIENTED_EDGE('',*,*,#2501,.T.);
#3394=ORIENTED_EDGE('',*,*,#2405,.T.);
#3395=ORIENTED_EDGE('',*,*,#2502,.F.);
#3396=ORIENTED_EDGE('',*,*,#2393,.T.);
#3397=ORIENTED_EDGE('',*,*,#2396,.T.);
#3398=ORIENTED_EDGE('',*,*,#2399,.F.);
#3399=ORIENTED_EDGE('',*,*,#2402,.T.);
#3400=ORIENTED_EDGE('',*,*,#2390,.F.);
#3401=ORIENTED_EDGE('',*,*,#2503,.T.);
#3402=ORIENTED_EDGE('',*,*,#2504,.T.);
#3403=ORIENTED_EDGE('',*,*,#2505,.T.);
#3404=ORIENTED_EDGE('',*,*,#2403,.F.);
#3405=ORIENTED_EDGE('',*,*,#2400,.F.);
#3406=ORIENTED_EDGE('',*,*,#2397,.F.);
#3407=ORIENTED_EDGE('',*,*,#2394,.F.);
#3408=ORIENTED_EDGE('',*,*,#2391,.F.);
#3409=ORIENTED_EDGE('',*,*,#2506,.T.);
#3410=ORIENTED_EDGE('',*,*,#2507,.F.);
#3411=ORIENTED_EDGE('',*,*,#2508,.T.);
#3412=ORIENTED_EDGE('',*,*,#2404,.T.);
#3413=ORIENTED_EDGE('',*,*,#2509,.T.);
#3414=ORIENTED_EDGE('',*,*,#2421,.T.);
#3415=ORIENTED_EDGE('',*,*,#2510,.F.);
#3416=ORIENTED_EDGE('',*,*,#2409,.T.);
#3417=ORIENTED_EDGE('',*,*,#2412,.T.);
#3418=ORIENTED_EDGE('',*,*,#2415,.F.);
#3419=ORIENTED_EDGE('',*,*,#2418,.T.);
#3420=ORIENTED_EDGE('',*,*,#2406,.F.);
#3421=ORIENTED_EDGE('',*,*,#2511,.T.);
#3422=ORIENTED_EDGE('',*,*,#2512,.T.);
#3423=ORIENTED_EDGE('',*,*,#2513,.T.);
#3424=ORIENTED_EDGE('',*,*,#2419,.F.);
#3425=ORIENTED_EDGE('',*,*,#2416,.F.);
#3426=ORIENTED_EDGE('',*,*,#2413,.F.);
#3427=ORIENTED_EDGE('',*,*,#2410,.F.);
#3428=ORIENTED_EDGE('',*,*,#2407,.F.);
#3429=ORIENTED_EDGE('',*,*,#2514,.T.);
#3430=ORIENTED_EDGE('',*,*,#2515,.F.);
#3431=ORIENTED_EDGE('',*,*,#2516,.T.);
#3432=ORIENTED_EDGE('',*,*,#2420,.T.);
#3433=ORIENTED_EDGE('',*,*,#2517,.T.);
#3434=ORIENTED_EDGE('',*,*,#2437,.T.);
#3435=ORIENTED_EDGE('',*,*,#2518,.F.);
#3436=ORIENTED_EDGE('',*,*,#2425,.T.);
#3437=ORIENTED_EDGE('',*,*,#2428,.T.);
#3438=ORIENTED_EDGE('',*,*,#2431,.F.);
#3439=ORIENTED_EDGE('',*,*,#2434,.T.);
#3440=ORIENTED_EDGE('',*,*,#2422,.F.);
#3441=ORIENTED_EDGE('',*,*,#2519,.T.);
#3442=ORIENTED_EDGE('',*,*,#2520,.T.);
#3443=ORIENTED_EDGE('',*,*,#2521,.T.);
#3444=ORIENTED_EDGE('',*,*,#2435,.F.);
#3445=ORIENTED_EDGE('',*,*,#2432,.F.);
#3446=ORIENTED_EDGE('',*,*,#2429,.F.);
#3447=ORIENTED_EDGE('',*,*,#2426,.F.);
#3448=ORIENTED_EDGE('',*,*,#2423,.F.);
#3449=ORIENTED_EDGE('',*,*,#2522,.T.);
#3450=ORIENTED_EDGE('',*,*,#2523,.F.);
#3451=ORIENTED_EDGE('',*,*,#2524,.T.);
#3452=ORIENTED_EDGE('',*,*,#2436,.T.);
#3453=ORIENTED_EDGE('',*,*,#2525,.T.);
#3454=ORIENTED_EDGE('',*,*,#2526,.F.);
#3455=ORIENTED_EDGE('',*,*,#2527,.T.);
#3456=ORIENTED_EDGE('',*,*,#2528,.T.);
#3457=ORIENTED_EDGE('',*,*,#1988,.F.);
#3458=ORIENTED_EDGE('',*,*,#2529,.T.);
#3459=ORIENTED_EDGE('',*,*,#2530,.T.);
#3460=ORIENTED_EDGE('',*,*,#2531,.F.);
#3461=ORIENTED_EDGE('',*,*,#2532,.F.);
#3462=ORIENTED_EDGE('',*,*,#2530,.F.);
#3463=ORIENTED_EDGE('',*,*,#2533,.F.);
#3464=ORIENTED_EDGE('',*,*,#2534,.F.);
#3465=ORIENTED_EDGE('',*,*,#2535,.F.);
#3466=ORIENTED_EDGE('',*,*,#2523,.T.);
#3467=ORIENTED_EDGE('',*,*,#2525,.F.);
#3468=ORIENTED_EDGE('',*,*,#2522,.F.);
#3469=ORIENTED_EDGE('',*,*,#2521,.F.);
#3470=ORIENTED_EDGE('',*,*,#2520,.F.);
#3471=ORIENTED_EDGE('',*,*,#2519,.F.);
#3472=ORIENTED_EDGE('',*,*,#2518,.T.);
#3473=ORIENTED_EDGE('',*,*,#2524,.F.);
#3474=ORIENTED_EDGE('',*,*,#2515,.T.);
#3475=ORIENTED_EDGE('',*,*,#2517,.F.);
#3476=ORIENTED_EDGE('',*,*,#2514,.F.);
#3477=ORIENTED_EDGE('',*,*,#2513,.F.);
#3478=ORIENTED_EDGE('',*,*,#2512,.F.);
#3479=ORIENTED_EDGE('',*,*,#2511,.F.);
#3480=ORIENTED_EDGE('',*,*,#2510,.T.);
#3481=ORIENTED_EDGE('',*,*,#2516,.F.);
#3482=ORIENTED_EDGE('',*,*,#2507,.T.);
#3483=ORIENTED_EDGE('',*,*,#2509,.F.);
#3484=ORIENTED_EDGE('',*,*,#2506,.F.);
#3485=ORIENTED_EDGE('',*,*,#2505,.F.);
#3486=ORIENTED_EDGE('',*,*,#2504,.F.);
#3487=ORIENTED_EDGE('',*,*,#2503,.F.);
#3488=ORIENTED_EDGE('',*,*,#2502,.T.);
#3489=ORIENTED_EDGE('',*,*,#2508,.F.);
#3490=ORIENTED_EDGE('',*,*,#2499,.T.);
#3491=ORIENTED_EDGE('',*,*,#2501,.F.);
#3492=ORIENTED_EDGE('',*,*,#2498,.F.);
#3493=ORIENTED_EDGE('',*,*,#2497,.F.);
#3494=ORIENTED_EDGE('',*,*,#2496,.F.);
#3495=ORIENTED_EDGE('',*,*,#2495,.F.);
#3496=ORIENTED_EDGE('',*,*,#2494,.T.);
#3497=ORIENTED_EDGE('',*,*,#2500,.F.);
#3498=ORIENTED_EDGE('',*,*,#2491,.T.);
#3499=ORIENTED_EDGE('',*,*,#2493,.F.);
#3500=ORIENTED_EDGE('',*,*,#2490,.F.);
#3501=ORIENTED_EDGE('',*,*,#2489,.F.);
#3502=ORIENTED_EDGE('',*,*,#2488,.F.);
#3503=ORIENTED_EDGE('',*,*,#2487,.F.);
#3504=ORIENTED_EDGE('',*,*,#2486,.T.);
#3505=ORIENTED_EDGE('',*,*,#2492,.F.);
#3506=ORIENTED_EDGE('',*,*,#2483,.T.);
#3507=ORIENTED_EDGE('',*,*,#2485,.F.);
#3508=ORIENTED_EDGE('',*,*,#2482,.F.);
#3509=ORIENTED_EDGE('',*,*,#2481,.F.);
#3510=ORIENTED_EDGE('',*,*,#2480,.F.);
#3511=ORIENTED_EDGE('',*,*,#2479,.F.);
#3512=ORIENTED_EDGE('',*,*,#2478,.T.);
#3513=ORIENTED_EDGE('',*,*,#2484,.F.);
#3514=ORIENTED_EDGE('',*,*,#2475,.T.);
#3515=ORIENTED_EDGE('',*,*,#2477,.F.);
#3516=ORIENTED_EDGE('',*,*,#2474,.F.);
#3517=ORIENTED_EDGE('',*,*,#2473,.F.);
#3518=ORIENTED_EDGE('',*,*,#2472,.F.);
#3519=ORIENTED_EDGE('',*,*,#2471,.F.);
#3520=ORIENTED_EDGE('',*,*,#2470,.T.);
#3521=ORIENTED_EDGE('',*,*,#2476,.F.);
#3522=ORIENTED_EDGE('',*,*,#2467,.T.);
#3523=ORIENTED_EDGE('',*,*,#2469,.F.);
#3524=ORIENTED_EDGE('',*,*,#2466,.F.);
#3525=ORIENTED_EDGE('',*,*,#2465,.F.);
#3526=ORIENTED_EDGE('',*,*,#2464,.F.);
#3527=ORIENTED_EDGE('',*,*,#2463,.F.);
#3528=ORIENTED_EDGE('',*,*,#2462,.T.);
#3529=ORIENTED_EDGE('',*,*,#2468,.F.);
#3530=ORIENTED_EDGE('',*,*,#2536,.T.);
#3531=ORIENTED_EDGE('',*,*,#2534,.T.);
#3532=ORIENTED_EDGE('',*,*,#2537,.F.);
#3533=ORIENTED_EDGE('',*,*,#2538,.F.);
#3534=ORIENTED_EDGE('',*,*,#2539,.F.);
#3535=ORIENTED_EDGE('',*,*,#2527,.F.);
#3536=ORIENTED_EDGE('',*,*,#2540,.F.);
#3537=ORIENTED_EDGE('',*,*,#2538,.T.);
#3538=ORIENTED_EDGE('',*,*,#2541,.F.);
#3539=ORIENTED_EDGE('',*,*,#2532,.T.);
#3540=ORIENTED_EDGE('',*,*,#2542,.F.);
#3541=ORIENTED_EDGE('',*,*,#2543,.F.);
#3542=ORIENTED_EDGE('',*,*,#2528,.F.);
#3543=ORIENTED_EDGE('',*,*,#2539,.T.);
#3544=ORIENTED_EDGE('',*,*,#2537,.T.);
#3545=ORIENTED_EDGE('',*,*,#2533,.T.);
#3546=ORIENTED_EDGE('',*,*,#2529,.F.);
#3547=ORIENTED_EDGE('',*,*,#2541,.T.);
#3548=ORIENTED_EDGE('',*,*,#2544,.T.);
#3549=ORIENTED_EDGE('',*,*,#1989,.F.);
#3550=ORIENTED_EDGE('',*,*,#2200,.F.);
#3551=ORIENTED_EDGE('',*,*,#2211,.F.);
#3552=ORIENTED_EDGE('',*,*,#2545,.F.);
#3553=ORIENTED_EDGE('',*,*,#2082,.T.);
#3554=ORIENTED_EDGE('',*,*,#2440,.T.);
#3555=ORIENTED_EDGE('',*,*,#2207,.F.);
#3556=ORIENTED_EDGE('',*,*,#2203,.T.);
#3557=ORIENTED_EDGE('',*,*,#2144,.T.);
#3558=ORIENTED_EDGE('',*,*,#2202,.F.);
#3559=ORIENTED_EDGE('',*,*,#2154,.T.);
#3560=ORIENTED_EDGE('',*,*,#2201,.T.);
#3561=ORIENTED_EDGE('',*,*,#2142,.F.);
#3562=ORIENTED_EDGE('',*,*,#2545,.T.);
#3563=ORIENTED_EDGE('',*,*,#2210,.F.);
#3564=ORIENTED_EDGE('',*,*,#2438,.F.);
#3565=ORIENTED_EDGE('',*,*,#2080,.T.);
#3566=ORIENTED_EDGE('',*,*,#2214,.F.);
#3567=ORIENTED_EDGE('',*,*,#2225,.F.);
#3568=ORIENTED_EDGE('',*,*,#2546,.F.);
#3569=ORIENTED_EDGE('',*,*,#2074,.T.);
#3570=ORIENTED_EDGE('',*,*,#2443,.T.);
#3571=ORIENTED_EDGE('',*,*,#2221,.F.);
#3572=ORIENTED_EDGE('',*,*,#2217,.T.);
#3573=ORIENTED_EDGE('',*,*,#2136,.T.);
#3574=ORIENTED_EDGE('',*,*,#2216,.F.);
#3575=ORIENTED_EDGE('',*,*,#2160,.T.);
#3576=ORIENTED_EDGE('',*,*,#2215,.T.);
#3577=ORIENTED_EDGE('',*,*,#2134,.F.);
#3578=ORIENTED_EDGE('',*,*,#2546,.T.);
#3579=ORIENTED_EDGE('',*,*,#2224,.F.);
#3580=ORIENTED_EDGE('',*,*,#2441,.F.);
#3581=ORIENTED_EDGE('',*,*,#2072,.T.);
#3582=ORIENTED_EDGE('',*,*,#2228,.F.);
#3583=ORIENTED_EDGE('',*,*,#2239,.F.);
#3584=ORIENTED_EDGE('',*,*,#2547,.F.);
#3585=ORIENTED_EDGE('',*,*,#2066,.T.);
#3586=ORIENTED_EDGE('',*,*,#2446,.T.);
#3587=ORIENTED_EDGE('',*,*,#2235,.F.);
#3588=ORIENTED_EDGE('',*,*,#2231,.T.);
#3589=ORIENTED_EDGE('',*,*,#2128,.T.);
#3590=ORIENTED_EDGE('',*,*,#2230,.F.);
#3591=ORIENTED_EDGE('',*,*,#2166,.T.);
#3592=ORIENTED_EDGE('',*,*,#2229,.T.);
#3593=ORIENTED_EDGE('',*,*,#2126,.F.);
#3594=ORIENTED_EDGE('',*,*,#2547,.T.);
#3595=ORIENTED_EDGE('',*,*,#2238,.F.);
#3596=ORIENTED_EDGE('',*,*,#2444,.F.);
#3597=ORIENTED_EDGE('',*,*,#2064,.T.);
#3598=ORIENTED_EDGE('',*,*,#2242,.F.);
#3599=ORIENTED_EDGE('',*,*,#2253,.F.);
#3600=ORIENTED_EDGE('',*,*,#2548,.F.);
#3601=ORIENTED_EDGE('',*,*,#2058,.T.);
#3602=ORIENTED_EDGE('',*,*,#2449,.T.);
#3603=ORIENTED_EDGE('',*,*,#2249,.F.);
#3604=ORIENTED_EDGE('',*,*,#2245,.T.);
#3605=ORIENTED_EDGE('',*,*,#2120,.T.);
#3606=ORIENTED_EDGE('',*,*,#2244,.F.);
#3607=ORIENTED_EDGE('',*,*,#2172,.T.);
#3608=ORIENTED_EDGE('',*,*,#2243,.T.);
#3609=ORIENTED_EDGE('',*,*,#2118,.F.);
#3610=ORIENTED_EDGE('',*,*,#2548,.T.);
#3611=ORIENTED_EDGE('',*,*,#2252,.F.);
#3612=ORIENTED_EDGE('',*,*,#2447,.F.);
#3613=ORIENTED_EDGE('',*,*,#2056,.T.);
#3614=ORIENTED_EDGE('',*,*,#2256,.F.);
#3615=ORIENTED_EDGE('',*,*,#2267,.F.);
#3616=ORIENTED_EDGE('',*,*,#2549,.F.);
#3617=ORIENTED_EDGE('',*,*,#2050,.T.);
#3618=ORIENTED_EDGE('',*,*,#2452,.T.);
#3619=ORIENTED_EDGE('',*,*,#2263,.F.);
#3620=ORIENTED_EDGE('',*,*,#2259,.T.);
#3621=ORIENTED_EDGE('',*,*,#2112,.T.);
#3622=ORIENTED_EDGE('',*,*,#2258,.F.);
#3623=ORIENTED_EDGE('',*,*,#2178,.T.);
#3624=ORIENTED_EDGE('',*,*,#2257,.T.);
#3625=ORIENTED_EDGE('',*,*,#2110,.F.);
#3626=ORIENTED_EDGE('',*,*,#2549,.T.);
#3627=ORIENTED_EDGE('',*,*,#2266,.F.);
#3628=ORIENTED_EDGE('',*,*,#2450,.F.);
#3629=ORIENTED_EDGE('',*,*,#2048,.T.);
#3630=ORIENTED_EDGE('',*,*,#2270,.F.);
#3631=ORIENTED_EDGE('',*,*,#2281,.F.);
#3632=ORIENTED_EDGE('',*,*,#2550,.F.);
#3633=ORIENTED_EDGE('',*,*,#2042,.T.);
#3634=ORIENTED_EDGE('',*,*,#2455,.T.);
#3635=ORIENTED_EDGE('',*,*,#2277,.F.);
#3636=ORIENTED_EDGE('',*,*,#2273,.T.);
#3637=ORIENTED_EDGE('',*,*,#2104,.T.);
#3638=ORIENTED_EDGE('',*,*,#2272,.F.);
#3639=ORIENTED_EDGE('',*,*,#2184,.T.);
#3640=ORIENTED_EDGE('',*,*,#2271,.T.);
#3641=ORIENTED_EDGE('',*,*,#2102,.F.);
#3642=ORIENTED_EDGE('',*,*,#2550,.T.);
#3643=ORIENTED_EDGE('',*,*,#2280,.F.);
#3644=ORIENTED_EDGE('',*,*,#2453,.F.);
#3645=ORIENTED_EDGE('',*,*,#2040,.T.);
#3646=ORIENTED_EDGE('',*,*,#2284,.F.);
#3647=ORIENTED_EDGE('',*,*,#2295,.F.);
#3648=ORIENTED_EDGE('',*,*,#2551,.F.);
#3649=ORIENTED_EDGE('',*,*,#2034,.T.);
#3650=ORIENTED_EDGE('',*,*,#2458,.T.);
#3651=ORIENTED_EDGE('',*,*,#2291,.F.);
#3652=ORIENTED_EDGE('',*,*,#2287,.T.);
#3653=ORIENTED_EDGE('',*,*,#2096,.T.);
#3654=ORIENTED_EDGE('',*,*,#2286,.F.);
#3655=ORIENTED_EDGE('',*,*,#2190,.T.);
#3656=ORIENTED_EDGE('',*,*,#2285,.T.);
#3657=ORIENTED_EDGE('',*,*,#2094,.F.);
#3658=ORIENTED_EDGE('',*,*,#2551,.T.);
#3659=ORIENTED_EDGE('',*,*,#2294,.F.);
#3660=ORIENTED_EDGE('',*,*,#2456,.F.);
#3661=ORIENTED_EDGE('',*,*,#2032,.T.);
#3662=ORIENTED_EDGE('',*,*,#2298,.F.);
#3663=ORIENTED_EDGE('',*,*,#2309,.F.);
#3664=ORIENTED_EDGE('',*,*,#2552,.F.);
#3665=ORIENTED_EDGE('',*,*,#2026,.T.);
#3666=ORIENTED_EDGE('',*,*,#2461,.T.);
#3667=ORIENTED_EDGE('',*,*,#2305,.F.);
#3668=ORIENTED_EDGE('',*,*,#2301,.T.);
#3669=ORIENTED_EDGE('',*,*,#2088,.T.);
#3670=ORIENTED_EDGE('',*,*,#2300,.F.);
#3671=ORIENTED_EDGE('',*,*,#2196,.T.);
#3672=ORIENTED_EDGE('',*,*,#2299,.T.);
#3673=ORIENTED_EDGE('',*,*,#2086,.F.);
#3674=ORIENTED_EDGE('',*,*,#2552,.T.);
#3675=ORIENTED_EDGE('',*,*,#2308,.F.);
#3676=ORIENTED_EDGE('',*,*,#2459,.F.);
#3677=ORIENTED_EDGE('',*,*,#2024,.T.);
#3678=ORIENTED_EDGE('',*,*,#2544,.F.);
#3679=ORIENTED_EDGE('',*,*,#2543,.T.);
#3680=ORIENTED_EDGE('',*,*,#2553,.T.);
#3681=ORIENTED_EDGE('',*,*,#1986,.F.);
#3682=ORIENTED_EDGE('',*,*,#2553,.F.);
#3683=ORIENTED_EDGE('',*,*,#2542,.T.);
#3684=ORIENTED_EDGE('',*,*,#2531,.T.);
#3685=ORIENTED_EDGE('',*,*,#2535,.T.);
#3686=ORIENTED_EDGE('',*,*,#2536,.F.);
#3687=ORIENTED_EDGE('',*,*,#2540,.T.);
#3688=ORIENTED_EDGE('',*,*,#2526,.T.);
#3689=ORIENTED_EDGE('',*,*,#1987,.F.);
#3690=PLANE('',#4359);
#3691=PLANE('',#4360);
#3692=PLANE('',#4361);
#3693=PLANE('',#4362);
#3694=PLANE('',#4363);
#3695=PLANE('',#4364);
#3696=PLANE('',#4365);
#3697=PLANE('',#4366);
#3698=PLANE('',#4367);
#3699=PLANE('',#4368);
#3700=PLANE('',#4369);
#3701=PLANE('',#4370);
#3702=PLANE('',#4371);
#3703=PLANE('',#4372);
#3704=PLANE('',#4373);
#3705=PLANE('',#4374);
#3706=PLANE('',#4375);
#3707=PLANE('',#4376);
#3708=PLANE('',#4377);
#3709=PLANE('',#4378);
#3710=PLANE('',#4379);
#3711=PLANE('',#4380);
#3712=PLANE('',#4381);
#3713=PLANE('',#4382);
#3714=PLANE('',#4383);
#3715=PLANE('',#4384);
#3716=PLANE('',#4385);
#3717=PLANE('',#4386);
#3718=PLANE('',#4387);
#3719=PLANE('',#4388);
#3720=PLANE('',#4389);
#3721=PLANE('',#4390);
#3722=PLANE('',#4391);
#3723=PLANE('',#4392);
#3724=PLANE('',#4393);
#3725=PLANE('',#4394);
#3726=PLANE('',#4395);
#3727=PLANE('',#4396);
#3728=PLANE('',#4397);
#3729=PLANE('',#4398);
#3730=PLANE('',#4399);
#3731=PLANE('',#4400);
#3732=PLANE('',#4401);
#3733=PLANE('',#4402);
#3734=PLANE('',#4403);
#3735=PLANE('',#4404);
#3736=PLANE('',#4405);
#3737=PLANE('',#4406);
#3738=PLANE('',#4407);
#3739=PLANE('',#4408);
#3740=PLANE('',#4409);
#3741=PLANE('',#4410);
#3742=PLANE('',#4411);
#3743=PLANE('',#4412);
#3744=PLANE('',#4413);
#3745=PLANE('',#4414);
#3746=PLANE('',#4415);
#3747=PLANE('',#4416);
#3748=PLANE('',#4417);
#3749=PLANE('',#4418);
#3750=PLANE('',#4419);
#3751=PLANE('',#4420);
#3752=PLANE('',#4421);
#3753=PLANE('',#4422);
#3754=PLANE('',#4423);
#3755=PLANE('',#4424);
#3756=PLANE('',#4425);
#3757=PLANE('',#4426);
#3758=PLANE('',#4427);
#3759=PLANE('',#4428);
#3760=PLANE('',#4429);
#3761=PLANE('',#4430);
#3762=PLANE('',#4431);
#3763=PLANE('',#4432);
#3764=PLANE('',#4433);
#3765=PLANE('',#4434);
#3766=PLANE('',#4435);
#3767=PLANE('',#4436);
#3768=PLANE('',#4437);
#3769=PLANE('',#4438);
#3770=PLANE('',#4439);
#3771=PLANE('',#4440);
#3772=PLANE('',#4441);
#3773=PLANE('',#4442);
#3774=PLANE('',#4443);
#3775=PLANE('',#4444);
#3776=PLANE('',#4445);
#3777=PLANE('',#4446);
#3778=PLANE('',#4447);
#3779=PLANE('',#4448);
#3780=PLANE('',#4449);
#3781=PLANE('',#4450);
#3782=PLANE('',#4451);
#3783=PLANE('',#4452);
#3784=PLANE('',#4453);
#3785=PLANE('',#4454);
#3786=PLANE('',#4455);
#3787=PLANE('',#4456);
#3788=PLANE('',#4457);
#3789=PLANE('',#4458);
#3790=PLANE('',#4459);
#3791=PLANE('',#4460);
#3792=PLANE('',#4461);
#3793=PLANE('',#4462);
#3794=PLANE('',#4463);
#3795=PLANE('',#4464);
#3796=PLANE('',#4465);
#3797=PLANE('',#4466);
#3798=PLANE('',#4467);
#3799=PLANE('',#4468);
#3800=PLANE('',#4469);
#3801=PLANE('',#4470);
#3802=PLANE('',#4471);
#3803=PLANE('',#4472);
#3804=PLANE('',#4473);
#3805=PLANE('',#4474);
#3806=PLANE('',#4475);
#3807=PLANE('',#4476);
#3808=PLANE('',#4477);
#3809=PLANE('',#4478);
#3810=PLANE('',#4479);
#3811=PLANE('',#4480);
#3812=PLANE('',#4481);
#3813=PLANE('',#4482);
#3814=PLANE('',#4483);
#3815=PLANE('',#4484);
#3816=PLANE('',#4485);
#3817=PLANE('',#4486);
#3818=PLANE('',#4487);
#3819=PLANE('',#4488);
#3820=PLANE('',#4489);
#3821=PLANE('',#4490);
#3822=PLANE('',#4491);
#3823=PLANE('',#4492);
#3824=PLANE('',#4493);
#3825=PLANE('',#4494);
#3826=PLANE('',#4495);
#3827=PLANE('',#4496);
#3828=PLANE('',#4497);
#3829=PLANE('',#4498);
#3830=PLANE('',#4499);
#3831=PLANE('',#4500);
#3832=PLANE('',#4501);
#3833=PLANE('',#4502);
#3834=PLANE('',#4503);
#3835=PLANE('',#4504);
#3836=PLANE('',#4505);
#3837=PLANE('',#4506);
#3838=PLANE('',#4507);
#3839=PLANE('',#4508);
#3840=PLANE('',#4509);
#3841=PLANE('',#4510);
#3842=PLANE('',#4511);
#3843=PLANE('',#4512);
#3844=PLANE('',#4513);
#3845=PLANE('',#4514);
#3846=PLANE('',#4515);
#3847=PLANE('',#4516);
#3848=PLANE('',#4517);
#3849=PLANE('',#4518);
#3850=PLANE('',#4519);
#3851=PLANE('',#4520);
#3852=PLANE('',#4521);
#3853=PLANE('',#4522);
#3854=PLANE('',#4523);
#3855=PLANE('',#4524);
#3856=PLANE('',#4525);
#3857=PLANE('',#4526);
#3858=PLANE('',#4527);
#3859=PLANE('',#4528);
#3860=PLANE('',#4529);
#3861=PLANE('',#4530);
#3862=PLANE('',#4531);
#3863=PLANE('',#4532);
#3864=PLANE('',#4533);
#3865=PLANE('',#4534);
#3866=PLANE('',#4535);
#3867=PLANE('',#4536);
#3868=PLANE('',#4537);
#3869=PLANE('',#4538);
#3870=PLANE('',#4539);
#3871=PLANE('',#4540);
#3872=PLANE('',#4541);
#3873=PLANE('',#4542);
#3874=PLANE('',#4543);
#3875=PLANE('',#4544);
#3876=PLANE('',#4545);
#3877=PLANE('',#4546);
#3878=PLANE('',#4547);
#3879=PLANE('',#4548);
#3880=PLANE('',#4549);
#3881=PLANE('',#4550);
#3882=PLANE('',#4551);
#3883=PLANE('',#4552);
#3884=PLANE('',#4553);
#3885=PLANE('',#4554);
#3886=PLANE('',#4555);
#3887=PLANE('',#4556);
#3888=PLANE('',#4557);
#3889=PLANE('',#4558);
#3890=PLANE('',#4559);
#3891=PLANE('',#4560);
#3892=PLANE('',#4561);
#3893=PLANE('',#4562);
#3894=PLANE('',#4563);
#3895=PLANE('',#4564);
#3896=PLANE('',#4565);
#3897=PLANE('',#4566);
#3898=PLANE('',#4567);
#3899=PLANE('',#4568);
#3900=PLANE('',#4569);
#3901=PLANE('',#4570);
#3902=PLANE('',#4571);
#3903=PLANE('',#4572);
#3904=PLANE('',#4573);
#3905=PLANE('',#4574);
#3906=PLANE('',#4575);
#3907=PLANE('',#4576);
#3908=STYLED_ITEM('',(#6758),#4127);
#3909=STYLED_ITEM('',(#6758),#4128);
#3910=STYLED_ITEM('',(#6758),#4129);
#3911=STYLED_ITEM('',(#6758),#4130);
#3912=STYLED_ITEM('',(#6758),#4131);
#3913=STYLED_ITEM('',(#6758),#4132);
#3914=STYLED_ITEM('',(#6758),#4133);
#3915=STYLED_ITEM('',(#6758),#4134);
#3916=STYLED_ITEM('',(#6758),#4135);
#3917=STYLED_ITEM('',(#6758),#4136);
#3918=STYLED_ITEM('',(#6758),#4137);
#3919=STYLED_ITEM('',(#6758),#4138);
#3920=STYLED_ITEM('',(#6758),#4139);
#3921=STYLED_ITEM('',(#6758),#4140);
#3922=STYLED_ITEM('',(#6758),#4141);
#3923=STYLED_ITEM('',(#6758),#4142);
#3924=STYLED_ITEM('',(#6758),#4143);
#3925=STYLED_ITEM('',(#6758),#4144);
#3926=STYLED_ITEM('',(#6758),#4145);
#3927=STYLED_ITEM('',(#6758),#4146);
#3928=STYLED_ITEM('',(#6758),#4147);
#3929=STYLED_ITEM('',(#6758),#4148);
#3930=STYLED_ITEM('',(#6758),#4149);
#3931=STYLED_ITEM('',(#6758),#4150);
#3932=STYLED_ITEM('',(#6758),#4151);
#3933=STYLED_ITEM('',(#6758),#4152);
#3934=STYLED_ITEM('',(#6758),#4153);
#3935=STYLED_ITEM('',(#6758),#4154);
#3936=STYLED_ITEM('',(#6758),#4155);
#3937=STYLED_ITEM('',(#6758),#4156);
#3938=STYLED_ITEM('',(#6758),#4157);
#3939=STYLED_ITEM('',(#6758),#4158);
#3940=STYLED_ITEM('',(#6758),#4159);
#3941=STYLED_ITEM('',(#6759),#4160);
#3942=STYLED_ITEM('',(#6759),#4161);
#3943=STYLED_ITEM('',(#6759),#4162);
#3944=STYLED_ITEM('',(#6759),#4163);
#3945=STYLED_ITEM('',(#6759),#4164);
#3946=STYLED_ITEM('',(#6759),#4165);
#3947=STYLED_ITEM('',(#6759),#4166);
#3948=STYLED_ITEM('',(#6759),#4167);
#3949=STYLED_ITEM('',(#6759),#4168);
#3950=STYLED_ITEM('',(#6759),#4169);
#3951=STYLED_ITEM('',(#6759),#4170);
#3952=STYLED_ITEM('',(#6759),#4171);
#3953=STYLED_ITEM('',(#6759),#4172);
#3954=STYLED_ITEM('',(#6759),#4173);
#3955=STYLED_ITEM('',(#6759),#4174);
#3956=STYLED_ITEM('',(#6759),#4175);
#3957=STYLED_ITEM('',(#6759),#4176);
#3958=STYLED_ITEM('',(#6759),#4177);
#3959=STYLED_ITEM('',(#6759),#4178);
#3960=STYLED_ITEM('',(#6759),#4179);
#3961=STYLED_ITEM('',(#6759),#4180);
#3962=STYLED_ITEM('',(#6759),#4181);
#3963=STYLED_ITEM('',(#6759),#4182);
#3964=STYLED_ITEM('',(#6759),#4183);
#3965=STYLED_ITEM('',(#6759),#4184);
#3966=STYLED_ITEM('',(#6759),#4185);
#3967=STYLED_ITEM('',(#6759),#4186);
#3968=STYLED_ITEM('',(#6759),#4187);
#3969=STYLED_ITEM('',(#6759),#4188);
#3970=STYLED_ITEM('',(#6759),#4189);
#3971=STYLED_ITEM('',(#6759),#4190);
#3972=STYLED_ITEM('',(#6759),#4191);
#3973=STYLED_ITEM('',(#6759),#4192);
#3974=STYLED_ITEM('',(#6759),#4193);
#3975=STYLED_ITEM('',(#6758),#4194);
#3976=STYLED_ITEM('',(#6758),#4195);
#3977=STYLED_ITEM('',(#6759),#4196);
#3978=STYLED_ITEM('',(#6759),#4197);
#3979=STYLED_ITEM('',(#6758),#4198);
#3980=STYLED_ITEM('',(#6758),#4199);
#3981=STYLED_ITEM('',(#6759),#4200);
#3982=STYLED_ITEM('',(#6759),#4201);
#3983=STYLED_ITEM('',(#6758),#4202);
#3984=STYLED_ITEM('',(#6758),#4203);
#3985=STYLED_ITEM('',(#6759),#4204);
#3986=STYLED_ITEM('',(#6759),#4205);
#3987=STYLED_ITEM('',(#6758),#4206);
#3988=STYLED_ITEM('',(#6758),#4207);
#3989=STYLED_ITEM('',(#6759),#4208);
#3990=STYLED_ITEM('',(#6759),#4209);
#3991=STYLED_ITEM('',(#6758),#4210);
#3992=STYLED_ITEM('',(#6758),#4211);
#3993=STYLED_ITEM('',(#6759),#4212);
#3994=STYLED_ITEM('',(#6759),#4213);
#3995=STYLED_ITEM('',(#6758),#4214);
#3996=STYLED_ITEM('',(#6758),#4215);
#3997=STYLED_ITEM('',(#6759),#4216);
#3998=STYLED_ITEM('',(#6759),#4217);
#3999=STYLED_ITEM('',(#6758),#4218);
#4000=STYLED_ITEM('',(#6758),#4219);
#4001=STYLED_ITEM('',(#6759),#4220);
#4002=STYLED_ITEM('',(#6759),#4221);
#4003=STYLED_ITEM('',(#6758),#4222);
#4004=STYLED_ITEM('',(#6758),#4223);
#4005=STYLED_ITEM('',(#6759),#4224);
#4006=STYLED_ITEM('',(#6759),#4225);
#4007=STYLED_ITEM('',(#6759),#4226);
#4008=STYLED_ITEM('',(#6759),#4227);
#4009=STYLED_ITEM('',(#6759),#4228);
#4010=STYLED_ITEM('',(#6759),#4229);
#4011=STYLED_ITEM('',(#6759),#4230);
#4012=STYLED_ITEM('',(#6759),#4231);
#4013=STYLED_ITEM('',(#6759),#4232);
#4014=STYLED_ITEM('',(#6759),#4233);
#4015=STYLED_ITEM('',(#6759),#4234);
#4016=STYLED_ITEM('',(#6759),#4235);
#4017=STYLED_ITEM('',(#6759),#4236);
#4018=STYLED_ITEM('',(#6759),#4237);
#4019=STYLED_ITEM('',(#6759),#4238);
#4020=STYLED_ITEM('',(#6759),#4239);
#4021=STYLED_ITEM('',(#6759),#4240);
#4022=STYLED_ITEM('',(#6759),#4241);
#4023=STYLED_ITEM('',(#6759),#4242);
#4024=STYLED_ITEM('',(#6759),#4243);
#4025=STYLED_ITEM('',(#6759),#4244);
#4026=STYLED_ITEM('',(#6759),#4245);
#4027=STYLED_ITEM('',(#6759),#4246);
#4028=STYLED_ITEM('',(#6759),#4247);
#4029=STYLED_ITEM('',(#6759),#4248);
#4030=STYLED_ITEM('',(#6759),#4249);
#4031=STYLED_ITEM('',(#6759),#4250);
#4032=STYLED_ITEM('',(#6759),#4251);
#4033=STYLED_ITEM('',(#6759),#4252);
#4034=STYLED_ITEM('',(#6759),#4253);
#4035=STYLED_ITEM('',(#6759),#4254);
#4036=STYLED_ITEM('',(#6759),#4255);
#4037=STYLED_ITEM('',(#6759),#4256);
#4038=STYLED_ITEM('',(#6759),#4257);
#4039=STYLED_ITEM('',(#6759),#4258);
#4040=STYLED_ITEM('',(#6759),#4259);
#4041=STYLED_ITEM('',(#6759),#4260);
#4042=STYLED_ITEM('',(#6759),#4261);
#4043=STYLED_ITEM('',(#6759),#4262);
#4044=STYLED_ITEM('',(#6759),#4263);
#4045=STYLED_ITEM('',(#6758),#4264);
#4046=STYLED_ITEM('',(#6758),#4265);
#4047=STYLED_ITEM('',(#6758),#4266);
#4048=STYLED_ITEM('',(#6758),#4267);
#4049=STYLED_ITEM('',(#6758),#4268);
#4050=STYLED_ITEM('',(#6758),#4269);
#4051=STYLED_ITEM('',(#6758),#4270);
#4052=STYLED_ITEM('',(#6758),#4271);
#4053=STYLED_ITEM('',(#6758),#4272);
#4054=STYLED_ITEM('',(#6758),#4273);
#4055=STYLED_ITEM('',(#6758),#4274);
#4056=STYLED_ITEM('',(#6758),#4275);
#4057=STYLED_ITEM('',(#6758),#4276);
#4058=STYLED_ITEM('',(#6758),#4277);
#4059=STYLED_ITEM('',(#6758),#4278);
#4060=STYLED_ITEM('',(#6758),#4279);
#4061=STYLED_ITEM('',(#6759),#4280);
#4062=STYLED_ITEM('',(#6759),#4281);
#4063=STYLED_ITEM('',(#6759),#4282);
#4064=STYLED_ITEM('',(#6759),#4283);
#4065=STYLED_ITEM('',(#6759),#4284);
#4066=STYLED_ITEM('',(#6759),#4285);
#4067=STYLED_ITEM('',(#6759),#4286);
#4068=STYLED_ITEM('',(#6759),#4287);
#4069=STYLED_ITEM('',(#6759),#4288);
#4070=STYLED_ITEM('',(#6759),#4289);
#4071=STYLED_ITEM('',(#6759),#4290);
#4072=STYLED_ITEM('',(#6759),#4291);
#4073=STYLED_ITEM('',(#6759),#4292);
#4074=STYLED_ITEM('',(#6759),#4293);
#4075=STYLED_ITEM('',(#6759),#4294);
#4076=STYLED_ITEM('',(#6759),#4295);
#4077=STYLED_ITEM('',(#6759),#4296);
#4078=STYLED_ITEM('',(#6759),#4297);
#4079=STYLED_ITEM('',(#6759),#4298);
#4080=STYLED_ITEM('',(#6759),#4299);
#4081=STYLED_ITEM('',(#6759),#4300);
#4082=STYLED_ITEM('',(#6759),#4301);
#4083=STYLED_ITEM('',(#6759),#4302);
#4084=STYLED_ITEM('',(#6759),#4303);
#4085=STYLED_ITEM('',(#6759),#4304);
#4086=STYLED_ITEM('',(#6759),#4305);
#4087=STYLED_ITEM('',(#6759),#4306);
#4088=STYLED_ITEM('',(#6759),#4307);
#4089=STYLED_ITEM('',(#6759),#4308);
#4090=STYLED_ITEM('',(#6759),#4309);
#4091=STYLED_ITEM('',(#6759),#4310);
#4092=STYLED_ITEM('',(#6759),#4311);
#4093=STYLED_ITEM('',(#6758),#4312);
#4094=STYLED_ITEM('',(#6758),#4313);
#4095=STYLED_ITEM('',(#6758),#4314);
#4096=STYLED_ITEM('',(#6758),#4315);
#4097=STYLED_ITEM('',(#6758),#4316);
#4098=STYLED_ITEM('',(#6758),#4317);
#4099=STYLED_ITEM('',(#6758),#4318);
#4100=STYLED_ITEM('',(#6758),#4319);
#4101=STYLED_ITEM('',(#6759),#4320);
#4102=STYLED_ITEM('',(#6758),#4321);
#4103=STYLED_ITEM('',(#6758),#4322);
#4104=STYLED_ITEM('',(#6759),#4323);
#4105=STYLED_ITEM('',(#6758),#4324);
#4106=STYLED_ITEM('',(#6758),#4325);
#4107=STYLED_ITEM('',(#6759),#4326);
#4108=STYLED_ITEM('',(#6758),#4327);
#4109=STYLED_ITEM('',(#6758),#4328);
#4110=STYLED_ITEM('',(#6759),#4329);
#4111=STYLED_ITEM('',(#6758),#4330);
#4112=STYLED_ITEM('',(#6758),#4331);
#4113=STYLED_ITEM('',(#6759),#4332);
#4114=STYLED_ITEM('',(#6758),#4333);
#4115=STYLED_ITEM('',(#6758),#4334);
#4116=STYLED_ITEM('',(#6759),#4335);
#4117=STYLED_ITEM('',(#6758),#4336);
#4118=STYLED_ITEM('',(#6758),#4337);
#4119=STYLED_ITEM('',(#6759),#4338);
#4120=STYLED_ITEM('',(#6758),#4339);
#4121=STYLED_ITEM('',(#6758),#4340);
#4122=STYLED_ITEM('',(#6759),#4341);
#4123=STYLED_ITEM('',(#6758),#4342);
#4124=STYLED_ITEM('',(#6758),#4343);
#4125=STYLED_ITEM('',(#6758),#4344);
#4126=STYLED_ITEM('',(#6757),#13);
#4127=ADVANCED_FACE('',(#30,#14,#15,#16,#17,#18,#19,#20,#21),#3690,.T.);
#4128=ADVANCED_FACE('',(#31),#3691,.T.);
#4129=ADVANCED_FACE('',(#32),#3692,.T.);
#4130=ADVANCED_FACE('',(#33),#3693,.T.);
#4131=ADVANCED_FACE('',(#34),#3694,.T.);
#4132=ADVANCED_FACE('',(#35),#3695,.T.);
#4133=ADVANCED_FACE('',(#36),#3696,.T.);
#4134=ADVANCED_FACE('',(#37),#3697,.T.);
#4135=ADVANCED_FACE('',(#38),#3698,.T.);
#4136=ADVANCED_FACE('',(#39),#3699,.T.);
#4137=ADVANCED_FACE('',(#40),#3700,.T.);
#4138=ADVANCED_FACE('',(#41),#3701,.T.);
#4139=ADVANCED_FACE('',(#42),#3702,.T.);
#4140=ADVANCED_FACE('',(#43),#3703,.T.);
#4141=ADVANCED_FACE('',(#44),#3704,.T.);
#4142=ADVANCED_FACE('',(#45),#3705,.T.);
#4143=ADVANCED_FACE('',(#46),#3706,.T.);
#4144=ADVANCED_FACE('',(#47),#3707,.T.);
#4145=ADVANCED_FACE('',(#48),#3708,.T.);
#4146=ADVANCED_FACE('',(#49),#3709,.T.);
#4147=ADVANCED_FACE('',(#50),#3710,.T.);
#4148=ADVANCED_FACE('',(#51),#3711,.T.);
#4149=ADVANCED_FACE('',(#52),#3712,.T.);
#4150=ADVANCED_FACE('',(#53),#3713,.T.);
#4151=ADVANCED_FACE('',(#54),#3714,.T.);
#4152=ADVANCED_FACE('',(#55),#3715,.T.);
#4153=ADVANCED_FACE('',(#56),#3716,.T.);
#4154=ADVANCED_FACE('',(#57),#3717,.T.);
#4155=ADVANCED_FACE('',(#58),#3718,.T.);
#4156=ADVANCED_FACE('',(#59),#3719,.T.);
#4157=ADVANCED_FACE('',(#60),#3720,.T.);
#4158=ADVANCED_FACE('',(#61),#3721,.T.);
#4159=ADVANCED_FACE('',(#62),#3722,.T.);
#4160=ADVANCED_FACE('',(#63),#3723,.T.);
#4161=ADVANCED_FACE('',(#64),#3724,.T.);
#4162=ADVANCED_FACE('',(#65),#3725,.T.);
#4163=ADVANCED_FACE('',(#66),#3726,.T.);
#4164=ADVANCED_FACE('',(#67),#3727,.T.);
#4165=ADVANCED_FACE('',(#68),#3728,.T.);
#4166=ADVANCED_FACE('',(#69),#3729,.T.);
#4167=ADVANCED_FACE('',(#70),#3730,.T.);
#4168=ADVANCED_FACE('',(#71),#3731,.T.);
#4169=ADVANCED_FACE('',(#72),#3732,.T.);
#4170=ADVANCED_FACE('',(#73),#3733,.T.);
#4171=ADVANCED_FACE('',(#74),#3734,.T.);
#4172=ADVANCED_FACE('',(#75),#3735,.T.);
#4173=ADVANCED_FACE('',(#76),#3736,.T.);
#4174=ADVANCED_FACE('',(#77),#3737,.T.);
#4175=ADVANCED_FACE('',(#78),#3738,.T.);
#4176=ADVANCED_FACE('',(#79),#3739,.T.);
#4177=ADVANCED_FACE('',(#80),#3740,.T.);
#4178=ADVANCED_FACE('',(#81),#3741,.T.);
#4179=ADVANCED_FACE('',(#82),#3742,.T.);
#4180=ADVANCED_FACE('',(#83),#3743,.T.);
#4181=ADVANCED_FACE('',(#84),#3744,.T.);
#4182=ADVANCED_FACE('',(#85),#3745,.T.);
#4183=ADVANCED_FACE('',(#86),#3746,.T.);
#4184=ADVANCED_FACE('',(#87),#3747,.T.);
#4185=ADVANCED_FACE('',(#88),#3748,.T.);
#4186=ADVANCED_FACE('',(#89),#3749,.T.);
#4187=ADVANCED_FACE('',(#90),#3750,.T.);
#4188=ADVANCED_FACE('',(#91),#3751,.T.);
#4189=ADVANCED_FACE('',(#92),#3752,.T.);
#4190=ADVANCED_FACE('',(#93),#3753,.T.);
#4191=ADVANCED_FACE('',(#94),#3754,.T.);
#4192=ADVANCED_FACE('',(#95),#3755,.F.);
#4193=ADVANCED_FACE('',(#96),#3756,.T.);
#4194=ADVANCED_FACE('',(#97),#3757,.T.);
#4195=ADVANCED_FACE('',(#98),#3758,.T.);
#4196=ADVANCED_FACE('',(#99),#3759,.F.);
#4197=ADVANCED_FACE('',(#100),#3760,.T.);
#4198=ADVANCED_FACE('',(#101),#3761,.T.);
#4199=ADVANCED_FACE('',(#102),#3762,.T.);
#4200=ADVANCED_FACE('',(#103),#3763,.F.);
#4201=ADVANCED_FACE('',(#104),#3764,.T.);
#4202=ADVANCED_FACE('',(#105),#3765,.T.);
#4203=ADVANCED_FACE('',(#106),#3766,.T.);
#4204=ADVANCED_FACE('',(#107),#3767,.F.);
#4205=ADVANCED_FACE('',(#108),#3768,.T.);
#4206=ADVANCED_FACE('',(#109),#3769,.T.);
#4207=ADVANCED_FACE('',(#110),#3770,.T.);
#4208=ADVANCED_FACE('',(#111),#3771,.F.);
#4209=ADVANCED_FACE('',(#112),#3772,.T.);
#4210=ADVANCED_FACE('',(#113),#3773,.T.);
#4211=ADVANCED_FACE('',(#114),#3774,.T.);
#4212=ADVANCED_FACE('',(#115),#3775,.F.);
#4213=ADVANCED_FACE('',(#116),#3776,.T.);
#4214=ADVANCED_FACE('',(#117),#3777,.T.);
#4215=ADVANCED_FACE('',(#118),#3778,.T.);
#4216=ADVANCED_FACE('',(#119),#3779,.F.);
#4217=ADVANCED_FACE('',(#120),#3780,.T.);
#4218=ADVANCED_FACE('',(#121),#3781,.T.);
#4219=ADVANCED_FACE('',(#122),#3782,.T.);
#4220=ADVANCED_FACE('',(#123),#3783,.F.);
#4221=ADVANCED_FACE('',(#124),#3784,.T.);
#4222=ADVANCED_FACE('',(#125),#3785,.T.);
#4223=ADVANCED_FACE('',(#126),#3786,.T.);
#4224=ADVANCED_FACE('',(#127),#3787,.T.);
#4225=ADVANCED_FACE('',(#128),#3788,.T.);
#4226=ADVANCED_FACE('',(#129),#3789,.T.);
#4227=ADVANCED_FACE('',(#130),#3790,.T.);
#4228=ADVANCED_FACE('',(#131),#3791,.T.);
#4229=ADVANCED_FACE('',(#132),#3792,.T.);
#4230=ADVANCED_FACE('',(#133),#3793,.T.);
#4231=ADVANCED_FACE('',(#134),#3794,.T.);
#4232=ADVANCED_FACE('',(#135),#3795,.T.);
#4233=ADVANCED_FACE('',(#136),#3796,.T.);
#4234=ADVANCED_FACE('',(#137),#3797,.T.);
#4235=ADVANCED_FACE('',(#138),#3798,.T.);
#4236=ADVANCED_FACE('',(#139),#3799,.T.);
#4237=ADVANCED_FACE('',(#140),#3800,.T.);
#4238=ADVANCED_FACE('',(#141),#3801,.T.);
#4239=ADVANCED_FACE('',(#142),#3802,.T.);
#4240=ADVANCED_FACE('',(#143),#3803,.T.);
#4241=ADVANCED_FACE('',(#144),#3804,.T.);
#4242=ADVANCED_FACE('',(#145),#3805,.T.);
#4243=ADVANCED_FACE('',(#146),#3806,.T.);
#4244=ADVANCED_FACE('',(#147),#3807,.T.);
#4245=ADVANCED_FACE('',(#148),#3808,.T.);
#4246=ADVANCED_FACE('',(#149),#3809,.T.);
#4247=ADVANCED_FACE('',(#150),#3810,.T.);
#4248=ADVANCED_FACE('',(#151),#3811,.T.);
#4249=ADVANCED_FACE('',(#152),#3812,.T.);
#4250=ADVANCED_FACE('',(#153),#3813,.T.);
#4251=ADVANCED_FACE('',(#154),#3814,.T.);
#4252=ADVANCED_FACE('',(#155),#3815,.T.);
#4253=ADVANCED_FACE('',(#156),#3816,.T.);
#4254=ADVANCED_FACE('',(#157),#3817,.T.);
#4255=ADVANCED_FACE('',(#158),#3818,.T.);
#4256=ADVANCED_FACE('',(#159),#3819,.T.);
#4257=ADVANCED_FACE('',(#160),#3820,.T.);
#4258=ADVANCED_FACE('',(#161),#3821,.T.);
#4259=ADVANCED_FACE('',(#162),#3822,.T.);
#4260=ADVANCED_FACE('',(#163),#3823,.T.);
#4261=ADVANCED_FACE('',(#164),#3824,.T.);
#4262=ADVANCED_FACE('',(#165),#3825,.T.);
#4263=ADVANCED_FACE('',(#166),#3826,.T.);
#4264=ADVANCED_FACE('',(#167),#3827,.F.);
#4265=ADVANCED_FACE('',(#168),#3828,.F.);
#4266=ADVANCED_FACE('',(#169),#3829,.F.);
#4267=ADVANCED_FACE('',(#170),#3830,.F.);
#4268=ADVANCED_FACE('',(#171),#3831,.F.);
#4269=ADVANCED_FACE('',(#172),#3832,.F.);
#4270=ADVANCED_FACE('',(#173),#3833,.F.);
#4271=ADVANCED_FACE('',(#174),#3834,.F.);
#4272=ADVANCED_FACE('',(#175),#3835,.F.);
#4273=ADVANCED_FACE('',(#176),#3836,.F.);
#4274=ADVANCED_FACE('',(#177),#3837,.F.);
#4275=ADVANCED_FACE('',(#178),#3838,.F.);
#4276=ADVANCED_FACE('',(#179),#3839,.F.);
#4277=ADVANCED_FACE('',(#180),#3840,.F.);
#4278=ADVANCED_FACE('',(#181),#3841,.F.);
#4279=ADVANCED_FACE('',(#182),#3842,.F.);
#4280=ADVANCED_FACE('',(#183),#3843,.T.);
#4281=ADVANCED_FACE('',(#184),#3844,.T.);
#4282=ADVANCED_FACE('',(#185),#3845,.F.);
#4283=ADVANCED_FACE('',(#186),#3846,.T.);
#4284=ADVANCED_FACE('',(#187),#3847,.T.);
#4285=ADVANCED_FACE('',(#188),#3848,.T.);
#4286=ADVANCED_FACE('',(#189),#3849,.F.);
#4287=ADVANCED_FACE('',(#190),#3850,.T.);
#4288=ADVANCED_FACE('',(#191),#3851,.T.);
#4289=ADVANCED_FACE('',(#192),#3852,.T.);
#4290=ADVANCED_FACE('',(#193),#3853,.F.);
#4291=ADVANCED_FACE('',(#194),#3854,.T.);
#4292=ADVANCED_FACE('',(#195),#3855,.T.);
#4293=ADVANCED_FACE('',(#196),#3856,.T.);
#4294=ADVANCED_FACE('',(#197),#3857,.F.);
#4295=ADVANCED_FACE('',(#198),#3858,.T.);
#4296=ADVANCED_FACE('',(#199),#3859,.T.);
#4297=ADVANCED_FACE('',(#200),#3860,.T.);
#4298=ADVANCED_FACE('',(#201),#3861,.F.);
#4299=ADVANCED_FACE('',(#202),#3862,.T.);
#4300=ADVANCED_FACE('',(#203),#3863,.T.);
#4301=ADVANCED_FACE('',(#204),#3864,.T.);
#4302=ADVANCED_FACE('',(#205),#3865,.F.);
#4303=ADVANCED_FACE('',(#206),#3866,.T.);
#4304=ADVANCED_FACE('',(#207),#3867,.T.);
#4305=ADVANCED_FACE('',(#208),#3868,.T.);
#4306=ADVANCED_FACE('',(#209),#3869,.F.);
#4307=ADVANCED_FACE('',(#210),#3870,.T.);
#4308=ADVANCED_FACE('',(#211),#3871,.T.);
#4309=ADVANCED_FACE('',(#212),#3872,.T.);
#4310=ADVANCED_FACE('',(#213),#3873,.F.);
#4311=ADVANCED_FACE('',(#214),#3874,.T.);
#4312=ADVANCED_FACE('',(#215),#3875,.F.);
#4313=ADVANCED_FACE('',(#216),#3876,.T.);
#4314=ADVANCED_FACE('',(#217,#22,#23,#24,#25,#26,#27,#28,#29),#3877,.F.);
#4315=ADVANCED_FACE('',(#218),#3878,.T.);
#4316=ADVANCED_FACE('',(#219),#3879,.F.);
#4317=ADVANCED_FACE('',(#220),#3880,.F.);
#4318=ADVANCED_FACE('',(#221),#3881,.F.);
#4319=ADVANCED_FACE('',(#222),#3882,.F.);
#4320=ADVANCED_FACE('',(#223),#3883,.T.);
#4321=ADVANCED_FACE('',(#224),#3884,.F.);
#4322=ADVANCED_FACE('',(#225),#3885,.F.);
#4323=ADVANCED_FACE('',(#226),#3886,.T.);
#4324=ADVANCED_FACE('',(#227),#3887,.F.);
#4325=ADVANCED_FACE('',(#228),#3888,.F.);
#4326=ADVANCED_FACE('',(#229),#3889,.T.);
#4327=ADVANCED_FACE('',(#230),#3890,.F.);
#4328=ADVANCED_FACE('',(#231),#3891,.F.);
#4329=ADVANCED_FACE('',(#232),#3892,.T.);
#4330=ADVANCED_FACE('',(#233),#3893,.F.);
#4331=ADVANCED_FACE('',(#234),#3894,.F.);
#4332=ADVANCED_FACE('',(#235),#3895,.T.);
#4333=ADVANCED_FACE('',(#236),#3896,.F.);
#4334=ADVANCED_FACE('',(#237),#3897,.F.);
#4335=ADVANCED_FACE('',(#238),#3898,.T.);
#4336=ADVANCED_FACE('',(#239),#3899,.F.);
#4337=ADVANCED_FACE('',(#240),#3900,.F.);
#4338=ADVANCED_FACE('',(#241),#3901,.T.);
#4339=ADVANCED_FACE('',(#242),#3902,.F.);
#4340=ADVANCED_FACE('',(#243),#3903,.F.);
#4341=ADVANCED_FACE('',(#244),#3904,.T.);
#4342=ADVANCED_FACE('',(#245),#3905,.F.);
#4343=ADVANCED_FACE('',(#246),#3906,.F.);
#4344=ADVANCED_FACE('',(#247),#3907,.F.);
#4345=CLOSED_SHELL('',(#4127,#4128,#4129,#4130,#4131,#4132,#4133,#4134,
#4135,#4136,#4137,#4138,#4139,#4140,#4141,#4142,#4143,#4144,#4145,#4146,
#4147,#4148,#4149,#4150,#4151,#4152,#4153,#4154,#4155,#4156,#4157,#4158,
#4159,#4160,#4161,#4162,#4163,#4164,#4165,#4166,#4167,#4168,#4169,#4170,
#4171,#4172,#4173,#4174,#4175,#4176,#4177,#4178,#4179,#4180,#4181,#4182,
#4183,#4184,#4185,#4186,#4187,#4188,#4189,#4190,#4191,#4192,#4193,#4194,
#4195,#4196,#4197,#4198,#4199,#4200,#4201,#4202,#4203,#4204,#4205,#4206,
#4207,#4208,#4209,#4210,#4211,#4212,#4213,#4214,#4215,#4216,#4217,#4218,
#4219,#4220,#4221,#4222,#4223,#4224,#4225,#4226,#4227,#4228,#4229,#4230,
#4231,#4232,#4233,#4234,#4235,#4236,#4237,#4238,#4239,#4240,#4241,#4242,
#4243,#4244,#4245,#4246,#4247,#4248,#4249,#4250,#4251,#4252,#4253,#4254,
#4255,#4256,#4257,#4258,#4259,#4260,#4261,#4262,#4263,#4264,#4265,#4266,
#4267,#4268,#4269,#4270,#4271,#4272,#4273,#4274,#4275,#4276,#4277,#4278,
#4279,#4280,#4281,#4282,#4283,#4284,#4285,#4286,#4287,#4288,#4289,#4290,
#4291,#4292,#4293,#4294,#4295,#4296,#4297,#4298,#4299,#4300,#4301,#4302,
#4303,#4304,#4305,#4306,#4307,#4308,#4309,#4310,#4311,#4312,#4313,#4314,
#4315,#4316,#4317,#4318,#4319,#4320,#4321,#4322,#4323,#4324,#4325,#4326,
#4327,#4328,#4329,#4330,#4331,#4332,#4333,#4334,#4335,#4336,#4337,#4338,
#4339,#4340,#4341,#4342,#4343,#4344));
#4346=DERIVED_UNIT_ELEMENT(#4348,1.);
#4347=DERIVED_UNIT_ELEMENT(#6743,-3.);
#4348=(
MASS_UNIT()
NAMED_UNIT(*)
SI_UNIT(.KILO.,.GRAM.)
);
#4349=DERIVED_UNIT((#4346,#4347));
#4350=MEASURE_REPRESENTATION_ITEM('density measure',
POSITIVE_RATIO_MEASURE(7850.),#4349);
#4351=PROPERTY_DEFINITION_REPRESENTATION(#4356,#4353);
#4352=PROPERTY_DEFINITION_REPRESENTATION(#4357,#4354);
#4353=REPRESENTATION('material name',(#4355),#6740);
#4354=REPRESENTATION('density',(#4350),#6740);
#4355=DESCRIPTIVE_REPRESENTATION_ITEM('Steel','Steel');
#4356=PROPERTY_DEFINITION('material property','material name',#6750);
#4357=PROPERTY_DEFINITION('material property','density of part',#6750);
#4358=AXIS2_PLACEMENT_3D('',#5583,#4577,#4578);
#4359=AXIS2_PLACEMENT_3D('',#5584,#4579,#4580);
#4360=AXIS2_PLACEMENT_3D('',#5657,#4617,#4618);
#4361=AXIS2_PLACEMENT_3D('',#5663,#4622,#4623);
#4362=AXIS2_PLACEMENT_3D('',#5667,#4626,#4627);
#4363=AXIS2_PLACEMENT_3D('',#5671,#4630,#4631);
#4364=AXIS2_PLACEMENT_3D('',#5673,#4633,#4634);
#4365=AXIS2_PLACEMENT_3D('',#5679,#4638,#4639);
#4366=AXIS2_PLACEMENT_3D('',#5683,#4642,#4643);
#4367=AXIS2_PLACEMENT_3D('',#5687,#4646,#4647);
#4368=AXIS2_PLACEMENT_3D('',#5689,#4649,#4650);
#4369=AXIS2_PLACEMENT_3D('',#5695,#4654,#4655);
#4370=AXIS2_PLACEMENT_3D('',#5699,#4658,#4659);
#4371=AXIS2_PLACEMENT_3D('',#5703,#4662,#4663);
#4372=AXIS2_PLACEMENT_3D('',#5705,#4665,#4666);
#4373=AXIS2_PLACEMENT_3D('',#5711,#4670,#4671);
#4374=AXIS2_PLACEMENT_3D('',#5715,#4674,#4675);
#4375=AXIS2_PLACEMENT_3D('',#5719,#4678,#4679);
#4376=AXIS2_PLACEMENT_3D('',#5721,#4681,#4682);
#4377=AXIS2_PLACEMENT_3D('',#5727,#4686,#4687);
#4378=AXIS2_PLACEMENT_3D('',#5731,#4690,#4691);
#4379=AXIS2_PLACEMENT_3D('',#5735,#4694,#4695);
#4380=AXIS2_PLACEMENT_3D('',#5737,#4697,#4698);
#4381=AXIS2_PLACEMENT_3D('',#5743,#4702,#4703);
#4382=AXIS2_PLACEMENT_3D('',#5747,#4706,#4707);
#4383=AXIS2_PLACEMENT_3D('',#5751,#4710,#4711);
#4384=AXIS2_PLACEMENT_3D('',#5753,#4713,#4714);
#4385=AXIS2_PLACEMENT_3D('',#5759,#4718,#4719);
#4386=AXIS2_PLACEMENT_3D('',#5763,#4722,#4723);
#4387=AXIS2_PLACEMENT_3D('',#5767,#4726,#4727);
#4388=AXIS2_PLACEMENT_3D('',#5769,#4729,#4730);
#4389=AXIS2_PLACEMENT_3D('',#5775,#4734,#4735);
#4390=AXIS2_PLACEMENT_3D('',#5779,#4738,#4739);
#4391=AXIS2_PLACEMENT_3D('',#5783,#4742,#4743);
#4392=AXIS2_PLACEMENT_3D('',#5785,#4745,#4746);
#4393=AXIS2_PLACEMENT_3D('',#5794,#4751,#4752);
#4394=AXIS2_PLACEMENT_3D('',#5803,#4757,#4758);
#4395=AXIS2_PLACEMENT_3D('',#5812,#4763,#4764);
#4396=AXIS2_PLACEMENT_3D('',#5821,#4769,#4770);
#4397=AXIS2_PLACEMENT_3D('',#5830,#4775,#4776);
#4398=AXIS2_PLACEMENT_3D('',#5839,#4781,#4782);
#4399=AXIS2_PLACEMENT_3D('',#5848,#4787,#4788);
#4400=AXIS2_PLACEMENT_3D('',#5857,#4793,#4794);
#4401=AXIS2_PLACEMENT_3D('',#5866,#4799,#4800);
#4402=AXIS2_PLACEMENT_3D('',#5875,#4805,#4806);
#4403=AXIS2_PLACEMENT_3D('',#5884,#4811,#4812);
#4404=AXIS2_PLACEMENT_3D('',#5893,#4817,#4818);
#4405=AXIS2_PLACEMENT_3D('',#5902,#4823,#4824);
#4406=AXIS2_PLACEMENT_3D('',#5911,#4829,#4830);
#4407=AXIS2_PLACEMENT_3D('',#5920,#4835,#4836);
#4408=AXIS2_PLACEMENT_3D('',#5929,#4841,#4842);
#4409=AXIS2_PLACEMENT_3D('',#5935,#4846,#4847);
#4410=AXIS2_PLACEMENT_3D('',#5941,#4851,#4852);
#4411=AXIS2_PLACEMENT_3D('',#5947,#4856,#4857);
#4412=AXIS2_PLACEMENT_3D('',#5953,#4861,#4862);
#4413=AXIS2_PLACEMENT_3D('',#5959,#4866,#4867);
#4414=AXIS2_PLACEMENT_3D('',#5965,#4871,#4872);
#4415=AXIS2_PLACEMENT_3D('',#5971,#4876,#4877);
#4416=AXIS2_PLACEMENT_3D('',#5977,#4881,#4882);
#4417=AXIS2_PLACEMENT_3D('',#5983,#4886,#4887);
#4418=AXIS2_PLACEMENT_3D('',#5989,#4891,#4892);
#4419=AXIS2_PLACEMENT_3D('',#5995,#4896,#4897);
#4420=AXIS2_PLACEMENT_3D('',#6001,#4901,#4902);
#4421=AXIS2_PLACEMENT_3D('',#6007,#4906,#4907);
#4422=AXIS2_PLACEMENT_3D('',#6013,#4911,#4912);
#4423=AXIS2_PLACEMENT_3D('',#6019,#4916,#4917);
#4424=AXIS2_PLACEMENT_3D('',#6025,#4921,#4922);
#4425=AXIS2_PLACEMENT_3D('',#6032,#4927,#4928);
#4426=AXIS2_PLACEMENT_3D('',#6039,#4933,#4934);
#4427=AXIS2_PLACEMENT_3D('',#6045,#4938,#4939);
#4428=AXIS2_PLACEMENT_3D('',#6051,#4943,#4944);
#4429=AXIS2_PLACEMENT_3D('',#6058,#4949,#4950);
#4430=AXIS2_PLACEMENT_3D('',#6065,#4955,#4956);
#4431=AXIS2_PLACEMENT_3D('',#6071,#4960,#4961);
#4432=AXIS2_PLACEMENT_3D('',#6077,#4965,#4966);
#4433=AXIS2_PLACEMENT_3D('',#6084,#4971,#4972);
#4434=AXIS2_PLACEMENT_3D('',#6091,#4977,#4978);
#4435=AXIS2_PLACEMENT_3D('',#6097,#4982,#4983);
#4436=AXIS2_PLACEMENT_3D('',#6103,#4987,#4988);
#4437=AXIS2_PLACEMENT_3D('',#6110,#4993,#4994);
#4438=AXIS2_PLACEMENT_3D('',#6117,#4999,#5000);
#4439=AXIS2_PLACEMENT_3D('',#6123,#5004,#5005);
#4440=AXIS2_PLACEMENT_3D('',#6129,#5009,#5010);
#4441=AXIS2_PLACEMENT_3D('',#6136,#5015,#5016);
#4442=AXIS2_PLACEMENT_3D('',#6143,#5021,#5022);
#4443=AXIS2_PLACEMENT_3D('',#6149,#5026,#5027);
#4444=AXIS2_PLACEMENT_3D('',#6155,#5031,#5032);
#4445=AXIS2_PLACEMENT_3D('',#6162,#5037,#5038);
#4446=AXIS2_PLACEMENT_3D('',#6169,#5043,#5044);
#4447=AXIS2_PLACEMENT_3D('',#6175,#5048,#5049);
#4448=AXIS2_PLACEMENT_3D('',#6181,#5053,#5054);
#4449=AXIS2_PLACEMENT_3D('',#6188,#5059,#5060);
#4450=AXIS2_PLACEMENT_3D('',#6195,#5065,#5066);
#4451=AXIS2_PLACEMENT_3D('',#6201,#5070,#5071);
#4452=AXIS2_PLACEMENT_3D('',#6207,#5075,#5076);
#4453=AXIS2_PLACEMENT_3D('',#6214,#5081,#5082);
#4454=AXIS2_PLACEMENT_3D('',#6221,#5087,#5088);
#4455=AXIS2_PLACEMENT_3D('',#6227,#5092,#5093);
#4456=AXIS2_PLACEMENT_3D('',#6233,#5097,#5098);
#4457=AXIS2_PLACEMENT_3D('',#6242,#5103,#5104);
#4458=AXIS2_PLACEMENT_3D('',#6248,#5108,#5109);
#4459=AXIS2_PLACEMENT_3D('',#6254,#5113,#5114);
#4460=AXIS2_PLACEMENT_3D('',#6260,#5118,#5119);
#4461=AXIS2_PLACEMENT_3D('',#6266,#5123,#5124);
#4462=AXIS2_PLACEMENT_3D('',#6275,#5129,#5130);
#4463=AXIS2_PLACEMENT_3D('',#6281,#5134,#5135);
#4464=AXIS2_PLACEMENT_3D('',#6287,#5139,#5140);
#4465=AXIS2_PLACEMENT_3D('',#6293,#5144,#5145);
#4466=AXIS2_PLACEMENT_3D('',#6299,#5149,#5150);
#4467=AXIS2_PLACEMENT_3D('',#6308,#5155,#5156);
#4468=AXIS2_PLACEMENT_3D('',#6314,#5160,#5161);
#4469=AXIS2_PLACEMENT_3D('',#6320,#5165,#5166);
#4470=AXIS2_PLACEMENT_3D('',#6326,#5170,#5171);
#4471=AXIS2_PLACEMENT_3D('',#6332,#5175,#5176);
#4472=AXIS2_PLACEMENT_3D('',#6341,#5181,#5182);
#4473=AXIS2_PLACEMENT_3D('',#6347,#5186,#5187);
#4474=AXIS2_PLACEMENT_3D('',#6353,#5191,#5192);
#4475=AXIS2_PLACEMENT_3D('',#6359,#5196,#5197);
#4476=AXIS2_PLACEMENT_3D('',#6365,#5201,#5202);
#4477=AXIS2_PLACEMENT_3D('',#6374,#5207,#5208);
#4478=AXIS2_PLACEMENT_3D('',#6380,#5212,#5213);
#4479=AXIS2_PLACEMENT_3D('',#6386,#5217,#5218);
#4480=AXIS2_PLACEMENT_3D('',#6392,#5222,#5223);
#4481=AXIS2_PLACEMENT_3D('',#6398,#5227,#5228);
#4482=AXIS2_PLACEMENT_3D('',#6407,#5233,#5234);
#4483=AXIS2_PLACEMENT_3D('',#6413,#5238,#5239);
#4484=AXIS2_PLACEMENT_3D('',#6419,#5243,#5244);
#4485=AXIS2_PLACEMENT_3D('',#6425,#5248,#5249);
#4486=AXIS2_PLACEMENT_3D('',#6431,#5253,#5254);
#4487=AXIS2_PLACEMENT_3D('',#6440,#5259,#5260);
#4488=AXIS2_PLACEMENT_3D('',#6446,#5264,#5265);
#4489=AXIS2_PLACEMENT_3D('',#6452,#5269,#5270);
#4490=AXIS2_PLACEMENT_3D('',#6458,#5274,#5275);
#4491=AXIS2_PLACEMENT_3D('',#6464,#5279,#5280);
#4492=AXIS2_PLACEMENT_3D('',#6473,#5285,#5286);
#4493=AXIS2_PLACEMENT_3D('',#6479,#5290,#5291);
#4494=AXIS2_PLACEMENT_3D('',#6485,#5295,#5296);
#4495=AXIS2_PLACEMENT_3D('',#6491,#5300,#5301);
#4496=AXIS2_PLACEMENT_3D('',#6497,#5305,#5306);
#4497=AXIS2_PLACEMENT_3D('',#6500,#5309,#5310);
#4498=AXIS2_PLACEMENT_3D('',#6502,#5312,#5313);
#4499=AXIS2_PLACEMENT_3D('',#6505,#5316,#5317);
#4500=AXIS2_PLACEMENT_3D('',#6507,#5319,#5320);
#4501=AXIS2_PLACEMENT_3D('',#6510,#5323,#5324);
#4502=AXIS2_PLACEMENT_3D('',#6512,#5326,#5327);
#4503=AXIS2_PLACEMENT_3D('',#6515,#5330,#5331);
#4504=AXIS2_PLACEMENT_3D('',#6517,#5333,#5334);
#4505=AXIS2_PLACEMENT_3D('',#6520,#5337,#5338);
#4506=AXIS2_PLACEMENT_3D('',#6522,#5340,#5341);
#4507=AXIS2_PLACEMENT_3D('',#6525,#5344,#5345);
#4508=AXIS2_PLACEMENT_3D('',#6527,#5347,#5348);
#4509=AXIS2_PLACEMENT_3D('',#6530,#5351,#5352);
#4510=AXIS2_PLACEMENT_3D('',#6532,#5354,#5355);
#4511=AXIS2_PLACEMENT_3D('',#6535,#5358,#5359);
#4512=AXIS2_PLACEMENT_3D('',#6537,#5361,#5362);
#4513=AXIS2_PLACEMENT_3D('',#6539,#5364,#5365);
#4514=AXIS2_PLACEMENT_3D('',#6545,#5369,#5370);
#4515=AXIS2_PLACEMENT_3D('',#6547,#5372,#5373);
#4516=AXIS2_PLACEMENT_3D('',#6553,#5377,#5378);
#4517=AXIS2_PLACEMENT_3D('',#6555,#5380,#5381);
#4518=AXIS2_PLACEMENT_3D('',#6561,#5385,#5386);
#4519=AXIS2_PLACEMENT_3D('',#6563,#5388,#5389);
#4520=AXIS2_PLACEMENT_3D('',#6569,#5393,#5394);
#4521=AXIS2_PLACEMENT_3D('',#6571,#5396,#5397);
#4522=AXIS2_PLACEMENT_3D('',#6577,#5401,#5402);
#4523=AXIS2_PLACEMENT_3D('',#6579,#5404,#5405);
#4524=AXIS2_PLACEMENT_3D('',#6585,#5409,#5410);
#4525=AXIS2_PLACEMENT_3D('',#6587,#5412,#5413);
#4526=AXIS2_PLACEMENT_3D('',#6593,#5417,#5418);
#4527=AXIS2_PLACEMENT_3D('',#6595,#5420,#5421);
#4528=AXIS2_PLACEMENT_3D('',#6601,#5425,#5426);
#4529=AXIS2_PLACEMENT_3D('',#6603,#5428,#5429);
#4530=AXIS2_PLACEMENT_3D('',#6609,#5433,#5434);
#4531=AXIS2_PLACEMENT_3D('',#6611,#5436,#5437);
#4532=AXIS2_PLACEMENT_3D('',#6617,#5441,#5442);
#4533=AXIS2_PLACEMENT_3D('',#6619,#5444,#5445);
#4534=AXIS2_PLACEMENT_3D('',#6625,#5449,#5450);
#4535=AXIS2_PLACEMENT_3D('',#6627,#5452,#5453);
#4536=AXIS2_PLACEMENT_3D('',#6633,#5457,#5458);
#4537=AXIS2_PLACEMENT_3D('',#6635,#5460,#5461);
#4538=AXIS2_PLACEMENT_3D('',#6641,#5465,#5466);
#4539=AXIS2_PLACEMENT_3D('',#6643,#5468,#5469);
#4540=AXIS2_PLACEMENT_3D('',#6649,#5473,#5474);
#4541=AXIS2_PLACEMENT_3D('',#6651,#5476,#5477);
#4542=AXIS2_PLACEMENT_3D('',#6657,#5481,#5482);
#4543=AXIS2_PLACEMENT_3D('',#6659,#5484,#5485);
#4544=AXIS2_PLACEMENT_3D('',#6665,#5489,#5490);
#4545=AXIS2_PLACEMENT_3D('',#6671,#5494,#5495);
#4546=AXIS2_PLACEMENT_3D('',#6680,#5500,#5501);
#4547=AXIS2_PLACEMENT_3D('',#6686,#5505,#5506);
#4548=AXIS2_PLACEMENT_3D('',#6692,#5510,#5511);
#4549=AXIS2_PLACEMENT_3D('',#6695,#5514,#5515);
#4550=AXIS2_PLACEMENT_3D('',#6701,#5519,#5520);
#4551=AXIS2_PLACEMENT_3D('',#6703,#5522,#5523);
#4552=AXIS2_PLACEMENT_3D('',#6705,#5525,#5526);
#4553=AXIS2_PLACEMENT_3D('',#6706,#5527,#5528);
#4554=AXIS2_PLACEMENT_3D('',#6707,#5529,#5530);
#4555=AXIS2_PLACEMENT_3D('',#6709,#5532,#5533);
#4556=AXIS2_PLACEMENT_3D('',#6710,#5534,#5535);
#4557=AXIS2_PLACEMENT_3D('',#6711,#5536,#5537);
#4558=AXIS2_PLACEMENT_3D('',#6713,#5539,#5540);
#4559=AXIS2_PLACEMENT_3D('',#6714,#5541,#5542);
#4560=AXIS2_PLACEMENT_3D('',#6715,#5543,#5544);
#4561=AXIS2_PLACEMENT_3D('',#6717,#5546,#5547);
#4562=AXIS2_PLACEMENT_3D('',#6718,#5548,#5549);
#4563=AXIS2_PLACEMENT_3D('',#6719,#5550,#5551);
#4564=AXIS2_PLACEMENT_3D('',#6721,#5553,#5554);
#4565=AXIS2_PLACEMENT_3D('',#6722,#5555,#5556);
#4566=AXIS2_PLACEMENT_3D('',#6723,#5557,#5558);
#4567=AXIS2_PLACEMENT_3D('',#6725,#5560,#5561);
#4568=AXIS2_PLACEMENT_3D('',#6726,#5562,#5563);
#4569=AXIS2_PLACEMENT_3D('',#6727,#5564,#5565);
#4570=AXIS2_PLACEMENT_3D('',#6729,#5567,#5568);
#4571=AXIS2_PLACEMENT_3D('',#6730,#5569,#5570);
#4572=AXIS2_PLACEMENT_3D('',#6731,#5571,#5572);
#4573=AXIS2_PLACEMENT_3D('',#6733,#5574,#5575);
#4574=AXIS2_PLACEMENT_3D('',#6734,#5576,#5577);
#4575=AXIS2_PLACEMENT_3D('',#6735,#5578,#5579);
#4576=AXIS2_PLACEMENT_3D('',#6737,#5581,#5582);
#4577=DIRECTION('axis',(0.,0.,1.));
#4578=DIRECTION('refdir',(1.,0.,0.));
#4579=DIRECTION('center_axis',(0.,0.,1.));
#4580=DIRECTION('ref_axis',(1.110223024625E-16,1.,0.));
#4581=DIRECTION('',(1.110223024625E-16,1.,0.));
#4582=DIRECTION('',(-1.,1.110223024625E-16,0.));
#4583=DIRECTION('',(-1.110223024625E-16,-1.,0.));
#4584=DIRECTION('',(1.,-1.110223024625E-16,0.));
#4585=DIRECTION('',(-2.334869823773E-16,-1.,0.));
#4586=DIRECTION('',(-1.,2.334869823773E-16,0.));
#4587=DIRECTION('',(2.334869823773E-16,1.,0.));
#4588=DIRECTION('',(1.,-2.334869823773E-16,0.));
#4589=DIRECTION('',(-2.334869823773E-16,-1.,0.));
#4590=DIRECTION('',(-1.,2.334869823773E-16,0.));
#4591=DIRECTION('',(2.334869823773E-16,1.,0.));
#4592=DIRECTION('',(1.,-2.334869823773E-16,0.));
#4593=DIRECTION('',(-2.334869823773E-16,-1.,0.));
#4594=DIRECTION('',(-1.,2.334869823773E-16,0.));
#4595=DIRECTION('',(2.334869823773E-16,1.,0.));
#4596=DIRECTION('',(1.,-2.334869823773E-16,0.));
#4597=DIRECTION('',(-2.334869823773E-16,-1.,0.));
#4598=DIRECTION('',(-1.,2.334869823773E-16,0.));
#4599=DIRECTION('',(2.334869823773E-16,1.,0.));
#4600=DIRECTION('',(1.,-2.334869823773E-16,0.));
#4601=DIRECTION('',(1.110223024625E-16,1.,0.));
#4602=DIRECTION('',(1.,-1.110223024625E-16,0.));
#4603=DIRECTION('',(-1.110223024625E-16,-1.,0.));
#4604=DIRECTION('',(-1.,1.110223024625E-16,0.));
#4605=DIRECTION('',(1.110223024625E-16,1.,0.));
#4606=DIRECTION('',(1.,-1.110223024625E-16,0.));
#4607=DIRECTION('',(-1.110223024625E-16,-1.,0.));
#4608=DIRECTION('',(-1.,1.110223024625E-16,0.));
#4609=DIRECTION('',(1.110223024625E-16,1.,0.));
#4610=DIRECTION('',(1.,-1.110223024625E-16,0.));
#4611=DIRECTION('',(-1.110223024625E-16,-1.,0.));
#4612=DIRECTION('',(-1.,1.110223024625E-16,0.));
#4613=DIRECTION('',(1.110223024625E-16,1.,0.));
#4614=DIRECTION('',(1.,-1.110223024625E-16,0.));
#4615=DIRECTION('',(-1.110223024625E-16,-1.,0.));
#4616=DIRECTION('',(-1.,1.110223024625E-16,0.));
#4617=DIRECTION('center_axis',(0.707106781186548,-1.61627660507297E-16,
0.707106781186548));
#4618=DIRECTION('ref_axis',(-2.31031505960643E-16,-1.,2.45547641658994E-18));
#4619=DIRECTION('',(0.577350269189626,-0.577350269189626,-0.577350269189626));
#4620=DIRECTION('',(0.577350269189626,0.577350269189626,-0.577350269189626));
#4621=DIRECTION('',(-2.334869823773E-16,-1.,0.));
#4622=DIRECTION('center_axis',(1.65100228557594E-16,0.707106781186548,0.707106781186548));
#4623=DIRECTION('ref_axis',(1.,-2.33486982377174E-16,1.26143789125497E-28));
#4624=DIRECTION('',(-0.577350269189626,0.577350269189626,-0.577350269189626));
#4625=DIRECTION('',(1.,-2.334869823773E-16,0.));
#4626=DIRECTION('center_axis',(-0.707106781186548,1.65100228557594E-16,
0.707106781186548));
#4627=DIRECTION('ref_axis',(2.33486982377174E-16,1.,1.26143789125497E-28));
#4628=DIRECTION('',(-0.577350269189626,-0.577350269189626,-0.577350269189626));
#4629=DIRECTION('',(2.334869823773E-16,1.,0.));
#4630=DIRECTION('center_axis',(-1.65100228557594E-16,-0.707106781186548,
0.707106781186548));
#4631=DIRECTION('ref_axis',(-1.,2.33486982377174E-16,1.26143789125497E-28));
#4632=DIRECTION('',(-1.,2.334869823773E-16,0.));
#4633=DIRECTION('center_axis',(0.707106781186548,-1.61627660507297E-16,
0.707106781186548));
#4634=DIRECTION('ref_axis',(-2.31031505960643E-16,-1.,2.45547641658994E-18));
#4635=DIRECTION('',(0.577350269189626,-0.577350269189626,-0.577350269189626));
#4636=DIRECTION('',(0.577350269189626,0.577350269189626,-0.577350269189626));
#4637=DIRECTION('',(-2.334869823773E-16,-1.,0.));
#4638=DIRECTION('center_axis',(1.65100228557594E-16,0.707106781186548,0.707106781186548));
#4639=DIRECTION('ref_axis',(1.,-2.33486982377174E-16,1.26143789125497E-28));
#4640=DIRECTION('',(-0.577350269189626,0.577350269189626,-0.577350269189626));
#4641=DIRECTION('',(1.,-2.334869823773E-16,0.));
#4642=DIRECTION('center_axis',(-0.707106781186548,1.65100228557594E-16,
0.707106781186548));
#4643=DIRECTION('ref_axis',(2.33486982377174E-16,1.,1.26143789125497E-28));
#4644=DIRECTION('',(-0.577350269189626,-0.577350269189626,-0.577350269189626));
#4645=DIRECTION('',(2.334869823773E-16,1.,0.));
#4646=DIRECTION('center_axis',(-1.65100228557594E-16,-0.707106781186548,
0.707106781186548));
#4647=DIRECTION('ref_axis',(-1.,2.33486982377174E-16,1.26143789125497E-28));
#4648=DIRECTION('',(-1.,2.334869823773E-16,0.));
#4649=DIRECTION('center_axis',(0.707106781186548,-1.61627660507297E-16,
0.707106781186548));
#4650=DIRECTION('ref_axis',(-2.31031505960643E-16,-1.,2.45547641658994E-18));
#4651=DIRECTION('',(0.577350269189626,-0.577350269189626,-0.577350269189626));
#4652=DIRECTION('',(0.577350269189626,0.577350269189626,-0.577350269189626));
#4653=DIRECTION('',(-2.334869823773E-16,-1.,0.));
#4654=DIRECTION('center_axis',(1.65100228557594E-16,0.707106781186548,0.707106781186548));
#4655=DIRECTION('ref_axis',(1.,-2.33486982377174E-16,1.26143789125497E-28));
#4656=DIRECTION('',(-0.577350269189626,0.577350269189626,-0.577350269189626));
#4657=DIRECTION('',(1.,-2.334869823773E-16,0.));
#4658=DIRECTION('center_axis',(-0.707106781186548,1.65100228557594E-16,
0.707106781186548));
#4659=DIRECTION('ref_axis',(2.33486982377174E-16,1.,1.26143789125497E-28));
#4660=DIRECTION('',(-0.577350269189626,-0.577350269189626,-0.577350269189626));
#4661=DIRECTION('',(2.334869823773E-16,1.,0.));
#4662=DIRECTION('center_axis',(-1.65100228557594E-16,-0.707106781186548,
0.707106781186548));
#4663=DIRECTION('ref_axis',(-1.,2.33486982377174E-16,1.26143789125497E-28));
#4664=DIRECTION('',(-1.,2.334869823773E-16,0.));
#4665=DIRECTION('center_axis',(0.707106781186548,-1.61627660507297E-16,
0.707106781186548));
#4666=DIRECTION('ref_axis',(-2.31031505960643E-16,-1.,2.45547641658994E-18));
#4667=DIRECTION('',(0.577350269189626,-0.577350269189626,-0.577350269189626));
#4668=DIRECTION('',(0.577350269189626,0.577350269189626,-0.577350269189626));
#4669=DIRECTION('',(-2.334869823773E-16,-1.,0.));
#4670=DIRECTION('center_axis',(1.65100228557594E-16,0.707106781186548,0.707106781186548));
#4671=DIRECTION('ref_axis',(1.,-2.33486982377174E-16,1.26143789125497E-28));
#4672=DIRECTION('',(-0.577350269189626,0.577350269189626,-0.577350269189626));
#4673=DIRECTION('',(1.,-2.334869823773E-16,0.));
#4674=DIRECTION('center_axis',(-0.707106781186548,1.65100228557594E-16,
0.707106781186548));
#4675=DIRECTION('ref_axis',(2.33486982377174E-16,1.,1.26143789125497E-28));
#4676=DIRECTION('',(-0.577350269189626,-0.577350269189626,-0.577350269189626));
#4677=DIRECTION('',(2.334869823773E-16,1.,0.));
#4678=DIRECTION('center_axis',(-1.65100228557594E-16,-0.707106781186548,
0.707106781186548));
#4679=DIRECTION('ref_axis',(-1.,2.33486982377174E-16,1.26143789125497E-28));
#4680=DIRECTION('',(-1.,2.334869823773E-16,0.));
#4681=DIRECTION('center_axis',(-0.707106781186548,7.5032054883792E-17,0.707106781186548));
#4682=DIRECTION('ref_axis',(1.08566826045957E-16,1.,2.45547641657596E-18));
#4683=DIRECTION('',(-0.577350269189626,0.577350269189626,-0.577350269189626));
#4684=DIRECTION('',(-0.577350269189626,-0.577350269189626,-0.577350269189626));
#4685=DIRECTION('',(1.110223024625E-16,1.,0.));
#4686=DIRECTION('center_axis',(-7.85046229341398E-17,-0.707106781186548,
0.707106781186548));
#4687=DIRECTION('ref_axis',(-1.,1.11022302462473E-16,2.68089448258703E-29));
#4688=DIRECTION('',(0.577350269189626,-0.577350269189626,-0.577350269189626));
#4689=DIRECTION('',(-1.,1.110223024625E-16,0.));
#4690=DIRECTION('center_axis',(0.707106781186548,-7.85046229341398E-17,
0.707106781186548));
#4691=DIRECTION('ref_axis',(-1.11022302462473E-16,-1.,2.68089448258703E-29));
#4692=DIRECTION('',(0.577350269189626,0.577350269189626,-0.577350269189626));
#4693=DIRECTION('',(-1.110223024625E-16,-1.,0.));
#4694=DIRECTION('center_axis',(7.85046229341398E-17,0.707106781186548,0.707106781186548));
#4695=DIRECTION('ref_axis',(1.,-1.11022302462473E-16,2.68089448258703E-29));
#4696=DIRECTION('',(1.,-1.110223024625E-16,0.));
#4697=DIRECTION('center_axis',(-0.707106781186548,7.5032054883792E-17,0.707106781186548));
#4698=DIRECTION('ref_axis',(1.08566826045957E-16,1.,2.45547641657596E-18));
#4699=DIRECTION('',(-0.577350269189626,0.577350269189626,-0.577350269189626));
#4700=DIRECTION('',(-0.577350269189626,-0.577350269189626,-0.577350269189626));
#4701=DIRECTION('',(1.110223024625E-16,1.,0.));
#4702=DIRECTION('center_axis',(-7.85046229341398E-17,-0.707106781186548,
0.707106781186548));
#4703=DIRECTION('ref_axis',(-1.,1.11022302462473E-16,2.68089448258703E-29));
#4704=DIRECTION('',(0.577350269189626,-0.577350269189626,-0.577350269189626));
#4705=DIRECTION('',(-1.,1.110223024625E-16,0.));
#4706=DIRECTION('center_axis',(0.707106781186548,-7.85046229341398E-17,
0.707106781186548));
#4707=DIRECTION('ref_axis',(-1.11022302462473E-16,-1.,2.68089448258703E-29));
#4708=DIRECTION('',(0.577350269189626,0.577350269189626,-0.577350269189626));
#4709=DIRECTION('',(-1.110223024625E-16,-1.,0.));
#4710=DIRECTION('center_axis',(7.85046229341398E-17,0.707106781186548,0.707106781186548));
#4711=DIRECTION('ref_axis',(1.,-1.11022302462473E-16,2.68089448258703E-29));
#4712=DIRECTION('',(1.,-1.110223024625E-16,0.));
#4713=DIRECTION('center_axis',(-0.707106781186548,7.5032054883792E-17,0.707106781186548));
#4714=DIRECTION('ref_axis',(1.08566826045957E-16,1.,2.45547641657596E-18));
#4715=DIRECTION('',(-0.577350269189626,0.577350269189626,-0.577350269189626));
#4716=DIRECTION('',(-0.577350269189626,-0.577350269189626,-0.577350269189626));
#4717=DIRECTION('',(1.110223024625E-16,1.,0.));
#4718=DIRECTION('center_axis',(-7.85046229341398E-17,-0.707106781186548,
0.707106781186548));
#4719=DIRECTION('ref_axis',(-1.,1.11022302462473E-16,2.68089448258703E-29));
#4720=DIRECTION('',(0.577350269189626,-0.577350269189626,-0.577350269189626));
#4721=DIRECTION('',(-1.,1.110223024625E-16,0.));
#4722=DIRECTION('center_axis',(0.707106781186548,-7.85046229341398E-17,
0.707106781186548));
#4723=DIRECTION('ref_axis',(-1.11022302462473E-16,-1.,2.68089448258703E-29));
#4724=DIRECTION('',(0.577350269189626,0.577350269189626,-0.577350269189626));
#4725=DIRECTION('',(-1.110223024625E-16,-1.,0.));
#4726=DIRECTION('center_axis',(7.85046229341398E-17,0.707106781186548,0.707106781186548));
#4727=DIRECTION('ref_axis',(1.,-1.11022302462473E-16,2.68089448258703E-29));
#4728=DIRECTION('',(1.,-1.110223024625E-16,0.));
#4729=DIRECTION('center_axis',(-0.707106781186548,7.5032054883792E-17,0.707106781186548));
#4730=DIRECTION('ref_axis',(1.08566826045957E-16,1.,2.45547641657596E-18));
#4731=DIRECTION('',(-0.577350269189626,0.577350269189626,-0.577350269189626));
#4732=DIRECTION('',(-0.577350269189626,-0.577350269189626,-0.577350269189626));
#4733=DIRECTION('',(1.110223024625E-16,1.,0.));
#4734=DIRECTION('center_axis',(-7.85046229341398E-17,-0.707106781186548,
0.707106781186548));
#4735=DIRECTION('ref_axis',(-1.,1.11022302462473E-16,2.68089448258703E-29));
#4736=DIRECTION('',(0.577350269189626,-0.577350269189626,-0.577350269189626));
#4737=DIRECTION('',(-1.,1.110223024625E-16,0.));
#4738=DIRECTION('center_axis',(0.707106781186548,-7.85046229341398E-17,
0.707106781186548));
#4739=DIRECTION('ref_axis',(-1.11022302462473E-16,-1.,2.68089448258703E-29));
#4740=DIRECTION('',(0.577350269189626,0.577350269189626,-0.577350269189626));
#4741=DIRECTION('',(-1.110223024625E-16,-1.,0.));
#4742=DIRECTION('center_axis',(7.85046229341398E-17,0.707106781186548,0.707106781186548));
#4743=DIRECTION('ref_axis',(1.,-1.11022302462473E-16,2.68089448258703E-29));
#4744=DIRECTION('',(1.,-1.110223024625E-16,0.));
#4745=DIRECTION('center_axis',(1.65100228557594E-16,0.707106781186548,0.707106781186548));
#4746=DIRECTION('ref_axis',(-1.65100228557594E-16,-0.707106781186548,0.707106781186548));
#4747=DIRECTION('',(-1.,2.334869823773E-16,0.));
#4748=DIRECTION('',(-1.65100228557594E-16,-0.707106781186548,0.707106781186548));
#4749=DIRECTION('',(-1.,2.334869823773E-16,0.));
#4750=DIRECTION('',(-1.65100228557594E-16,-0.707106781186548,0.707106781186548));
#4751=DIRECTION('center_axis',(-1.65100228557594E-16,-0.707106781186548,
0.707106781186548));
#4752=DIRECTION('ref_axis',(-1.65100228557594E-16,-0.707106781186548,-0.707106781186548));
#4753=DIRECTION('',(-1.,2.334869823773E-16,0.));
#4754=DIRECTION('',(-1.65100228557594E-16,-0.707106781186548,-0.707106781186548));
#4755=DIRECTION('',(-1.,2.334869823773E-16,0.));
#4756=DIRECTION('',(-1.65100228557594E-16,-0.707106781186548,-0.707106781186548));
#4757=DIRECTION('center_axis',(1.65100228557594E-16,0.707106781186548,0.707106781186548));
#4758=DIRECTION('ref_axis',(-1.65100228557594E-16,-0.707106781186548,0.707106781186548));
#4759=DIRECTION('',(-1.,2.334869823773E-16,0.));
#4760=DIRECTION('',(-1.65100228557594E-16,-0.707106781186548,0.707106781186548));
#4761=DIRECTION('',(-1.,2.334869823773E-16,0.));
#4762=DIRECTION('',(-1.65100228557594E-16,-0.707106781186548,0.707106781186548));
#4763=DIRECTION('center_axis',(-1.65100228557594E-16,-0.707106781186548,
0.707106781186548));
#4764=DIRECTION('ref_axis',(-1.65100228557594E-16,-0.707106781186548,-0.707106781186548));
#4765=DIRECTION('',(-1.,2.334869823773E-16,0.));
#4766=DIRECTION('',(-1.65100228557594E-16,-0.707106781186548,-0.707106781186548));
#4767=DIRECTION('',(-1.,2.334869823773E-16,0.));
#4768=DIRECTION('',(-1.65100228557594E-16,-0.707106781186548,-0.707106781186548));
#4769=DIRECTION('center_axis',(1.65100228557594E-16,0.707106781186548,0.707106781186548));
#4770=DIRECTION('ref_axis',(-1.65100228557594E-16,-0.707106781186548,0.707106781186548));
#4771=DIRECTION('',(-1.,2.334869823773E-16,0.));
#4772=DIRECTION('',(-1.65100228557594E-16,-0.707106781186548,0.707106781186548));
#4773=DIRECTION('',(-1.,2.334869823773E-16,0.));
#4774=DIRECTION('',(-1.65100228557594E-16,-0.707106781186548,0.707106781186548));
#4775=DIRECTION('center_axis',(-1.65100228557594E-16,-0.707106781186548,
0.707106781186548));
#4776=DIRECTION('ref_axis',(-1.65100228557594E-16,-0.707106781186548,-0.707106781186548));
#4777=DIRECTION('',(-1.,2.334869823773E-16,0.));
#4778=DIRECTION('',(-1.65100228557594E-16,-0.707106781186548,-0.707106781186548));
#4779=DIRECTION('',(-1.,2.334869823773E-16,0.));
#4780=DIRECTION('',(-1.65100228557594E-16,-0.707106781186548,-0.707106781186548));
#4781=DIRECTION('center_axis',(1.65100228557594E-16,0.707106781186548,0.707106781186548));
#4782=DIRECTION('ref_axis',(-1.65100228557594E-16,-0.707106781186548,0.707106781186548));
#4783=DIRECTION('',(-1.,2.334869823773E-16,0.));
#4784=DIRECTION('',(-1.65100228557594E-16,-0.707106781186548,0.707106781186548));
#4785=DIRECTION('',(-1.,2.334869823773E-16,0.));
#4786=DIRECTION('',(-1.65100228557594E-16,-0.707106781186548,0.707106781186548));
#4787=DIRECTION('center_axis',(-1.65100228557594E-16,-0.707106781186548,
0.707106781186548));
#4788=DIRECTION('ref_axis',(-1.65100228557594E-16,-0.707106781186548,-0.707106781186548));
#4789=DIRECTION('',(-1.,2.334869823773E-16,0.));
#4790=DIRECTION('',(-1.65100228557594E-16,-0.707106781186548,-0.707106781186548));
#4791=DIRECTION('',(-1.,2.334869823773E-16,0.));
#4792=DIRECTION('',(-1.65100228557594E-16,-0.707106781186548,-0.707106781186548));
#4793=DIRECTION('center_axis',(-7.85046229341398E-17,-0.707106781186548,
0.707106781186548));
#4794=DIRECTION('ref_axis',(7.85046229341398E-17,0.707106781186548,0.707106781186548));
#4795=DIRECTION('',(1.,-1.110223024625E-16,0.));
#4796=DIRECTION('',(7.85046229341398E-17,0.707106781186548,0.707106781186548));
#4797=DIRECTION('',(1.,-1.110223024625E-16,0.));
#4798=DIRECTION('',(7.85046229341398E-17,0.707106781186548,0.707106781186548));
#4799=DIRECTION('center_axis',(7.85046229341398E-17,0.707106781186548,0.707106781186548));
#4800=DIRECTION('ref_axis',(7.85046229341398E-17,0.707106781186548,-0.707106781186548));
#4801=DIRECTION('',(1.,-1.110223024625E-16,0.));
#4802=DIRECTION('',(7.85046229341398E-17,0.707106781186548,-0.707106781186548));
#4803=DIRECTION('',(1.,-1.110223024625E-16,0.));
#4804=DIRECTION('',(7.85046229341398E-17,0.707106781186548,-0.707106781186548));
#4805=DIRECTION('center_axis',(-7.85046229341398E-17,-0.707106781186548,
0.707106781186548));
#4806=DIRECTION('ref_axis',(7.85046229341398E-17,0.707106781186548,0.707106781186548));
#4807=DIRECTION('',(1.,-1.110223024625E-16,0.));
#4808=DIRECTION('',(7.85046229341398E-17,0.707106781186548,0.707106781186548));
#4809=DIRECTION('',(1.,-1.110223024625E-16,0.));
#4810=DIRECTION('',(7.85046229341398E-17,0.707106781186548,0.707106781186548));
#4811=DIRECTION('center_axis',(7.85046229341398E-17,0.707106781186548,0.707106781186548));
#4812=DIRECTION('ref_axis',(7.85046229341398E-17,0.707106781186548,-0.707106781186548));
#4813=DIRECTION('',(1.,-1.110223024625E-16,0.));
#4814=DIRECTION('',(7.85046229341398E-17,0.707106781186548,-0.707106781186548));
#4815=DIRECTION('',(1.,-1.110223024625E-16,0.));
#4816=DIRECTION('',(7.85046229341398E-17,0.707106781186548,-0.707106781186548));
#4817=DIRECTION('center_axis',(-7.85046229341398E-17,-0.707106781186548,
0.707106781186548));
#4818=DIRECTION('ref_axis',(7.85046229341398E-17,0.707106781186548,0.707106781186548));
#4819=DIRECTION('',(1.,-1.110223024625E-16,0.));
#4820=DIRECTION('',(7.85046229341398E-17,0.707106781186548,0.707106781186548));
#4821=DIRECTION('',(1.,-1.110223024625E-16,0.));
#4822=DIRECTION('',(7.85046229341398E-17,0.707106781186548,0.707106781186548));
#4823=DIRECTION('center_axis',(7.85046229341398E-17,0.707106781186548,0.707106781186548));
#4824=DIRECTION('ref_axis',(7.85046229341398E-17,0.707106781186548,-0.707106781186548));
#4825=DIRECTION('',(1.,-1.110223024625E-16,0.));
#4826=DIRECTION('',(7.85046229341398E-17,0.707106781186548,-0.707106781186548));
#4827=DIRECTION('',(1.,-1.110223024625E-16,0.));
#4828=DIRECTION('',(7.85046229341398E-17,0.707106781186548,-0.707106781186548));
#4829=DIRECTION('center_axis',(-7.85046229341398E-17,-0.707106781186548,
0.707106781186548));
#4830=DIRECTION('ref_axis',(7.85046229341398E-17,0.707106781186548,0.707106781186548));
#4831=DIRECTION('',(1.,-1.110223024625E-16,0.));
#4832=DIRECTION('',(7.85046229341398E-17,0.707106781186548,0.707106781186548));
#4833=DIRECTION('',(1.,-1.110223024625E-16,0.));
#4834=DIRECTION('',(7.85046229341398E-17,0.707106781186548,0.707106781186548));
#4835=DIRECTION('center_axis',(7.85046229341398E-17,0.707106781186548,0.707106781186548));
#4836=DIRECTION('ref_axis',(7.85046229341398E-17,0.707106781186548,-0.707106781186548));
#4837=DIRECTION('',(1.,-1.110223024625E-16,0.));
#4838=DIRECTION('',(7.85046229341398E-17,0.707106781186548,-0.707106781186548));
#4839=DIRECTION('',(1.,-1.110223024625E-16,0.));
#4840=DIRECTION('',(7.85046229341398E-17,0.707106781186548,-0.707106781186548));
#4841=DIRECTION('center_axis',(1.110223024625E-16,1.,0.));
#4842=DIRECTION('ref_axis',(0.,0.,-1.));
#4843=DIRECTION('',(0.,0.,-1.));
#4844=DIRECTION('',(1.,-1.110223024625E-16,0.));
#4845=DIRECTION('',(0.,0.,-1.));
#4846=DIRECTION('center_axis',(0.,0.,1.));
#4847=DIRECTION('ref_axis',(1.110223024625E-16,1.,0.));
#4848=DIRECTION('',(1.110223024625E-16,1.,0.));
#4849=DIRECTION('',(1.,-1.110223024625E-16,0.));
#4850=DIRECTION('',(1.110223024625E-16,1.,0.));
#4851=DIRECTION('center_axis',(1.110223024625E-16,1.,0.));
#4852=DIRECTION('ref_axis',(0.,0.,-1.));
#4853=DIRECTION('',(0.,0.,-1.));
#4854=DIRECTION('',(1.,-1.110223024625E-16,0.));
#4855=DIRECTION('',(0.,0.,-1.));
#4856=DIRECTION('center_axis',(0.,0.,1.));
#4857=DIRECTION('ref_axis',(1.110223024625E-16,1.,0.));
#4858=DIRECTION('',(1.110223024625E-16,1.,0.));
#4859=DIRECTION('',(1.,-1.110223024625E-16,0.));
#4860=DIRECTION('',(1.110223024625E-16,1.,0.));
#4861=DIRECTION('center_axis',(1.110223024625E-16,1.,0.));
#4862=DIRECTION('ref_axis',(0.,0.,-1.));
#4863=DIRECTION('',(0.,0.,-1.));
#4864=DIRECTION('',(1.,-1.110223024625E-16,0.));
#4865=DIRECTION('',(0.,0.,-1.));
#4866=DIRECTION('center_axis',(0.,0.,1.));
#4867=DIRECTION('ref_axis',(1.110223024625E-16,1.,0.));
#4868=DIRECTION('',(1.110223024625E-16,1.,0.));
#4869=DIRECTION('',(1.,-1.110223024625E-16,0.));
#4870=DIRECTION('',(1.110223024625E-16,1.,0.));
#4871=DIRECTION('center_axis',(1.110223024625E-16,1.,0.));
#4872=DIRECTION('ref_axis',(0.,0.,-1.));
#4873=DIRECTION('',(0.,0.,-1.));
#4874=DIRECTION('',(1.,-1.110223024625E-16,0.));
#4875=DIRECTION('',(0.,0.,-1.));
#4876=DIRECTION('center_axis',(0.,0.,1.));
#4877=DIRECTION('ref_axis',(1.110223024625E-16,1.,0.));
#4878=DIRECTION('',(1.110223024625E-16,1.,0.));
#4879=DIRECTION('',(1.,-1.110223024625E-16,0.));
#4880=DIRECTION('',(1.110223024625E-16,1.,0.));
#4881=DIRECTION('center_axis',(-2.334869823773E-16,-1.,0.));
#4882=DIRECTION('ref_axis',(0.,0.,-1.));
#4883=DIRECTION('',(0.,0.,-1.));
#4884=DIRECTION('',(-1.,2.334869823773E-16,0.));
#4885=DIRECTION('',(0.,0.,-1.));
#4886=DIRECTION('center_axis',(0.,0.,1.));
#4887=DIRECTION('ref_axis',(-2.334869823773E-16,-1.,0.));
#4888=DIRECTION('',(-2.334869823773E-16,-1.,0.));
#4889=DIRECTION('',(-1.,2.334869823773E-16,0.));
#4890=DIRECTION('',(-2.334869823773E-16,-1.,0.));
#4891=DIRECTION('center_axis',(-2.334869823773E-16,-1.,0.));
#4892=DIRECTION('ref_axis',(0.,0.,-1.));
#4893=DIRECTION('',(0.,0.,-1.));
#4894=DIRECTION('',(-1.,2.334869823773E-16,0.));
#4895=DIRECTION('',(0.,0.,-1.));
#4896=DIRECTION('center_axis',(0.,0.,1.));
#4897=DIRECTION('ref_axis',(-2.334869823773E-16,-1.,0.));
#4898=DIRECTION('',(-2.334869823773E-16,-1.,0.));
#4899=DIRECTION('',(-1.,2.334869823773E-16,0.));
#4900=DIRECTION('',(-2.334869823773E-16,-1.,0.));
#4901=DIRECTION('center_axis',(-2.334869823773E-16,-1.,0.));
#4902=DIRECTION('ref_axis',(0.,0.,-1.));
#4903=DIRECTION('',(0.,0.,-1.));
#4904=DIRECTION('',(-1.,2.334869823773E-16,0.));
#4905=DIRECTION('',(0.,0.,-1.));
#4906=DIRECTION('center_axis',(0.,0.,1.));
#4907=DIRECTION('ref_axis',(-2.334869823773E-16,-1.,0.));
#4908=DIRECTION('',(-2.334869823773E-16,-1.,0.));
#4909=DIRECTION('',(-1.,2.334869823773E-16,0.));
#4910=DIRECTION('',(-2.334869823773E-16,-1.,0.));
#4911=DIRECTION('center_axis',(-2.334869823773E-16,-1.,0.));
#4912=DIRECTION('ref_axis',(0.,0.,-1.));
#4913=DIRECTION('',(0.,0.,-1.));
#4914=DIRECTION('',(-1.,2.334869823773E-16,0.));
#4915=DIRECTION('',(0.,0.,-1.));
#4916=DIRECTION('center_axis',(0.,0.,1.));
#4917=DIRECTION('ref_axis',(-2.334869823773E-16,-1.,0.));
#4918=DIRECTION('',(-2.334869823773E-16,-1.,0.));
#4919=DIRECTION('',(-1.,2.334869823773E-16,0.));
#4920=DIRECTION('',(-2.334869823773E-16,-1.,0.));
#4921=DIRECTION('center_axis',(-1.,1.110223024625E-16,0.));
#4922=DIRECTION('ref_axis',(0.,0.,1.));
#4923=DIRECTION('',(0.,0.,-1.));
#4924=DIRECTION('',(-1.110223024625E-16,-1.,0.));
#4925=DIRECTION('',(0.,0.,1.));
#4926=DIRECTION('',(0.,0.,1.));
#4927=DIRECTION('center_axis',(-1.,1.110223024625E-16,0.));
#4928=DIRECTION('ref_axis',(0.,0.,1.));
#4929=DIRECTION('',(0.,0.,1.));
#4930=DIRECTION('',(0.,0.,1.));
#4931=DIRECTION('',(-1.110223024625E-16,-1.,0.));
#4932=DIRECTION('',(0.,0.,-1.));
#4933=DIRECTION('center_axis',(0.,0.,1.));
#4934=DIRECTION('ref_axis',(1.110223024625E-16,1.,0.));
#4935=DIRECTION('',(1.,-1.110223024625E-16,0.));
#4936=DIRECTION('',(-1.,1.110223024625E-16,0.));
#4937=DIRECTION('',(-1.110223024625E-16,-1.,0.));
#4938=DIRECTION('center_axis',(0.,0.,1.));
#4939=DIRECTION('ref_axis',(1.110223024625E-16,1.,0.));
#4940=DIRECTION('',(1.,-1.110223024625E-16,0.));
#4941=DIRECTION('',(1.110223024625E-16,1.,0.));
#4942=DIRECTION('',(-1.,1.110223024625E-16,0.));
#4943=DIRECTION('center_axis',(-1.,1.110223024625E-16,0.));
#4944=DIRECTION('ref_axis',(0.,0.,1.));
#4945=DIRECTION('',(0.,0.,-1.));
#4946=DIRECTION('',(-1.110223024625E-16,-1.,0.));
#4947=DIRECTION('',(0.,0.,1.));
#4948=DIRECTION('',(0.,0.,1.));
#4949=DIRECTION('center_axis',(-1.,1.110223024625E-16,0.));
#4950=DIRECTION('ref_axis',(0.,0.,1.));
#4951=DIRECTION('',(0.,0.,1.));
#4952=DIRECTION('',(0.,0.,1.));
#4953=DIRECTION('',(-1.110223024625E-16,-1.,0.));
#4954=DIRECTION('',(0.,0.,-1.));
#4955=DIRECTION('center_axis',(0.,0.,1.));
#4956=DIRECTION('ref_axis',(1.110223024625E-16,1.,0.));
#4957=DIRECTION('',(1.,-1.110223024625E-16,0.));
#4958=DIRECTION('',(-1.,1.110223024625E-16,0.));
#4959=DIRECTION('',(-1.110223024625E-16,-1.,0.));
#4960=DIRECTION('center_axis',(0.,0.,1.));
#4961=DIRECTION('ref_axis',(1.110223024625E-16,1.,0.));
#4962=DIRECTION('',(1.,-1.110223024625E-16,0.));
#4963=DIRECTION('',(1.110223024625E-16,1.,0.));
#4964=DIRECTION('',(-1.,1.110223024625E-16,0.));
#4965=DIRECTION('center_axis',(-1.,1.110223024625E-16,0.));
#4966=DIRECTION('ref_axis',(0.,0.,1.));
#4967=DIRECTION('',(0.,0.,-1.));
#4968=DIRECTION('',(-1.110223024625E-16,-1.,0.));
#4969=DIRECTION('',(0.,0.,1.));
#4970=DIRECTION('',(0.,0.,1.));
#4971=DIRECTION('center_axis',(-1.,1.110223024625E-16,0.));
#4972=DIRECTION('ref_axis',(0.,0.,1.));
#4973=DIRECTION('',(0.,0.,1.));
#4974=DIRECTION('',(0.,0.,1.));
#4975=DIRECTION('',(-1.110223024625E-16,-1.,0.));
#4976=DIRECTION('',(0.,0.,-1.));
#4977=DIRECTION('center_axis',(0.,0.,1.));
#4978=DIRECTION('ref_axis',(1.110223024625E-16,1.,0.));
#4979=DIRECTION('',(1.,-1.110223024625E-16,0.));
#4980=DIRECTION('',(-1.,1.110223024625E-16,0.));
#4981=DIRECTION('',(-1.110223024625E-16,-1.,0.));
#4982=DIRECTION('center_axis',(0.,0.,1.));
#4983=DIRECTION('ref_axis',(1.110223024625E-16,1.,0.));
#4984=DIRECTION('',(1.,-1.110223024625E-16,0.));
#4985=DIRECTION('',(1.110223024625E-16,1.,0.));
#4986=DIRECTION('',(-1.,1.110223024625E-16,0.));
#4987=DIRECTION('center_axis',(-1.,1.110223024625E-16,0.));
#4988=DIRECTION('ref_axis',(0.,0.,1.));
#4989=DIRECTION('',(0.,0.,-1.));
#4990=DIRECTION('',(-1.110223024625E-16,-1.,0.));
#4991=DIRECTION('',(0.,0.,1.));
#4992=DIRECTION('',(0.,0.,1.));
#4993=DIRECTION('center_axis',(-1.,1.110223024625E-16,0.));
#4994=DIRECTION('ref_axis',(0.,0.,1.));
#4995=DIRECTION('',(0.,0.,1.));
#4996=DIRECTION('',(0.,0.,1.));
#4997=DIRECTION('',(-1.110223024625E-16,-1.,0.));
#4998=DIRECTION('',(0.,0.,-1.));
#4999=DIRECTION('center_axis',(0.,0.,1.));
#5000=DIRECTION('ref_axis',(1.110223024625E-16,1.,0.));
#5001=DIRECTION('',(1.,-1.110223024625E-16,0.));
#5002=DIRECTION('',(-1.,1.110223024625E-16,0.));
#5003=DIRECTION('',(-1.110223024625E-16,-1.,0.));
#5004=DIRECTION('center_axis',(0.,0.,1.));
#5005=DIRECTION('ref_axis',(1.110223024625E-16,1.,0.));
#5006=DIRECTION('',(1.,-1.110223024625E-16,0.));
#5007=DIRECTION('',(1.110223024625E-16,1.,0.));
#5008=DIRECTION('',(-1.,1.110223024625E-16,0.));
#5009=DIRECTION('center_axis',(1.,-2.334869823773E-16,0.));
#5010=DIRECTION('ref_axis',(0.,0.,1.));
#5011=DIRECTION('',(0.,0.,-1.));
#5012=DIRECTION('',(2.334869823773E-16,1.,0.));
#5013=DIRECTION('',(0.,0.,1.));
#5014=DIRECTION('',(0.,0.,1.));
#5015=DIRECTION('center_axis',(1.,-2.334869823773E-16,0.));
#5016=DIRECTION('ref_axis',(0.,0.,1.));
#5017=DIRECTION('',(0.,0.,1.));
#5018=DIRECTION('',(0.,0.,1.));
#5019=DIRECTION('',(2.334869823773E-16,1.,0.));
#5020=DIRECTION('',(0.,0.,-1.));
#5021=DIRECTION('center_axis',(0.,0.,1.));
#5022=DIRECTION('ref_axis',(-2.334869823773E-16,-1.,0.));
#5023=DIRECTION('',(-1.,2.334869823773E-16,0.));
#5024=DIRECTION('',(1.,-2.334869823773E-16,0.));
#5025=DIRECTION('',(2.334869823773E-16,1.,0.));
#5026=DIRECTION('center_axis',(0.,0.,1.));
#5027=DIRECTION('ref_axis',(-2.334869823773E-16,-1.,0.));
#5028=DIRECTION('',(-1.,2.334869823773E-16,0.));
#5029=DIRECTION('',(-2.334869823773E-16,-1.,0.));
#5030=DIRECTION('',(1.,-2.334869823773E-16,0.));
#5031=DIRECTION('center_axis',(1.,-2.334869823773E-16,0.));
#5032=DIRECTION('ref_axis',(0.,0.,1.));
#5033=DIRECTION('',(0.,0.,-1.));
#5034=DIRECTION('',(2.334869823773E-16,1.,0.));
#5035=DIRECTION('',(0.,0.,1.));
#5036=DIRECTION('',(0.,0.,1.));
#5037=DIRECTION('center_axis',(1.,-2.334869823773E-16,0.));
#5038=DIRECTION('ref_axis',(0.,0.,1.));
#5039=DIRECTION('',(0.,0.,1.));
#5040=DIRECTION('',(0.,0.,1.));
#5041=DIRECTION('',(2.334869823773E-16,1.,0.));
#5042=DIRECTION('',(0.,0.,-1.));
#5043=DIRECTION('center_axis',(0.,0.,1.));
#5044=DIRECTION('ref_axis',(-2.334869823773E-16,-1.,0.));
#5045=DIRECTION('',(-1.,2.334869823773E-16,0.));
#5046=DIRECTION('',(1.,-2.334869823773E-16,0.));
#5047=DIRECTION('',(2.334869823773E-16,1.,0.));
#5048=DIRECTION('center_axis',(0.,0.,1.));
#5049=DIRECTION('ref_axis',(-2.334869823773E-16,-1.,0.));
#5050=DIRECTION('',(-1.,2.334869823773E-16,0.));
#5051=DIRECTION('',(-2.334869823773E-16,-1.,0.));
#5052=DIRECTION('',(1.,-2.334869823773E-16,0.));
#5053=DIRECTION('center_axis',(1.,-2.334869823773E-16,0.));
#5054=DIRECTION('ref_axis',(0.,0.,1.));
#5055=DIRECTION('',(0.,0.,-1.));
#5056=DIRECTION('',(2.334869823773E-16,1.,0.));
#5057=DIRECTION('',(0.,0.,1.));
#5058=DIRECTION('',(0.,0.,1.));
#5059=DIRECTION('center_axis',(1.,-2.334869823773E-16,0.));
#5060=DIRECTION('ref_axis',(0.,0.,1.));
#5061=DIRECTION('',(0.,0.,1.));
#5062=DIRECTION('',(0.,0.,1.));
#5063=DIRECTION('',(2.334869823773E-16,1.,0.));
#5064=DIRECTION('',(0.,0.,-1.));
#5065=DIRECTION('center_axis',(0.,0.,1.));
#5066=DIRECTION('ref_axis',(-2.334869823773E-16,-1.,0.));
#5067=DIRECTION('',(-1.,2.334869823773E-16,0.));
#5068=DIRECTION('',(1.,-2.334869823773E-16,0.));
#5069=DIRECTION('',(2.334869823773E-16,1.,0.));
#5070=DIRECTION('center_axis',(0.,0.,1.));
#5071=DIRECTION('ref_axis',(-2.334869823773E-16,-1.,0.));
#5072=DIRECTION('',(-1.,2.334869823773E-16,0.));
#5073=DIRECTION('',(-2.334869823773E-16,-1.,0.));
#5074=DIRECTION('',(1.,-2.334869823773E-16,0.));
#5075=DIRECTION('center_axis',(1.,-2.334869823773E-16,0.));
#5076=DIRECTION('ref_axis',(0.,0.,1.));
#5077=DIRECTION('',(0.,0.,-1.));
#5078=DIRECTION('',(2.334869823773E-16,1.,0.));
#5079=DIRECTION('',(0.,0.,1.));
#5080=DIRECTION('',(0.,0.,1.));
#5081=DIRECTION('center_axis',(1.,-2.334869823773E-16,0.));
#5082=DIRECTION('ref_axis',(0.,0.,1.));
#5083=DIRECTION('',(0.,0.,1.));
#5084=DIRECTION('',(0.,0.,1.));
#5085=DIRECTION('',(2.334869823773E-16,1.,0.));
#5086=DIRECTION('',(0.,0.,-1.));
#5087=DIRECTION('center_axis',(0.,0.,1.));
#5088=DIRECTION('ref_axis',(-2.334869823773E-16,-1.,0.));
#5089=DIRECTION('',(-1.,2.334869823773E-16,0.));
#5090=DIRECTION('',(1.,-2.334869823773E-16,0.));
#5091=DIRECTION('',(2.334869823773E-16,1.,0.));
#5092=DIRECTION('center_axis',(0.,0.,1.));
#5093=DIRECTION('ref_axis',(-2.334869823773E-16,-1.,0.));
#5094=DIRECTION('',(-1.,2.334869823773E-16,0.));
#5095=DIRECTION('',(-2.334869823773E-16,-1.,0.));
#5096=DIRECTION('',(1.,-2.334869823773E-16,0.));
#5097=DIRECTION('center_axis',(1.110223024625E-16,1.,0.));
#5098=DIRECTION('ref_axis',(0.,0.,-1.));
#5099=DIRECTION('',(1.,-1.110223024625E-16,0.));
#5100=DIRECTION('',(0.,0.,-1.));
#5101=DIRECTION('',(1.,-1.110223024625E-16,0.));
#5102=DIRECTION('',(0.,0.,-1.));
#5103=DIRECTION('center_axis',(1.07707454082943E-16,0.970142500145391,-0.242535625036098));
#5104=DIRECTION('ref_axis',(-2.69268635207308E-17,-0.242535625036098,-0.970142500145391));
#5105=DIRECTION('',(-2.69268635207308E-17,-0.242535625036098,-0.970142500145391));
#5106=DIRECTION('',(1.,-1.110223024625E-16,0.));
#5107=DIRECTION('',(-2.69268635207308E-17,-0.242535625036098,-0.970142500145391));
#5108=DIRECTION('center_axis',(0.,0.,-1.));
#5109=DIRECTION('ref_axis',(-1.110223024625E-16,-1.,0.));
#5110=DIRECTION('',(-1.110223024625E-16,-1.,0.));
#5111=DIRECTION('',(1.,-1.110223024625E-16,0.));
#5112=DIRECTION('',(1.110223024625E-16,1.,0.));
#5113=DIRECTION('center_axis',(-1.07707454082943E-16,-0.970142500145391,
-0.242535625036098));
#5114=DIRECTION('ref_axis',(-2.69268635207308E-17,-0.242535625036098,0.970142500145391));
#5115=DIRECTION('',(-2.69268635207308E-17,-0.242535625036098,0.970142500145391));
#5116=DIRECTION('',(1.,-1.110223024625E-16,0.));
#5117=DIRECTION('',(-2.69268635207308E-17,-0.242535625036098,0.970142500145391));
#5118=DIRECTION('center_axis',(-1.110223024625E-16,-1.,0.));
#5119=DIRECTION('ref_axis',(0.,0.,1.));
#5120=DIRECTION('',(0.,0.,1.));
#5121=DIRECTION('',(1.,-1.110223024625E-16,0.));
#5122=DIRECTION('',(0.,0.,1.));
#5123=DIRECTION('center_axis',(1.110223024625E-16,1.,0.));
#5124=DIRECTION('ref_axis',(0.,0.,-1.));
#5125=DIRECTION('',(1.,-1.110223024625E-16,0.));
#5126=DIRECTION('',(0.,0.,-1.));
#5127=DIRECTION('',(1.,-1.110223024625E-16,0.));
#5128=DIRECTION('',(0.,0.,-1.));
#5129=DIRECTION('center_axis',(1.07707454082943E-16,0.970142500145391,-0.242535625036098));
#5130=DIRECTION('ref_axis',(-2.69268635207308E-17,-0.242535625036098,-0.970142500145391));
#5131=DIRECTION('',(-2.69268635207308E-17,-0.242535625036098,-0.970142500145391));
#5132=DIRECTION('',(1.,-1.110223024625E-16,0.));
#5133=DIRECTION('',(-2.69268635207308E-17,-0.242535625036098,-0.970142500145391));
#5134=DIRECTION('center_axis',(0.,0.,-1.));
#5135=DIRECTION('ref_axis',(-1.110223024625E-16,-1.,0.));
#5136=DIRECTION('',(-1.110223024625E-16,-1.,0.));
#5137=DIRECTION('',(1.,-1.110223024625E-16,0.));
#5138=DIRECTION('',(1.110223024625E-16,1.,0.));
#5139=DIRECTION('center_axis',(-1.07707454082943E-16,-0.970142500145391,
-0.242535625036098));
#5140=DIRECTION('ref_axis',(-2.69268635207308E-17,-0.242535625036098,0.970142500145391));
#5141=DIRECTION('',(-2.69268635207308E-17,-0.242535625036098,0.970142500145391));
#5142=DIRECTION('',(1.,-1.110223024625E-16,0.));
#5143=DIRECTION('',(-2.69268635207308E-17,-0.242535625036098,0.970142500145391));
#5144=DIRECTION('center_axis',(-1.110223024625E-16,-1.,0.));
#5145=DIRECTION('ref_axis',(0.,0.,1.));
#5146=DIRECTION('',(0.,0.,1.));
#5147=DIRECTION('',(1.,-1.110223024625E-16,0.));
#5148=DIRECTION('',(0.,0.,1.));
#5149=DIRECTION('center_axis',(1.110223024625E-16,1.,0.));
#5150=DIRECTION('ref_axis',(0.,0.,-1.));
#5151=DIRECTION('',(1.,-1.110223024625E-16,0.));
#5152=DIRECTION('',(0.,0.,-1.));
#5153=DIRECTION('',(1.,-1.110223024625E-16,0.));
#5154=DIRECTION('',(0.,0.,-1.));
#5155=DIRECTION('center_axis',(1.07707454082943E-16,0.970142500145391,-0.242535625036098));
#5156=DIRECTION('ref_axis',(-2.69268635207308E-17,-0.242535625036098,-0.970142500145391));
#5157=DIRECTION('',(-2.69268635207308E-17,-0.242535625036098,-0.970142500145391));
#5158=DIRECTION('',(1.,-1.110223024625E-16,0.));
#5159=DIRECTION('',(-2.69268635207308E-17,-0.242535625036098,-0.970142500145391));
#5160=DIRECTION('center_axis',(0.,0.,-1.));
#5161=DIRECTION('ref_axis',(-1.110223024625E-16,-1.,0.));
#5162=DIRECTION('',(-1.110223024625E-16,-1.,0.));
#5163=DIRECTION('',(1.,-1.110223024625E-16,0.));
#5164=DIRECTION('',(1.110223024625E-16,1.,0.));
#5165=DIRECTION('center_axis',(-1.07707454082943E-16,-0.970142500145391,
-0.242535625036098));
#5166=DIRECTION('ref_axis',(-2.69268635207308E-17,-0.242535625036098,0.970142500145391));
#5167=DIRECTION('',(-2.69268635207308E-17,-0.242535625036098,0.970142500145391));
#5168=DIRECTION('',(1.,-1.110223024625E-16,0.));
#5169=DIRECTION('',(-2.69268635207308E-17,-0.242535625036098,0.970142500145391));
#5170=DIRECTION('center_axis',(-1.110223024625E-16,-1.,0.));
#5171=DIRECTION('ref_axis',(0.,0.,1.));
#5172=DIRECTION('',(0.,0.,1.));
#5173=DIRECTION('',(1.,-1.110223024625E-16,0.));
#5174=DIRECTION('',(0.,0.,1.));
#5175=DIRECTION('center_axis',(1.110223024625E-16,1.,0.));
#5176=DIRECTION('ref_axis',(0.,0.,-1.));
#5177=DIRECTION('',(1.,-1.110223024625E-16,0.));
#5178=DIRECTION('',(0.,0.,-1.));
#5179=DIRECTION('',(1.,-1.110223024625E-16,0.));
#5180=DIRECTION('',(0.,0.,-1.));
#5181=DIRECTION('center_axis',(1.07707454082943E-16,0.970142500145391,-0.242535625036098));
#5182=DIRECTION('ref_axis',(-2.69268635207308E-17,-0.242535625036098,-0.970142500145391));
#5183=DIRECTION('',(-2.69268635207308E-17,-0.242535625036098,-0.970142500145391));
#5184=DIRECTION('',(1.,-1.110223024625E-16,0.));
#5185=DIRECTION('',(-2.69268635207308E-17,-0.242535625036098,-0.970142500145391));
#5186=DIRECTION('center_axis',(0.,0.,-1.));
#5187=DIRECTION('ref_axis',(-1.110223024625E-16,-1.,0.));
#5188=DIRECTION('',(-1.110223024625E-16,-1.,0.));
#5189=DIRECTION('',(1.,-1.110223024625E-16,0.));
#5190=DIRECTION('',(1.110223024625E-16,1.,0.));
#5191=DIRECTION('center_axis',(-1.07707454082943E-16,-0.970142500145391,
-0.242535625036098));
#5192=DIRECTION('ref_axis',(-2.69268635207308E-17,-0.242535625036098,0.970142500145391));
#5193=DIRECTION('',(-2.69268635207308E-17,-0.242535625036098,0.970142500145391));
#5194=DIRECTION('',(1.,-1.110223024625E-16,0.));
#5195=DIRECTION('',(-2.69268635207308E-17,-0.242535625036098,0.970142500145391));
#5196=DIRECTION('center_axis',(-1.110223024625E-16,-1.,0.));
#5197=DIRECTION('ref_axis',(0.,0.,1.));
#5198=DIRECTION('',(0.,0.,1.));
#5199=DIRECTION('',(1.,-1.110223024625E-16,0.));
#5200=DIRECTION('',(0.,0.,1.));
#5201=DIRECTION('center_axis',(-2.334869823773E-16,-1.,0.));
#5202=DIRECTION('ref_axis',(0.,0.,-1.));
#5203=DIRECTION('',(-1.,2.334869823773E-16,0.));
#5204=DIRECTION('',(0.,0.,-1.));
#5205=DIRECTION('',(-1.,2.334869823773E-16,0.));
#5206=DIRECTION('',(0.,0.,-1.));
#5207=DIRECTION('center_axis',(-2.26515644834991E-16,-0.970142500145391,
-0.242535625036098));
#5208=DIRECTION('ref_axis',(5.66289112087328E-17,0.242535625036098,-0.970142500145391));
#5209=DIRECTION('',(5.66289112087328E-17,0.242535625036098,-0.970142500145391));
#5210=DIRECTION('',(-1.,2.334869823773E-16,0.));
#5211=DIRECTION('',(5.66289112087328E-17,0.242535625036098,-0.970142500145391));
#5212=DIRECTION('center_axis',(0.,0.,-1.));
#5213=DIRECTION('ref_axis',(2.334869823773E-16,1.,0.));
#5214=DIRECTION('',(2.334869823773E-16,1.,0.));
#5215=DIRECTION('',(-1.,2.334869823773E-16,0.));
#5216=DIRECTION('',(-2.334869823773E-16,-1.,0.));
#5217=DIRECTION('center_axis',(2.26515644834991E-16,0.970142500145391,-0.242535625036098));
#5218=DIRECTION('ref_axis',(5.66289112087328E-17,0.242535625036098,0.970142500145391));
#5219=DIRECTION('',(5.66289112087328E-17,0.242535625036098,0.970142500145391));
#5220=DIRECTION('',(-1.,2.334869823773E-16,0.));
#5221=DIRECTION('',(5.66289112087328E-17,0.242535625036098,0.970142500145391));
#5222=DIRECTION('center_axis',(2.334869823773E-16,1.,0.));
#5223=DIRECTION('ref_axis',(0.,0.,1.));
#5224=DIRECTION('',(0.,0.,1.));
#5225=DIRECTION('',(-1.,2.334869823773E-16,0.));
#5226=DIRECTION('',(0.,0.,1.));
#5227=DIRECTION('center_axis',(-2.334869823773E-16,-1.,0.));
#5228=DIRECTION('ref_axis',(0.,0.,-1.));
#5229=DIRECTION('',(-1.,2.334869823773E-16,0.));
#5230=DIRECTION('',(0.,0.,-1.));
#5231=DIRECTION('',(-1.,2.334869823773E-16,0.));
#5232=DIRECTION('',(0.,0.,-1.));
#5233=DIRECTION('center_axis',(-2.26515644834991E-16,-0.970142500145391,
-0.242535625036098));
#5234=DIRECTION('ref_axis',(5.66289112087328E-17,0.242535625036098,-0.970142500145391));
#5235=DIRECTION('',(5.66289112087328E-17,0.242535625036098,-0.970142500145391));
#5236=DIRECTION('',(-1.,2.334869823773E-16,0.));
#5237=DIRECTION('',(5.66289112087328E-17,0.242535625036098,-0.970142500145391));
#5238=DIRECTION('center_axis',(0.,0.,-1.));
#5239=DIRECTION('ref_axis',(2.334869823773E-16,1.,0.));
#5240=DIRECTION('',(2.334869823773E-16,1.,0.));
#5241=DIRECTION('',(-1.,2.334869823773E-16,0.));
#5242=DIRECTION('',(-2.334869823773E-16,-1.,0.));
#5243=DIRECTION('center_axis',(2.26515644834991E-16,0.970142500145391,-0.242535625036098));
#5244=DIRECTION('ref_axis',(5.66289112087328E-17,0.242535625036098,0.970142500145391));
#5245=DIRECTION('',(5.66289112087328E-17,0.242535625036098,0.970142500145391));
#5246=DIRECTION('',(-1.,2.334869823773E-16,0.));
#5247=DIRECTION('',(5.66289112087328E-17,0.242535625036098,0.970142500145391));
#5248=DIRECTION('center_axis',(2.334869823773E-16,1.,0.));
#5249=DIRECTION('ref_axis',(0.,0.,1.));
#5250=DIRECTION('',(0.,0.,1.));
#5251=DIRECTION('',(-1.,2.334869823773E-16,0.));
#5252=DIRECTION('',(0.,0.,1.));
#5253=DIRECTION('center_axis',(-2.334869823773E-16,-1.,0.));
#5254=DIRECTION('ref_axis',(0.,0.,-1.));
#5255=DIRECTION('',(-1.,2.334869823773E-16,0.));
#5256=DIRECTION('',(0.,0.,-1.));
#5257=DIRECTION('',(-1.,2.334869823773E-16,0.));
#5258=DIRECTION('',(0.,0.,-1.));
#5259=DIRECTION('center_axis',(-2.26515644834991E-16,-0.970142500145391,
-0.242535625036098));
#5260=DIRECTION('ref_axis',(5.66289112087328E-17,0.242535625036098,-0.970142500145391));
#5261=DIRECTION('',(5.66289112087328E-17,0.242535625036098,-0.970142500145391));
#5262=DIRECTION('',(-1.,2.334869823773E-16,0.));
#5263=DIRECTION('',(5.66289112087328E-17,0.242535625036098,-0.970142500145391));
#5264=DIRECTION('center_axis',(0.,0.,-1.));
#5265=DIRECTION('ref_axis',(2.334869823773E-16,1.,0.));
#5266=DIRECTION('',(2.334869823773E-16,1.,0.));
#5267=DIRECTION('',(-1.,2.334869823773E-16,0.));
#5268=DIRECTION('',(-2.334869823773E-16,-1.,0.));
#5269=DIRECTION('center_axis',(2.26515644834991E-16,0.970142500145391,-0.242535625036098));
#5270=DIRECTION('ref_axis',(5.66289112087328E-17,0.242535625036098,0.970142500145391));
#5271=DIRECTION('',(5.66289112087328E-17,0.242535625036098,0.970142500145391));
#5272=DIRECTION('',(-1.,2.334869823773E-16,0.));
#5273=DIRECTION('',(5.66289112087328E-17,0.242535625036098,0.970142500145391));
#5274=DIRECTION('center_axis',(2.334869823773E-16,1.,0.));
#5275=DIRECTION('ref_axis',(0.,0.,1.));
#5276=DIRECTION('',(0.,0.,1.));
#5277=DIRECTION('',(-1.,2.334869823773E-16,0.));
#5278=DIRECTION('',(0.,0.,1.));
#5279=DIRECTION('center_axis',(-2.334869823773E-16,-1.,0.));
#5280=DIRECTION('ref_axis',(0.,0.,-1.));
#5281=DIRECTION('',(-1.,2.334869823773E-16,0.));
#5282=DIRECTION('',(0.,0.,-1.));
#5283=DIRECTION('',(-1.,2.334869823773E-16,0.));
#5284=DIRECTION('',(0.,0.,-1.));
#5285=DIRECTION('center_axis',(-2.26515644834991E-16,-0.970142500145391,
-0.242535625036098));
#5286=DIRECTION('ref_axis',(5.66289112087328E-17,0.242535625036098,-0.970142500145391));
#5287=DIRECTION('',(5.66289112087328E-17,0.242535625036098,-0.970142500145391));
#5288=DIRECTION('',(-1.,2.334869823773E-16,0.));
#5289=DIRECTION('',(5.66289112087328E-17,0.242535625036098,-0.970142500145391));
#5290=DIRECTION('center_axis',(0.,0.,-1.));
#5291=DIRECTION('ref_axis',(2.334869823773E-16,1.,0.));
#5292=DIRECTION('',(2.334869823773E-16,1.,0.));
#5293=DIRECTION('',(-1.,2.334869823773E-16,0.));
#5294=DIRECTION('',(-2.334869823773E-16,-1.,0.));
#5295=DIRECTION('center_axis',(2.26515644834991E-16,0.970142500145391,-0.242535625036098));
#5296=DIRECTION('ref_axis',(5.66289112087328E-17,0.242535625036098,0.970142500145391));
#5297=DIRECTION('',(5.66289112087328E-17,0.242535625036098,0.970142500145391));
#5298=DIRECTION('',(-1.,2.334869823773E-16,0.));
#5299=DIRECTION('',(5.66289112087328E-17,0.242535625036098,0.970142500145391));
#5300=DIRECTION('center_axis',(2.334869823773E-16,1.,0.));
#5301=DIRECTION('ref_axis',(0.,0.,1.));
#5302=DIRECTION('',(0.,0.,1.));
#5303=DIRECTION('',(-1.,2.334869823773E-16,0.));
#5304=DIRECTION('',(0.,0.,1.));
#5305=DIRECTION('center_axis',(-1.110223024625E-16,-1.,0.));
#5306=DIRECTION('ref_axis',(1.,-1.110223024625E-16,0.));
#5307=DIRECTION('',(0.,0.,-1.));
#5308=DIRECTION('',(0.,0.,-1.));
#5309=DIRECTION('center_axis',(-1.,1.110223024625E-16,0.));
#5310=DIRECTION('ref_axis',(-1.110223024625E-16,-1.,0.));
#5311=DIRECTION('',(0.,0.,-1.));
#5312=DIRECTION('center_axis',(-1.110223024625E-16,-1.,0.));
#5313=DIRECTION('ref_axis',(1.,-1.110223024625E-16,0.));
#5314=DIRECTION('',(0.,0.,-1.));
#5315=DIRECTION('',(0.,0.,-1.));
#5316=DIRECTION('center_axis',(-1.,1.110223024625E-16,0.));
#5317=DIRECTION('ref_axis',(-1.110223024625E-16,-1.,0.));
#5318=DIRECTION('',(0.,0.,-1.));
#5319=DIRECTION('center_axis',(-1.110223024625E-16,-1.,0.));
#5320=DIRECTION('ref_axis',(1.,-1.110223024625E-16,0.));
#5321=DIRECTION('',(0.,0.,-1.));
#5322=DIRECTION('',(0.,0.,-1.));
#5323=DIRECTION('center_axis',(-1.,1.110223024625E-16,0.));
#5324=DIRECTION('ref_axis',(-1.110223024625E-16,-1.,0.));
#5325=DIRECTION('',(0.,0.,-1.));
#5326=DIRECTION('center_axis',(-1.110223024625E-16,-1.,0.));
#5327=DIRECTION('ref_axis',(1.,-1.110223024625E-16,0.));
#5328=DIRECTION('',(0.,0.,-1.));
#5329=DIRECTION('',(0.,0.,-1.));
#5330=DIRECTION('center_axis',(-1.,1.110223024625E-16,0.));
#5331=DIRECTION('ref_axis',(-1.110223024625E-16,-1.,0.));
#5332=DIRECTION('',(0.,0.,-1.));
#5333=DIRECTION('center_axis',(2.334869823773E-16,1.,0.));
#5334=DIRECTION('ref_axis',(-1.,2.334869823773E-16,0.));
#5335=DIRECTION('',(0.,0.,-1.));
#5336=DIRECTION('',(0.,0.,-1.));
#5337=DIRECTION('center_axis',(1.,-2.334869823773E-16,0.));
#5338=DIRECTION('ref_axis',(2.334869823773E-16,1.,0.));
#5339=DIRECTION('',(0.,0.,-1.));
#5340=DIRECTION('center_axis',(2.334869823773E-16,1.,0.));
#5341=DIRECTION('ref_axis',(-1.,2.334869823773E-16,0.));
#5342=DIRECTION('',(0.,0.,-1.));
#5343=DIRECTION('',(0.,0.,-1.));
#5344=DIRECTION('center_axis',(1.,-2.334869823773E-16,0.));
#5345=DIRECTION('ref_axis',(2.334869823773E-16,1.,0.));
#5346=DIRECTION('',(0.,0.,-1.));
#5347=DIRECTION('center_axis',(2.334869823773E-16,1.,0.));
#5348=DIRECTION('ref_axis',(-1.,2.334869823773E-16,0.));
#5349=DIRECTION('',(0.,0.,-1.));
#5350=DIRECTION('',(0.,0.,-1.));
#5351=DIRECTION('center_axis',(1.,-2.334869823773E-16,0.));
#5352=DIRECTION('ref_axis',(2.334869823773E-16,1.,0.));
#5353=DIRECTION('',(0.,0.,-1.));
#5354=DIRECTION('center_axis',(2.334869823773E-16,1.,0.));
#5355=DIRECTION('ref_axis',(-1.,2.334869823773E-16,0.));
#5356=DIRECTION('',(0.,0.,-1.));
#5357=DIRECTION('',(0.,0.,-1.));
#5358=DIRECTION('center_axis',(1.,-2.334869823773E-16,0.));
#5359=DIRECTION('ref_axis',(2.334869823773E-16,1.,0.));
#5360=DIRECTION('',(0.,0.,-1.));
#5361=DIRECTION('center_axis',(-1.,1.110223024625E-16,0.));
#5362=DIRECTION('ref_axis',(0.,0.,1.));
#5363=DIRECTION('',(-1.110223024625E-16,-1.,0.));
#5364=DIRECTION('center_axis',(0.,0.,-1.));
#5365=DIRECTION('ref_axis',(-1.110223024625E-16,-1.,0.));
#5366=DIRECTION('',(1.110223024625E-16,1.,0.));
#5367=DIRECTION('',(1.,-1.110223024625E-16,0.));
#5368=DIRECTION('',(-1.110223024625E-16,-1.,0.));
#5369=DIRECTION('center_axis',(-1.,1.110223024625E-16,0.));
#5370=DIRECTION('ref_axis',(0.,0.,1.));
#5371=DIRECTION('',(-1.110223024625E-16,-1.,0.));
#5372=DIRECTION('center_axis',(0.,0.,-1.));
#5373=DIRECTION('ref_axis',(-1.110223024625E-16,-1.,0.));
#5374=DIRECTION('',(1.,-1.110223024625E-16,0.));
#5375=DIRECTION('',(1.110223024625E-16,1.,0.));
#5376=DIRECTION('',(-1.110223024625E-16,-1.,0.));
#5377=DIRECTION('center_axis',(-1.,1.110223024625E-16,0.));
#5378=DIRECTION('ref_axis',(0.,0.,1.));
#5379=DIRECTION('',(-1.110223024625E-16,-1.,0.));
#5380=DIRECTION('center_axis',(0.,0.,-1.));
#5381=DIRECTION('ref_axis',(-1.110223024625E-16,-1.,0.));
#5382=DIRECTION('',(1.110223024625E-16,1.,0.));
#5383=DIRECTION('',(1.,-1.110223024625E-16,0.));
#5384=DIRECTION('',(-1.110223024625E-16,-1.,0.));
#5385=DIRECTION('center_axis',(-1.,1.110223024625E-16,0.));
#5386=DIRECTION('ref_axis',(0.,0.,1.));
#5387=DIRECTION('',(-1.110223024625E-16,-1.,0.));
#5388=DIRECTION('center_axis',(0.,0.,-1.));
#5389=DIRECTION('ref_axis',(-1.110223024625E-16,-1.,0.));
#5390=DIRECTION('',(1.,-1.110223024625E-16,0.));
#5391=DIRECTION('',(1.110223024625E-16,1.,0.));
#5392=DIRECTION('',(-1.110223024625E-16,-1.,0.));
#5393=DIRECTION('center_axis',(-1.,1.110223024625E-16,0.));
#5394=DIRECTION('ref_axis',(0.,0.,1.));
#5395=DIRECTION('',(-1.110223024625E-16,-1.,0.));
#5396=DIRECTION('center_axis',(0.,0.,-1.));
#5397=DIRECTION('ref_axis',(-1.110223024625E-16,-1.,0.));
#5398=DIRECTION('',(1.110223024625E-16,1.,0.));
#5399=DIRECTION('',(1.,-1.110223024625E-16,0.));
#5400=DIRECTION('',(-1.110223024625E-16,-1.,0.));
#5401=DIRECTION('center_axis',(-1.,1.110223024625E-16,0.));
#5402=DIRECTION('ref_axis',(0.,0.,1.));
#5403=DIRECTION('',(-1.110223024625E-16,-1.,0.));
#5404=DIRECTION('center_axis',(0.,0.,-1.));
#5405=DIRECTION('ref_axis',(-1.110223024625E-16,-1.,0.));
#5406=DIRECTION('',(1.,-1.110223024625E-16,0.));
#5407=DIRECTION('',(1.110223024625E-16,1.,0.));
#5408=DIRECTION('',(-1.110223024625E-16,-1.,0.));
#5409=DIRECTION('center_axis',(-1.,1.110223024625E-16,0.));
#5410=DIRECTION('ref_axis',(0.,0.,1.));
#5411=DIRECTION('',(-1.110223024625E-16,-1.,0.));
#5412=DIRECTION('center_axis',(0.,0.,-1.));
#5413=DIRECTION('ref_axis',(-1.110223024625E-16,-1.,0.));
#5414=DIRECTION('',(1.110223024625E-16,1.,0.));
#5415=DIRECTION('',(1.,-1.110223024625E-16,0.));
#5416=DIRECTION('',(-1.110223024625E-16,-1.,0.));
#5417=DIRECTION('center_axis',(-1.,1.110223024625E-16,0.));
#5418=DIRECTION('ref_axis',(0.,0.,1.));
#5419=DIRECTION('',(-1.110223024625E-16,-1.,0.));
#5420=DIRECTION('center_axis',(0.,0.,-1.));
#5421=DIRECTION('ref_axis',(-1.110223024625E-16,-1.,0.));
#5422=DIRECTION('',(1.,-1.110223024625E-16,0.));
#5423=DIRECTION('',(1.110223024625E-16,1.,0.));
#5424=DIRECTION('',(-1.110223024625E-16,-1.,0.));
#5425=DIRECTION('center_axis',(1.,-2.334869823773E-16,0.));
#5426=DIRECTION('ref_axis',(0.,0.,1.));
#5427=DIRECTION('',(2.334869823773E-16,1.,0.));
#5428=DIRECTION('center_axis',(0.,0.,-1.));
#5429=DIRECTION('ref_axis',(2.334869823773E-16,1.,0.));
#5430=DIRECTION('',(-2.334869823773E-16,-1.,0.));
#5431=DIRECTION('',(-1.,2.334869823773E-16,0.));
#5432=DIRECTION('',(2.334869823773E-16,1.,0.));
#5433=DIRECTION('center_axis',(1.,-2.334869823773E-16,0.));
#5434=DIRECTION('ref_axis',(0.,0.,1.));
#5435=DIRECTION('',(2.334869823773E-16,1.,0.));
#5436=DIRECTION('center_axis',(0.,0.,-1.));
#5437=DIRECTION('ref_axis',(2.334869823773E-16,1.,0.));
#5438=DIRECTION('',(-1.,2.334869823773E-16,0.));
#5439=DIRECTION('',(-2.334869823773E-16,-1.,0.));
#5440=DIRECTION('',(2.334869823773E-16,1.,0.));
#5441=DIRECTION('center_axis',(1.,-2.334869823773E-16,0.));
#5442=DIRECTION('ref_axis',(0.,0.,1.));
#5443=DIRECTION('',(2.334869823773E-16,1.,0.));
#5444=DIRECTION('center_axis',(0.,0.,-1.));
#5445=DIRECTION('ref_axis',(2.334869823773E-16,1.,0.));
#5446=DIRECTION('',(-2.334869823773E-16,-1.,0.));
#5447=DIRECTION('',(-1.,2.334869823773E-16,0.));
#5448=DIRECTION('',(2.334869823773E-16,1.,0.));
#5449=DIRECTION('center_axis',(1.,-2.334869823773E-16,0.));
#5450=DIRECTION('ref_axis',(0.,0.,1.));
#5451=DIRECTION('',(2.334869823773E-16,1.,0.));
#5452=DIRECTION('center_axis',(0.,0.,-1.));
#5453=DIRECTION('ref_axis',(2.334869823773E-16,1.,0.));
#5454=DIRECTION('',(-1.,2.334869823773E-16,0.));
#5455=DIRECTION('',(-2.334869823773E-16,-1.,0.));
#5456=DIRECTION('',(2.334869823773E-16,1.,0.));
#5457=DIRECTION('center_axis',(1.,-2.334869823773E-16,0.));
#5458=DIRECTION('ref_axis',(0.,0.,1.));
#5459=DIRECTION('',(2.334869823773E-16,1.,0.));
#5460=DIRECTION('center_axis',(0.,0.,-1.));
#5461=DIRECTION('ref_axis',(2.334869823773E-16,1.,0.));
#5462=DIRECTION('',(-2.334869823773E-16,-1.,0.));
#5463=DIRECTION('',(-1.,2.334869823773E-16,0.));
#5464=DIRECTION('',(2.334869823773E-16,1.,0.));
#5465=DIRECTION('center_axis',(1.,-2.334869823773E-16,0.));
#5466=DIRECTION('ref_axis',(0.,0.,1.));
#5467=DIRECTION('',(2.334869823773E-16,1.,0.));
#5468=DIRECTION('center_axis',(0.,0.,-1.));
#5469=DIRECTION('ref_axis',(2.334869823773E-16,1.,0.));
#5470=DIRECTION('',(-1.,2.334869823773E-16,0.));
#5471=DIRECTION('',(-2.334869823773E-16,-1.,0.));
#5472=DIRECTION('',(2.334869823773E-16,1.,0.));
#5473=DIRECTION('center_axis',(1.,-2.334869823773E-16,0.));
#5474=DIRECTION('ref_axis',(0.,0.,1.));
#5475=DIRECTION('',(2.334869823773E-16,1.,0.));
#5476=DIRECTION('center_axis',(0.,0.,-1.));
#5477=DIRECTION('ref_axis',(2.334869823773E-16,1.,0.));
#5478=DIRECTION('',(-2.334869823773E-16,-1.,0.));
#5479=DIRECTION('',(-1.,2.334869823773E-16,0.));
#5480=DIRECTION('',(2.334869823773E-16,1.,0.));
#5481=DIRECTION('center_axis',(1.,-2.334869823773E-16,0.));
#5482=DIRECTION('ref_axis',(0.,0.,1.));
#5483=DIRECTION('',(2.334869823773E-16,1.,0.));
#5484=DIRECTION('center_axis',(0.,0.,-1.));
#5485=DIRECTION('ref_axis',(2.334869823773E-16,1.,0.));
#5486=DIRECTION('',(-1.,2.334869823773E-16,0.));
#5487=DIRECTION('',(-2.334869823773E-16,-1.,0.));
#5488=DIRECTION('',(2.334869823773E-16,1.,0.));
#5489=DIRECTION('center_axis',(1.,-1.110223024625E-16,0.));
#5490=DIRECTION('ref_axis',(-1.110223024625E-16,-1.,0.));
#5491=DIRECTION('',(0.,0.,1.));
#5492=DIRECTION('',(-1.110223024625E-16,-1.,0.));
#5493=DIRECTION('',(0.,0.,1.));
#5494=DIRECTION('center_axis',(-1.,1.110223024625E-16,0.));
#5495=DIRECTION('ref_axis',(1.110223024625E-16,1.,0.));
#5496=DIRECTION('',(0.,0.,1.));
#5497=DIRECTION('',(1.110223024625E-16,1.,0.));
#5498=DIRECTION('',(0.,0.,1.));
#5499=DIRECTION('',(1.110223024625E-16,1.,0.));
#5500=DIRECTION('center_axis',(0.,0.,1.));
#5501=DIRECTION('ref_axis',(1.110223024625E-16,1.,0.));
#5502=DIRECTION('',(1.,-1.110223024625E-16,0.));
#5503=DIRECTION('',(-1.110223024625E-16,-1.,0.));
#5504=DIRECTION('',(-1.,1.110223024625E-16,0.));
#5505=DIRECTION('center_axis',(1.,-1.110223024625E-16,0.));
#5506=DIRECTION('ref_axis',(-1.110223024625E-16,-1.,0.));
#5507=DIRECTION('',(0.,0.,1.));
#5508=DIRECTION('',(0.,0.,1.));
#5509=DIRECTION('',(-1.110223024625E-16,-1.,0.));
#5510=DIRECTION('center_axis',(0.,0.,1.));
#5511=DIRECTION('ref_axis',(1.110223024625E-16,1.,0.));
#5512=DIRECTION('',(1.,-1.110223024625E-16,0.));
#5513=DIRECTION('',(-1.,1.110223024625E-16,0.));
#5514=DIRECTION('center_axis',(0.,0.,1.));
#5515=DIRECTION('ref_axis',(1.110223024625E-16,1.,0.));
#5516=DIRECTION('',(1.,-1.110223024625E-16,0.));
#5517=DIRECTION('',(-1.,1.110223024625E-16,0.));
#5518=DIRECTION('',(1.110223024625E-16,1.,0.));
#5519=DIRECTION('center_axis',(1.110223024625E-16,1.,0.));
#5520=DIRECTION('ref_axis',(1.,-1.110223024625E-16,0.));
#5521=DIRECTION('',(0.,0.,1.));
#5522=DIRECTION('center_axis',(1.110223024625E-16,1.,0.));
#5523=DIRECTION('ref_axis',(-1.,1.110223024625E-16,0.));
#5524=DIRECTION('',(0.,0.,-1.));
#5525=DIRECTION('center_axis',(-1.110223024625E-16,-1.,0.));
#5526=DIRECTION('ref_axis',(0.,0.,1.));
#5527=DIRECTION('center_axis',(1.,-1.110223024625E-16,0.));
#5528=DIRECTION('ref_axis',(1.110223024625E-16,1.,0.));
#5529=DIRECTION('center_axis',(1.110223024625E-16,1.,0.));
#5530=DIRECTION('ref_axis',(-1.,1.110223024625E-16,0.));
#5531=DIRECTION('',(0.,0.,-1.));
#5532=DIRECTION('center_axis',(-1.110223024625E-16,-1.,0.));
#5533=DIRECTION('ref_axis',(0.,0.,1.));
#5534=DIRECTION('center_axis',(1.,-1.110223024625E-16,0.));
#5535=DIRECTION('ref_axis',(1.110223024625E-16,1.,0.));
#5536=DIRECTION('center_axis',(1.110223024625E-16,1.,0.));
#5537=DIRECTION('ref_axis',(-1.,1.110223024625E-16,0.));
#5538=DIRECTION('',(0.,0.,-1.));
#5539=DIRECTION('center_axis',(-1.110223024625E-16,-1.,0.));
#5540=DIRECTION('ref_axis',(0.,0.,1.));
#5541=DIRECTION('center_axis',(1.,-1.110223024625E-16,0.));
#5542=DIRECTION('ref_axis',(1.110223024625E-16,1.,0.));
#5543=DIRECTION('center_axis',(1.110223024625E-16,1.,0.));
#5544=DIRECTION('ref_axis',(-1.,1.110223024625E-16,0.));
#5545=DIRECTION('',(0.,0.,-1.));
#5546=DIRECTION('center_axis',(-1.110223024625E-16,-1.,0.));
#5547=DIRECTION('ref_axis',(0.,0.,1.));
#5548=DIRECTION('center_axis',(1.,-1.110223024625E-16,0.));
#5549=DIRECTION('ref_axis',(1.110223024625E-16,1.,0.));
#5550=DIRECTION('center_axis',(-2.334869823773E-16,-1.,0.));
#5551=DIRECTION('ref_axis',(1.,-2.334869823773E-16,0.));
#5552=DIRECTION('',(0.,0.,-1.));
#5553=DIRECTION('center_axis',(2.334869823773E-16,1.,0.));
#5554=DIRECTION('ref_axis',(0.,0.,1.));
#5555=DIRECTION('center_axis',(-1.,2.334869823773E-16,0.));
#5556=DIRECTION('ref_axis',(-2.334869823773E-16,-1.,0.));
#5557=DIRECTION('center_axis',(-2.334869823773E-16,-1.,0.));
#5558=DIRECTION('ref_axis',(1.,-2.334869823773E-16,0.));
#5559=DIRECTION('',(0.,0.,-1.));
#5560=DIRECTION('center_axis',(2.334869823773E-16,1.,0.));
#5561=DIRECTION('ref_axis',(0.,0.,1.));
#5562=DIRECTION('center_axis',(-1.,2.334869823773E-16,0.));
#5563=DIRECTION('ref_axis',(-2.334869823773E-16,-1.,0.));
#5564=DIRECTION('center_axis',(-2.334869823773E-16,-1.,0.));
#5565=DIRECTION('ref_axis',(1.,-2.334869823773E-16,0.));
#5566=DIRECTION('',(0.,0.,-1.));
#5567=DIRECTION('center_axis',(2.334869823773E-16,1.,0.));
#5568=DIRECTION('ref_axis',(0.,0.,1.));
#5569=DIRECTION('center_axis',(-1.,2.334869823773E-16,0.));
#5570=DIRECTION('ref_axis',(-2.334869823773E-16,-1.,0.));
#5571=DIRECTION('center_axis',(-2.334869823773E-16,-1.,0.));
#5572=DIRECTION('ref_axis',(1.,-2.334869823773E-16,0.));
#5573=DIRECTION('',(0.,0.,-1.));
#5574=DIRECTION('center_axis',(2.334869823773E-16,1.,0.));
#5575=DIRECTION('ref_axis',(0.,0.,1.));
#5576=DIRECTION('center_axis',(-1.,2.334869823773E-16,0.));
#5577=DIRECTION('ref_axis',(-2.334869823773E-16,-1.,0.));
#5578=DIRECTION('center_axis',(-1.,1.110223024625E-16,0.));
#5579=DIRECTION('ref_axis',(1.110223024625E-16,1.,0.));
#5580=DIRECTION('',(0.,0.,1.));
#5581=DIRECTION('center_axis',(-1.110223024625E-16,-1.,0.));
#5582=DIRECTION('ref_axis',(-1.,1.110223024625E-16,0.));
#5583=CARTESIAN_POINT('',(0.,0.,0.));
#5584=CARTESIAN_POINT('Origin',(-1.,-3.,4.3));
#5585=CARTESIAN_POINT('',(1.,-7.,4.3));
#5586=CARTESIAN_POINT('',(1.,1.,4.3));
#5587=CARTESIAN_POINT('',(1.,-7.,4.3));
#5588=CARTESIAN_POINT('',(-3.,1.,4.3));
#5589=CARTESIAN_POINT('',(1.,1.,4.3));
#5590=CARTESIAN_POINT('',(-3.,-7.,4.3));
#5591=CARTESIAN_POINT('',(-3.,1.,4.3));
#5592=CARTESIAN_POINT('',(-3.,-7.,4.3));
#5593=CARTESIAN_POINT('',(-0.6,-5.4,4.3));
#5594=CARTESIAN_POINT('',(-0.6,-6.6,4.3));
#5595=CARTESIAN_POINT('',(-0.6,-5.4,4.3));
#5596=CARTESIAN_POINT('',(0.6,-5.4,4.3));
#5597=CARTESIAN_POINT('',(0.6,-5.4,4.3));
#5598=CARTESIAN_POINT('',(0.6,-6.6,4.3));
#5599=CARTESIAN_POINT('',(0.6,-6.6,4.3));
#5600=CARTESIAN_POINT('',(-0.6,-6.6,4.3));
#5601=CARTESIAN_POINT('',(-0.6,-3.4,4.3));
#5602=CARTESIAN_POINT('',(-0.6,-4.6,4.3));
#5603=CARTESIAN_POINT('',(-0.6,-3.4,4.3));
#5604=CARTESIAN_POINT('',(0.6,-3.4,4.3));
#5605=CARTESIAN_POINT('',(0.6,-3.4,4.3));
#5606=CARTESIAN_POINT('',(0.6,-4.6,4.3));
#5607=CARTESIAN_POINT('',(0.6,-4.6,4.3));
#5608=CARTESIAN_POINT('',(-0.6,-4.6,4.3));
#5609=CARTESIAN_POINT('',(-0.6,-1.4,4.3));
#5610=CARTESIAN_POINT('',(-0.6,-2.6,4.3));
#5611=CARTESIAN_POINT('',(-0.6,-1.4,4.3));
#5612=CARTESIAN_POINT('',(0.6,-1.4,4.3));
#5613=CARTESIAN_POINT('',(0.6,-1.4,4.3));
#5614=CARTESIAN_POINT('',(0.6,-2.6,4.3));
#5615=CARTESIAN_POINT('',(0.6,-2.6,4.3));
#5616=CARTESIAN_POINT('',(-0.6,-2.6,4.3));
#5617=CARTESIAN_POINT('',(-0.6,0.6,4.3));
#5618=CARTESIAN_POINT('',(-0.6,-0.6,4.3));
#5619=CARTESIAN_POINT('',(-0.6,0.6,4.3));
#5620=CARTESIAN_POINT('',(0.6,0.6,4.3));
#5621=CARTESIAN_POINT('',(0.6,0.6,4.3));
#5622=CARTESIAN_POINT('',(0.6,-0.6,4.3));
#5623=CARTESIAN_POINT('',(0.6,-0.6,4.3));
#5624=CARTESIAN_POINT('',(-0.6,-0.6,4.3));
#5625=CARTESIAN_POINT('',(-1.4,-6.6,4.3));
#5626=CARTESIAN_POINT('',(-1.4,-5.4,4.3));
#5627=CARTESIAN_POINT('',(-1.4,-6.6,4.3));
#5628=CARTESIAN_POINT('',(-2.6,-6.6,4.3));
#5629=CARTESIAN_POINT('',(-2.6,-6.6,4.3));
#5630=CARTESIAN_POINT('',(-2.6,-5.4,4.3));
#5631=CARTESIAN_POINT('',(-2.6,-5.4,4.3));
#5632=CARTESIAN_POINT('',(-1.4,-5.4,4.3));
#5633=CARTESIAN_POINT('',(-1.4,-4.6,4.3));
#5634=CARTESIAN_POINT('',(-1.4,-3.4,4.3));
#5635=CARTESIAN_POINT('',(-1.4,-4.6,4.3));
#5636=CARTESIAN_POINT('',(-2.6,-4.6,4.3));
#5637=CARTESIAN_POINT('',(-2.6,-4.6,4.3));
#5638=CARTESIAN_POINT('',(-2.6,-3.4,4.3));
#5639=CARTESIAN_POINT('',(-2.6,-3.4,4.3));
#5640=CARTESIAN_POINT('',(-1.4,-3.4,4.3));
#5641=CARTESIAN_POINT('',(-1.4,-2.6,4.3));
#5642=CARTESIAN_POINT('',(-1.4,-1.4,4.3));
#5643=CARTESIAN_POINT('',(-1.4,-2.6,4.3));
#5644=CARTESIAN_POINT('',(-2.6,-2.6,4.3));
#5645=CARTESIAN_POINT('',(-2.6,-2.6,4.3));
#5646=CARTESIAN_POINT('',(-2.6,-1.4,4.3));
#5647=CARTESIAN_POINT('',(-2.6,-1.4,4.3));
#5648=CARTESIAN_POINT('',(-1.4,-1.4,4.3));
#5649=CARTESIAN_POINT('',(-1.4,-0.6,4.3));
#5650=CARTESIAN_POINT('',(-1.4,0.6,4.3));
#5651=CARTESIAN_POINT('',(-1.4,-0.6,4.3));
#5652=CARTESIAN_POINT('',(-2.6,-0.6,4.3));
#5653=CARTESIAN_POINT('',(-2.6,-0.6,4.3));
#5654=CARTESIAN_POINT('',(-2.6,0.6,4.3));
#5655=CARTESIAN_POINT('',(-2.6,0.6,4.3));
#5656=CARTESIAN_POINT('',(-1.4,0.6,4.3));
#5657=CARTESIAN_POINT('Origin',(-0.45,-5.4,4.15));
#5658=CARTESIAN_POINT('',(-0.3,-5.7,4.));
#5659=CARTESIAN_POINT('',(-0.3,-5.7,4.));
#5660=CARTESIAN_POINT('',(-0.3,-6.3,4.));
#5661=CARTESIAN_POINT('',(-0.3,-6.3,4.));
#5662=CARTESIAN_POINT('',(-0.3,-5.4,4.));
#5663=CARTESIAN_POINT('Origin',(-0.6,-6.45,4.15));
#5664=CARTESIAN_POINT('',(0.3,-6.3,4.));
#5665=CARTESIAN_POINT('',(0.3,-6.3,4.));
#5666=CARTESIAN_POINT('',(-0.6,-6.3,4.));
#5667=CARTESIAN_POINT('Origin',(0.45,-6.6,4.15));
#5668=CARTESIAN_POINT('',(0.3,-5.7,4.));
#5669=CARTESIAN_POINT('',(0.3,-5.7,4.));
#5670=CARTESIAN_POINT('',(0.3,-6.6,4.));
#5671=CARTESIAN_POINT('Origin',(0.6,-5.55,4.15));
#5672=CARTESIAN_POINT('',(0.6,-5.7,4.));
#5673=CARTESIAN_POINT('Origin',(-0.45,-3.4,4.15));
#5674=CARTESIAN_POINT('',(-0.3,-3.7,4.));
#5675=CARTESIAN_POINT('',(-0.3,-3.7,4.));
#5676=CARTESIAN_POINT('',(-0.3,-4.3,4.));
#5677=CARTESIAN_POINT('',(-0.3,-4.3,4.));
#5678=CARTESIAN_POINT('',(-0.3,-3.4,4.));
#5679=CARTESIAN_POINT('Origin',(-0.6,-4.45,4.15));
#5680=CARTESIAN_POINT('',(0.3,-4.3,4.));
#5681=CARTESIAN_POINT('',(0.3,-4.3,4.));
#5682=CARTESIAN_POINT('',(-0.6,-4.3,4.));
#5683=CARTESIAN_POINT('Origin',(0.45,-4.6,4.15));
#5684=CARTESIAN_POINT('',(0.3,-3.7,4.));
#5685=CARTESIAN_POINT('',(0.3,-3.7,4.));
#5686=CARTESIAN_POINT('',(0.3,-4.6,4.));
#5687=CARTESIAN_POINT('Origin',(0.6,-3.55,4.15));
#5688=CARTESIAN_POINT('',(0.6,-3.7,4.));
#5689=CARTESIAN_POINT('Origin',(-0.45,-1.4,4.15));
#5690=CARTESIAN_POINT('',(-0.3,-1.7,4.));
#5691=CARTESIAN_POINT('',(-0.3,-1.7,4.));
#5692=CARTESIAN_POINT('',(-0.3,-2.3,4.));
#5693=CARTESIAN_POINT('',(-0.3,-2.3,4.));
#5694=CARTESIAN_POINT('',(-0.3,-1.4,4.));
#5695=CARTESIAN_POINT('Origin',(-0.6,-2.45,4.15));
#5696=CARTESIAN_POINT('',(0.3,-2.3,4.));
#5697=CARTESIAN_POINT('',(0.3,-2.3,4.));
#5698=CARTESIAN_POINT('',(-0.6,-2.3,4.));
#5699=CARTESIAN_POINT('Origin',(0.45,-2.6,4.15));
#5700=CARTESIAN_POINT('',(0.3,-1.7,4.));
#5701=CARTESIAN_POINT('',(0.3,-1.7,4.));
#5702=CARTESIAN_POINT('',(0.3,-2.6,4.));
#5703=CARTESIAN_POINT('Origin',(0.6,-1.55,4.15));
#5704=CARTESIAN_POINT('',(0.6,-1.7,4.));
#5705=CARTESIAN_POINT('Origin',(-0.45,0.6,4.15));
#5706=CARTESIAN_POINT('',(-0.3,0.3,4.));
#5707=CARTESIAN_POINT('',(-0.3,0.3,4.));
#5708=CARTESIAN_POINT('',(-0.3,-0.3,4.));
#5709=CARTESIAN_POINT('',(-0.3,-0.3,4.));
#5710=CARTESIAN_POINT('',(-0.3,0.6,4.));
#5711=CARTESIAN_POINT('Origin',(-0.6,-0.45,4.15));
#5712=CARTESIAN_POINT('',(0.3,-0.3,4.));
#5713=CARTESIAN_POINT('',(0.3,-0.3,4.));
#5714=CARTESIAN_POINT('',(-0.6,-0.3,4.));
#5715=CARTESIAN_POINT('Origin',(0.45,-0.6,4.15));
#5716=CARTESIAN_POINT('',(0.3,0.3,4.));
#5717=CARTESIAN_POINT('',(0.3,0.3,4.));
#5718=CARTESIAN_POINT('',(0.3,-0.6,4.));
#5719=CARTESIAN_POINT('Origin',(0.6,0.45,4.15));
#5720=CARTESIAN_POINT('',(0.6,0.3,4.));
#5721=CARTESIAN_POINT('Origin',(-1.55,-6.6,4.15));
#5722=CARTESIAN_POINT('',(-1.7,-6.3,4.));
#5723=CARTESIAN_POINT('',(-1.7,-6.3,4.));
#5724=CARTESIAN_POINT('',(-1.7,-5.7,4.));
#5725=CARTESIAN_POINT('',(-1.7,-5.7,4.));
#5726=CARTESIAN_POINT('',(-1.7,-6.6,4.));
#5727=CARTESIAN_POINT('Origin',(-1.4,-5.55,4.15));
#5728=CARTESIAN_POINT('',(-2.3,-5.7,4.));
#5729=CARTESIAN_POINT('',(-2.3,-5.7,4.));
#5730=CARTESIAN_POINT('',(-1.4,-5.7,4.));
#5731=CARTESIAN_POINT('Origin',(-2.45,-5.4,4.15));
#5732=CARTESIAN_POINT('',(-2.3,-6.3,4.));
#5733=CARTESIAN_POINT('',(-2.3,-6.3,4.));
#5734=CARTESIAN_POINT('',(-2.3,-5.4,4.));
#5735=CARTESIAN_POINT('Origin',(-2.6,-6.45,4.15));
#5736=CARTESIAN_POINT('',(-2.6,-6.3,4.));
#5737=CARTESIAN_POINT('Origin',(-1.55,-4.6,4.15));
#5738=CARTESIAN_POINT('',(-1.7,-4.3,4.));
#5739=CARTESIAN_POINT('',(-1.7,-4.3,4.));
#5740=CARTESIAN_POINT('',(-1.7,-3.7,4.));
#5741=CARTESIAN_POINT('',(-1.7,-3.7,4.));
#5742=CARTESIAN_POINT('',(-1.7,-4.6,4.));
#5743=CARTESIAN_POINT('Origin',(-1.4,-3.55,4.15));
#5744=CARTESIAN_POINT('',(-2.3,-3.7,4.));
#5745=CARTESIAN_POINT('',(-2.3,-3.7,4.));
#5746=CARTESIAN_POINT('',(-1.4,-3.7,4.));
#5747=CARTESIAN_POINT('Origin',(-2.45,-3.4,4.15));
#5748=CARTESIAN_POINT('',(-2.3,-4.3,4.));
#5749=CARTESIAN_POINT('',(-2.3,-4.3,4.));
#5750=CARTESIAN_POINT('',(-2.3,-3.4,4.));
#5751=CARTESIAN_POINT('Origin',(-2.6,-4.45,4.15));
#5752=CARTESIAN_POINT('',(-2.6,-4.3,4.));
#5753=CARTESIAN_POINT('Origin',(-1.55,-2.6,4.15));
#5754=CARTESIAN_POINT('',(-1.7,-2.3,4.));
#5755=CARTESIAN_POINT('',(-1.7,-2.3,4.));
#5756=CARTESIAN_POINT('',(-1.7,-1.7,4.));
#5757=CARTESIAN_POINT('',(-1.7,-1.7,4.));
#5758=CARTESIAN_POINT('',(-1.7,-2.6,4.));
#5759=CARTESIAN_POINT('Origin',(-1.4,-1.55,4.15));
#5760=CARTESIAN_POINT('',(-2.3,-1.7,4.));
#5761=CARTESIAN_POINT('',(-2.3,-1.7,4.));
#5762=CARTESIAN_POINT('',(-1.4,-1.7,4.));
#5763=CARTESIAN_POINT('Origin',(-2.45,-1.4,4.15));
#5764=CARTESIAN_POINT('',(-2.3,-2.3,4.));
#5765=CARTESIAN_POINT('',(-2.3,-2.3,4.));
#5766=CARTESIAN_POINT('',(-2.3,-1.4,4.));
#5767=CARTESIAN_POINT('Origin',(-2.6,-2.45,4.15));
#5768=CARTESIAN_POINT('',(-2.6,-2.3,4.));
#5769=CARTESIAN_POINT('Origin',(-1.55,-0.6,4.15));
#5770=CARTESIAN_POINT('',(-1.7,-0.3,4.));
#5771=CARTESIAN_POINT('',(-1.7,-0.3,4.));
#5772=CARTESIAN_POINT('',(-1.7,0.3,4.));
#5773=CARTESIAN_POINT('',(-1.7,0.3,4.));
#5774=CARTESIAN_POINT('',(-1.7,-0.6,4.));
#5775=CARTESIAN_POINT('Origin',(-1.4,0.45,4.15));
#5776=CARTESIAN_POINT('',(-2.3,0.3,4.));
#5777=CARTESIAN_POINT('',(-2.3,0.3,4.));
#5778=CARTESIAN_POINT('',(-1.4,0.3,4.));
#5779=CARTESIAN_POINT('Origin',(-2.45,0.6,4.15));
#5780=CARTESIAN_POINT('',(-2.3,-0.3,4.));
#5781=CARTESIAN_POINT('',(-2.3,-0.3,4.));
#5782=CARTESIAN_POINT('',(-2.3,0.6,4.));
#5783=CARTESIAN_POINT('Origin',(-2.6,-0.45,4.15));
#5784=CARTESIAN_POINT('',(-2.6,-0.3,4.));
#5785=CARTESIAN_POINT('Origin',(0.1,-6.25,3.15));
#5786=CARTESIAN_POINT('',(0.1,-6.25,3.15));
#5787=CARTESIAN_POINT('',(-0.1,-6.25,3.15));
#5788=CARTESIAN_POINT('',(0.1,-6.25,3.15));
#5789=CARTESIAN_POINT('',(-0.1,-6.3,3.2));
#5790=CARTESIAN_POINT('',(-0.1,-6.25,3.15));
#5791=CARTESIAN_POINT('',(0.1,-6.3,3.2));
#5792=CARTESIAN_POINT('',(0.1,-6.3,3.2));
#5793=CARTESIAN_POINT('',(0.1,-6.25,3.15));
#5794=CARTESIAN_POINT('Origin',(0.1,-5.7,3.2));
#5795=CARTESIAN_POINT('',(0.1,-5.7,3.2));
#5796=CARTESIAN_POINT('',(-0.1,-5.7,3.2));
#5797=CARTESIAN_POINT('',(0.1,-5.7,3.2));
#5798=CARTESIAN_POINT('',(-0.1,-5.75,3.15));
#5799=CARTESIAN_POINT('',(-0.1,-5.7,3.2));
#5800=CARTESIAN_POINT('',(0.1,-5.75,3.15));
#5801=CARTESIAN_POINT('',(0.1,-5.75,3.15));
#5802=CARTESIAN_POINT('',(0.1,-5.7,3.2));
#5803=CARTESIAN_POINT('Origin',(0.1,-4.25,3.15));
#5804=CARTESIAN_POINT('',(0.1,-4.25,3.15));
#5805=CARTESIAN_POINT('',(-0.1,-4.25,3.15));
#5806=CARTESIAN_POINT('',(0.1,-4.25,3.15));
#5807=CARTESIAN_POINT('',(-0.1,-4.3,3.2));
#5808=CARTESIAN_POINT('',(-0.1,-4.25,3.15));
#5809=CARTESIAN_POINT('',(0.1,-4.3,3.2));
#5810=CARTESIAN_POINT('',(0.1,-4.3,3.2));
#5811=CARTESIAN_POINT('',(0.1,-4.25,3.15));
#5812=CARTESIAN_POINT('Origin',(0.1,-3.7,3.2));
#5813=CARTESIAN_POINT('',(0.1,-3.7,3.2));
#5814=CARTESIAN_POINT('',(-0.1,-3.7,3.2));
#5815=CARTESIAN_POINT('',(0.1,-3.7,3.2));
#5816=CARTESIAN_POINT('',(-0.1,-3.75,3.15));
#5817=CARTESIAN_POINT('',(-0.1,-3.7,3.2));
#5818=CARTESIAN_POINT('',(0.1,-3.75,3.15));
#5819=CARTESIAN_POINT('',(0.1,-3.75,3.15));
#5820=CARTESIAN_POINT('',(0.1,-3.7,3.2));
#5821=CARTESIAN_POINT('Origin',(0.1,-2.25,3.15));
#5822=CARTESIAN_POINT('',(0.1,-2.25,3.15));
#5823=CARTESIAN_POINT('',(-0.1,-2.25,3.15));
#5824=CARTESIAN_POINT('',(0.1,-2.25,3.15));
#5825=CARTESIAN_POINT('',(-0.1,-2.3,3.2));
#5826=CARTESIAN_POINT('',(-0.1,-2.25,3.15));
#5827=CARTESIAN_POINT('',(0.1,-2.3,3.2));
#5828=CARTESIAN_POINT('',(0.1,-2.3,3.2));
#5829=CARTESIAN_POINT('',(0.1,-2.25,3.15));
#5830=CARTESIAN_POINT('Origin',(0.1,-1.7,3.2));
#5831=CARTESIAN_POINT('',(0.1,-1.7,3.2));
#5832=CARTESIAN_POINT('',(-0.1,-1.7,3.2));
#5833=CARTESIAN_POINT('',(0.1,-1.7,3.2));
#5834=CARTESIAN_POINT('',(-0.1,-1.75,3.15));
#5835=CARTESIAN_POINT('',(-0.1,-1.7,3.2));
#5836=CARTESIAN_POINT('',(0.1,-1.75,3.15));
#5837=CARTESIAN_POINT('',(0.1,-1.75,3.15));
#5838=CARTESIAN_POINT('',(0.1,-1.7,3.2));
#5839=CARTESIAN_POINT('Origin',(0.1,-0.25,3.15));
#5840=CARTESIAN_POINT('',(0.1,-0.25,3.15));
#5841=CARTESIAN_POINT('',(-0.1,-0.25,3.15));
#5842=CARTESIAN_POINT('',(0.1,-0.25,3.15));
#5843=CARTESIAN_POINT('',(-0.1,-0.3,3.2));
#5844=CARTESIAN_POINT('',(-0.1,-0.25,3.15));
#5845=CARTESIAN_POINT('',(0.1,-0.3,3.2));
#5846=CARTESIAN_POINT('',(0.1,-0.3,3.2));
#5847=CARTESIAN_POINT('',(0.1,-0.25,3.15));
#5848=CARTESIAN_POINT('Origin',(0.1,0.3,3.2));
#5849=CARTESIAN_POINT('',(0.1,0.3,3.2));
#5850=CARTESIAN_POINT('',(-0.1,0.3,3.2));
#5851=CARTESIAN_POINT('',(0.1,0.3,3.2));
#5852=CARTESIAN_POINT('',(-0.1,0.25,3.15));
#5853=CARTESIAN_POINT('',(-0.1,0.3,3.2));
#5854=CARTESIAN_POINT('',(0.1,0.25,3.15));
#5855=CARTESIAN_POINT('',(0.1,0.25,3.15));
#5856=CARTESIAN_POINT('',(0.1,0.3,3.2));
#5857=CARTESIAN_POINT('Origin',(-2.1,-5.75,3.15));
#5858=CARTESIAN_POINT('',(-2.1,-5.75,3.15));
#5859=CARTESIAN_POINT('',(-1.9,-5.75,3.15));
#5860=CARTESIAN_POINT('',(-2.1,-5.75,3.15));
#5861=CARTESIAN_POINT('',(-1.9,-5.7,3.2));
#5862=CARTESIAN_POINT('',(-1.9,-5.75,3.15));
#5863=CARTESIAN_POINT('',(-2.1,-5.7,3.2));
#5864=CARTESIAN_POINT('',(-2.1,-5.7,3.2));
#5865=CARTESIAN_POINT('',(-2.1,-5.75,3.15));
#5866=CARTESIAN_POINT('Origin',(-2.1,-6.3,3.2));
#5867=CARTESIAN_POINT('',(-2.1,-6.3,3.2));
#5868=CARTESIAN_POINT('',(-1.9,-6.3,3.2));
#5869=CARTESIAN_POINT('',(-2.1,-6.3,3.2));
#5870=CARTESIAN_POINT('',(-1.9,-6.25,3.15));
#5871=CARTESIAN_POINT('',(-1.9,-6.3,3.2));
#5872=CARTESIAN_POINT('',(-2.1,-6.25,3.15));
#5873=CARTESIAN_POINT('',(-2.1,-6.25,3.15));
#5874=CARTESIAN_POINT('',(-2.1,-6.3,3.2));
#5875=CARTESIAN_POINT('Origin',(-2.1,-3.75,3.15));
#5876=CARTESIAN_POINT('',(-2.1,-3.75,3.15));
#5877=CARTESIAN_POINT('',(-1.9,-3.75,3.15));
#5878=CARTESIAN_POINT('',(-2.1,-3.75,3.15));
#5879=CARTESIAN_POINT('',(-1.9,-3.7,3.2));
#5880=CARTESIAN_POINT('',(-1.9,-3.75,3.15));
#5881=CARTESIAN_POINT('',(-2.1,-3.7,3.2));
#5882=CARTESIAN_POINT('',(-2.1,-3.7,3.2));
#5883=CARTESIAN_POINT('',(-2.1,-3.75,3.15));
#5884=CARTESIAN_POINT('Origin',(-2.1,-4.3,3.2));
#5885=CARTESIAN_POINT('',(-2.1,-4.3,3.2));
#5886=CARTESIAN_POINT('',(-1.9,-4.3,3.2));
#5887=CARTESIAN_POINT('',(-2.1,-4.3,3.2));
#5888=CARTESIAN_POINT('',(-1.9,-4.25,3.15));
#5889=CARTESIAN_POINT('',(-1.9,-4.3,3.2));
#5890=CARTESIAN_POINT('',(-2.1,-4.25,3.15));
#5891=CARTESIAN_POINT('',(-2.1,-4.25,3.15));
#5892=CARTESIAN_POINT('',(-2.1,-4.3,3.2));
#5893=CARTESIAN_POINT('Origin',(-2.1,-1.75,3.15));
#5894=CARTESIAN_POINT('',(-2.1,-1.75,3.15));
#5895=CARTESIAN_POINT('',(-1.9,-1.75,3.15));
#5896=CARTESIAN_POINT('',(-2.1,-1.75,3.15));
#5897=CARTESIAN_POINT('',(-1.9,-1.7,3.2));
#5898=CARTESIAN_POINT('',(-1.9,-1.75,3.15));
#5899=CARTESIAN_POINT('',(-2.1,-1.7,3.2));
#5900=CARTESIAN_POINT('',(-2.1,-1.7,3.2));
#5901=CARTESIAN_POINT('',(-2.1,-1.75,3.15));
#5902=CARTESIAN_POINT('Origin',(-2.1,-2.3,3.2));
#5903=CARTESIAN_POINT('',(-2.1,-2.3,3.2));
#5904=CARTESIAN_POINT('',(-1.9,-2.3,3.2));
#5905=CARTESIAN_POINT('',(-2.1,-2.3,3.2));
#5906=CARTESIAN_POINT('',(-1.9,-2.25,3.15));
#5907=CARTESIAN_POINT('',(-1.9,-2.3,3.2));
#5908=CARTESIAN_POINT('',(-2.1,-2.25,3.15));
#5909=CARTESIAN_POINT('',(-2.1,-2.25,3.15));
#5910=CARTESIAN_POINT('',(-2.1,-2.3,3.2));
#5911=CARTESIAN_POINT('Origin',(-2.1,0.25,3.15));
#5912=CARTESIAN_POINT('',(-2.1,0.25,3.15));
#5913=CARTESIAN_POINT('',(-1.9,0.25,3.15));
#5914=CARTESIAN_POINT('',(-2.1,0.25,3.15));
#5915=CARTESIAN_POINT('',(-1.9,0.3,3.2));
#5916=CARTESIAN_POINT('',(-1.9,0.25,3.15));
#5917=CARTESIAN_POINT('',(-2.1,0.3,3.2));
#5918=CARTESIAN_POINT('',(-2.1,0.3,3.2));
#5919=CARTESIAN_POINT('',(-2.1,0.25,3.15));
#5920=CARTESIAN_POINT('Origin',(-2.1,-0.3,3.2));
#5921=CARTESIAN_POINT('',(-2.1,-0.3,3.2));
#5922=CARTESIAN_POINT('',(-1.9,-0.3,3.2));
#5923=CARTESIAN_POINT('',(-2.1,-0.3,3.2));
#5924=CARTESIAN_POINT('',(-1.9,-0.25,3.15));
#5925=CARTESIAN_POINT('',(-1.9,-0.3,3.2));
#5926=CARTESIAN_POINT('',(-2.1,-0.25,3.15));
#5927=CARTESIAN_POINT('',(-2.1,-0.25,3.15));
#5928=CARTESIAN_POINT('',(-2.1,-0.3,3.2));
#5929=CARTESIAN_POINT('Origin',(-2.1,-0.25,4.45));
#5930=CARTESIAN_POINT('',(-1.9,-0.25,1.25));
#5931=CARTESIAN_POINT('',(-1.9,-0.25,4.45));
#5932=CARTESIAN_POINT('',(-2.1,-0.25,1.25));
#5933=CARTESIAN_POINT('',(-2.1,-0.25,1.25));
#5934=CARTESIAN_POINT('',(-2.1,-0.25,3.15));
#5935=CARTESIAN_POINT('Origin',(-2.1,-0.25,1.25));
#5936=CARTESIAN_POINT('',(-1.9,0.25,1.25));
#5937=CARTESIAN_POINT('',(-1.9,-0.25,1.25));
#5938=CARTESIAN_POINT('',(-2.1,0.25,1.25));
#5939=CARTESIAN_POINT('',(-2.1,0.25,1.25));
#5940=CARTESIAN_POINT('',(-2.1,-0.25,1.25));
#5941=CARTESIAN_POINT('Origin',(-2.1,-2.25,4.45));
#5942=CARTESIAN_POINT('',(-1.9,-2.25,1.25));
#5943=CARTESIAN_POINT('',(-1.9,-2.25,4.45));
#5944=CARTESIAN_POINT('',(-2.1,-2.25,1.25));
#5945=CARTESIAN_POINT('',(-2.1,-2.25,1.25));
#5946=CARTESIAN_POINT('',(-2.1,-2.25,3.15));
#5947=CARTESIAN_POINT('Origin',(-2.1,-2.25,1.25));
#5948=CARTESIAN_POINT('',(-1.9,-1.75,1.25));
#5949=CARTESIAN_POINT('',(-1.9,-2.25,1.25));
#5950=CARTESIAN_POINT('',(-2.1,-1.75,1.25));
#5951=CARTESIAN_POINT('',(-2.1,-1.75,1.25));
#5952=CARTESIAN_POINT('',(-2.1,-2.25,1.25));
#5953=CARTESIAN_POINT('Origin',(-2.1,-4.25,4.45));
#5954=CARTESIAN_POINT('',(-1.9,-4.25,1.25));
#5955=CARTESIAN_POINT('',(-1.9,-4.25,4.45));
#5956=CARTESIAN_POINT('',(-2.1,-4.25,1.25));
#5957=CARTESIAN_POINT('',(-2.1,-4.25,1.25));
#5958=CARTESIAN_POINT('',(-2.1,-4.25,3.15));
#5959=CARTESIAN_POINT('Origin',(-2.1,-4.25,1.25));
#5960=CARTESIAN_POINT('',(-1.9,-3.75,1.25));
#5961=CARTESIAN_POINT('',(-1.9,-4.25,1.25));
#5962=CARTESIAN_POINT('',(-2.1,-3.75,1.25));
#5963=CARTESIAN_POINT('',(-2.1,-3.75,1.25));
#5964=CARTESIAN_POINT('',(-2.1,-4.25,1.25));
#5965=CARTESIAN_POINT('Origin',(-2.1,-6.25,4.45));
#5966=CARTESIAN_POINT('',(-1.9,-6.25,1.25));
#5967=CARTESIAN_POINT('',(-1.9,-6.25,4.45));
#5968=CARTESIAN_POINT('',(-2.1,-6.25,1.25));
#5969=CARTESIAN_POINT('',(-2.1,-6.25,1.25));
#5970=CARTESIAN_POINT('',(-2.1,-6.25,3.15));
#5971=CARTESIAN_POINT('Origin',(-2.1,-6.25,1.25));
#5972=CARTESIAN_POINT('',(-1.9,-5.75,1.25));
#5973=CARTESIAN_POINT('',(-1.9,-6.25,1.25));
#5974=CARTESIAN_POINT('',(-2.1,-5.75,1.25));
#5975=CARTESIAN_POINT('',(-2.1,-5.75,1.25));
#5976=CARTESIAN_POINT('',(-2.1,-6.25,1.25));
#5977=CARTESIAN_POINT('Origin',(0.1,0.25,4.45));
#5978=CARTESIAN_POINT('',(-0.1,0.25,1.25));
#5979=CARTESIAN_POINT('',(-0.1,0.25,4.45));
#5980=CARTESIAN_POINT('',(0.1,0.25,1.25));
#5981=CARTESIAN_POINT('',(0.1,0.25,1.25));
#5982=CARTESIAN_POINT('',(0.1,0.25,3.15));
#5983=CARTESIAN_POINT('Origin',(0.1,0.25,1.25));
#5984=CARTESIAN_POINT('',(-0.1,-0.25,1.25));
#5985=CARTESIAN_POINT('',(-0.1,0.25,1.25));
#5986=CARTESIAN_POINT('',(0.1,-0.25,1.25));
#5987=CARTESIAN_POINT('',(0.1,-0.25,1.25));
#5988=CARTESIAN_POINT('',(0.1,0.25,1.25));
#5989=CARTESIAN_POINT('Origin',(0.1,-1.75,4.45));
#5990=CARTESIAN_POINT('',(-0.1,-1.75,1.25));
#5991=CARTESIAN_POINT('',(-0.1,-1.75,4.45));
#5992=CARTESIAN_POINT('',(0.1,-1.75,1.25));
#5993=CARTESIAN_POINT('',(0.1,-1.75,1.25));
#5994=CARTESIAN_POINT('',(0.1,-1.75,3.15));
#5995=CARTESIAN_POINT('Origin',(0.1,-1.75,1.25));
#5996=CARTESIAN_POINT('',(-0.1,-2.25,1.25));
#5997=CARTESIAN_POINT('',(-0.1,-1.75,1.25));
#5998=CARTESIAN_POINT('',(0.1,-2.25,1.25));
#5999=CARTESIAN_POINT('',(0.1,-2.25,1.25));
#6000=CARTESIAN_POINT('',(0.1,-1.75,1.25));
#6001=CARTESIAN_POINT('Origin',(0.1,-3.75,4.45));
#6002=CARTESIAN_POINT('',(-0.1,-3.75,1.25));
#6003=CARTESIAN_POINT('',(-0.1,-3.75,4.45));
#6004=CARTESIAN_POINT('',(0.1,-3.75,1.25));
#6005=CARTESIAN_POINT('',(0.1,-3.75,1.25));
#6006=CARTESIAN_POINT('',(0.1,-3.75,3.15));
#6007=CARTESIAN_POINT('Origin',(0.1,-3.75,1.25));
#6008=CARTESIAN_POINT('',(-0.1,-4.25,1.25));
#6009=CARTESIAN_POINT('',(-0.1,-3.75,1.25));
#6010=CARTESIAN_POINT('',(0.1,-4.25,1.25));
#6011=CARTESIAN_POINT('',(0.1,-4.25,1.25));
#6012=CARTESIAN_POINT('',(0.1,-3.75,1.25));
#6013=CARTESIAN_POINT('Origin',(0.1,-5.75,4.45));
#6014=CARTESIAN_POINT('',(-0.1,-5.75,1.25));
#6015=CARTESIAN_POINT('',(-0.1,-5.75,4.45));
#6016=CARTESIAN_POINT('',(0.1,-5.75,1.25));
#6017=CARTESIAN_POINT('',(0.1,-5.75,1.25));
#6018=CARTESIAN_POINT('',(0.1,-5.75,3.15));
#6019=CARTESIAN_POINT('Origin',(0.1,-5.75,1.25));
#6020=CARTESIAN_POINT('',(-0.1,-6.25,1.25));
#6021=CARTESIAN_POINT('',(-0.1,-5.75,1.25));
#6022=CARTESIAN_POINT('',(0.1,-6.25,1.25));
#6023=CARTESIAN_POINT('',(0.1,-6.25,1.25));
#6024=CARTESIAN_POINT('',(0.1,-5.75,1.25));
#6025=CARTESIAN_POINT('Origin',(-1.9,2.109423746788E-16,2.448597401424));
#6026=CARTESIAN_POINT('',(-1.9,-0.3,0.9));
#6027=CARTESIAN_POINT('',(-1.9,-0.3,3.874298700712));
#6028=CARTESIAN_POINT('',(-1.9,0.3,0.9));
#6029=CARTESIAN_POINT('',(-1.9,2.109423746788E-16,0.9));
#6030=CARTESIAN_POINT('',(-1.9,0.3,2.574298700712));
#6031=CARTESIAN_POINT('',(-1.9,0.25,1.25));
#6032=CARTESIAN_POINT('Origin',(-2.1,2.331468351713E-16,2.448597401424));
#6033=CARTESIAN_POINT('',(-2.1,0.25,-0.05));
#6034=CARTESIAN_POINT('',(-2.1,0.3,0.9));
#6035=CARTESIAN_POINT('',(-2.1,0.3,3.874298700712));
#6036=CARTESIAN_POINT('',(-2.1,-0.3,0.9));
#6037=CARTESIAN_POINT('',(-2.1,2.331468351713E-16,0.9));
#6038=CARTESIAN_POINT('',(-2.1,-0.3,3.874298700712));
#6039=CARTESIAN_POINT('Origin',(-2.,2.22044604925E-16,0.9));
#6040=CARTESIAN_POINT('',(-2.3,-0.3,0.9));
#6041=CARTESIAN_POINT('',(-2.3,-0.3,0.9));
#6042=CARTESIAN_POINT('',(-2.3,0.3,0.9));
#6043=CARTESIAN_POINT('',(-1.7,0.3,0.9));
#6044=CARTESIAN_POINT('',(-2.3,0.3,0.9));
#6045=CARTESIAN_POINT('Origin',(-2.,2.22044604925E-16,0.9));
#6046=CARTESIAN_POINT('',(-1.7,-0.3,0.9));
#6047=CARTESIAN_POINT('',(-2.3,-0.3,0.9));
#6048=CARTESIAN_POINT('',(-1.7,0.3,0.9));
#6049=CARTESIAN_POINT('',(-1.7,-0.3,0.9));
#6050=CARTESIAN_POINT('',(-1.7,0.3,0.9));
#6051=CARTESIAN_POINT('Origin',(-1.9,-2.,2.448597401424));
#6052=CARTESIAN_POINT('',(-1.9,-2.3,0.9));
#6053=CARTESIAN_POINT('',(-1.9,-2.3,3.874298700712));
#6054=CARTESIAN_POINT('',(-1.9,-1.7,0.9));
#6055=CARTESIAN_POINT('',(-1.9,-2.,0.9));
#6056=CARTESIAN_POINT('',(-1.9,-1.7,2.574298700712));
#6057=CARTESIAN_POINT('',(-1.9,-1.75,1.25));
#6058=CARTESIAN_POINT('Origin',(-2.1,-2.,2.448597401424));
#6059=CARTESIAN_POINT('',(-2.1,-1.75,-0.05));
#6060=CARTESIAN_POINT('',(-2.1,-1.7,0.9));
#6061=CARTESIAN_POINT('',(-2.1,-1.7,3.874298700712));
#6062=CARTESIAN_POINT('',(-2.1,-2.3,0.9));
#6063=CARTESIAN_POINT('',(-2.1,-2.,0.9));
#6064=CARTESIAN_POINT('',(-2.1,-2.3,3.874298700712));
#6065=CARTESIAN_POINT('Origin',(-2.,-2.,0.9));
#6066=CARTESIAN_POINT('',(-2.3,-2.3,0.9));
#6067=CARTESIAN_POINT('',(-2.3,-2.3,0.9));
#6068=CARTESIAN_POINT('',(-2.3,-1.7,0.9));
#6069=CARTESIAN_POINT('',(-1.7,-1.7,0.9));
#6070=CARTESIAN_POINT('',(-2.3,-1.7,0.9));
#6071=CARTESIAN_POINT('Origin',(-2.,-2.,0.9));
#6072=CARTESIAN_POINT('',(-1.7,-2.3,0.9));
#6073=CARTESIAN_POINT('',(-2.3,-2.3,0.9));
#6074=CARTESIAN_POINT('',(-1.7,-1.7,0.9));
#6075=CARTESIAN_POINT('',(-1.7,-2.3,0.9));
#6076=CARTESIAN_POINT('',(-1.7,-1.7,0.9));
#6077=CARTESIAN_POINT('Origin',(-1.9,-4.,2.448597401424));
#6078=CARTESIAN_POINT('',(-1.9,-4.3,0.9));
#6079=CARTESIAN_POINT('',(-1.9,-4.3,3.874298700712));
#6080=CARTESIAN_POINT('',(-1.9,-3.7,0.9));
#6081=CARTESIAN_POINT('',(-1.9,-4.,0.9));
#6082=CARTESIAN_POINT('',(-1.9,-3.7,2.574298700712));
#6083=CARTESIAN_POINT('',(-1.9,-3.75,1.25));
#6084=CARTESIAN_POINT('Origin',(-2.1,-4.,2.448597401424));
#6085=CARTESIAN_POINT('',(-2.1,-3.75,-0.05));
#6086=CARTESIAN_POINT('',(-2.1,-3.7,0.9));
#6087=CARTESIAN_POINT('',(-2.1,-3.7,3.874298700712));
#6088=CARTESIAN_POINT('',(-2.1,-4.3,0.9));
#6089=CARTESIAN_POINT('',(-2.1,-4.,0.9));
#6090=CARTESIAN_POINT('',(-2.1,-4.3,3.874298700712));
#6091=CARTESIAN_POINT('Origin',(-2.,-4.,0.9));
#6092=CARTESIAN_POINT('',(-2.3,-4.3,0.9));
#6093=CARTESIAN_POINT('',(-2.3,-4.3,0.9));
#6094=CARTESIAN_POINT('',(-2.3,-3.7,0.9));
#6095=CARTESIAN_POINT('',(-1.7,-3.7,0.9));
#6096=CARTESIAN_POINT('',(-2.3,-3.7,0.9));
#6097=CARTESIAN_POINT('Origin',(-2.,-4.,0.9));
#6098=CARTESIAN_POINT('',(-1.7,-4.3,0.9));
#6099=CARTESIAN_POINT('',(-2.3,-4.3,0.9));
#6100=CARTESIAN_POINT('',(-1.7,-3.7,0.9));
#6101=CARTESIAN_POINT('',(-1.7,-4.3,0.9));
#6102=CARTESIAN_POINT('',(-1.7,-3.7,0.9));
#6103=CARTESIAN_POINT('Origin',(-1.9,-6.,2.448597401424));
#6104=CARTESIAN_POINT('',(-1.9,-6.3,0.9));
#6105=CARTESIAN_POINT('',(-1.9,-6.3,3.874298700712));
#6106=CARTESIAN_POINT('',(-1.9,-5.7,0.9));
#6107=CARTESIAN_POINT('',(-1.9,-6.,0.9));
#6108=CARTESIAN_POINT('',(-1.9,-5.7,2.574298700712));
#6109=CARTESIAN_POINT('',(-1.9,-5.75,1.25));
#6110=CARTESIAN_POINT('Origin',(-2.1,-6.,2.448597401424));
#6111=CARTESIAN_POINT('',(-2.1,-5.75,-0.05));
#6112=CARTESIAN_POINT('',(-2.1,-5.7,0.9));
#6113=CARTESIAN_POINT('',(-2.1,-5.7,3.874298700712));
#6114=CARTESIAN_POINT('',(-2.1,-6.3,0.9));
#6115=CARTESIAN_POINT('',(-2.1,-6.,0.9));
#6116=CARTESIAN_POINT('',(-2.1,-6.3,3.874298700712));
#6117=CARTESIAN_POINT('Origin',(-2.,-6.,0.9));
#6118=CARTESIAN_POINT('',(-2.3,-6.3,0.9));
#6119=CARTESIAN_POINT('',(-2.3,-6.3,0.9));
#6120=CARTESIAN_POINT('',(-2.3,-5.7,0.9));
#6121=CARTESIAN_POINT('',(-1.7,-5.7,0.9));
#6122=CARTESIAN_POINT('',(-2.3,-5.7,0.9));
#6123=CARTESIAN_POINT('Origin',(-2.,-6.,0.9));
#6124=CARTESIAN_POINT('',(-1.7,-6.3,0.9));
#6125=CARTESIAN_POINT('',(-2.3,-6.3,0.9));
#6126=CARTESIAN_POINT('',(-1.7,-5.7,0.9));
#6127=CARTESIAN_POINT('',(-1.7,-6.3,0.9));
#6128=CARTESIAN_POINT('',(-1.7,-5.7,0.9));
#6129=CARTESIAN_POINT('Origin',(-0.1,1.110223024625E-17,2.448597401424));
#6130=CARTESIAN_POINT('',(-0.1,0.3,0.9));
#6131=CARTESIAN_POINT('',(-0.1,0.3,3.874298700712));
#6132=CARTESIAN_POINT('',(-0.1,-0.3,0.9));
#6133=CARTESIAN_POINT('',(-0.1,1.722546424199E-17,0.9));
#6134=CARTESIAN_POINT('',(-0.1,-0.3,2.574298700712));
#6135=CARTESIAN_POINT('',(-0.1,-0.25,1.25));
#6136=CARTESIAN_POINT('Origin',(0.1,-1.110223024625E-17,2.448597401424));
#6137=CARTESIAN_POINT('',(0.1,-0.25,-0.05));
#6138=CARTESIAN_POINT('',(0.1,-0.3,0.9));
#6139=CARTESIAN_POINT('',(0.1,-0.3,3.874298700712));
#6140=CARTESIAN_POINT('',(0.1,0.3,0.9));
#6141=CARTESIAN_POINT('',(0.1,-1.722546424199E-17,0.9));
#6142=CARTESIAN_POINT('',(0.1,0.3,3.874298700712));
#6143=CARTESIAN_POINT('Origin',(2.22044604925E-16,-2.465190328816E-32,0.9));
#6144=CARTESIAN_POINT('',(0.3,0.3,0.9));
#6145=CARTESIAN_POINT('',(0.3,0.3,0.9));
#6146=CARTESIAN_POINT('',(0.3,-0.3,0.9));
#6147=CARTESIAN_POINT('',(-0.3,-0.3,0.9));
#6148=CARTESIAN_POINT('',(0.3,-0.3,0.9));
#6149=CARTESIAN_POINT('Origin',(2.22044604925E-16,-2.465190328816E-32,0.9));
#6150=CARTESIAN_POINT('',(-0.3,0.3,0.9));
#6151=CARTESIAN_POINT('',(0.3,0.3,0.9));
#6152=CARTESIAN_POINT('',(-0.3,-0.3,0.9));
#6153=CARTESIAN_POINT('',(-0.3,0.3,0.9));
#6154=CARTESIAN_POINT('',(-0.3,-0.3,0.9));
#6155=CARTESIAN_POINT('Origin',(-0.1,-2.,2.448597401424));
#6156=CARTESIAN_POINT('',(-0.1,-1.7,0.9));
#6157=CARTESIAN_POINT('',(-0.1,-1.7,3.874298700712));
#6158=CARTESIAN_POINT('',(-0.1,-2.3,0.9));
#6159=CARTESIAN_POINT('',(-0.1,-2.,0.9));
#6160=CARTESIAN_POINT('',(-0.1,-2.3,2.574298700712));
#6161=CARTESIAN_POINT('',(-0.1,-2.25,1.25));
#6162=CARTESIAN_POINT('Origin',(0.1,-2.,2.448597401424));
#6163=CARTESIAN_POINT('',(0.1,-2.25,-0.05));
#6164=CARTESIAN_POINT('',(0.1,-2.3,0.9));
#6165=CARTESIAN_POINT('',(0.1,-2.3,3.874298700712));
#6166=CARTESIAN_POINT('',(0.1,-1.7,0.9));
#6167=CARTESIAN_POINT('',(0.1,-2.,0.9));
#6168=CARTESIAN_POINT('',(0.1,-1.7,3.874298700712));
#6169=CARTESIAN_POINT('Origin',(-3.330669073875E-16,-2.,0.9));
#6170=CARTESIAN_POINT('',(0.3,-1.7,0.9));
#6171=CARTESIAN_POINT('',(0.3,-1.7,0.9));
#6172=CARTESIAN_POINT('',(0.3,-2.3,0.9));
#6173=CARTESIAN_POINT('',(-0.3,-2.3,0.9));
#6174=CARTESIAN_POINT('',(0.3,-2.3,0.9));
#6175=CARTESIAN_POINT('Origin',(-3.330669073875E-16,-2.,0.9));
#6176=CARTESIAN_POINT('',(-0.3,-1.7,0.9));
#6177=CARTESIAN_POINT('',(0.3,-1.7,0.9));
#6178=CARTESIAN_POINT('',(-0.3,-2.3,0.9));
#6179=CARTESIAN_POINT('',(-0.3,-1.7,0.9));
#6180=CARTESIAN_POINT('',(-0.3,-2.3,0.9));
#6181=CARTESIAN_POINT('Origin',(-0.1,-4.,2.448597401424));
#6182=CARTESIAN_POINT('',(-0.1,-3.7,0.9));
#6183=CARTESIAN_POINT('',(-0.1,-3.7,3.874298700712));
#6184=CARTESIAN_POINT('',(-0.1,-4.3,0.9));
#6185=CARTESIAN_POINT('',(-0.1,-4.,0.9));
#6186=CARTESIAN_POINT('',(-0.1,-4.3,2.574298700712));
#6187=CARTESIAN_POINT('',(-0.1,-4.25,1.25));
#6188=CARTESIAN_POINT('Origin',(0.1,-4.,2.448597401424));
#6189=CARTESIAN_POINT('',(0.1,-4.25,-0.05));
#6190=CARTESIAN_POINT('',(0.1,-4.3,0.9));
#6191=CARTESIAN_POINT('',(0.1,-4.3,3.874298700712));
#6192=CARTESIAN_POINT('',(0.1,-3.7,0.9));
#6193=CARTESIAN_POINT('',(0.1,-4.,0.9));
#6194=CARTESIAN_POINT('',(0.1,-3.7,3.874298700712));
#6195=CARTESIAN_POINT('Origin',(-7.771561172376E-16,-4.,0.9));
#6196=CARTESIAN_POINT('',(0.3,-3.7,0.9));
#6197=CARTESIAN_POINT('',(0.3,-3.7,0.9));
#6198=CARTESIAN_POINT('',(0.3,-4.3,0.9));
#6199=CARTESIAN_POINT('',(-0.3,-4.3,0.9));
#6200=CARTESIAN_POINT('',(0.3,-4.3,0.9));
#6201=CARTESIAN_POINT('Origin',(-7.771561172376E-16,-4.,0.9));
#6202=CARTESIAN_POINT('',(-0.3,-3.7,0.9));
#6203=CARTESIAN_POINT('',(0.3,-3.7,0.9));
#6204=CARTESIAN_POINT('',(-0.3,-4.3,0.9));
#6205=CARTESIAN_POINT('',(-0.3,-3.7,0.9));
#6206=CARTESIAN_POINT('',(-0.3,-4.3,0.9));
#6207=CARTESIAN_POINT('Origin',(-0.1,-6.,2.448597401424));
#6208=CARTESIAN_POINT('',(-0.1,-5.7,0.9));
#6209=CARTESIAN_POINT('',(-0.1,-5.7,3.874298700712));
#6210=CARTESIAN_POINT('',(-0.1,-6.3,0.9));
#6211=CARTESIAN_POINT('',(-0.1,-6.,0.9));
#6212=CARTESIAN_POINT('',(-0.1,-6.3,2.574298700712));
#6213=CARTESIAN_POINT('',(-0.1,-6.25,1.25));
#6214=CARTESIAN_POINT('Origin',(0.1,-6.,2.448597401424));
#6215=CARTESIAN_POINT('',(0.1,-6.25,-0.05));
#6216=CARTESIAN_POINT('',(0.1,-6.3,0.9));
#6217=CARTESIAN_POINT('',(0.1,-6.3,3.874298700712));
#6218=CARTESIAN_POINT('',(0.1,-5.7,0.9));
#6219=CARTESIAN_POINT('',(0.1,-6.,0.9));
#6220=CARTESIAN_POINT('',(0.1,-5.7,3.874298700712));
#6221=CARTESIAN_POINT('Origin',(-1.221245327088E-15,-6.,0.9));
#6222=CARTESIAN_POINT('',(0.3,-5.7,0.9));
#6223=CARTESIAN_POINT('',(0.3,-5.7,0.9));
#6224=CARTESIAN_POINT('',(0.3,-6.3,0.9));
#6225=CARTESIAN_POINT('',(-0.3,-6.3,0.9));
#6226=CARTESIAN_POINT('',(0.3,-6.3,0.9));
#6227=CARTESIAN_POINT('Origin',(-1.221245327088E-15,-6.,0.9));
#6228=CARTESIAN_POINT('',(-0.3,-5.7,0.9));
#6229=CARTESIAN_POINT('',(0.3,-5.7,0.9));
#6230=CARTESIAN_POINT('',(-0.3,-6.3,0.9));
#6231=CARTESIAN_POINT('',(-0.3,-5.7,0.9));
#6232=CARTESIAN_POINT('',(-0.3,-6.3,0.9));
#6233=CARTESIAN_POINT('Origin',(-2.1,0.3,0.2));
#6234=CARTESIAN_POINT('',(-2.1,0.3,0.2));
#6235=CARTESIAN_POINT('',(-1.9,0.3,0.2));
#6236=CARTESIAN_POINT('',(-2.1,0.3,0.2));
#6237=CARTESIAN_POINT('',(-1.9,0.3,-2.1));
#6238=CARTESIAN_POINT('',(-1.9,0.3,0.2));
#6239=CARTESIAN_POINT('',(-2.1,0.3,-2.1));
#6240=CARTESIAN_POINT('',(-2.1,0.3,-2.1));
#6241=CARTESIAN_POINT('',(-2.1,0.3,0.2));
#6242=CARTESIAN_POINT('Origin',(-2.1,0.3,-2.1));
#6243=CARTESIAN_POINT('',(-1.9,0.15,-2.7));
#6244=CARTESIAN_POINT('',(-1.9,0.3,-2.1));
#6245=CARTESIAN_POINT('',(-2.1,0.15,-2.7));
#6246=CARTESIAN_POINT('',(-2.1,0.15,-2.7));
#6247=CARTESIAN_POINT('',(-2.1,0.3,-2.1));
#6248=CARTESIAN_POINT('Origin',(-2.1,0.15,-2.7));
#6249=CARTESIAN_POINT('',(-1.9,-0.15,-2.7));
#6250=CARTESIAN_POINT('',(-1.9,0.15,-2.7));
#6251=CARTESIAN_POINT('',(-2.1,-0.15,-2.7));
#6252=CARTESIAN_POINT('',(-2.1,-0.15,-2.7));
#6253=CARTESIAN_POINT('',(-2.1,-0.15,-2.7));
#6254=CARTESIAN_POINT('Origin',(-2.1,-0.15,-2.7));
#6255=CARTESIAN_POINT('',(-1.9,-0.3,-2.1));
#6256=CARTESIAN_POINT('',(-1.9,-0.15,-2.7));
#6257=CARTESIAN_POINT('',(-2.1,-0.3,-2.1));
#6258=CARTESIAN_POINT('',(-2.1,-0.3,-2.1));
#6259=CARTESIAN_POINT('',(-2.1,-0.15,-2.7));
#6260=CARTESIAN_POINT('Origin',(-2.1,-0.3,-2.1));
#6261=CARTESIAN_POINT('',(-1.9,-0.3,0.2));
#6262=CARTESIAN_POINT('',(-1.9,-0.3,-2.1));
#6263=CARTESIAN_POINT('',(-2.1,-0.3,0.2));
#6264=CARTESIAN_POINT('',(-2.1,-0.3,0.2));
#6265=CARTESIAN_POINT('',(-2.1,-0.3,-2.1));
#6266=CARTESIAN_POINT('Origin',(-2.1,-1.7,0.2));
#6267=CARTESIAN_POINT('',(-2.1,-1.7,0.2));
#6268=CARTESIAN_POINT('',(-1.9,-1.7,0.2));
#6269=CARTESIAN_POINT('',(-2.1,-1.7,0.2));
#6270=CARTESIAN_POINT('',(-1.9,-1.7,-2.1));
#6271=CARTESIAN_POINT('',(-1.9,-1.7,0.2));
#6272=CARTESIAN_POINT('',(-2.1,-1.7,-2.1));
#6273=CARTESIAN_POINT('',(-2.1,-1.7,-2.1));
#6274=CARTESIAN_POINT('',(-2.1,-1.7,0.2));
#6275=CARTESIAN_POINT('Origin',(-2.1,-1.7,-2.1));
#6276=CARTESIAN_POINT('',(-1.9,-1.85,-2.7));
#6277=CARTESIAN_POINT('',(-1.9,-1.7,-2.1));
#6278=CARTESIAN_POINT('',(-2.1,-1.85,-2.7));
#6279=CARTESIAN_POINT('',(-2.1,-1.85,-2.7));
#6280=CARTESIAN_POINT('',(-2.1,-1.7,-2.1));
#6281=CARTESIAN_POINT('Origin',(-2.1,-1.85,-2.7));
#6282=CARTESIAN_POINT('',(-1.9,-2.15,-2.7));
#6283=CARTESIAN_POINT('',(-1.9,-1.85,-2.7));
#6284=CARTESIAN_POINT('',(-2.1,-2.15,-2.7));
#6285=CARTESIAN_POINT('',(-2.1,-2.15,-2.7));
#6286=CARTESIAN_POINT('',(-2.1,-2.15,-2.7));
#6287=CARTESIAN_POINT('Origin',(-2.1,-2.15,-2.7));
#6288=CARTESIAN_POINT('',(-1.9,-2.3,-2.1));
#6289=CARTESIAN_POINT('',(-1.9,-2.15,-2.7));
#6290=CARTESIAN_POINT('',(-2.1,-2.3,-2.1));
#6291=CARTESIAN_POINT('',(-2.1,-2.3,-2.1));
#6292=CARTESIAN_POINT('',(-2.1,-2.15,-2.7));
#6293=CARTESIAN_POINT('Origin',(-2.1,-2.3,-2.1));
#6294=CARTESIAN_POINT('',(-1.9,-2.3,0.2));
#6295=CARTESIAN_POINT('',(-1.9,-2.3,-2.1));
#6296=CARTESIAN_POINT('',(-2.1,-2.3,0.2));
#6297=CARTESIAN_POINT('',(-2.1,-2.3,0.2));
#6298=CARTESIAN_POINT('',(-2.1,-2.3,-2.1));
#6299=CARTESIAN_POINT('Origin',(-2.1,-3.7,0.2));
#6300=CARTESIAN_POINT('',(-2.1,-3.7,0.2));
#6301=CARTESIAN_POINT('',(-1.9,-3.7,0.2));
#6302=CARTESIAN_POINT('',(-2.1,-3.7,0.2));
#6303=CARTESIAN_POINT('',(-1.9,-3.7,-2.1));
#6304=CARTESIAN_POINT('',(-1.9,-3.7,0.2));
#6305=CARTESIAN_POINT('',(-2.1,-3.7,-2.1));
#6306=CARTESIAN_POINT('',(-2.1,-3.7,-2.1));
#6307=CARTESIAN_POINT('',(-2.1,-3.7,0.2));
#6308=CARTESIAN_POINT('Origin',(-2.1,-3.7,-2.1));
#6309=CARTESIAN_POINT('',(-1.9,-3.85,-2.7));
#6310=CARTESIAN_POINT('',(-1.9,-3.7,-2.1));
#6311=CARTESIAN_POINT('',(-2.1,-3.85,-2.7));
#6312=CARTESIAN_POINT('',(-2.1,-3.85,-2.7));
#6313=CARTESIAN_POINT('',(-2.1,-3.7,-2.1));
#6314=CARTESIAN_POINT('Origin',(-2.1,-3.85,-2.7));
#6315=CARTESIAN_POINT('',(-1.9,-4.15,-2.7));
#6316=CARTESIAN_POINT('',(-1.9,-3.85,-2.7));
#6317=CARTESIAN_POINT('',(-2.1,-4.15,-2.7));
#6318=CARTESIAN_POINT('',(-2.1,-4.15,-2.7));
#6319=CARTESIAN_POINT('',(-2.1,-4.15,-2.7));
#6320=CARTESIAN_POINT('Origin',(-2.1,-4.15,-2.7));
#6321=CARTESIAN_POINT('',(-1.9,-4.3,-2.1));
#6322=CARTESIAN_POINT('',(-1.9,-4.15,-2.7));
#6323=CARTESIAN_POINT('',(-2.1,-4.3,-2.1));
#6324=CARTESIAN_POINT('',(-2.1,-4.3,-2.1));
#6325=CARTESIAN_POINT('',(-2.1,-4.15,-2.7));
#6326=CARTESIAN_POINT('Origin',(-2.1,-4.3,-2.1));
#6327=CARTESIAN_POINT('',(-1.9,-4.3,0.2));
#6328=CARTESIAN_POINT('',(-1.9,-4.3,-2.1));
#6329=CARTESIAN_POINT('',(-2.1,-4.3,0.2));
#6330=CARTESIAN_POINT('',(-2.1,-4.3,0.2));
#6331=CARTESIAN_POINT('',(-2.1,-4.3,-2.1));
#6332=CARTESIAN_POINT('Origin',(-2.1,-5.7,0.2));
#6333=CARTESIAN_POINT('',(-2.1,-5.7,0.2));
#6334=CARTESIAN_POINT('',(-1.9,-5.7,0.2));
#6335=CARTESIAN_POINT('',(-2.1,-5.7,0.2));
#6336=CARTESIAN_POINT('',(-1.9,-5.7,-2.1));
#6337=CARTESIAN_POINT('',(-1.9,-5.7,0.2));
#6338=CARTESIAN_POINT('',(-2.1,-5.7,-2.1));
#6339=CARTESIAN_POINT('',(-2.1,-5.7,-2.1));
#6340=CARTESIAN_POINT('',(-2.1,-5.7,0.2));
#6341=CARTESIAN_POINT('Origin',(-2.1,-5.7,-2.1));
#6342=CARTESIAN_POINT('',(-1.9,-5.85,-2.7));
#6343=CARTESIAN_POINT('',(-1.9,-5.7,-2.1));
#6344=CARTESIAN_POINT('',(-2.1,-5.85,-2.7));
#6345=CARTESIAN_POINT('',(-2.1,-5.85,-2.7));
#6346=CARTESIAN_POINT('',(-2.1,-5.7,-2.1));
#6347=CARTESIAN_POINT('Origin',(-2.1,-5.85,-2.7));
#6348=CARTESIAN_POINT('',(-1.9,-6.15,-2.7));
#6349=CARTESIAN_POINT('',(-1.9,-5.85,-2.7));
#6350=CARTESIAN_POINT('',(-2.1,-6.15,-2.7));
#6351=CARTESIAN_POINT('',(-2.1,-6.15,-2.7));
#6352=CARTESIAN_POINT('',(-2.1,-6.15,-2.7));
#6353=CARTESIAN_POINT('Origin',(-2.1,-6.15,-2.7));
#6354=CARTESIAN_POINT('',(-1.9,-6.3,-2.1));
#6355=CARTESIAN_POINT('',(-1.9,-6.15,-2.7));
#6356=CARTESIAN_POINT('',(-2.1,-6.3,-2.1));
#6357=CARTESIAN_POINT('',(-2.1,-6.3,-2.1));
#6358=CARTESIAN_POINT('',(-2.1,-6.15,-2.7));
#6359=CARTESIAN_POINT('Origin',(-2.1,-6.3,-2.1));
#6360=CARTESIAN_POINT('',(-1.9,-6.3,0.2));
#6361=CARTESIAN_POINT('',(-1.9,-6.3,-2.1));
#6362=CARTESIAN_POINT('',(-2.1,-6.3,0.2));
#6363=CARTESIAN_POINT('',(-2.1,-6.3,0.2));
#6364=CARTESIAN_POINT('',(-2.1,-6.3,-2.1));
#6365=CARTESIAN_POINT('Origin',(0.1,-0.3,0.2));
#6366=CARTESIAN_POINT('',(0.1,-0.3,0.2));
#6367=CARTESIAN_POINT('',(-0.1,-0.3,0.2));
#6368=CARTESIAN_POINT('',(0.1,-0.3,0.2));
#6369=CARTESIAN_POINT('',(-0.1,-0.3,-2.1));
#6370=CARTESIAN_POINT('',(-0.1,-0.3,0.2));
#6371=CARTESIAN_POINT('',(0.1,-0.3,-2.1));
#6372=CARTESIAN_POINT('',(0.1,-0.3,-2.1));
#6373=CARTESIAN_POINT('',(0.1,-0.3,0.2));
#6374=CARTESIAN_POINT('Origin',(0.1,-0.3,-2.1));
#6375=CARTESIAN_POINT('',(-0.1,-0.15,-2.7));
#6376=CARTESIAN_POINT('',(-0.1,-0.3,-2.1));
#6377=CARTESIAN_POINT('',(0.1,-0.15,-2.7));
#6378=CARTESIAN_POINT('',(0.1,-0.15,-2.7));
#6379=CARTESIAN_POINT('',(0.1,-0.3,-2.1));
#6380=CARTESIAN_POINT('Origin',(0.1,-0.15,-2.7));
#6381=CARTESIAN_POINT('',(-0.1,0.15,-2.7));
#6382=CARTESIAN_POINT('',(-0.1,-0.15,-2.7));
#6383=CARTESIAN_POINT('',(0.1,0.15,-2.7));
#6384=CARTESIAN_POINT('',(0.1,0.15,-2.7));
#6385=CARTESIAN_POINT('',(0.1,0.15,-2.7));
#6386=CARTESIAN_POINT('Origin',(0.1,0.15,-2.7));
#6387=CARTESIAN_POINT('',(-0.1,0.3,-2.1));
#6388=CARTESIAN_POINT('',(-0.1,0.15,-2.7));
#6389=CARTESIAN_POINT('',(0.1,0.3,-2.1));
#6390=CARTESIAN_POINT('',(0.1,0.3,-2.1));
#6391=CARTESIAN_POINT('',(0.1,0.15,-2.7));
#6392=CARTESIAN_POINT('Origin',(0.1,0.3,-2.1));
#6393=CARTESIAN_POINT('',(-0.1,0.3,0.2));
#6394=CARTESIAN_POINT('',(-0.1,0.3,-2.1));
#6395=CARTESIAN_POINT('',(0.1,0.3,0.2));
#6396=CARTESIAN_POINT('',(0.1,0.3,0.2));
#6397=CARTESIAN_POINT('',(0.1,0.3,-2.1));
#6398=CARTESIAN_POINT('Origin',(0.1,-2.3,0.2));
#6399=CARTESIAN_POINT('',(0.1,-2.3,0.2));
#6400=CARTESIAN_POINT('',(-0.1,-2.3,0.2));
#6401=CARTESIAN_POINT('',(0.1,-2.3,0.2));
#6402=CARTESIAN_POINT('',(-0.1,-2.3,-2.1));
#6403=CARTESIAN_POINT('',(-0.1,-2.3,0.2));
#6404=CARTESIAN_POINT('',(0.1,-2.3,-2.1));
#6405=CARTESIAN_POINT('',(0.1,-2.3,-2.1));
#6406=CARTESIAN_POINT('',(0.1,-2.3,0.2));
#6407=CARTESIAN_POINT('Origin',(0.1,-2.3,-2.1));
#6408=CARTESIAN_POINT('',(-0.1,-2.15,-2.7));
#6409=CARTESIAN_POINT('',(-0.1,-2.3,-2.1));
#6410=CARTESIAN_POINT('',(0.1,-2.15,-2.7));
#6411=CARTESIAN_POINT('',(0.1,-2.15,-2.7));
#6412=CARTESIAN_POINT('',(0.1,-2.3,-2.1));
#6413=CARTESIAN_POINT('Origin',(0.1,-2.15,-2.7));
#6414=CARTESIAN_POINT('',(-0.1,-1.85,-2.7));
#6415=CARTESIAN_POINT('',(-0.1,-2.15,-2.7));
#6416=CARTESIAN_POINT('',(0.1,-1.85,-2.7));
#6417=CARTESIAN_POINT('',(0.1,-1.85,-2.7));
#6418=CARTESIAN_POINT('',(0.1,-1.85,-2.7));
#6419=CARTESIAN_POINT('Origin',(0.1,-1.85,-2.7));
#6420=CARTESIAN_POINT('',(-0.1,-1.7,-2.1));
#6421=CARTESIAN_POINT('',(-0.1,-1.85,-2.7));
#6422=CARTESIAN_POINT('',(0.1,-1.7,-2.1));
#6423=CARTESIAN_POINT('',(0.1,-1.7,-2.1));
#6424=CARTESIAN_POINT('',(0.1,-1.85,-2.7));
#6425=CARTESIAN_POINT('Origin',(0.1,-1.7,-2.1));
#6426=CARTESIAN_POINT('',(-0.1,-1.7,0.2));
#6427=CARTESIAN_POINT('',(-0.1,-1.7,-2.1));
#6428=CARTESIAN_POINT('',(0.1,-1.7,0.2));
#6429=CARTESIAN_POINT('',(0.1,-1.7,0.2));
#6430=CARTESIAN_POINT('',(0.1,-1.7,-2.1));
#6431=CARTESIAN_POINT('Origin',(0.1,-4.3,0.2));
#6432=CARTESIAN_POINT('',(0.1,-4.3,0.2));
#6433=CARTESIAN_POINT('',(-0.1,-4.3,0.2));
#6434=CARTESIAN_POINT('',(0.1,-4.3,0.2));
#6435=CARTESIAN_POINT('',(-0.1,-4.3,-2.1));
#6436=CARTESIAN_POINT('',(-0.1,-4.3,0.2));
#6437=CARTESIAN_POINT('',(0.1,-4.3,-2.1));
#6438=CARTESIAN_POINT('',(0.1,-4.3,-2.1));
#6439=CARTESIAN_POINT('',(0.1,-4.3,0.2));
#6440=CARTESIAN_POINT('Origin',(0.1,-4.3,-2.1));
#6441=CARTESIAN_POINT('',(-0.1,-4.15,-2.7));
#6442=CARTESIAN_POINT('',(-0.1,-4.3,-2.1));
#6443=CARTESIAN_POINT('',(0.1,-4.15,-2.7));
#6444=CARTESIAN_POINT('',(0.1,-4.15,-2.7));
#6445=CARTESIAN_POINT('',(0.1,-4.3,-2.1));
#6446=CARTESIAN_POINT('Origin',(0.1,-4.15,-2.7));
#6447=CARTESIAN_POINT('',(-0.1,-3.85,-2.7));
#6448=CARTESIAN_POINT('',(-0.1,-4.15,-2.7));
#6449=CARTESIAN_POINT('',(0.1,-3.85,-2.7));
#6450=CARTESIAN_POINT('',(0.1,-3.85,-2.7));
#6451=CARTESIAN_POINT('',(0.1,-3.85,-2.7));
#6452=CARTESIAN_POINT('Origin',(0.1,-3.85,-2.7));
#6453=CARTESIAN_POINT('',(-0.1,-3.7,-2.1));
#6454=CARTESIAN_POINT('',(-0.1,-3.85,-2.7));
#6455=CARTESIAN_POINT('',(0.1,-3.7,-2.1));
#6456=CARTESIAN_POINT('',(0.1,-3.7,-2.1));
#6457=CARTESIAN_POINT('',(0.1,-3.85,-2.7));
#6458=CARTESIAN_POINT('Origin',(0.1,-3.7,-2.1));
#6459=CARTESIAN_POINT('',(-0.1,-3.7,0.2));
#6460=CARTESIAN_POINT('',(-0.1,-3.7,-2.1));
#6461=CARTESIAN_POINT('',(0.1,-3.7,0.2));
#6462=CARTESIAN_POINT('',(0.1,-3.7,0.2));
#6463=CARTESIAN_POINT('',(0.1,-3.7,-2.1));
#6464=CARTESIAN_POINT('Origin',(0.1,-6.3,0.2));
#6465=CARTESIAN_POINT('',(0.1,-6.3,0.2));
#6466=CARTESIAN_POINT('',(-0.1,-6.3,0.2));
#6467=CARTESIAN_POINT('',(0.1,-6.3,0.2));
#6468=CARTESIAN_POINT('',(-0.1,-6.3,-2.1));
#6469=CARTESIAN_POINT('',(-0.1,-6.3,0.2));
#6470=CARTESIAN_POINT('',(0.1,-6.3,-2.1));
#6471=CARTESIAN_POINT('',(0.1,-6.3,-2.1));
#6472=CARTESIAN_POINT('',(0.1,-6.3,0.2));
#6473=CARTESIAN_POINT('Origin',(0.1,-6.3,-2.1));
#6474=CARTESIAN_POINT('',(-0.1,-6.15,-2.7));
#6475=CARTESIAN_POINT('',(-0.1,-6.3,-2.1));
#6476=CARTESIAN_POINT('',(0.1,-6.15,-2.7));
#6477=CARTESIAN_POINT('',(0.1,-6.15,-2.7));
#6478=CARTESIAN_POINT('',(0.1,-6.3,-2.1));
#6479=CARTESIAN_POINT('Origin',(0.1,-6.15,-2.7));
#6480=CARTESIAN_POINT('',(-0.1,-5.85,-2.7));
#6481=CARTESIAN_POINT('',(-0.1,-6.15,-2.7));
#6482=CARTESIAN_POINT('',(0.1,-5.85,-2.7));
#6483=CARTESIAN_POINT('',(0.1,-5.85,-2.7));
#6484=CARTESIAN_POINT('',(0.1,-5.85,-2.7));
#6485=CARTESIAN_POINT('Origin',(0.1,-5.85,-2.7));
#6486=CARTESIAN_POINT('',(-0.1,-5.7,-2.1));
#6487=CARTESIAN_POINT('',(-0.1,-5.85,-2.7));
#6488=CARTESIAN_POINT('',(0.1,-5.7,-2.1));
#6489=CARTESIAN_POINT('',(0.1,-5.7,-2.1));
#6490=CARTESIAN_POINT('',(0.1,-5.85,-2.7));
#6491=CARTESIAN_POINT('Origin',(0.1,-5.7,-2.1));
#6492=CARTESIAN_POINT('',(-0.1,-5.7,0.2));
#6493=CARTESIAN_POINT('',(-0.1,-5.7,-2.1));
#6494=CARTESIAN_POINT('',(0.1,-5.7,0.2));
#6495=CARTESIAN_POINT('',(0.1,-5.7,0.2));
#6496=CARTESIAN_POINT('',(0.1,-5.7,-2.1));
#6497=CARTESIAN_POINT('Origin',(-2.3,-0.3,5.3));
#6498=CARTESIAN_POINT('',(-1.7,-0.3,5.3));
#6499=CARTESIAN_POINT('',(-2.3,-0.3,4.));
#6500=CARTESIAN_POINT('Origin',(-2.3,0.3,5.3));
#6501=CARTESIAN_POINT('',(-2.3,0.3,4.));
#6502=CARTESIAN_POINT('Origin',(-2.3,-2.3,5.3));
#6503=CARTESIAN_POINT('',(-1.7,-2.3,5.3));
#6504=CARTESIAN_POINT('',(-2.3,-2.3,4.));
#6505=CARTESIAN_POINT('Origin',(-2.3,-1.7,5.3));
#6506=CARTESIAN_POINT('',(-2.3,-1.7,4.));
#6507=CARTESIAN_POINT('Origin',(-2.3,-4.3,5.3));
#6508=CARTESIAN_POINT('',(-1.7,-4.3,5.3));
#6509=CARTESIAN_POINT('',(-2.3,-4.3,4.));
#6510=CARTESIAN_POINT('Origin',(-2.3,-3.7,5.3));
#6511=CARTESIAN_POINT('',(-2.3,-3.7,4.));
#6512=CARTESIAN_POINT('Origin',(-2.3,-6.3,5.3));
#6513=CARTESIAN_POINT('',(-1.7,-6.3,5.3));
#6514=CARTESIAN_POINT('',(-2.3,-6.3,4.));
#6515=CARTESIAN_POINT('Origin',(-2.3,-5.7,5.3));
#6516=CARTESIAN_POINT('',(-2.3,-5.7,4.));
#6517=CARTESIAN_POINT('Origin',(0.3,0.3,5.3));
#6518=CARTESIAN_POINT('',(-0.3,0.3,5.3));
#6519=CARTESIAN_POINT('',(0.3,0.3,4.));
#6520=CARTESIAN_POINT('Origin',(0.3,-0.3,5.3));
#6521=CARTESIAN_POINT('',(0.3,-0.3,4.));
#6522=CARTESIAN_POINT('Origin',(0.3,-1.7,5.3));
#6523=CARTESIAN_POINT('',(-0.3,-1.7,5.3));
#6524=CARTESIAN_POINT('',(0.3,-1.7,4.));
#6525=CARTESIAN_POINT('Origin',(0.3,-2.3,5.3));
#6526=CARTESIAN_POINT('',(0.3,-2.3,4.));
#6527=CARTESIAN_POINT('Origin',(0.3,-3.7,5.3));
#6528=CARTESIAN_POINT('',(-0.3,-3.7,5.3));
#6529=CARTESIAN_POINT('',(0.3,-3.7,4.));
#6530=CARTESIAN_POINT('Origin',(0.3,-4.3,5.3));
#6531=CARTESIAN_POINT('',(0.3,-4.3,4.));
#6532=CARTESIAN_POINT('Origin',(0.3,-5.7,5.3));
#6533=CARTESIAN_POINT('',(-0.3,-5.7,5.3));
#6534=CARTESIAN_POINT('',(0.3,-5.7,4.));
#6535=CARTESIAN_POINT('Origin',(0.3,-6.3,5.3));
#6536=CARTESIAN_POINT('',(0.3,-6.3,4.));
#6537=CARTESIAN_POINT('Origin',(-2.1,2.331468351713E-16,2.448597401424));
#6538=CARTESIAN_POINT('',(-2.1,-1.5,0.2));
#6539=CARTESIAN_POINT('Origin',(-2.1,-0.3,0.2));
#6540=CARTESIAN_POINT('',(-2.1,0.45,0.2));
#6541=CARTESIAN_POINT('',(-2.1,-0.45,0.2));
#6542=CARTESIAN_POINT('',(-1.9,0.45,0.2));
#6543=CARTESIAN_POINT('',(-2.1,0.45,0.2));
#6544=CARTESIAN_POINT('',(-1.9,0.45,0.2));
#6545=CARTESIAN_POINT('Origin',(-1.9,2.109423746788E-16,2.448597401424));
#6546=CARTESIAN_POINT('',(-1.9,-1.5,0.2));
#6547=CARTESIAN_POINT('Origin',(-2.1,-0.3,0.2));
#6548=CARTESIAN_POINT('',(-2.1,-0.45,0.2));
#6549=CARTESIAN_POINT('',(-1.9,-0.45,0.2));
#6550=CARTESIAN_POINT('',(-2.1,-0.45,0.2));
#6551=CARTESIAN_POINT('',(-2.1,-0.45,0.2));
#6552=CARTESIAN_POINT('',(-1.9,0.45,0.2));
#6553=CARTESIAN_POINT('Origin',(-2.1,-2.,2.448597401424));
#6554=CARTESIAN_POINT('',(-2.1,-2.5,0.2));
#6555=CARTESIAN_POINT('Origin',(-2.1,-2.3,0.2));
#6556=CARTESIAN_POINT('',(-2.1,-1.55,0.2));
#6557=CARTESIAN_POINT('',(-2.1,-2.45,0.2));
#6558=CARTESIAN_POINT('',(-1.9,-1.55,0.2));
#6559=CARTESIAN_POINT('',(-2.1,-1.55,0.2));
#6560=CARTESIAN_POINT('',(-1.9,-1.55,0.2));
#6561=CARTESIAN_POINT('Origin',(-1.9,-2.,2.448597401424));
#6562=CARTESIAN_POINT('',(-1.9,-2.5,0.2));
#6563=CARTESIAN_POINT('Origin',(-2.1,-2.3,0.2));
#6564=CARTESIAN_POINT('',(-2.1,-2.45,0.2));
#6565=CARTESIAN_POINT('',(-1.9,-2.45,0.2));
#6566=CARTESIAN_POINT('',(-2.1,-2.45,0.2));
#6567=CARTESIAN_POINT('',(-2.1,-2.45,0.2));
#6568=CARTESIAN_POINT('',(-1.9,-1.55,0.2));
#6569=CARTESIAN_POINT('Origin',(-2.1,-4.,2.448597401424));
#6570=CARTESIAN_POINT('',(-2.1,-3.5,0.2));
#6571=CARTESIAN_POINT('Origin',(-2.1,-4.3,0.2));
#6572=CARTESIAN_POINT('',(-2.1,-3.55,0.2));
#6573=CARTESIAN_POINT('',(-2.1,-4.45,0.2));
#6574=CARTESIAN_POINT('',(-1.9,-3.55,0.2));
#6575=CARTESIAN_POINT('',(-2.1,-3.55,0.2));
#6576=CARTESIAN_POINT('',(-1.9,-3.55,0.2));
#6577=CARTESIAN_POINT('Origin',(-1.9,-4.,2.448597401424));
#6578=CARTESIAN_POINT('',(-1.9,-3.5,0.2));
#6579=CARTESIAN_POINT('Origin',(-2.1,-4.3,0.2));
#6580=CARTESIAN_POINT('',(-2.1,-4.45,0.2));
#6581=CARTESIAN_POINT('',(-1.9,-4.45,0.2));
#6582=CARTESIAN_POINT('',(-2.1,-4.45,0.2));
#6583=CARTESIAN_POINT('',(-2.1,-4.45,0.2));
#6584=CARTESIAN_POINT('',(-1.9,-3.55,0.2));
#6585=CARTESIAN_POINT('Origin',(-2.1,-6.,2.448597401424));
#6586=CARTESIAN_POINT('',(-2.1,-4.5,0.2));
#6587=CARTESIAN_POINT('Origin',(-2.1,-6.3,0.2));
#6588=CARTESIAN_POINT('',(-2.1,-5.55,0.2));
#6589=CARTESIAN_POINT('',(-2.1,-6.45,0.2));
#6590=CARTESIAN_POINT('',(-1.9,-5.55,0.2));
#6591=CARTESIAN_POINT('',(-2.1,-5.55,0.2));
#6592=CARTESIAN_POINT('',(-1.9,-5.55,0.2));
#6593=CARTESIAN_POINT('Origin',(-1.9,-6.,2.448597401424));
#6594=CARTESIAN_POINT('',(-1.9,-4.5,0.2));
#6595=CARTESIAN_POINT('Origin',(-2.1,-6.3,0.2));
#6596=CARTESIAN_POINT('',(-2.1,-6.45,0.2));
#6597=CARTESIAN_POINT('',(-1.9,-6.45,0.2));
#6598=CARTESIAN_POINT('',(-2.1,-6.45,0.2));
#6599=CARTESIAN_POINT('',(-2.1,-6.45,0.2));
#6600=CARTESIAN_POINT('',(-1.9,-5.55,0.2));
#6601=CARTESIAN_POINT('Origin',(0.1,-1.110223024625E-17,2.448597401424));
#6602=CARTESIAN_POINT('',(0.1,-1.5,0.2));
#6603=CARTESIAN_POINT('Origin',(0.1,0.3,0.2));
#6604=CARTESIAN_POINT('',(0.1,-0.45,0.2));
#6605=CARTESIAN_POINT('',(0.1,0.45,0.2));
#6606=CARTESIAN_POINT('',(-0.1,-0.45,0.2));
#6607=CARTESIAN_POINT('',(0.1,-0.45,0.2));
#6608=CARTESIAN_POINT('',(-0.1,-0.45,0.2));
#6609=CARTESIAN_POINT('Origin',(-0.1,1.110223024625E-17,2.448597401424));
#6610=CARTESIAN_POINT('',(-0.1,-1.5,0.2));
#6611=CARTESIAN_POINT('Origin',(0.1,0.3,0.2));
#6612=CARTESIAN_POINT('',(0.1,0.45,0.2));
#6613=CARTESIAN_POINT('',(-0.1,0.45,0.2));
#6614=CARTESIAN_POINT('',(0.1,0.45,0.2));
#6615=CARTESIAN_POINT('',(0.1,0.45,0.2));
#6616=CARTESIAN_POINT('',(-0.1,-0.45,0.2));
#6617=CARTESIAN_POINT('Origin',(0.1,-2.,2.448597401424));
#6618=CARTESIAN_POINT('',(0.1,-2.5,0.2));
#6619=CARTESIAN_POINT('Origin',(0.1,-1.7,0.2));
#6620=CARTESIAN_POINT('',(0.1,-2.45,0.2));
#6621=CARTESIAN_POINT('',(0.1,-1.55,0.2));
#6622=CARTESIAN_POINT('',(-0.1,-2.45,0.2));
#6623=CARTESIAN_POINT('',(0.1,-2.45,0.2));
#6624=CARTESIAN_POINT('',(-0.1,-2.45,0.2));
#6625=CARTESIAN_POINT('Origin',(-0.1,-2.,2.448597401424));
#6626=CARTESIAN_POINT('',(-0.1,-2.5,0.2));
#6627=CARTESIAN_POINT('Origin',(0.1,-1.7,0.2));
#6628=CARTESIAN_POINT('',(0.1,-1.55,0.2));
#6629=CARTESIAN_POINT('',(-0.1,-1.55,0.2));
#6630=CARTESIAN_POINT('',(0.1,-1.55,0.2));
#6631=CARTESIAN_POINT('',(0.1,-1.55,0.2));
#6632=CARTESIAN_POINT('',(-0.1,-2.45,0.2));
#6633=CARTESIAN_POINT('Origin',(0.1,-4.,2.448597401424));
#6634=CARTESIAN_POINT('',(0.1,-3.5,0.2));
#6635=CARTESIAN_POINT('Origin',(0.1,-3.7,0.2));
#6636=CARTESIAN_POINT('',(0.1,-4.45,0.2));
#6637=CARTESIAN_POINT('',(0.1,-3.55,0.2));
#6638=CARTESIAN_POINT('',(-0.1,-4.45,0.2));
#6639=CARTESIAN_POINT('',(0.1,-4.45,0.2));
#6640=CARTESIAN_POINT('',(-0.1,-4.45,0.2));
#6641=CARTESIAN_POINT('Origin',(-0.1,-4.,2.448597401424));
#6642=CARTESIAN_POINT('',(-0.1,-3.5,0.2));
#6643=CARTESIAN_POINT('Origin',(0.1,-3.7,0.2));
#6644=CARTESIAN_POINT('',(0.1,-3.55,0.2));
#6645=CARTESIAN_POINT('',(-0.1,-3.55,0.2));
#6646=CARTESIAN_POINT('',(0.1,-3.55,0.2));
#6647=CARTESIAN_POINT('',(0.1,-3.55,0.2));
#6648=CARTESIAN_POINT('',(-0.1,-4.45,0.2));
#6649=CARTESIAN_POINT('Origin',(0.1,-6.,2.448597401424));
#6650=CARTESIAN_POINT('',(0.1,-4.5,0.2));
#6651=CARTESIAN_POINT('Origin',(0.1,-5.7,0.2));
#6652=CARTESIAN_POINT('',(0.1,-6.45,0.2));
#6653=CARTESIAN_POINT('',(0.1,-5.55,0.2));
#6654=CARTESIAN_POINT('',(-0.1,-6.45,0.2));
#6655=CARTESIAN_POINT('',(0.1,-6.45,0.2));
#6656=CARTESIAN_POINT('',(-0.1,-6.45,0.2));
#6657=CARTESIAN_POINT('Origin',(-0.1,-6.,2.448597401424));
#6658=CARTESIAN_POINT('',(-0.1,-4.5,0.2));
#6659=CARTESIAN_POINT('Origin',(0.1,-5.7,0.2));
#6660=CARTESIAN_POINT('',(0.1,-5.55,0.2));
#6661=CARTESIAN_POINT('',(-0.1,-5.55,0.2));
#6662=CARTESIAN_POINT('',(0.1,-5.55,0.2));
#6663=CARTESIAN_POINT('',(0.1,-5.55,0.2));
#6664=CARTESIAN_POINT('',(-0.1,-6.45,0.2));
#6665=CARTESIAN_POINT('Origin',(-3.,1.,0.));
#6666=CARTESIAN_POINT('',(-3.,1.,0.));
#6667=CARTESIAN_POINT('',(-3.,1.,0.));
#6668=CARTESIAN_POINT('',(-3.,-7.,0.));
#6669=CARTESIAN_POINT('',(-3.,1.,0.));
#6670=CARTESIAN_POINT('',(-3.,-7.,-1.3));
#6671=CARTESIAN_POINT('Origin',(0.333333333333,-7.,0.));
#6672=CARTESIAN_POINT('',(0.333333333333,-7.,0.));
#6673=CARTESIAN_POINT('',(0.333333333333,-7.,0.2));
#6674=CARTESIAN_POINT('',(0.333333333333,-7.,0.));
#6675=CARTESIAN_POINT('',(0.333333333333,1.,0.2));
#6676=CARTESIAN_POINT('',(0.333333333333,-7.,0.2));
#6677=CARTESIAN_POINT('',(0.333333333333,1.,0.));
#6678=CARTESIAN_POINT('',(0.333333333333,1.,0.));
#6679=CARTESIAN_POINT('',(0.333333333333,-7.,0.));
#6680=CARTESIAN_POINT('Origin',(-1.,-3.,0.2));
#6681=CARTESIAN_POINT('',(-2.333333333333,-7.,0.2));
#6682=CARTESIAN_POINT('',(-2.333333333333,-7.,0.2));
#6683=CARTESIAN_POINT('',(-2.333333333333,1.,0.2));
#6684=CARTESIAN_POINT('',(-2.333333333333,1.,0.2));
#6685=CARTESIAN_POINT('',(0.333333333333,1.,0.2));
#6686=CARTESIAN_POINT('Origin',(-2.333333333333,1.,0.));
#6687=CARTESIAN_POINT('',(-2.333333333333,1.,0.));
#6688=CARTESIAN_POINT('',(-2.333333333333,1.,0.));
#6689=CARTESIAN_POINT('',(-2.333333333333,-7.,0.));
#6690=CARTESIAN_POINT('',(-2.333333333333,-7.,0.));
#6691=CARTESIAN_POINT('',(-2.333333333333,1.,0.));
#6692=CARTESIAN_POINT('Origin',(-1.,-3.,0.));
#6693=CARTESIAN_POINT('',(-3.,-7.,0.));
#6694=CARTESIAN_POINT('',(1.,1.,0.));
#6695=CARTESIAN_POINT('Origin',(-1.,-3.,0.));
#6696=CARTESIAN_POINT('',(1.,-7.,0.));
#6697=CARTESIAN_POINT('',(-3.,-7.,0.));
#6698=CARTESIAN_POINT('',(1.,1.,0.));
#6699=CARTESIAN_POINT('',(1.,1.,0.));
#6700=CARTESIAN_POINT('',(1.,-7.,0.));
#6701=CARTESIAN_POINT('Origin',(-3.,-7.,0.));
#6702=CARTESIAN_POINT('',(1.,-7.,-1.3));
#6703=CARTESIAN_POINT('Origin',(-1.7,0.3,5.3));
#6704=CARTESIAN_POINT('',(-1.7,0.3,5.3));
#6705=CARTESIAN_POINT('Origin',(-2.1,0.25,1.25));
#6706=CARTESIAN_POINT('Origin',(-1.7,-0.3,5.3));
#6707=CARTESIAN_POINT('Origin',(-1.7,-1.7,5.3));
#6708=CARTESIAN_POINT('',(-1.7,-1.7,5.3));
#6709=CARTESIAN_POINT('Origin',(-2.1,-1.75,1.25));
#6710=CARTESIAN_POINT('Origin',(-1.7,-2.3,5.3));
#6711=CARTESIAN_POINT('Origin',(-1.7,-3.7,5.3));
#6712=CARTESIAN_POINT('',(-1.7,-3.7,5.3));
#6713=CARTESIAN_POINT('Origin',(-2.1,-3.75,1.25));
#6714=CARTESIAN_POINT('Origin',(-1.7,-4.3,5.3));
#6715=CARTESIAN_POINT('Origin',(-1.7,-5.7,5.3));
#6716=CARTESIAN_POINT('',(-1.7,-5.7,5.3));
#6717=CARTESIAN_POINT('Origin',(-2.1,-5.75,1.25));
#6718=CARTESIAN_POINT('Origin',(-1.7,-6.3,5.3));
#6719=CARTESIAN_POINT('Origin',(-0.3,-0.3,5.3));
#6720=CARTESIAN_POINT('',(-0.3,-0.3,5.3));
#6721=CARTESIAN_POINT('Origin',(0.1,-0.25,1.25));
#6722=CARTESIAN_POINT('Origin',(-0.3,0.3,5.3));
#6723=CARTESIAN_POINT('Origin',(-0.3,-2.3,5.3));
#6724=CARTESIAN_POINT('',(-0.3,-2.3,5.3));
#6725=CARTESIAN_POINT('Origin',(0.1,-2.25,1.25));
#6726=CARTESIAN_POINT('Origin',(-0.3,-1.7,5.3));
#6727=CARTESIAN_POINT('Origin',(-0.3,-4.3,5.3));
#6728=CARTESIAN_POINT('',(-0.3,-4.3,5.3));
#6729=CARTESIAN_POINT('Origin',(0.1,-4.25,1.25));
#6730=CARTESIAN_POINT('Origin',(-0.3,-3.7,5.3));
#6731=CARTESIAN_POINT('Origin',(-0.3,-6.3,5.3));
#6732=CARTESIAN_POINT('',(-0.3,-6.3,5.3));
#6733=CARTESIAN_POINT('Origin',(0.1,-6.25,1.25));
#6734=CARTESIAN_POINT('Origin',(-0.3,-5.7,5.3));
#6735=CARTESIAN_POINT('Origin',(1.,-7.,0.));
#6736=CARTESIAN_POINT('',(1.,1.,-1.3));
#6737=CARTESIAN_POINT('Origin',(1.,1.,0.));
#6738=UNCERTAINTY_MEASURE_WITH_UNIT(LENGTH_MEASURE(0.01),#6742,
'DISTANCE_ACCURACY_VALUE',
'Maximum model space distance between geometric entities at asserted c
onnectivities');
#6739=UNCERTAINTY_MEASURE_WITH_UNIT(LENGTH_MEASURE(0.01),#6742,
'DISTANCE_ACCURACY_VALUE',
'Maximum model space distance between geometric entities at asserted c
onnectivities');
#6740=(
GEOMETRIC_REPRESENTATION_CONTEXT(3)
GLOBAL_UNCERTAINTY_ASSIGNED_CONTEXT((#6738))
GLOBAL_UNIT_ASSIGNED_CONTEXT((#6742,#6744,#6745))
REPRESENTATION_CONTEXT('','3D')
);
#6741=(
GEOMETRIC_REPRESENTATION_CONTEXT(3)
GLOBAL_UNCERTAINTY_ASSIGNED_CONTEXT((#6739))
GLOBAL_UNIT_ASSIGNED_CONTEXT((#6742,#6744,#6745))
REPRESENTATION_CONTEXT('','3D')
);
#6742=(
LENGTH_UNIT()
NAMED_UNIT(*)
SI_UNIT(.MILLI.,.METRE.)
);
#6743=(
LENGTH_UNIT()
NAMED_UNIT(*)
SI_UNIT($,.METRE.)
);
#6744=(
NAMED_UNIT(*)
PLANE_ANGLE_UNIT()
SI_UNIT($,.RADIAN.)
);
#6745=(
NAMED_UNIT(*)
SI_UNIT($,.STERADIAN.)
SOLID_ANGLE_UNIT()
);
#6746=SHAPE_DEFINITION_REPRESENTATION(#6747,#6748);
#6747=PRODUCT_DEFINITION_SHAPE('',$,#6750);
#6748=SHAPE_REPRESENTATION('',(#4358),#6740);
#6749=PRODUCT_DEFINITION_CONTEXT('part definition',#6754,'design');
#6750=PRODUCT_DEFINITION('PinSocket_2x04_P2.00mm_Vertical',
'Conn_PinSocket_2x04_P2.00mm_Vertical v2',#6751,#6749);
#6751=PRODUCT_DEFINITION_FORMATION('',$,#6756);
#6752=PRODUCT_RELATED_PRODUCT_CATEGORY(
'Conn_PinSocket_2x04_P2.00mm_Vertical v2',
'Conn_PinSocket_2x04_P2.00mm_Vertical v2',(#6756));
#6753=APPLICATION_PROTOCOL_DEFINITION('international standard',
'automotive_design',2009,#6754);
#6754=APPLICATION_CONTEXT(
'Core Data for Automotive Mechanical Design Process');
#6755=PRODUCT_CONTEXT('part definition',#6754,'mechanical');
#6756=PRODUCT('PinSocket_2x04_P2.00mm_Vertical',
'Conn_PinSocket_2x04_P2.00mm_Vertical v2',
'model of PinSocket_2x04_P2.00mm_Vertical',(#6755));
#6757=PRESENTATION_STYLE_ASSIGNMENT((#6760));
#6758=PRESENTATION_STYLE_ASSIGNMENT((#6761));
#6759=PRESENTATION_STYLE_ASSIGNMENT((#6762));
#6760=SURFACE_STYLE_USAGE(.BOTH.,#6763);
#6761=SURFACE_STYLE_USAGE(.BOTH.,#6764);
#6762=SURFACE_STYLE_USAGE(.BOTH.,#6765);
#6763=SURFACE_SIDE_STYLE('',(#6766));
#6764=SURFACE_SIDE_STYLE('',(#6767));
#6765=SURFACE_SIDE_STYLE('',(#6768));
#6766=SURFACE_STYLE_FILL_AREA(#6769);
#6767=SURFACE_STYLE_FILL_AREA(#6770);
#6768=SURFACE_STYLE_FILL_AREA(#6771);
#6769=FILL_AREA_STYLE('Steel - Satin',(#6772));
#6770=FILL_AREA_STYLE('Opaque(38,37,37)',(#6773));
#6771=FILL_AREA_STYLE('Opaque(219,188,126)',(#6774));
#6772=FILL_AREA_STYLE_COLOUR('Steel - Satin',#6775);
#6773=FILL_AREA_STYLE_COLOUR('Opaque(38,37,37)',#6776);
#6774=FILL_AREA_STYLE_COLOUR('Opaque(219,188,126)',#6777);
#6775=COLOUR_RGB('Steel - Satin',0.627450980392157,0.627450980392157,0.627450980392157);
#6776=COLOUR_RGB('Opaque(38,37,37)',0.149019607843137,0.145098039215686,
0.145098039215686);
#6777=COLOUR_RGB('Opaque(219,188,126)',0.858823529411765,0.737254901960784,
0.494117647058824);
ENDSEC;
END-ISO-10303-21;
