ISO-10303-21;
HEADER;
FILE_DESCRIPTION(('FreeCAD Model'),'2;1');
FILE_NAME('Open CASCADE Shape Model','2026-03-30T15:09:48',(''),(''),
  'Open CASCADE STEP processor 7.8','FreeCAD','Unknown');
FILE_SCHEMA(('AUTOMOTIVE_DESIGN { 1 0 10303 214 1 1 1 1 }'));
ENDSEC;
DATA;
#1 = APPLICATION_PROTOCOL_DEFINITION('international standard',
  'automotive_design',2000,#2);
#2 = APPLICATION_CONTEXT(
  'core data for automotive mechanical design processes');
#3 = SHAPE_DEFINITION_REPRESENTATION(#4,#10);
#4 = PRODUCT_DEFINITION_SHAPE('','',#5);
#5 = PRODUCT_DEFINITION('design','',#6,#9);
#6 = PRODUCT_DEFINITION_FORMATION('','',#7);
#7 = PRODUCT('tmp_8000078321','tmp_8000078321','',(#8));
#8 = PRODUCT_CONTEXT('',#2,'mechanical');
#9 = PRODUCT_DEFINITION_CONTEXT('part definition',#2,'design');
#10 = SHAPE_REPRESENTATION('',(#11,#15,#19,#23,#27,#31,#35,#39,#43,#47,
    #51),#55);
#11 = AXIS2_PLACEMENT_3D('',#12,#13,#14);
#12 = CARTESIAN_POINT('',(0.,0.,0.));
#13 = DIRECTION('',(0.,0.,1.));
#14 = DIRECTION('',(1.,0.,-0.));
#15 = AXIS2_PLACEMENT_3D('',#16,#17,#18);
#16 = CARTESIAN_POINT('',(6.950000001317,-3.199999999045,-7.000000061));
#17 = DIRECTION('',(-2.719262146894E-32,1.,2.22044604925E-16));
#18 = DIRECTION('',(-1.,0.,-1.224646799147E-16));
#19 = AXIS2_PLACEMENT_3D('',#20,#21,#22);
#20 = CARTESIAN_POINT('',(6.950000001317,-3.199999999045,-7.000000061));
#21 = DIRECTION('',(-2.719262146894E-32,1.,2.22044604925E-16));
#22 = DIRECTION('',(-1.,0.,-1.224646799147E-16));
#23 = AXIS2_PLACEMENT_3D('',#24,#25,#26);
#24 = CARTESIAN_POINT('',(6.950000001317,-3.199999999045,-7.000000061));
#25 = DIRECTION('',(-2.719262146894E-32,1.,2.22044604925E-16));
#26 = DIRECTION('',(-1.,0.,-1.224646799147E-16));
#27 = AXIS2_PLACEMENT_3D('',#28,#29,#30);
#28 = CARTESIAN_POINT('',(6.950000001317,-3.199999999045,-7.000000061));
#29 = DIRECTION('',(-2.719262146894E-32,1.,2.22044604925E-16));
#30 = DIRECTION('',(-1.,0.,-1.224646799147E-16));
#31 = AXIS2_PLACEMENT_3D('',#32,#33,#34);
#32 = CARTESIAN_POINT('',(6.950000001317,-3.199999999045,-7.000000061));
#33 = DIRECTION('',(-2.719262146894E-32,1.,2.22044604925E-16));
#34 = DIRECTION('',(-1.,0.,-1.224646799147E-16));
#35 = AXIS2_PLACEMENT_3D('',#36,#37,#38);
#36 = CARTESIAN_POINT('',(6.950000001317,-3.199999999045,-7.000000061));
#37 = DIRECTION('',(-1.,7.850462293419E-17,-4.440892098501E-16));
#38 = DIRECTION('',(-4.440892098501E-16,-2.355138688026E-16,1.));
#39 = AXIS2_PLACEMENT_3D('',#40,#41,#42);
#40 = CARTESIAN_POINT('',(6.950000001317,-3.199999999045,-7.000000061));
#41 = DIRECTION('',(2.355138688026E-16,2.355138688026E-16,-1.));
#42 = DIRECTION('',(-2.22044604925E-16,1.,2.355138688026E-16));
#43 = AXIS2_PLACEMENT_3D('',#44,#45,#46);
#44 = CARTESIAN_POINT('',(6.950000001317,-3.199999999045,-7.000000061));
#45 = DIRECTION('',(-2.719262146894E-32,1.,2.22044604925E-16));
#46 = DIRECTION('',(-1.,0.,-1.224646799147E-16));
#47 = AXIS2_PLACEMENT_3D('',#48,#49,#50);
#48 = CARTESIAN_POINT('',(6.950000001317,-3.199999999045,-7.000000061));
#49 = DIRECTION('',(1.224646799147E-16,2.22044604925E-16,-1.));
#50 = DIRECTION('',(-1.,1.270359090391E-33,-1.224646799147E-16));
#51 = AXIS2_PLACEMENT_3D('',#52,#53,#54);
#52 = CARTESIAN_POINT('',(6.950000001317,-3.199999999045,-7.000000061));
#53 = DIRECTION('',(-1.,7.850462293419E-17,-4.440892098501E-16));
#54 = DIRECTION('',(-4.440892098501E-16,-2.355138688026E-16,1.));
#55 = ( GEOMETRIC_REPRESENTATION_CONTEXT(3) 
GLOBAL_UNCERTAINTY_ASSIGNED_CONTEXT((#59)) GLOBAL_UNIT_ASSIGNED_CONTEXT(
(#56,#57,#58)) REPRESENTATION_CONTEXT('Context #1',
  '3D Context with UNIT and UNCERTAINTY') );
#56 = ( LENGTH_UNIT() NAMED_UNIT(*) SI_UNIT(.MILLI.,.METRE.) );
#57 = ( NAMED_UNIT(*) PLANE_ANGLE_UNIT() SI_UNIT($,.RADIAN.) );
#58 = ( NAMED_UNIT(*) SI_UNIT($,.STERADIAN.) SOLID_ANGLE_UNIT() );
#59 = UNCERTAINTY_MEASURE_WITH_UNIT(LENGTH_MEASURE(1.E-04),#56,
  'distance_accuracy_value','confusion accuracy');
#60 = PRODUCT_RELATED_PRODUCT_CATEGORY('part',$,(#7));
#61 = SHAPE_DEFINITION_REPRESENTATION(#62,#68);
#62 = PRODUCT_DEFINITION_SHAPE('','',#63);
#63 = PRODUCT_DEFINITION('design','',#64,#67);
#64 = PRODUCT_DEFINITION_FORMATION('','',#65);
#65 = PRODUCT('8000078321','8000078321','',(#66));
#66 = PRODUCT_CONTEXT('',#2,'mechanical');
#67 = PRODUCT_DEFINITION_CONTEXT('part definition',#2,'design');
#68 = ADVANCED_BREP_SHAPE_REPRESENTATION('',(#11,#69),#3226);
#69 = MANIFOLD_SOLID_BREP('',#70);
#70 = CLOSED_SHELL('',(#71,#111,#142,#166,#190,#207,#253,#284,#324,#828,
    #861,#1014,#1038,#1055,#1086,#1110,#1127,#1153,#1313,#1337,#1395,
    #1426,#1450,#1474,#1498,#1529,#1566,#1590,#1614,#1644,#1668,#1698,
    #1722,#1746,#1776,#1800,#1830,#1854,#1884,#1908,#1938,#1962,#1992,
    #2016,#2046,#2070,#2094,#2124,#2148,#2178,#2202,#2226,#2256,#2280,
    #2304,#2329,#2353,#2378,#2402,#2419,#2433,#2450,#2467,#2484,#2501,
    #2518,#2535,#2600,#2624,#2711,#2735,#2774,#2791,#2805,#2822,#2839,
    #2853,#2865,#2896,#2920,#2944,#2961,#3023,#3040,#3057,#3122,#3139,
    #3151,#3168,#3180,#3192,#3214));
#71 = ADVANCED_FACE('',(#72),#106,.T.);
#72 = FACE_BOUND('',#73,.T.);
#73 = EDGE_LOOP('',(#74,#84,#92,#100));
#74 = ORIENTED_EDGE('',*,*,#75,.T.);
#75 = EDGE_CURVE('',#76,#78,#80,.T.);
#76 = VERTEX_POINT('',#77);
#77 = CARTESIAN_POINT('',(6.31516432649,12.6737387091,3.30000000002));
#78 = VERTEX_POINT('',#79);
#79 = CARTESIAN_POINT('',(6.31516432649,10.6999999996,3.30000000002));
#80 = LINE('',#81,#82);
#81 = CARTESIAN_POINT('',(6.31516432649,11.6868693544,3.30000000002));
#82 = VECTOR('',#83,1.);
#83 = DIRECTION('',(0.,-1.,0.));
#84 = ORIENTED_EDGE('',*,*,#85,.F.);
#85 = EDGE_CURVE('',#86,#78,#88,.T.);
#86 = VERTEX_POINT('',#87);
#87 = CARTESIAN_POINT('',(5.3300000008,10.6999999996,3.30000000002));
#88 = LINE('',#89,#90);
#89 = CARTESIAN_POINT('',(5.82258216365,10.6999999996,3.30000000002));
#90 = VECTOR('',#91,1.);
#91 = DIRECTION('',(1.,0.,0.));
#92 = ORIENTED_EDGE('',*,*,#93,.T.);
#93 = EDGE_CURVE('',#86,#94,#96,.T.);
#94 = VERTEX_POINT('',#95);
#95 = CARTESIAN_POINT('',(5.3300000008,12.6737387091,3.30000000002));
#96 = LINE('',#97,#98);
#97 = CARTESIAN_POINT('',(5.3300000008,11.6868693544,3.30000000002));
#98 = VECTOR('',#99,1.);
#99 = DIRECTION('',(0.,1.,0.));
#100 = ORIENTED_EDGE('',*,*,#101,.F.);
#101 = EDGE_CURVE('',#76,#94,#102,.T.);
#102 = LINE('',#103,#104);
#103 = CARTESIAN_POINT('',(5.82258216365,12.6737387091,3.30000000002));
#104 = VECTOR('',#105,1.);
#105 = DIRECTION('',(-1.,0.,0.));
#106 = PLANE('',#107);
#107 = AXIS2_PLACEMENT_3D('',#108,#109,#110);
#108 = CARTESIAN_POINT('',(7.29399998733E-10,-3.15,3.30000000002));
#109 = DIRECTION('',(4.59169004332E-49,1.22464679915E-16,-1.));
#110 = DIRECTION('',(-1.,3.74939945665E-33,1.172132882537E-61));
#111 = ADVANCED_FACE('',(#112),#137,.T.);
#112 = FACE_BOUND('',#113,.T.);
#113 = EDGE_LOOP('',(#114,#122,#130,#136));
#114 = ORIENTED_EDGE('',*,*,#115,.F.);
#115 = EDGE_CURVE('',#116,#76,#118,.T.);
#116 = VERTEX_POINT('',#117);
#117 = CARTESIAN_POINT('',(6.31516432624,12.6737387097,3.80000000002));
#118 = LINE('',#119,#120);
#119 = CARTESIAN_POINT('',(6.31516432624,12.6737387097,3.55000000002));
#120 = VECTOR('',#121,1.);
#121 = DIRECTION('',(0.,0.,-1.));
#122 = ORIENTED_EDGE('',*,*,#123,.T.);
#123 = EDGE_CURVE('',#116,#124,#126,.T.);
#124 = VERTEX_POINT('',#125);
#125 = CARTESIAN_POINT('',(6.31516432624,10.7000000002,3.80000000002));
#126 = LINE('',#127,#128);
#127 = CARTESIAN_POINT('',(6.31516432624,11.686869355,3.80000000002));
#128 = VECTOR('',#129,1.);
#129 = DIRECTION('',(0.,-1.,-2.24998986806E-16));
#130 = ORIENTED_EDGE('',*,*,#131,.T.);
#131 = EDGE_CURVE('',#124,#78,#132,.T.);
#132 = LINE('',#133,#134);
#133 = CARTESIAN_POINT('',(6.31516432624,10.7000000002,3.55000000002));
#134 = VECTOR('',#135,1.);
#135 = DIRECTION('',(0.,0.,-1.));
#136 = ORIENTED_EDGE('',*,*,#75,.F.);
#137 = PLANE('',#138);
#138 = AXIS2_PLACEMENT_3D('',#139,#140,#141);
#139 = CARTESIAN_POINT('',(6.31516432624,12.6737387097,3.80000000002));
#140 = DIRECTION('',(1.,-3.74939945665E-33,-3.74939945665E-33));
#141 = DIRECTION('',(-3.74939945665E-33,-1.,-1.22464679915E-16));
#142 = ADVANCED_FACE('',(#143),#161,.F.);
#143 = FACE_BOUND('',#144,.T.);
#144 = EDGE_LOOP('',(#145,#146,#154,#160));
#145 = ORIENTED_EDGE('',*,*,#131,.F.);
#146 = ORIENTED_EDGE('',*,*,#147,.F.);
#147 = EDGE_CURVE('',#148,#124,#150,.T.);
#148 = VERTEX_POINT('',#149);
#149 = CARTESIAN_POINT('',(5.33000000155,10.7,3.80000000002));
#150 = LINE('',#151,#152);
#151 = CARTESIAN_POINT('',(5.82258216347,10.7,3.80000000002));
#152 = VECTOR('',#153,1.);
#153 = DIRECTION('',(1.,0.,0.));
#154 = ORIENTED_EDGE('',*,*,#155,.T.);
#155 = EDGE_CURVE('',#148,#86,#156,.T.);
#156 = LINE('',#157,#158);
#157 = CARTESIAN_POINT('',(5.33000000155,10.7,3.55000000002));
#158 = VECTOR('',#159,1.);
#159 = DIRECTION('',(0.,0.,-1.));
#160 = ORIENTED_EDGE('',*,*,#85,.T.);
#161 = PLANE('',#162);
#162 = AXIS2_PLACEMENT_3D('',#163,#164,#165);
#163 = CARTESIAN_POINT('',(3.50000000148,10.7,3.30000000002));
#164 = DIRECTION('',(3.74939945665E-33,1.,1.22464679915E-16));
#165 = DIRECTION('',(3.74939945665E-33,-1.22464679915E-16,1.));
#166 = ADVANCED_FACE('',(#167),#185,.F.);
#167 = FACE_BOUND('',#168,.T.);
#168 = EDGE_LOOP('',(#169,#170,#171,#179));
#169 = ORIENTED_EDGE('',*,*,#93,.F.);
#170 = ORIENTED_EDGE('',*,*,#155,.F.);
#171 = ORIENTED_EDGE('',*,*,#172,.T.);
#172 = EDGE_CURVE('',#148,#173,#175,.T.);
#173 = VERTEX_POINT('',#174);
#174 = CARTESIAN_POINT('',(5.33000000148,12.6737387106,3.79999999925));
#175 = LINE('',#176,#177);
#176 = CARTESIAN_POINT('',(5.33000000148,11.6868693549,3.79999999925));
#177 = VECTOR('',#178,1.);
#178 = DIRECTION('',(0.,1.,0.));
#179 = ORIENTED_EDGE('',*,*,#180,.T.);
#180 = EDGE_CURVE('',#173,#94,#181,.T.);
#181 = LINE('',#182,#183);
#182 = CARTESIAN_POINT('',(5.33000000148,12.6737387097,3.54999999925));
#183 = VECTOR('',#184,1.);
#184 = DIRECTION('',(0.,-3.72529029846E-09,-1.));
#185 = PLANE('',#186);
#186 = AXIS2_PLACEMENT_3D('',#187,#188,#189);
#187 = CARTESIAN_POINT('',(5.33000000148,14.,14.1));
#188 = DIRECTION('',(1.,-3.74939945665E-33,-3.74939945665E-33));
#189 = DIRECTION('',(-3.74939945665E-33,-1.,-1.22464679915E-16));
#190 = ADVANCED_FACE('',(#191),#202,.F.);
#191 = FACE_BOUND('',#192,.T.);
#192 = EDGE_LOOP('',(#193,#194,#200,#201));
#193 = ORIENTED_EDGE('',*,*,#180,.F.);
#194 = ORIENTED_EDGE('',*,*,#195,.T.);
#195 = EDGE_CURVE('',#173,#116,#196,.T.);
#196 = LINE('',#197,#198);
#197 = CARTESIAN_POINT('',(5.8225821634,12.6737387097,3.80000000002));
#198 = VECTOR('',#199,1.);
#199 = DIRECTION('',(1.,0.,0.));
#200 = ORIENTED_EDGE('',*,*,#115,.T.);
#201 = ORIENTED_EDGE('',*,*,#101,.T.);
#202 = PLANE('',#203);
#203 = AXIS2_PLACEMENT_3D('',#204,#205,#206);
#204 = CARTESIAN_POINT('',(6.31516432624,12.6737387097,3.80000000002));
#205 = DIRECTION('',(-3.74939945665E-33,-1.,-1.22464679915E-16));
#206 = DIRECTION('',(-1.,3.74939945665E-33,0.));
#207 = ADVANCED_FACE('',(#208,#242),#248,.T.);
#208 = FACE_BOUND('',#209,.T.);
#209 = EDGE_LOOP('',(#210,#220,#228,#236));
#210 = ORIENTED_EDGE('',*,*,#211,.F.);
#211 = EDGE_CURVE('',#212,#214,#216,.T.);
#212 = VERTEX_POINT('',#213);
#213 = CARTESIAN_POINT('',(4.50000000148,9.40000000037,3.80000000002));
#214 = VERTEX_POINT('',#215);
#215 = CARTESIAN_POINT('',(6.60000907033,9.40000000037,3.80000000002));
#216 = LINE('',#217,#218);
#217 = CARTESIAN_POINT('',(5.5500045359,9.40000000037,3.80000000002));
#218 = VECTOR('',#219,1.);
#219 = DIRECTION('',(1.,0.,0.));
#220 = ORIENTED_EDGE('',*,*,#221,.F.);
#221 = EDGE_CURVE('',#222,#212,#224,.T.);
#222 = VERTEX_POINT('',#223);
#223 = CARTESIAN_POINT('',(4.50000000148,14.,3.80000000002));
#224 = LINE('',#225,#226);
#225 = CARTESIAN_POINT('',(4.50000000148,11.7000000002,3.80000000002));
#226 = VECTOR('',#227,1.);
#227 = DIRECTION('',(0.,-1.,-9.65411325839E-17));
#228 = ORIENTED_EDGE('',*,*,#229,.F.);
#229 = EDGE_CURVE('',#230,#222,#232,.T.);
#230 = VERTEX_POINT('',#231);
#231 = CARTESIAN_POINT('',(6.60000907033,14.,3.80000000002));
#232 = LINE('',#233,#234);
#233 = CARTESIAN_POINT('',(5.5500045359,14.,3.80000000002));
#234 = VECTOR('',#235,1.);
#235 = DIRECTION('',(-1.,0.,0.));
#236 = ORIENTED_EDGE('',*,*,#237,.T.);
#237 = EDGE_CURVE('',#230,#214,#238,.T.);
#238 = LINE('',#239,#240);
#239 = CARTESIAN_POINT('',(6.60000907033,11.7000000002,3.80000000002));
#240 = VECTOR('',#241,1.);
#241 = DIRECTION('',(0.,-1.,-9.65411325839E-17));
#242 = FACE_BOUND('',#243,.T.);
#243 = EDGE_LOOP('',(#244,#245,#246,#247));
#244 = ORIENTED_EDGE('',*,*,#195,.F.);
#245 = ORIENTED_EDGE('',*,*,#172,.F.);
#246 = ORIENTED_EDGE('',*,*,#147,.T.);
#247 = ORIENTED_EDGE('',*,*,#123,.F.);
#248 = PLANE('',#249);
#249 = AXIS2_PLACEMENT_3D('',#250,#251,#252);
#250 = CARTESIAN_POINT('',(7.50000000148,14.,3.80000000002));
#251 = DIRECTION('',(4.59169004332E-49,1.22464679915E-16,-1.));
#252 = DIRECTION('',(1.,-3.74939945665E-33,-1.172132882537E-61));
#253 = ADVANCED_FACE('',(#254),#279,.F.);
#254 = FACE_BOUND('',#255,.T.);
#255 = EDGE_LOOP('',(#256,#257,#265,#273));
#256 = ORIENTED_EDGE('',*,*,#211,.T.);
#257 = ORIENTED_EDGE('',*,*,#258,.F.);
#258 = EDGE_CURVE('',#259,#214,#261,.T.);
#259 = VERTEX_POINT('',#260);
#260 = CARTESIAN_POINT('',(6.54751587174,9.4,3.19999999963));
#261 = LINE('',#262,#263);
#262 = CARTESIAN_POINT('',(6.57376247066,9.4,3.49999999944));
#263 = VECTOR('',#264,1.);
#264 = DIRECTION('',(8.715574235302E-02,0.,0.996194698126));
#265 = ORIENTED_EDGE('',*,*,#266,.T.);
#266 = EDGE_CURVE('',#259,#267,#269,.T.);
#267 = VERTEX_POINT('',#268);
#268 = CARTESIAN_POINT('',(4.50000000073,9.4,3.19999999963));
#269 = LINE('',#270,#271);
#270 = CARTESIAN_POINT('',(5.52375793624,9.4,3.19999999963));
#271 = VECTOR('',#272,1.);
#272 = DIRECTION('',(-1.,0.,0.));
#273 = ORIENTED_EDGE('',*,*,#274,.F.);
#274 = EDGE_CURVE('',#212,#267,#275,.T.);
#275 = LINE('',#276,#277);
#276 = CARTESIAN_POINT('',(4.50000000073,9.4,3.49999999944));
#277 = VECTOR('',#278,1.);
#278 = DIRECTION('',(0.,0.,-1.));
#279 = PLANE('',#280);
#280 = AXIS2_PLACEMENT_3D('',#281,#282,#283);
#281 = CARTESIAN_POINT('',(-3.69999999852,9.4,14.1));
#282 = DIRECTION('',(-3.74939945665E-33,-1.,-1.22464679915E-16));
#283 = DIRECTION('',(-1.,3.74939945665E-33,0.));
#284 = ADVANCED_FACE('',(#285),#319,.F.);
#285 = FACE_BOUND('',#286,.T.);
#286 = EDGE_LOOP('',(#287,#288,#289,#297,#305,#313));
#287 = ORIENTED_EDGE('',*,*,#221,.T.);
#288 = ORIENTED_EDGE('',*,*,#274,.T.);
#289 = ORIENTED_EDGE('',*,*,#290,.F.);
#290 = EDGE_CURVE('',#291,#267,#293,.T.);
#291 = VERTEX_POINT('',#292);
#292 = CARTESIAN_POINT('',(4.50000000148,12.9000000004,3.20000000039));
#293 = LINE('',#294,#295);
#294 = CARTESIAN_POINT('',(4.50000000148,11.1500000004,3.20000000039));
#295 = VECTOR('',#296,1.);
#296 = DIRECTION('',(0.,-1.,-1.26882631386E-16));
#297 = ORIENTED_EDGE('',*,*,#298,.T.);
#298 = EDGE_CURVE('',#291,#299,#301,.T.);
#299 = VERTEX_POINT('',#300);
#300 = CARTESIAN_POINT('',(4.50000000148,12.9000000004,2.20000000039));
#301 = LINE('',#302,#303);
#302 = CARTESIAN_POINT('',(4.50000000148,12.9000000004,2.70000000039));
#303 = VECTOR('',#304,1.);
#304 = DIRECTION('',(0.,0.,-1.));
#305 = ORIENTED_EDGE('',*,*,#306,.T.);
#306 = EDGE_CURVE('',#299,#307,#309,.T.);
#307 = VERTEX_POINT('',#308);
#308 = CARTESIAN_POINT('',(4.50000000148,14.,2.20000000039));
#309 = LINE('',#310,#311);
#310 = CARTESIAN_POINT('',(4.50000000148,13.4500000002,2.20000000039));
#311 = VECTOR('',#312,1.);
#312 = DIRECTION('',(0.,1.,0.));
#313 = ORIENTED_EDGE('',*,*,#314,.F.);
#314 = EDGE_CURVE('',#222,#307,#315,.T.);
#315 = LINE('',#316,#317);
#316 = CARTESIAN_POINT('',(4.50000000148,14.,3.00000000021));
#317 = VECTOR('',#318,1.);
#318 = DIRECTION('',(0.,0.,-1.));
#319 = PLANE('',#320);
#320 = AXIS2_PLACEMENT_3D('',#321,#322,#323);
#321 = CARTESIAN_POINT('',(4.50000000148,14.,3.80000000002));
#322 = DIRECTION('',(-1.,3.74939945665E-33,3.74939945665E-33));
#323 = DIRECTION('',(-3.74939945665E-33,1.22464679915E-16,-1.));
#324 = ADVANCED_FACE('',(#325,#439),#823,.F.);
#325 = FACE_BOUND('',#326,.T.);
#326 = EDGE_LOOP('',(#327,#337,#345,#353,#359,#360,#361,#369,#377,#385,
    #393,#401,#409,#417,#425,#433));
#327 = ORIENTED_EDGE('',*,*,#328,.T.);
#328 = EDGE_CURVE('',#329,#331,#333,.T.);
#329 = VERTEX_POINT('',#330);
#330 = CARTESIAN_POINT('',(8.50000000073,14.,3.79999999925));
#331 = VERTEX_POINT('',#332);
#332 = CARTESIAN_POINT('',(7.50000000073,14.,3.80000000112));
#333 = LINE('',#334,#335);
#334 = CARTESIAN_POINT('',(8.00000000073,14.,3.80000000019));
#335 = VECTOR('',#336,1.);
#336 = DIRECTION('',(-1.,0.,1.86264514923E-09));
#337 = ORIENTED_EDGE('',*,*,#338,.T.);
#338 = EDGE_CURVE('',#331,#339,#341,.T.);
#339 = VERTEX_POINT('',#340);
#340 = CARTESIAN_POINT('',(7.56999093181,14.,4.6));
#341 = LINE('',#342,#343);
#342 = CARTESIAN_POINT('',(7.53499546627,14.,4.20000000056));
#343 = VECTOR('',#344,1.);
#344 = DIRECTION('',(8.715574318742E-02,0.,0.996194698053));
#345 = ORIENTED_EDGE('',*,*,#346,.F.);
#346 = EDGE_CURVE('',#347,#339,#349,.T.);
#347 = VERTEX_POINT('',#348);
#348 = CARTESIAN_POINT('',(6.67000000066,14.,4.6));
#349 = LINE('',#350,#351);
#350 = CARTESIAN_POINT('',(7.11999546624,14.,4.6));
#351 = VECTOR('',#352,1.);
#352 = DIRECTION('',(1.,0.,0.));
#353 = ORIENTED_EDGE('',*,*,#354,.F.);
#354 = EDGE_CURVE('',#230,#347,#355,.T.);
#355 = LINE('',#356,#357);
#356 = CARTESIAN_POINT('',(6.63500453512,14.,4.19999999963));
#357 = VECTOR('',#358,1.);
#358 = DIRECTION('',(8.715574298599E-02,0.,0.996194698071));
#359 = ORIENTED_EDGE('',*,*,#229,.T.);
#360 = ORIENTED_EDGE('',*,*,#314,.T.);
#361 = ORIENTED_EDGE('',*,*,#362,.F.);
#362 = EDGE_CURVE('',#363,#307,#365,.T.);
#363 = VERTEX_POINT('',#364);
#364 = CARTESIAN_POINT('',(7.34941885128E-10,14.,2.20000000149));
#365 = LINE('',#366,#367);
#366 = CARTESIAN_POINT('',(2.25000000073,14.,2.20000000056));
#367 = VECTOR('',#368,1.);
#368 = DIRECTION('',(1.,0.,-4.13921144274E-10));
#369 = ORIENTED_EDGE('',*,*,#370,.T.);
#370 = EDGE_CURVE('',#363,#371,#373,.T.);
#371 = VERTEX_POINT('',#372);
#372 = CARTESIAN_POINT('',(2.59758703436E-09,14.,14.1));
#373 = LINE('',#374,#375);
#374 = CARTESIAN_POINT('',(1.66626445974E-09,14.,8.15000000075));
#375 = VECTOR('',#376,1.);
#376 = DIRECTION('',(1.56524802476E-10,-1.49273684002E-16,1.));
#377 = ORIENTED_EDGE('',*,*,#378,.F.);
#378 = EDGE_CURVE('',#379,#371,#381,.T.);
#379 = VERTEX_POINT('',#380);
#380 = CARTESIAN_POINT('',(4.5000000026,14.,14.1));
#381 = LINE('',#382,#383);
#382 = CARTESIAN_POINT('',(2.2500000026,14.,14.1));
#383 = VECTOR('',#384,1.);
#384 = DIRECTION('',(-1.,0.,0.));
#385 = ORIENTED_EDGE('',*,*,#386,.F.);
#386 = EDGE_CURVE('',#387,#379,#389,.T.);
#387 = VERTEX_POINT('',#388);
#388 = CARTESIAN_POINT('',(4.50000000073,14.,13.5000000004));
#389 = LINE('',#390,#391);
#390 = CARTESIAN_POINT('',(4.50000000167,14.,13.8000000002));
#391 = VECTOR('',#392,1.);
#392 = DIRECTION('',(3.10440858398E-09,0.,1.));
#393 = ORIENTED_EDGE('',*,*,#394,.F.);
#394 = EDGE_CURVE('',#395,#387,#397,.T.);
#395 = VERTEX_POINT('',#396);
#396 = CARTESIAN_POINT('',(6.60000907144,14.,13.5000000004));
#397 = LINE('',#398,#399);
#398 = CARTESIAN_POINT('',(5.55000453609,14.,13.5000000004));
#399 = VECTOR('',#400,1.);
#400 = DIRECTION('',(-1.,0.,0.));
#401 = ORIENTED_EDGE('',*,*,#402,.T.);
#402 = EDGE_CURVE('',#395,#403,#405,.T.);
#403 = VERTEX_POINT('',#404);
#404 = CARTESIAN_POINT('',(6.67000000066,14.,12.6999999996));
#405 = LINE('',#406,#407);
#406 = CARTESIAN_POINT('',(6.63500453605,14.,13.1));
#407 = VECTOR('',#408,1.);
#408 = DIRECTION('',(8.715574068422E-02,0.,-0.996194698272));
#409 = ORIENTED_EDGE('',*,*,#410,.T.);
#410 = EDGE_CURVE('',#403,#411,#413,.T.);
#411 = VERTEX_POINT('',#412);
#412 = CARTESIAN_POINT('',(7.56999093181,14.,12.6999999996));
#413 = LINE('',#414,#415);
#414 = CARTESIAN_POINT('',(7.11999546624,14.,12.6999999996));
#415 = VECTOR('',#416,1.);
#416 = DIRECTION('',(1.,0.,0.));
#417 = ORIENTED_EDGE('',*,*,#418,.F.);
#418 = EDGE_CURVE('',#419,#411,#421,.T.);
#419 = VERTEX_POINT('',#420);
#420 = CARTESIAN_POINT('',(7.50000000073,14.,13.5000000004));
#421 = LINE('',#422,#423);
#422 = CARTESIAN_POINT('',(7.53499546627,14.,13.1));
#423 = VECTOR('',#424,1.);
#424 = DIRECTION('',(8.715574298599E-02,0.,-0.996194698071));
#425 = ORIENTED_EDGE('',*,*,#426,.F.);
#426 = EDGE_CURVE('',#427,#419,#429,.T.);
#427 = VERTEX_POINT('',#428);
#428 = CARTESIAN_POINT('',(8.50000000073,14.,13.5000000004));
#429 = LINE('',#430,#431);
#430 = CARTESIAN_POINT('',(8.00000000073,14.,13.5000000004));
#431 = VECTOR('',#432,1.);
#432 = DIRECTION('',(-1.,0.,0.));
#433 = ORIENTED_EDGE('',*,*,#434,.T.);
#434 = EDGE_CURVE('',#427,#329,#435,.T.);
#435 = LINE('',#436,#437);
#436 = CARTESIAN_POINT('',(8.50000000073,14.,8.64999999981));
#437 = VECTOR('',#438,1.);
#438 = DIRECTION('',(0.,1.83129571051E-16,-1.));
#439 = FACE_BOUND('',#440,.T.);
#440 = EDGE_LOOP('',(#441,#460,#468,#476,#493,#501,#518,#526,#534,#551,
    #559,#576,#584,#601,#609,#626,#634,#651,#659,#676,#684,#692,#709,
    #717,#734,#742,#750,#767,#775,#783,#792,#800,#809,#817));
#441 = ORIENTED_EDGE('',*,*,#442,.F.);
#442 = EDGE_CURVE('',#443,#445,#447,.T.);
#443 = VERTEX_POINT('',#444);
#444 = CARTESIAN_POINT('',(1.59999238587,14.,5.94999999963));
#445 = VERTEX_POINT('',#446);
#446 = CARTESIAN_POINT('',(1.40000000111,14.,6.14999238439));
#447 = B_SPLINE_CURVE_WITH_KNOTS('',5,(#448,#449,#450,#451,#452,#453,
    #454,#455,#456,#457,#458,#459),.UNSPECIFIED.,.F.,.F.,(6,3,3,6),(0.,
    0.17702701326,0.353994470375,0.442671710416),.UNSPECIFIED.);
#448 = CARTESIAN_POINT('',(1.59999238587,14.,5.94999999963));
#449 = CARTESIAN_POINT('',(1.5751704404,14.,5.94999999963));
#450 = CARTESIAN_POINT('',(1.5503360277,14.,5.95392507423));
#451 = CARTESIAN_POINT('',(1.52465589266,14.,5.96227947295));
#452 = CARTESIAN_POINT('',(1.47998262126,14.,5.98522877402));
#453 = CARTESIAN_POINT('',(1.44440320136,14.,6.02065514797));
#454 = CARTESIAN_POINT('',(1.4285922063,14.,6.04255382445));
#455 = CARTESIAN_POINT('',(1.41168404929,14.,6.07622746365));
#456 = CARTESIAN_POINT('',(1.4029761127,14.,6.11257218577));
#457 = CARTESIAN_POINT('',(1.40098480807,14.,6.12512138851));
#458 = CARTESIAN_POINT('',(1.40000000111,14.,6.13755845368));
#459 = CARTESIAN_POINT('',(1.40000000111,14.,6.14999238439));
#460 = ORIENTED_EDGE('',*,*,#461,.F.);
#461 = EDGE_CURVE('',#462,#443,#464,.T.);
#462 = VERTEX_POINT('',#463);
#463 = CARTESIAN_POINT('',(2.05000000148,14.,5.94999999963));
#464 = LINE('',#465,#466);
#465 = CARTESIAN_POINT('',(1.82499619367,14.,5.94999999963));
#466 = VECTOR('',#467,1.);
#467 = DIRECTION('',(-1.,0.,0.));
#468 = ORIENTED_EDGE('',*,*,#469,.F.);
#469 = EDGE_CURVE('',#470,#462,#472,.T.);
#470 = VERTEX_POINT('',#471);
#471 = CARTESIAN_POINT('',(2.05000000148,14.,5.54999238476));
#472 = LINE('',#473,#474);
#473 = CARTESIAN_POINT('',(2.05000000148,14.,5.74999619219));
#474 = VECTOR('',#475,1.);
#475 = DIRECTION('',(0.,0.,1.));
#476 = ORIENTED_EDGE('',*,*,#477,.F.);
#477 = EDGE_CURVE('',#478,#470,#480,.T.);
#478 = VERTEX_POINT('',#479);
#479 = CARTESIAN_POINT('',(2.24999238438,14.,5.35));
#480 = B_SPLINE_CURVE_WITH_KNOTS('',5,(#481,#482,#483,#484,#485,#486,
    #487,#488,#489,#490,#491,#492),.UNSPECIFIED.,.F.,.F.,(6,3,3,6),(0.,
    0.177027013257,0.35399447037,0.442671710409),.UNSPECIFIED.);
#481 = CARTESIAN_POINT('',(2.24999238624,14.,5.35));
#482 = CARTESIAN_POINT('',(2.22517044078,14.,5.35));
#483 = CARTESIAN_POINT('',(2.20033602809,14.,5.35392507462));
#484 = CARTESIAN_POINT('',(2.17465589302,14.,5.36227947331));
#485 = CARTESIAN_POINT('',(2.12998262163,14.,5.38522877439));
#486 = CARTESIAN_POINT('',(2.09440320173,14.,5.42065514834));
#487 = CARTESIAN_POINT('',(2.07859220666,14.,5.44255382482));
#488 = CARTESIAN_POINT('',(2.06168404966,14.,5.47622746402));
#489 = CARTESIAN_POINT('',(2.05297611307,14.,5.51257218615));
#490 = CARTESIAN_POINT('',(2.05098480844,14.,5.52512138889));
#491 = CARTESIAN_POINT('',(2.05000000148,14.,5.53755845405));
#492 = CARTESIAN_POINT('',(2.05000000148,14.,5.54999238476));
#493 = ORIENTED_EDGE('',*,*,#494,.F.);
#494 = EDGE_CURVE('',#495,#478,#497,.T.);
#495 = VERTEX_POINT('',#496);
#496 = CARTESIAN_POINT('',(2.55000761597,14.,5.35));
#497 = LINE('',#498,#499);
#498 = CARTESIAN_POINT('',(2.40000000018,14.,5.35));
#499 = VECTOR('',#500,1.);
#500 = DIRECTION('',(-1.,0.,0.));
#501 = ORIENTED_EDGE('',*,*,#502,.F.);
#502 = EDGE_CURVE('',#503,#495,#505,.T.);
#503 = VERTEX_POINT('',#504);
#504 = CARTESIAN_POINT('',(2.75000000073,14.,5.54999238476));
#505 = B_SPLINE_CURVE_WITH_KNOTS('',5,(#506,#507,#508,#509,#510,#511,
    #512,#513,#514,#515,#516,#517),.UNSPECIFIED.,.F.,.F.,(6,3,3,6),(0.,
    0.177027013261,0.353994470376,0.442671710418),.UNSPECIFIED.);
#506 = CARTESIAN_POINT('',(2.75000000073,14.,5.54999238476));
#507 = CARTESIAN_POINT('',(2.75000000073,14.,5.52517043929));
#508 = CARTESIAN_POINT('',(2.74607492614,14.,5.5003360266));
#509 = CARTESIAN_POINT('',(2.73772052741,14.,5.47465589155));
#510 = CARTESIAN_POINT('',(2.71477122635,14.,5.42998262015));
#511 = CARTESIAN_POINT('',(2.67934485239,14.,5.39440320025));
#512 = CARTESIAN_POINT('',(2.65744617593,14.,5.37859220517));
#513 = CARTESIAN_POINT('',(2.62377253671,14.,5.36168404818));
#514 = CARTESIAN_POINT('',(2.58742781458,14.,5.3529761116));
#515 = CARTESIAN_POINT('',(2.57487861186,14.,5.35098480696));
#516 = CARTESIAN_POINT('',(2.56244154669,14.,5.35));
#517 = CARTESIAN_POINT('',(2.55000761597,14.,5.35));
#518 = ORIENTED_EDGE('',*,*,#519,.F.);
#519 = EDGE_CURVE('',#520,#503,#522,.T.);
#520 = VERTEX_POINT('',#521);
#521 = CARTESIAN_POINT('',(2.7500000026,14.,5.94999999963));
#522 = LINE('',#523,#524);
#523 = CARTESIAN_POINT('',(2.75000000167,14.,5.74999619219));
#524 = VECTOR('',#525,1.);
#525 = DIRECTION('',(-4.65652422606E-09,0.,-1.));
#526 = ORIENTED_EDGE('',*,*,#527,.F.);
#527 = EDGE_CURVE('',#528,#520,#530,.T.);
#528 = VERTEX_POINT('',#529);
#529 = CARTESIAN_POINT('',(5.40000761746,14.,5.94999999963));
#530 = LINE('',#531,#532);
#531 = CARTESIAN_POINT('',(4.07500381003,14.,5.94999999963));
#532 = VECTOR('',#533,1.);
#533 = DIRECTION('',(-1.,0.,0.));
#534 = ORIENTED_EDGE('',*,*,#535,.F.);
#535 = EDGE_CURVE('',#536,#528,#538,.T.);
#536 = VERTEX_POINT('',#537);
#537 = CARTESIAN_POINT('',(5.60000000223,14.,6.14999238439));
#538 = B_SPLINE_CURVE_WITH_KNOTS('',5,(#539,#540,#541,#542,#543,#544,
    #545,#546,#547,#548,#549,#550),.UNSPECIFIED.,.F.,.F.,(6,3,3,6),(0.,
    0.177027013262,0.353994470378,0.44267171042),.UNSPECIFIED.);
#539 = CARTESIAN_POINT('',(5.60000000223,14.,6.14999238439));
#540 = CARTESIAN_POINT('',(5.60000000223,14.,6.12517043893));
#541 = CARTESIAN_POINT('',(5.59607492761,14.,6.10033602624));
#542 = CARTESIAN_POINT('',(5.58772052881,14.,6.07465589122));
#543 = CARTESIAN_POINT('',(5.56477122783,14.,6.02998261979));
#544 = CARTESIAN_POINT('',(5.52934485399,14.,5.99440319982));
#545 = CARTESIAN_POINT('',(5.5074461774,14.,5.97859220479));
#546 = CARTESIAN_POINT('',(5.4737725382,14.,5.9616840478));
#547 = CARTESIAN_POINT('',(5.43742781608,14.,5.95297611124));
#548 = CARTESIAN_POINT('',(5.42487861333,14.,5.95098480658));
#549 = CARTESIAN_POINT('',(5.41244154817,14.,5.94999999963));
#550 = CARTESIAN_POINT('',(5.40000761746,14.,5.94999999963));
#551 = ORIENTED_EDGE('',*,*,#552,.F.);
#552 = EDGE_CURVE('',#553,#536,#555,.T.);
#553 = VERTEX_POINT('',#554);
#554 = CARTESIAN_POINT('',(5.60000000223,14.,7.85000761449));
#555 = LINE('',#556,#557);
#556 = CARTESIAN_POINT('',(5.60000000223,14.,6.99999999944));
#557 = VECTOR('',#558,1.);
#558 = DIRECTION('',(0.,1.04490642669E-15,-1.));
#559 = ORIENTED_EDGE('',*,*,#560,.F.);
#560 = EDGE_CURVE('',#561,#553,#563,.T.);
#561 = VERTEX_POINT('',#562);
#562 = CARTESIAN_POINT('',(5.79999238699,14.,8.04999999925));
#563 = B_SPLINE_CURVE_WITH_KNOTS('',5,(#564,#565,#566,#567,#568,#569,
    #570,#571,#572,#573,#574,#575),.UNSPECIFIED.,.F.,.F.,(6,3,3,6),(0.,
    0.177027014653,0.353994472618,0.442671712937),.UNSPECIFIED.);
#564 = CARTESIAN_POINT('',(5.79999238699,14.,8.04999999925));
#565 = CARTESIAN_POINT('',(5.77517044135,14.,8.04999999925));
#566 = CARTESIAN_POINT('',(5.7503360285,14.,8.04607492461));
#567 = CARTESIAN_POINT('',(5.72465589233,14.,8.03772052776));
#568 = CARTESIAN_POINT('',(5.67998262056,14.,8.01477122681));
#569 = CARTESIAN_POINT('',(5.64440320035,14.,7.97934485283));
#570 = CARTESIAN_POINT('',(5.62859220735,14.,7.95744617462));
#571 = CARTESIAN_POINT('',(5.61168405037,14.,7.92377253532));
#572 = CARTESIAN_POINT('',(5.60297611389,14.,7.88742781303));
#573 = CARTESIAN_POINT('',(5.60098480918,14.,7.87487861042));
#574 = CARTESIAN_POINT('',(5.60000000223,14.,7.86244154523));
#575 = CARTESIAN_POINT('',(5.60000000223,14.,7.85000761449));
#576 = ORIENTED_EDGE('',*,*,#577,.F.);
#577 = EDGE_CURVE('',#578,#561,#580,.T.);
#578 = VERTEX_POINT('',#579);
#579 = CARTESIAN_POINT('',(7.40000761746,14.,8.04999999925));
#580 = LINE('',#581,#582);
#581 = CARTESIAN_POINT('',(6.60000000223,14.,8.04999999925));
#582 = VECTOR('',#583,1.);
#583 = DIRECTION('',(-1.,0.,0.));
#584 = ORIENTED_EDGE('',*,*,#585,.F.);
#585 = EDGE_CURVE('',#586,#578,#588,.T.);
#586 = VERTEX_POINT('',#587);
#587 = CARTESIAN_POINT('',(7.60000000223,14.,8.24999238402));
#588 = B_SPLINE_CURVE_WITH_KNOTS('',5,(#589,#590,#591,#592,#593,#594,
    #595,#596,#597,#598,#599,#600),.UNSPECIFIED.,.F.,.F.,(6,3,3,6),(0.,
    0.177027013036,0.353994470219,0.442671709063),.UNSPECIFIED.);
#589 = CARTESIAN_POINT('',(7.60000000223,14.,8.24999238402));
#590 = CARTESIAN_POINT('',(7.60000000223,14.,8.22517043859));
#591 = CARTESIAN_POINT('',(7.5960749276,14.,8.20033602592));
#592 = CARTESIAN_POINT('',(7.58772052872,14.,8.17465589084));
#593 = CARTESIAN_POINT('',(7.56477122781,14.,8.12998261938));
#594 = CARTESIAN_POINT('',(7.52934485402,14.,8.09440319938));
#595 = CARTESIAN_POINT('',(7.50744617564,14.,8.078592206));
#596 = CARTESIAN_POINT('',(7.47377253648,14.,8.06168404945));
#597 = CARTESIAN_POINT('',(7.43742781454,14.,8.0529761128));
#598 = CARTESIAN_POINT('',(7.424878613,14.,8.0509848062));
#599 = CARTESIAN_POINT('',(7.41244154801,14.,8.04999999925));
#600 = CARTESIAN_POINT('',(7.40000761746,14.,8.04999999925));
#601 = ORIENTED_EDGE('',*,*,#602,.F.);
#602 = EDGE_CURVE('',#603,#586,#605,.T.);
#603 = VERTEX_POINT('',#604);
#604 = CARTESIAN_POINT('',(7.60000000223,14.,9.05000761561));
#605 = LINE('',#606,#607);
#606 = CARTESIAN_POINT('',(7.60000000223,14.,8.64999999981));
#607 = VECTOR('',#608,1.);
#608 = DIRECTION('',(0.,0.,-1.));
#609 = ORIENTED_EDGE('',*,*,#610,.F.);
#610 = EDGE_CURVE('',#611,#603,#613,.T.);
#611 = VERTEX_POINT('',#612);
#612 = CARTESIAN_POINT('',(7.40000761746,14.,9.25000000037));
#613 = B_SPLINE_CURVE_WITH_KNOTS('',5,(#614,#615,#616,#617,#618,#619,
    #620,#621,#622,#623,#624,#625),.UNSPECIFIED.,.F.,.F.,(6,3,3,6),(0.,
    0.177027013038,0.353994470223,0.442671709068),.UNSPECIFIED.);
#614 = CARTESIAN_POINT('',(7.40000761746,14.,9.25000000037));
#615 = CARTESIAN_POINT('',(7.42482956291,14.,9.25000000037));
#616 = CARTESIAN_POINT('',(7.44966397559,14.,9.24607492578));
#617 = CARTESIAN_POINT('',(7.47534411068,14.,9.23772052697));
#618 = CARTESIAN_POINT('',(7.52001738211,14.,9.21477122596));
#619 = CARTESIAN_POINT('',(7.55559680205,14.,9.17934485207));
#620 = CARTESIAN_POINT('',(7.57140779545,14.,9.15744617381));
#621 = CARTESIAN_POINT('',(7.58831595203,14.,9.12377253464));
#622 = CARTESIAN_POINT('',(7.59702388869,14.,9.08742781268));
#623 = CARTESIAN_POINT('',(7.59901519527,14.,9.07487861116));
#624 = CARTESIAN_POINT('',(7.60000000223,14.,9.06244154616));
#625 = CARTESIAN_POINT('',(7.60000000223,14.,9.05000761561));
#626 = ORIENTED_EDGE('',*,*,#627,.F.);
#627 = EDGE_CURVE('',#628,#611,#630,.T.);
#628 = VERTEX_POINT('',#629);
#629 = CARTESIAN_POINT('',(5.79999238699,14.,9.25000000037));
#630 = LINE('',#631,#632);
#631 = CARTESIAN_POINT('',(6.60000000223,14.,9.25000000037));
#632 = VECTOR('',#633,1.);
#633 = DIRECTION('',(1.,0.,0.));
#634 = ORIENTED_EDGE('',*,*,#635,.F.);
#635 = EDGE_CURVE('',#636,#628,#638,.T.);
#636 = VERTEX_POINT('',#637);
#637 = CARTESIAN_POINT('',(5.60000000223,14.,9.44999238513));
#638 = B_SPLINE_CURVE_WITH_KNOTS('',5,(#639,#640,#641,#642,#643,#644,
    #645,#646,#647,#648,#649,#650),.UNSPECIFIED.,.F.,.F.,(6,3,3,6),(0.,
    0.177027014651,0.353994472613,0.442671712931),.UNSPECIFIED.);
#639 = CARTESIAN_POINT('',(5.60000000223,14.,9.44999238513));
#640 = CARTESIAN_POINT('',(5.60000000223,14.,9.4251704395));
#641 = CARTESIAN_POINT('',(5.60392507687,14.,9.40033602665));
#642 = CARTESIAN_POINT('',(5.61227947372,14.,9.37465589048));
#643 = CARTESIAN_POINT('',(5.63522877467,14.,9.3299826187));
#644 = CARTESIAN_POINT('',(5.67065514865,14.,9.2944031985));
#645 = CARTESIAN_POINT('',(5.69255382687,14.,9.2785922055));
#646 = CARTESIAN_POINT('',(5.72622746616,14.,9.26168404852));
#647 = CARTESIAN_POINT('',(5.76257218845,14.,9.25297611203));
#648 = CARTESIAN_POINT('',(5.77512139106,14.,9.25098480735));
#649 = CARTESIAN_POINT('',(5.78755845625,14.,9.25000000037));
#650 = CARTESIAN_POINT('',(5.79999238699,14.,9.25000000037));
#651 = ORIENTED_EDGE('',*,*,#652,.F.);
#652 = EDGE_CURVE('',#653,#636,#655,.T.);
#653 = VERTEX_POINT('',#654);
#654 = CARTESIAN_POINT('',(5.60000000223,14.,11.1500076152));
#655 = LINE('',#656,#657);
#656 = CARTESIAN_POINT('',(5.60000000223,14.,10.3000000002));
#657 = VECTOR('',#658,1.);
#658 = DIRECTION('',(0.,0.,-1.));
#659 = ORIENTED_EDGE('',*,*,#660,.F.);
#660 = EDGE_CURVE('',#661,#653,#663,.T.);
#661 = VERTEX_POINT('',#662);
#662 = CARTESIAN_POINT('',(5.4000076156,14.,11.35));
#663 = B_SPLINE_CURVE_WITH_KNOTS('',5,(#664,#665,#666,#667,#668,#669,
    #670,#671,#672,#673,#674,#675),.UNSPECIFIED.,.F.,.F.,(6,3,3,6),(0.,
    0.17702701303,0.353994470207,0.442671709047),.UNSPECIFIED.);
#664 = CARTESIAN_POINT('',(5.40000761746,14.,11.35));
#665 = CARTESIAN_POINT('',(5.42482956291,14.,11.35));
#666 = CARTESIAN_POINT('',(5.44966397559,14.,11.3460749255));
#667 = CARTESIAN_POINT('',(5.47534411067,14.,11.3377205266));
#668 = CARTESIAN_POINT('',(5.52001738211,14.,11.3147712256));
#669 = CARTESIAN_POINT('',(5.55559680205,14.,11.2793448517));
#670 = CARTESIAN_POINT('',(5.57140779546,14.,11.2574461734));
#671 = CARTESIAN_POINT('',(5.58831595203,14.,11.2237725342));
#672 = CARTESIAN_POINT('',(5.59702388869,14.,11.1874278123));
#673 = CARTESIAN_POINT('',(5.59901519528,14.,11.1748786108));
#674 = CARTESIAN_POINT('',(5.60000000223,14.,11.1624415458));
#675 = CARTESIAN_POINT('',(5.60000000223,14.,11.1500076152));
#676 = ORIENTED_EDGE('',*,*,#677,.F.);
#677 = EDGE_CURVE('',#678,#661,#680,.T.);
#678 = VERTEX_POINT('',#679);
#679 = CARTESIAN_POINT('',(2.75000000073,14.,11.35));
#680 = LINE('',#681,#682);
#681 = CARTESIAN_POINT('',(4.07500380817,14.,11.35));
#682 = VECTOR('',#683,1.);
#683 = DIRECTION('',(1.,0.,0.));
#684 = ORIENTED_EDGE('',*,*,#685,.F.);
#685 = EDGE_CURVE('',#686,#678,#688,.T.);
#686 = VERTEX_POINT('',#687);
#687 = CARTESIAN_POINT('',(2.75000000073,14.,11.7500076149));
#688 = LINE('',#689,#690);
#689 = CARTESIAN_POINT('',(2.75000000073,14.,11.5500038074));
#690 = VECTOR('',#691,1.);
#691 = DIRECTION('',(0.,0.,-1.));
#692 = ORIENTED_EDGE('',*,*,#693,.F.);
#693 = EDGE_CURVE('',#694,#686,#696,.T.);
#694 = VERTEX_POINT('',#695);
#695 = CARTESIAN_POINT('',(2.55000761784,14.,11.9499999996));
#696 = B_SPLINE_CURVE_WITH_KNOTS('',5,(#697,#698,#699,#700,#701,#702,
    #703,#704,#705,#706,#707,#708),.UNSPECIFIED.,.F.,.F.,(6,3,3,6),(0.,
    0.177027014641,0.353994472592,0.442671712906),.UNSPECIFIED.);
#697 = CARTESIAN_POINT('',(2.55000761597,14.,11.9499999996));
#698 = CARTESIAN_POINT('',(2.57482956161,14.,11.9499999996));
#699 = CARTESIAN_POINT('',(2.59966397448,14.,11.946074925));
#700 = CARTESIAN_POINT('',(2.62534411062,14.,11.9377205281));
#701 = CARTESIAN_POINT('',(2.67001738241,14.,11.9147712272));
#702 = CARTESIAN_POINT('',(2.7055968026,14.,11.8793448532));
#703 = CARTESIAN_POINT('',(2.72140779559,14.,11.857446175));
#704 = CARTESIAN_POINT('',(2.7383159526,14.,11.8237725357));
#705 = CARTESIAN_POINT('',(2.74702388907,14.,11.7874278134));
#706 = CARTESIAN_POINT('',(2.74901519376,14.,11.7748786107));
#707 = CARTESIAN_POINT('',(2.75000000073,14.,11.7624415456));
#708 = CARTESIAN_POINT('',(2.75000000073,14.,11.7500076149));
#709 = ORIENTED_EDGE('',*,*,#710,.F.);
#710 = EDGE_CURVE('',#711,#694,#713,.T.);
#711 = VERTEX_POINT('',#712);
#712 = CARTESIAN_POINT('',(2.24999238624,14.,11.9499999996));
#713 = LINE('',#714,#715);
#714 = CARTESIAN_POINT('',(2.40000000204,14.,11.9499999996));
#715 = VECTOR('',#716,1.);
#716 = DIRECTION('',(1.,0.,0.));
#717 = ORIENTED_EDGE('',*,*,#718,.F.);
#718 = EDGE_CURVE('',#719,#711,#721,.T.);
#719 = VERTEX_POINT('',#720);
#720 = CARTESIAN_POINT('',(2.05000000148,14.,11.7500076149));
#721 = B_SPLINE_CURVE_WITH_KNOTS('',5,(#722,#723,#724,#725,#726,#727,
    #728,#729,#730,#731,#732,#733),.UNSPECIFIED.,.F.,.F.,(6,3,3,6),(0.,
    0.177027014647,0.353994472606,0.442671712923),.UNSPECIFIED.);
#722 = CARTESIAN_POINT('',(2.05000000148,14.,11.7500076149));
#723 = CARTESIAN_POINT('',(2.05000000148,14.,11.7748295605));
#724 = CARTESIAN_POINT('',(2.05392507614,14.,11.7996639734));
#725 = CARTESIAN_POINT('',(2.06227947299,14.,11.8253441095));
#726 = CARTESIAN_POINT('',(2.08522877392,14.,11.8700173813));
#727 = CARTESIAN_POINT('',(2.1206551479,14.,11.9055968015));
#728 = CARTESIAN_POINT('',(2.14255382612,14.,11.9214077946));
#729 = CARTESIAN_POINT('',(2.17622746542,14.,11.9383159515));
#730 = CARTESIAN_POINT('',(2.2125721877,14.,11.9470238879));
#731 = CARTESIAN_POINT('',(2.22512139033,14.,11.9490151927));
#732 = CARTESIAN_POINT('',(2.23755845551,14.,11.9499999996));
#733 = CARTESIAN_POINT('',(2.24999238624,14.,11.9499999996));
#734 = ORIENTED_EDGE('',*,*,#735,.F.);
#735 = EDGE_CURVE('',#736,#719,#738,.T.);
#736 = VERTEX_POINT('',#737);
#737 = CARTESIAN_POINT('',(2.05000000148,14.,11.35));
#738 = LINE('',#739,#740);
#739 = CARTESIAN_POINT('',(2.05000000148,14.,11.5500038074));
#740 = VECTOR('',#741,1.);
#741 = DIRECTION('',(0.,0.,1.));
#742 = ORIENTED_EDGE('',*,*,#743,.F.);
#743 = EDGE_CURVE('',#744,#736,#746,.T.);
#744 = VERTEX_POINT('',#745);
#745 = CARTESIAN_POINT('',(1.59999238587,14.,11.35));
#746 = LINE('',#747,#748);
#747 = CARTESIAN_POINT('',(1.82499619367,14.,11.35));
#748 = VECTOR('',#749,1.);
#749 = DIRECTION('',(1.,0.,0.));
#750 = ORIENTED_EDGE('',*,*,#751,.F.);
#751 = EDGE_CURVE('',#752,#744,#754,.T.);
#752 = VERTEX_POINT('',#753);
#753 = CARTESIAN_POINT('',(1.40000000111,14.,11.1500076152));
#754 = B_SPLINE_CURVE_WITH_KNOTS('',5,(#755,#756,#757,#758,#759,#760,
    #761,#762,#763,#764,#765,#766),.UNSPECIFIED.,.F.,.F.,(6,3,3,6),(0.,
    0.177027013252,0.353994470358,0.442671710395),.UNSPECIFIED.);
#755 = CARTESIAN_POINT('',(1.40000000111,14.,11.1500076152));
#756 = CARTESIAN_POINT('',(1.40000000111,14.,11.1748295607));
#757 = CARTESIAN_POINT('',(1.40392507571,14.,11.1996639734));
#758 = CARTESIAN_POINT('',(1.41227947445,14.,11.2253441084));
#759 = CARTESIAN_POINT('',(1.4352287755,14.,11.2700173798));
#760 = CARTESIAN_POINT('',(1.47065514943,14.,11.3055967998));
#761 = CARTESIAN_POINT('',(1.49255382593,14.,11.3214077948));
#762 = CARTESIAN_POINT('',(1.52622746513,14.,11.3383159518));
#763 = CARTESIAN_POINT('',(1.56257218726,14.,11.3470238884));
#764 = CARTESIAN_POINT('',(1.57512138999,14.,11.3490151931));
#765 = CARTESIAN_POINT('',(1.58755845516,14.,11.35));
#766 = CARTESIAN_POINT('',(1.59999238587,14.,11.35));
#767 = ORIENTED_EDGE('',*,*,#768,.F.);
#768 = EDGE_CURVE('',#769,#752,#771,.T.);
#769 = VERTEX_POINT('',#770);
#770 = CARTESIAN_POINT('',(1.40000000111,14.,8.6));
#771 = LINE('',#772,#773);
#772 = CARTESIAN_POINT('',(1.40000000111,14.,9.87500380762));
#773 = VECTOR('',#774,1.);
#774 = DIRECTION('',(0.,0.,1.));
#775 = ORIENTED_EDGE('',*,*,#776,.T.);
#776 = EDGE_CURVE('',#769,#777,#779,.T.);
#777 = VERTEX_POINT('',#778);
#778 = CARTESIAN_POINT('',(1.00000000073,14.,8.6));
#779 = LINE('',#780,#781);
#780 = CARTESIAN_POINT('',(1.20000000092,14.,8.6));
#781 = VECTOR('',#782,1.);
#782 = DIRECTION('',(-1.,0.,0.));
#783 = ORIENTED_EDGE('',*,*,#784,.T.);
#784 = EDGE_CURVE('',#777,#785,#787,.T.);
#785 = VERTEX_POINT('',#786);
#786 = CARTESIAN_POINT('',(0.80000000148,14.,8.39999999888));
#787 = CIRCLE('',#788,0.200000000632);
#788 = AXIS2_PLACEMENT_3D('',#789,#790,#791);
#789 = CARTESIAN_POINT('',(1.00000000211,14.,8.39999999937));
#790 = DIRECTION('',(-3.74939945665E-33,-1.,-1.22464679915E-16));
#791 = DIRECTION('',(0.,1.22464679915E-16,-1.));
#792 = ORIENTED_EDGE('',*,*,#793,.T.);
#793 = EDGE_CURVE('',#785,#794,#796,.T.);
#794 = VERTEX_POINT('',#795);
#795 = CARTESIAN_POINT('',(0.80000000148,14.,7.69999999963));
#796 = LINE('',#797,#798);
#797 = CARTESIAN_POINT('',(0.80000000148,14.,8.04999999925));
#798 = VECTOR('',#799,1.);
#799 = DIRECTION('',(0.,0.,-1.));
#800 = ORIENTED_EDGE('',*,*,#801,.T.);
#801 = EDGE_CURVE('',#794,#802,#804,.T.);
#802 = VERTEX_POINT('',#803);
#803 = CARTESIAN_POINT('',(1.00000000073,14.,7.50000000037));
#804 = CIRCLE('',#805,0.200000000632);
#805 = AXIS2_PLACEMENT_3D('',#806,#807,#808);
#806 = CARTESIAN_POINT('',(1.00000000211,14.,7.700000001));
#807 = DIRECTION('',(-3.74939945665E-33,-1.,-1.22464679915E-16));
#808 = DIRECTION('',(0.,1.22464679915E-16,-1.));
#809 = ORIENTED_EDGE('',*,*,#810,.T.);
#810 = EDGE_CURVE('',#802,#811,#813,.T.);
#811 = VERTEX_POINT('',#812);
#812 = CARTESIAN_POINT('',(1.40000000111,14.,7.50000000037));
#813 = LINE('',#814,#815);
#814 = CARTESIAN_POINT('',(1.20000000092,14.,7.50000000037));
#815 = VECTOR('',#816,1.);
#816 = DIRECTION('',(1.,0.,0.));
#817 = ORIENTED_EDGE('',*,*,#818,.F.);
#818 = EDGE_CURVE('',#445,#811,#819,.T.);
#819 = LINE('',#820,#821);
#820 = CARTESIAN_POINT('',(1.40000000111,14.,6.82499619238));
#821 = VECTOR('',#822,1.);
#822 = DIRECTION('',(0.,-1.31581245792E-15,1.));
#823 = PLANE('',#824);
#824 = AXIS2_PLACEMENT_3D('',#825,#826,#827);
#825 = CARTESIAN_POINT('',(-3.69999999852,14.,14.1));
#826 = DIRECTION('',(-3.74939945665E-33,-1.,-1.22464679915E-16));
#827 = DIRECTION('',(-1.,3.74939945665E-33,0.));
#828 = ADVANCED_FACE('',(#829),#856,.T.);
#829 = FACE_BOUND('',#830,.T.);
#830 = EDGE_LOOP('',(#831,#841,#847,#848,#849,#850));
#831 = ORIENTED_EDGE('',*,*,#832,.F.);
#832 = EDGE_CURVE('',#833,#835,#837,.T.);
#833 = VERTEX_POINT('',#834);
#834 = CARTESIAN_POINT('',(6.54751587254,4.,3.20000000002));
#835 = VERTEX_POINT('',#836);
#836 = CARTESIAN_POINT('',(6.67000000142,4.,4.5999999994));
#837 = LINE('',#838,#839);
#838 = CARTESIAN_POINT('',(6.60875793698,4.,3.89999999971));
#839 = VECTOR('',#840,1.);
#840 = DIRECTION('',(8.715574274768E-02,0.,0.996194698092));
#841 = ORIENTED_EDGE('',*,*,#842,.T.);
#842 = EDGE_CURVE('',#833,#259,#843,.T.);
#843 = LINE('',#844,#845);
#844 = CARTESIAN_POINT('',(6.54751587254,6.70000000019,3.20000000002));
#845 = VECTOR('',#846,1.);
#846 = DIRECTION('',(0.,1.,1.64477485118E-16));
#847 = ORIENTED_EDGE('',*,*,#258,.T.);
#848 = ORIENTED_EDGE('',*,*,#237,.F.);
#849 = ORIENTED_EDGE('',*,*,#354,.T.);
#850 = ORIENTED_EDGE('',*,*,#851,.F.);
#851 = EDGE_CURVE('',#835,#347,#852,.T.);
#852 = LINE('',#853,#854);
#853 = CARTESIAN_POINT('',(6.67000000142,9.,4.5999999994));
#854 = VECTOR('',#855,1.);
#855 = DIRECTION('',(0.,1.,8.881784197E-17));
#856 = PLANE('',#857);
#857 = AXIS2_PLACEMENT_3D('',#858,#859,#860);
#858 = CARTESIAN_POINT('',(6.54751587254,14.,3.20000000002));
#859 = DIRECTION('',(0.996194698092,1.06735001383E-17,
    -8.715574274768E-02));
#860 = DIRECTION('',(8.715574274768E-02,-1.21998664835E-16,
    0.996194698092));
#861 = ADVANCED_FACE('',(#862),#1009,.F.);
#862 = FACE_BOUND('',#863,.T.);
#863 = EDGE_LOOP('',(#864,#865,#866,#867,#875,#883,#891,#899,#907,#915,
    #923,#931,#939,#947,#955,#963,#971,#979,#987,#995,#1003));
#864 = ORIENTED_EDGE('',*,*,#290,.T.);
#865 = ORIENTED_EDGE('',*,*,#266,.F.);
#866 = ORIENTED_EDGE('',*,*,#842,.F.);
#867 = ORIENTED_EDGE('',*,*,#868,.T.);
#868 = EDGE_CURVE('',#833,#869,#871,.T.);
#869 = VERTEX_POINT('',#870);
#870 = CARTESIAN_POINT('',(8.50000000154,4.,3.20000000002));
#871 = LINE('',#872,#873);
#872 = CARTESIAN_POINT('',(7.52375793704,4.,3.20000000002));
#873 = VECTOR('',#874,1.);
#874 = DIRECTION('',(1.,0.,0.));
#875 = ORIENTED_EDGE('',*,*,#876,.T.);
#876 = EDGE_CURVE('',#869,#877,#879,.T.);
#877 = VERTEX_POINT('',#878);
#878 = CARTESIAN_POINT('',(8.50000000154,3.5,3.20000000002));
#879 = LINE('',#880,#881);
#880 = CARTESIAN_POINT('',(8.50000000154,3.75,3.20000000002));
#881 = VECTOR('',#882,1.);
#882 = DIRECTION('',(0.,-1.,0.));
#883 = ORIENTED_EDGE('',*,*,#884,.F.);
#884 = EDGE_CURVE('',#885,#877,#887,.T.);
#885 = VERTEX_POINT('',#886);
#886 = CARTESIAN_POINT('',(6.00000000154,3.5,3.20000000002));
#887 = LINE('',#888,#889);
#888 = CARTESIAN_POINT('',(7.25000000154,3.5,3.20000000002));
#889 = VECTOR('',#890,1.);
#890 = DIRECTION('',(1.,0.,0.));
#891 = ORIENTED_EDGE('',*,*,#892,.F.);
#892 = EDGE_CURVE('',#893,#885,#895,.T.);
#893 = VERTEX_POINT('',#894);
#894 = CARTESIAN_POINT('',(6.00000000154,0.,3.20000000002));
#895 = LINE('',#896,#897);
#896 = CARTESIAN_POINT('',(6.00000000154,1.75,3.20000000002));
#897 = VECTOR('',#898,1.);
#898 = DIRECTION('',(0.,1.,1.26882631386E-16));
#899 = ORIENTED_EDGE('',*,*,#900,.T.);
#900 = EDGE_CURVE('',#893,#901,#903,.T.);
#901 = VERTEX_POINT('',#902);
#902 = CARTESIAN_POINT('',(5.50000000154,0.,3.20000000002));
#903 = LINE('',#904,#905);
#904 = CARTESIAN_POINT('',(5.75000000154,0.,3.20000000002));
#905 = VECTOR('',#906,1.);
#906 = DIRECTION('',(-1.,0.,0.));
#907 = ORIENTED_EDGE('',*,*,#908,.F.);
#908 = EDGE_CURVE('',#909,#901,#911,.T.);
#909 = VERTEX_POINT('',#910);
#910 = CARTESIAN_POINT('',(5.48603595016,0.800000000745,3.20000000002));
#911 = LINE('',#912,#913);
#912 = CARTESIAN_POINT('',(5.49301797585,0.400000000373,3.20000000002));
#913 = VECTOR('',#914,1.);
#914 = DIRECTION('',(1.74524057191E-02,-0.999847695169,0.));
#915 = ORIENTED_EDGE('',*,*,#916,.F.);
#916 = EDGE_CURVE('',#917,#909,#919,.T.);
#917 = VERTEX_POINT('',#918);
#918 = CARTESIAN_POINT('',(4.25815383126,0.800000000745,3.20000000002));
#919 = LINE('',#920,#921);
#920 = CARTESIAN_POINT('',(4.87209489071,0.800000000745,3.20000000002));
#921 = VECTOR('',#922,1.);
#922 = DIRECTION('',(1.,0.,0.));
#923 = ORIENTED_EDGE('',*,*,#924,.F.);
#924 = EDGE_CURVE('',#925,#917,#927,.T.);
#925 = VERTEX_POINT('',#926);
#926 = CARTESIAN_POINT('',(4.02500000191,1.30000000075,3.20000000002));
#927 = LINE('',#928,#929);
#928 = CARTESIAN_POINT('',(4.14157691658,1.05000000075,3.20000000002));
#929 = VECTOR('',#930,1.);
#930 = DIRECTION('',(0.422618262148,-0.906307786847,0.));
#931 = ORIENTED_EDGE('',*,*,#932,.T.);
#932 = EDGE_CURVE('',#925,#933,#935,.T.);
#933 = VERTEX_POINT('',#934);
#934 = CARTESIAN_POINT('',(4.02500000191,2.34999999963,3.20000000002));
#935 = LINE('',#936,#937);
#936 = CARTESIAN_POINT('',(4.02500000191,1.82500000019,3.20000000002));
#937 = VECTOR('',#938,1.);
#938 = DIRECTION('',(0.,1.,4.22942105069E-16));
#939 = ORIENTED_EDGE('',*,*,#940,.T.);
#940 = EDGE_CURVE('',#933,#941,#943,.T.);
#941 = VERTEX_POINT('',#942);
#942 = CARTESIAN_POINT('',(2.97500000116,2.34999999963,3.20000000002));
#943 = LINE('',#944,#945);
#944 = CARTESIAN_POINT('',(3.50000000154,2.34999999963,3.20000000002));
#945 = VECTOR('',#946,1.);
#946 = DIRECTION('',(-1.,0.,0.));
#947 = ORIENTED_EDGE('',*,*,#948,.T.);
#948 = EDGE_CURVE('',#941,#949,#951,.T.);
#949 = VERTEX_POINT('',#950);
#950 = CARTESIAN_POINT('',(2.97500000116,1.30000000075,3.20000000002));
#951 = LINE('',#952,#953);
#952 = CARTESIAN_POINT('',(2.97500000116,1.82500000019,3.20000000002));
#953 = VECTOR('',#954,1.);
#954 = DIRECTION('',(0.,-1.,-4.22942105069E-16));
#955 = ORIENTED_EDGE('',*,*,#956,.T.);
#956 = EDGE_CURVE('',#949,#957,#959,.T.);
#957 = VERTEX_POINT('',#958);
#958 = CARTESIAN_POINT('',(2.74184617181,0.800000000745,3.20000000002));
#959 = LINE('',#960,#961);
#960 = CARTESIAN_POINT('',(2.85842308649,1.05000000075,3.20000000002));
#961 = VECTOR('',#962,1.);
#962 = DIRECTION('',(-0.422618262148,-0.906307786847,0.));
#963 = ORIENTED_EDGE('',*,*,#964,.F.);
#964 = EDGE_CURVE('',#965,#957,#967,.T.);
#965 = VERTEX_POINT('',#966);
#966 = CARTESIAN_POINT('',(1.51396405292,0.800000000745,3.20000000002));
#967 = LINE('',#968,#969);
#968 = CARTESIAN_POINT('',(2.12790511237,0.800000000745,3.20000000002));
#969 = VECTOR('',#970,1.);
#970 = DIRECTION('',(1.,0.,0.));
#971 = ORIENTED_EDGE('',*,*,#972,.T.);
#972 = EDGE_CURVE('',#965,#973,#975,.T.);
#973 = VERTEX_POINT('',#974);
#974 = CARTESIAN_POINT('',(1.50000000154,0.,3.20000000002));
#975 = LINE('',#976,#977);
#976 = CARTESIAN_POINT('',(1.50698202723,0.400000000373,3.20000000002));
#977 = VECTOR('',#978,1.);
#978 = DIRECTION('',(-1.74524057191E-02,-0.999847695169,0.));
#979 = ORIENTED_EDGE('',*,*,#980,.T.);
#980 = EDGE_CURVE('',#973,#981,#983,.T.);
#981 = VERTEX_POINT('',#982);
#982 = CARTESIAN_POINT('',(1.00000000154,0.,3.20000000002));
#983 = LINE('',#984,#985);
#984 = CARTESIAN_POINT('',(1.25000000154,0.,3.20000000002));
#985 = VECTOR('',#986,1.);
#986 = DIRECTION('',(-1.,0.,0.));
#987 = ORIENTED_EDGE('',*,*,#988,.T.);
#988 = EDGE_CURVE('',#981,#989,#991,.T.);
#989 = VERTEX_POINT('',#990);
#990 = CARTESIAN_POINT('',(0.366602902906,0.,3.20000000002));
#991 = LINE('',#992,#993);
#992 = CARTESIAN_POINT('',(0.683301452221,0.,3.20000000002));
#993 = VECTOR('',#994,1.);
#994 = DIRECTION('',(-1.,0.,0.));
#995 = ORIENTED_EDGE('',*,*,#996,.T.);
#996 = EDGE_CURVE('',#989,#997,#999,.T.);
#997 = VERTEX_POINT('',#998);
#998 = CARTESIAN_POINT('',(2.88045160939E-02,12.9000000004,3.20000000002
    ));
#999 = LINE('',#1000,#1001);
#1000 = CARTESIAN_POINT('',(0.1977037095,6.45000000019,3.20000000002));
#1001 = VECTOR('',#1002,1.);
#1002 = DIRECTION('',(-2.617694819641E-02,0.999657324978,
    1.376548935061E-16));
#1003 = ORIENTED_EDGE('',*,*,#1004,.T.);
#1004 = EDGE_CURVE('',#997,#291,#1005,.T.);
#1005 = LINE('',#1006,#1007);
#1006 = CARTESIAN_POINT('',(2.26440225882,12.9000000004,3.20000000002));
#1007 = VECTOR('',#1008,1.);
#1008 = DIRECTION('',(1.,0.,0.));
#1009 = PLANE('',#1010);
#1010 = AXIS2_PLACEMENT_3D('',#1011,#1012,#1013);
#1011 = CARTESIAN_POINT('',(6.54751587254,14.,3.20000000002));
#1012 = DIRECTION('',(-4.59169004332E-49,-1.22464679915E-16,1.));
#1013 = DIRECTION('',(-1.,3.74939945665E-33,1.172132882537E-61));
#1014 = ADVANCED_FACE('',(#1015),#1033,.T.);
#1015 = FACE_BOUND('',#1016,.T.);
#1016 = EDGE_LOOP('',(#1017,#1025,#1026,#1027));
#1017 = ORIENTED_EDGE('',*,*,#1018,.T.);
#1018 = EDGE_CURVE('',#1019,#299,#1021,.T.);
#1019 = VERTEX_POINT('',#1020);
#1020 = CARTESIAN_POINT('',(2.88045152921E-02,12.9,2.20000000002));
#1021 = LINE('',#1022,#1023);
#1022 = CARTESIAN_POINT('',(2.26440225801,12.9,2.20000000002));
#1023 = VECTOR('',#1024,1.);
#1024 = DIRECTION('',(1.,0.,0.));
#1025 = ORIENTED_EDGE('',*,*,#298,.F.);
#1026 = ORIENTED_EDGE('',*,*,#1004,.F.);
#1027 = ORIENTED_EDGE('',*,*,#1028,.T.);
#1028 = EDGE_CURVE('',#997,#1019,#1029,.T.);
#1029 = LINE('',#1030,#1031);
#1030 = CARTESIAN_POINT('',(2.88045152921E-02,12.9,2.70000000002));
#1031 = VECTOR('',#1032,1.);
#1032 = DIRECTION('',(0.,0.,-1.));
#1033 = PLANE('',#1034);
#1034 = AXIS2_PLACEMENT_3D('',#1035,#1036,#1037);
#1035 = CARTESIAN_POINT('',(-3.69999999852,12.9,3.20000000002));
#1036 = DIRECTION('',(-3.74939945665E-33,-1.,-1.22464679915E-16));
#1037 = DIRECTION('',(-3.74939945665E-33,1.22464679915E-16,-1.));
#1038 = ADVANCED_FACE('',(#1039),#1050,.F.);
#1039 = FACE_BOUND('',#1040,.T.);
#1040 = EDGE_LOOP('',(#1041,#1042,#1048,#1049));
#1041 = ORIENTED_EDGE('',*,*,#1018,.F.);
#1042 = ORIENTED_EDGE('',*,*,#1043,.T.);
#1043 = EDGE_CURVE('',#1019,#363,#1044,.T.);
#1044 = LINE('',#1045,#1046);
#1045 = CARTESIAN_POINT('',(1.44022580135E-02,13.4500000002,
    2.20000000002));
#1046 = VECTOR('',#1047,1.);
#1047 = DIRECTION('',(-2.617694907139E-02,0.999657324956,0.));
#1048 = ORIENTED_EDGE('',*,*,#362,.T.);
#1049 = ORIENTED_EDGE('',*,*,#306,.F.);
#1050 = PLANE('',#1051);
#1051 = AXIS2_PLACEMENT_3D('',#1052,#1053,#1054);
#1052 = CARTESIAN_POINT('',(-3.69999999852,13.5,2.20000000002));
#1053 = DIRECTION('',(-4.59169004332E-49,-1.22464679915E-16,1.));
#1054 = DIRECTION('',(-3.74939945665E-33,-1.,-1.22464679915E-16));
#1055 = ADVANCED_FACE('',(#1056),#1081,.T.);
#1056 = FACE_BOUND('',#1057,.T.);
#1057 = EDGE_LOOP('',(#1058,#1059,#1067,#1075));
#1058 = ORIENTED_EDGE('',*,*,#328,.F.);
#1059 = ORIENTED_EDGE('',*,*,#1060,.T.);
#1060 = EDGE_CURVE('',#329,#1061,#1063,.T.);
#1061 = VERTEX_POINT('',#1062);
#1062 = CARTESIAN_POINT('',(8.50000000148,4.,3.80000000002));
#1063 = LINE('',#1064,#1065);
#1064 = CARTESIAN_POINT('',(8.50000000148,9.,3.80000000002));
#1065 = VECTOR('',#1066,1.);
#1066 = DIRECTION('',(0.,-1.,-1.33226762955E-16));
#1067 = ORIENTED_EDGE('',*,*,#1068,.F.);
#1068 = EDGE_CURVE('',#1069,#1061,#1071,.T.);
#1069 = VERTEX_POINT('',#1070);
#1070 = CARTESIAN_POINT('',(7.50000000148,4.,3.80000000002));
#1071 = LINE('',#1072,#1073);
#1072 = CARTESIAN_POINT('',(8.00000000148,4.,3.80000000002));
#1073 = VECTOR('',#1074,1.);
#1074 = DIRECTION('',(1.,0.,0.));
#1075 = ORIENTED_EDGE('',*,*,#1076,.F.);
#1076 = EDGE_CURVE('',#331,#1069,#1077,.T.);
#1077 = LINE('',#1078,#1079);
#1078 = CARTESIAN_POINT('',(7.50000000148,9.,3.80000000002));
#1079 = VECTOR('',#1080,1.);
#1080 = DIRECTION('',(0.,-1.,-1.33226762955E-16));
#1081 = PLANE('',#1082);
#1082 = AXIS2_PLACEMENT_3D('',#1083,#1084,#1085);
#1083 = CARTESIAN_POINT('',(7.50000000148,14.,3.80000000002));
#1084 = DIRECTION('',(4.59169004332E-49,1.22464679915E-16,-1.));
#1085 = DIRECTION('',(1.,-3.74939945665E-33,-1.172132882537E-61));
#1086 = ADVANCED_FACE('',(#1087),#1105,.T.);
#1087 = FACE_BOUND('',#1088,.T.);
#1088 = EDGE_LOOP('',(#1089,#1090,#1098,#1104));
#1089 = ORIENTED_EDGE('',*,*,#1076,.T.);
#1090 = ORIENTED_EDGE('',*,*,#1091,.F.);
#1091 = EDGE_CURVE('',#1092,#1069,#1094,.T.);
#1092 = VERTEX_POINT('',#1093);
#1093 = CARTESIAN_POINT('',(7.5699909323,4.,4.60000000002));
#1094 = LINE('',#1095,#1096);
#1095 = CARTESIAN_POINT('',(7.53499546692,4.,4.20000000033));
#1096 = VECTOR('',#1097,1.);
#1097 = DIRECTION('',(-8.715574274768E-02,0.,-0.996194698092));
#1098 = ORIENTED_EDGE('',*,*,#1099,.T.);
#1099 = EDGE_CURVE('',#1092,#339,#1100,.T.);
#1100 = LINE('',#1101,#1102);
#1101 = CARTESIAN_POINT('',(7.5699909323,9.,4.60000000002));
#1102 = VECTOR('',#1103,1.);
#1103 = DIRECTION('',(0.,1.,8.881784197E-17));
#1104 = ORIENTED_EDGE('',*,*,#338,.F.);
#1105 = PLANE('',#1106);
#1106 = AXIS2_PLACEMENT_3D('',#1107,#1108,#1109);
#1107 = CARTESIAN_POINT('',(7.5699909323,14.,4.60000000002));
#1108 = DIRECTION('',(-0.996194698092,-1.06735001383E-17,
    8.715574274768E-02));
#1109 = DIRECTION('',(-8.715574274768E-02,1.21998664835E-16,
    -0.996194698092));
#1110 = ADVANCED_FACE('',(#1111),#1122,.T.);
#1111 = FACE_BOUND('',#1112,.T.);
#1112 = EDGE_LOOP('',(#1113,#1114,#1115,#1116));
#1113 = ORIENTED_EDGE('',*,*,#851,.T.);
#1114 = ORIENTED_EDGE('',*,*,#346,.T.);
#1115 = ORIENTED_EDGE('',*,*,#1099,.F.);
#1116 = ORIENTED_EDGE('',*,*,#1117,.F.);
#1117 = EDGE_CURVE('',#835,#1092,#1118,.T.);
#1118 = LINE('',#1119,#1120);
#1119 = CARTESIAN_POINT('',(7.11999546706,4.,4.60000000002));
#1120 = VECTOR('',#1121,1.);
#1121 = DIRECTION('',(1.,0.,0.));
#1122 = PLANE('',#1123);
#1123 = AXIS2_PLACEMENT_3D('',#1124,#1125,#1126);
#1124 = CARTESIAN_POINT('',(6.67000000148,14.,4.60000000002));
#1125 = DIRECTION('',(4.59169004332E-49,1.22464679915E-16,-1.));
#1126 = DIRECTION('',(1.,-3.74939945665E-33,-1.172132882537E-61));
#1127 = ADVANCED_FACE('',(#1128),#1148,.T.);
#1128 = FACE_BOUND('',#1129,.T.);
#1129 = EDGE_LOOP('',(#1130,#1131,#1132,#1133,#1134,#1142));
#1130 = ORIENTED_EDGE('',*,*,#370,.F.);
#1131 = ORIENTED_EDGE('',*,*,#1043,.F.);
#1132 = ORIENTED_EDGE('',*,*,#1028,.F.);
#1133 = ORIENTED_EDGE('',*,*,#996,.F.);
#1134 = ORIENTED_EDGE('',*,*,#1135,.T.);
#1135 = EDGE_CURVE('',#989,#1136,#1138,.T.);
#1136 = VERTEX_POINT('',#1137);
#1137 = CARTESIAN_POINT('',(0.366602903427,8.2075146679E-10,
    14.0999999993));
#1138 = LINE('',#1139,#1140);
#1139 = CARTESIAN_POINT('',(0.366602903427,8.2075146679E-10,
    8.65000000002));
#1140 = VECTOR('',#1141,1.);
#1141 = DIRECTION('',(7.63914925305E-17,0.,1.));
#1142 = ORIENTED_EDGE('',*,*,#1143,.F.);
#1143 = EDGE_CURVE('',#371,#1136,#1144,.T.);
#1144 = LINE('',#1145,#1146);
#1145 = CARTESIAN_POINT('',(0.183301452453,7.00000000041,14.0999999993)
  );
#1146 = VECTOR('',#1147,1.);
#1147 = DIRECTION('',(2.617694830789E-02,-0.999657324976,
    -1.268391518839E-16));
#1148 = PLANE('',#1149);
#1149 = AXIS2_PLACEMENT_3D('',#1150,#1151,#1152);
#1150 = CARTESIAN_POINT('',(1.47939999834E-09,14.,8.40000000002));
#1151 = DIRECTION('',(-0.999657324976,-2.617694830789E-02,
    7.467793815327E-17));
#1152 = DIRECTION('',(7.791038769295E-17,-1.22464679915E-16,1.));
#1153 = ADVANCED_FACE('',(#1154),#1308,.F.);
#1154 = FACE_BOUND('',#1155,.T.);
#1155 = EDGE_LOOP('',(#1156,#1164,#1165,#1166,#1174,#1182,#1190,#1198,
    #1206,#1214,#1222,#1230,#1238,#1246,#1254,#1262,#1270,#1278,#1286,
    #1294,#1302));
#1156 = ORIENTED_EDGE('',*,*,#1157,.F.);
#1157 = EDGE_CURVE('',#379,#1158,#1160,.T.);
#1158 = VERTEX_POINT('',#1159);
#1159 = CARTESIAN_POINT('',(4.50000000206,9.40000000037,14.1));
#1160 = LINE('',#1161,#1162);
#1161 = CARTESIAN_POINT('',(4.50000000206,11.7000000002,14.1));
#1162 = VECTOR('',#1163,1.);
#1163 = DIRECTION('',(0.,-1.,0.));
#1164 = ORIENTED_EDGE('',*,*,#378,.T.);
#1165 = ORIENTED_EDGE('',*,*,#1143,.T.);
#1166 = ORIENTED_EDGE('',*,*,#1167,.F.);
#1167 = EDGE_CURVE('',#1168,#1136,#1170,.T.);
#1168 = VERTEX_POINT('',#1169);
#1169 = CARTESIAN_POINT('',(1.00000000206,0.,14.1));
#1170 = LINE('',#1171,#1172);
#1171 = CARTESIAN_POINT('',(0.683301452741,0.,14.1));
#1172 = VECTOR('',#1173,1.);
#1173 = DIRECTION('',(-1.,0.,0.));
#1174 = ORIENTED_EDGE('',*,*,#1175,.T.);
#1175 = EDGE_CURVE('',#1168,#1176,#1178,.T.);
#1176 = VERTEX_POINT('',#1177);
#1177 = CARTESIAN_POINT('',(1.50000000206,0.,14.1));
#1178 = LINE('',#1179,#1180);
#1179 = CARTESIAN_POINT('',(1.25000000206,0.,14.1));
#1180 = VECTOR('',#1181,1.);
#1181 = DIRECTION('',(1.,0.,0.));
#1182 = ORIENTED_EDGE('',*,*,#1183,.F.);
#1183 = EDGE_CURVE('',#1184,#1176,#1186,.T.);
#1184 = VERTEX_POINT('',#1185);
#1185 = CARTESIAN_POINT('',(1.51396405344,0.800000000745,14.1));
#1186 = LINE('',#1187,#1188);
#1187 = CARTESIAN_POINT('',(1.50698202775,0.400000000373,14.1));
#1188 = VECTOR('',#1189,1.);
#1189 = DIRECTION('',(-1.74524057191E-02,-0.999847695169,0.));
#1190 = ORIENTED_EDGE('',*,*,#1191,.F.);
#1191 = EDGE_CURVE('',#1192,#1184,#1194,.T.);
#1192 = VERTEX_POINT('',#1193);
#1193 = CARTESIAN_POINT('',(2.74184617233,0.800000000745,14.1));
#1194 = LINE('',#1195,#1196);
#1195 = CARTESIAN_POINT('',(2.12790511289,0.800000000745,14.1));
#1196 = VECTOR('',#1197,1.);
#1197 = DIRECTION('',(-1.,0.,0.));
#1198 = ORIENTED_EDGE('',*,*,#1199,.F.);
#1199 = EDGE_CURVE('',#1200,#1192,#1202,.T.);
#1200 = VERTEX_POINT('',#1201);
#1201 = CARTESIAN_POINT('',(2.97500000168,1.30000000075,14.1));
#1202 = LINE('',#1203,#1204);
#1203 = CARTESIAN_POINT('',(2.85842308701,1.05000000075,14.1));
#1204 = VECTOR('',#1205,1.);
#1205 = DIRECTION('',(-0.422618262148,-0.906307786847,0.));
#1206 = ORIENTED_EDGE('',*,*,#1207,.T.);
#1207 = EDGE_CURVE('',#1200,#1208,#1210,.T.);
#1208 = VERTEX_POINT('',#1209);
#1209 = CARTESIAN_POINT('',(2.97500000168,2.34999999963,14.1));
#1210 = LINE('',#1211,#1212);
#1211 = CARTESIAN_POINT('',(2.97500000168,1.82500000019,14.1));
#1212 = VECTOR('',#1213,1.);
#1213 = DIRECTION('',(0.,1.,0.));
#1214 = ORIENTED_EDGE('',*,*,#1215,.F.);
#1215 = EDGE_CURVE('',#1216,#1208,#1218,.T.);
#1216 = VERTEX_POINT('',#1217);
#1217 = CARTESIAN_POINT('',(4.02500000057,2.34999999963,14.1));
#1218 = LINE('',#1219,#1220);
#1219 = CARTESIAN_POINT('',(3.50000000113,2.34999999963,14.1));
#1220 = VECTOR('',#1221,1.);
#1221 = DIRECTION('',(-1.,0.,0.));
#1222 = ORIENTED_EDGE('',*,*,#1223,.T.);
#1223 = EDGE_CURVE('',#1216,#1224,#1226,.T.);
#1224 = VERTEX_POINT('',#1225);
#1225 = CARTESIAN_POINT('',(4.02500000057,1.30000000075,14.1));
#1226 = LINE('',#1227,#1228);
#1227 = CARTESIAN_POINT('',(4.02500000057,1.82500000019,14.1));
#1228 = VECTOR('',#1229,1.);
#1229 = DIRECTION('',(0.,-1.,0.));
#1230 = ORIENTED_EDGE('',*,*,#1231,.T.);
#1231 = EDGE_CURVE('',#1224,#1232,#1234,.T.);
#1232 = VERTEX_POINT('',#1233);
#1233 = CARTESIAN_POINT('',(4.25815382992,0.800000000745,14.1));
#1234 = LINE('',#1235,#1236);
#1235 = CARTESIAN_POINT('',(4.14157691524,1.05000000075,14.1));
#1236 = VECTOR('',#1237,1.);
#1237 = DIRECTION('',(0.422618262148,-0.906307786847,0.));
#1238 = ORIENTED_EDGE('',*,*,#1239,.F.);
#1239 = EDGE_CURVE('',#1240,#1232,#1242,.T.);
#1240 = VERTEX_POINT('',#1241);
#1241 = CARTESIAN_POINT('',(5.48603594881,0.800000000745,14.1));
#1242 = LINE('',#1243,#1244);
#1243 = CARTESIAN_POINT('',(4.87209488937,0.800000000745,14.1));
#1244 = VECTOR('',#1245,1.);
#1245 = DIRECTION('',(-1.,0.,0.));
#1246 = ORIENTED_EDGE('',*,*,#1247,.T.);
#1247 = EDGE_CURVE('',#1240,#1248,#1250,.T.);
#1248 = VERTEX_POINT('',#1249);
#1249 = CARTESIAN_POINT('',(5.50000000206,0.,14.1));
#1250 = LINE('',#1251,#1252);
#1251 = CARTESIAN_POINT('',(5.49301797543,0.400000000373,14.1));
#1252 = VECTOR('',#1253,1.);
#1253 = DIRECTION('',(1.745240804631E-02,-0.999847695128,0.));
#1254 = ORIENTED_EDGE('',*,*,#1255,.T.);
#1255 = EDGE_CURVE('',#1248,#1256,#1258,.T.);
#1256 = VERTEX_POINT('',#1257);
#1257 = CARTESIAN_POINT('',(6.00000000206,0.,14.1));
#1258 = LINE('',#1259,#1260);
#1259 = CARTESIAN_POINT('',(5.75000000206,0.,14.1));
#1260 = VECTOR('',#1261,1.);
#1261 = DIRECTION('',(1.,0.,0.));
#1262 = ORIENTED_EDGE('',*,*,#1263,.T.);
#1263 = EDGE_CURVE('',#1256,#1264,#1266,.T.);
#1264 = VERTEX_POINT('',#1265);
#1265 = CARTESIAN_POINT('',(6.00000000206,3.5,14.1));
#1266 = LINE('',#1267,#1268);
#1267 = CARTESIAN_POINT('',(6.00000000206,1.75,14.1));
#1268 = VECTOR('',#1269,1.);
#1269 = DIRECTION('',(0.,1.,0.));
#1270 = ORIENTED_EDGE('',*,*,#1271,.T.);
#1271 = EDGE_CURVE('',#1264,#1272,#1274,.T.);
#1272 = VERTEX_POINT('',#1273);
#1273 = CARTESIAN_POINT('',(8.50000000206,3.5,14.1));
#1274 = LINE('',#1275,#1276);
#1275 = CARTESIAN_POINT('',(7.25000000206,3.5,14.1));
#1276 = VECTOR('',#1277,1.);
#1277 = DIRECTION('',(1.,0.,0.));
#1278 = ORIENTED_EDGE('',*,*,#1279,.F.);
#1279 = EDGE_CURVE('',#1280,#1272,#1282,.T.);
#1280 = VERTEX_POINT('',#1281);
#1281 = CARTESIAN_POINT('',(8.50000000206,4.,14.1));
#1282 = LINE('',#1283,#1284);
#1283 = CARTESIAN_POINT('',(8.50000000206,3.75,14.1));
#1284 = VECTOR('',#1285,1.);
#1285 = DIRECTION('',(0.,-1.,0.));
#1286 = ORIENTED_EDGE('',*,*,#1287,.T.);
#1287 = EDGE_CURVE('',#1280,#1288,#1290,.T.);
#1288 = VERTEX_POINT('',#1289);
#1289 = CARTESIAN_POINT('',(6.54751587306,4.,14.1));
#1290 = LINE('',#1291,#1292);
#1291 = CARTESIAN_POINT('',(7.52375793756,4.,14.1));
#1292 = VECTOR('',#1293,1.);
#1293 = DIRECTION('',(-1.,0.,0.));
#1294 = ORIENTED_EDGE('',*,*,#1295,.T.);
#1295 = EDGE_CURVE('',#1288,#1296,#1298,.T.);
#1296 = VERTEX_POINT('',#1297);
#1297 = CARTESIAN_POINT('',(6.54751587306,9.40000000037,14.1));
#1298 = LINE('',#1299,#1300);
#1299 = CARTESIAN_POINT('',(6.54751587306,6.70000000019,14.1));
#1300 = VECTOR('',#1301,1.);
#1301 = DIRECTION('',(0.,1.,3.28954970237E-16));
#1302 = ORIENTED_EDGE('',*,*,#1303,.T.);
#1303 = EDGE_CURVE('',#1296,#1158,#1304,.T.);
#1304 = LINE('',#1305,#1306);
#1305 = CARTESIAN_POINT('',(5.52375793756,9.40000000037,14.1));
#1306 = VECTOR('',#1307,1.);
#1307 = DIRECTION('',(-1.,0.,0.));
#1308 = PLANE('',#1309);
#1309 = AXIS2_PLACEMENT_3D('',#1310,#1311,#1312);
#1310 = CARTESIAN_POINT('',(-0.889859467551,14.,14.1));
#1311 = DIRECTION('',(4.59169004332E-49,1.22464679915E-16,-1.));
#1312 = DIRECTION('',(1.,-3.74939945665E-33,-1.172132882537E-61));
#1313 = ADVANCED_FACE('',(#1314),#1332,.F.);
#1314 = FACE_BOUND('',#1315,.T.);
#1315 = EDGE_LOOP('',(#1316,#1317,#1318,#1326));
#1316 = ORIENTED_EDGE('',*,*,#386,.T.);
#1317 = ORIENTED_EDGE('',*,*,#1157,.T.);
#1318 = ORIENTED_EDGE('',*,*,#1319,.F.);
#1319 = EDGE_CURVE('',#1320,#1158,#1322,.T.);
#1320 = VERTEX_POINT('',#1321);
#1321 = CARTESIAN_POINT('',(4.50000000148,9.40000000037,13.5000000011));
#1322 = LINE('',#1323,#1324);
#1323 = CARTESIAN_POINT('',(4.50000000148,9.40000000037,13.800000001));
#1324 = VECTOR('',#1325,1.);
#1325 = DIRECTION('',(0.,0.,1.));
#1326 = ORIENTED_EDGE('',*,*,#1327,.F.);
#1327 = EDGE_CURVE('',#387,#1320,#1328,.T.);
#1328 = LINE('',#1329,#1330);
#1329 = CARTESIAN_POINT('',(4.50000000148,11.7000000002,13.5000000011));
#1330 = VECTOR('',#1331,1.);
#1331 = DIRECTION('',(0.,-1.,0.));
#1332 = PLANE('',#1333);
#1333 = AXIS2_PLACEMENT_3D('',#1334,#1335,#1336);
#1334 = CARTESIAN_POINT('',(4.50000000148,14.,3.80000000002));
#1335 = DIRECTION('',(-1.,3.74939945665E-33,3.74939945665E-33));
#1336 = DIRECTION('',(-3.74939945665E-33,1.22464679915E-16,-1.));
#1337 = ADVANCED_FACE('',(#1338,#1356),#1390,.F.);
#1338 = FACE_BOUND('',#1339,.T.);
#1339 = EDGE_LOOP('',(#1340,#1348,#1349,#1350));
#1340 = ORIENTED_EDGE('',*,*,#1341,.F.);
#1341 = EDGE_CURVE('',#395,#1342,#1344,.T.);
#1342 = VERTEX_POINT('',#1343);
#1343 = CARTESIAN_POINT('',(6.60000907033,9.40000000037,13.5));
#1344 = LINE('',#1345,#1346);
#1345 = CARTESIAN_POINT('',(6.60000907126,11.7000000002,13.5));
#1346 = VECTOR('',#1347,1.);
#1347 = DIRECTION('',(-4.04922858561E-10,-1.,0.));
#1348 = ORIENTED_EDGE('',*,*,#394,.T.);
#1349 = ORIENTED_EDGE('',*,*,#1327,.T.);
#1350 = ORIENTED_EDGE('',*,*,#1351,.F.);
#1351 = EDGE_CURVE('',#1342,#1320,#1352,.T.);
#1352 = LINE('',#1353,#1354);
#1353 = CARTESIAN_POINT('',(5.5500045359,9.40000000037,13.5));
#1354 = VECTOR('',#1355,1.);
#1355 = DIRECTION('',(-1.,0.,0.));
#1356 = FACE_BOUND('',#1357,.T.);
#1357 = EDGE_LOOP('',(#1358,#1368,#1376,#1384));
#1358 = ORIENTED_EDGE('',*,*,#1359,.T.);
#1359 = EDGE_CURVE('',#1360,#1362,#1364,.T.);
#1360 = VERTEX_POINT('',#1361);
#1361 = CARTESIAN_POINT('',(6.31516432538,12.6737387106,13.5));
#1362 = VERTEX_POINT('',#1363);
#1363 = CARTESIAN_POINT('',(6.31516432538,10.6999999993,13.5));
#1364 = LINE('',#1365,#1366);
#1365 = CARTESIAN_POINT('',(6.31516432538,11.6868693549,13.5));
#1366 = VECTOR('',#1367,1.);
#1367 = DIRECTION('',(0.,-1.,0.));
#1368 = ORIENTED_EDGE('',*,*,#1369,.T.);
#1369 = EDGE_CURVE('',#1362,#1370,#1372,.T.);
#1370 = VERTEX_POINT('',#1371);
#1371 = CARTESIAN_POINT('',(5.33000000155,10.6999999993,13.5));
#1372 = LINE('',#1373,#1374);
#1373 = CARTESIAN_POINT('',(5.82258216347,10.6999999993,13.5));
#1374 = VECTOR('',#1375,1.);
#1375 = DIRECTION('',(-1.,0.,0.));
#1376 = ORIENTED_EDGE('',*,*,#1377,.T.);
#1377 = EDGE_CURVE('',#1370,#1378,#1380,.T.);
#1378 = VERTEX_POINT('',#1379);
#1379 = CARTESIAN_POINT('',(5.33000000155,12.6737387106,13.5));
#1380 = LINE('',#1381,#1382);
#1381 = CARTESIAN_POINT('',(5.33000000155,11.6868693549,13.5));
#1382 = VECTOR('',#1383,1.);
#1383 = DIRECTION('',(0.,1.,0.));
#1384 = ORIENTED_EDGE('',*,*,#1385,.T.);
#1385 = EDGE_CURVE('',#1378,#1360,#1386,.T.);
#1386 = LINE('',#1387,#1388);
#1387 = CARTESIAN_POINT('',(5.82258216347,12.6737387106,13.5));
#1388 = VECTOR('',#1389,1.);
#1389 = DIRECTION('',(1.,0.,0.));
#1390 = PLANE('',#1391);
#1391 = AXIS2_PLACEMENT_3D('',#1392,#1393,#1394);
#1392 = CARTESIAN_POINT('',(7.50000000148,14.,13.5));
#1393 = DIRECTION('',(4.59169004332E-49,1.22464679915E-16,-1.));
#1394 = DIRECTION('',(1.,-3.74939945665E-33,-1.172132882537E-61));
#1395 = ADVANCED_FACE('',(#1396),#1421,.T.);
#1396 = FACE_BOUND('',#1397,.T.);
#1397 = EDGE_LOOP('',(#1398,#1399,#1400,#1406,#1407,#1415));
#1398 = ORIENTED_EDGE('',*,*,#402,.F.);
#1399 = ORIENTED_EDGE('',*,*,#1341,.T.);
#1400 = ORIENTED_EDGE('',*,*,#1401,.F.);
#1401 = EDGE_CURVE('',#1296,#1342,#1402,.T.);
#1402 = LINE('',#1403,#1404);
#1403 = CARTESIAN_POINT('',(6.57376247166,9.40000000037,13.7999999994));
#1404 = VECTOR('',#1405,1.);
#1405 = DIRECTION('',(8.715574274768E-02,0.,-0.996194698092));
#1406 = ORIENTED_EDGE('',*,*,#1295,.F.);
#1407 = ORIENTED_EDGE('',*,*,#1408,.F.);
#1408 = EDGE_CURVE('',#1409,#1288,#1411,.T.);
#1409 = VERTEX_POINT('',#1410);
#1410 = CARTESIAN_POINT('',(6.67000000148,4.,12.7));
#1411 = LINE('',#1412,#1413);
#1412 = CARTESIAN_POINT('',(6.60875793704,4.,13.3999999997));
#1413 = VECTOR('',#1414,1.);
#1414 = DIRECTION('',(-8.715574274768E-02,0.,0.996194698092));
#1415 = ORIENTED_EDGE('',*,*,#1416,.F.);
#1416 = EDGE_CURVE('',#403,#1409,#1417,.T.);
#1417 = LINE('',#1418,#1419);
#1418 = CARTESIAN_POINT('',(6.67000000148,9.,12.7));
#1419 = VECTOR('',#1420,1.);
#1420 = DIRECTION('',(0.,-1.,-1.7763568394E-16));
#1421 = PLANE('',#1422);
#1422 = AXIS2_PLACEMENT_3D('',#1423,#1424,#1425);
#1423 = CARTESIAN_POINT('',(6.67000000148,14.,12.7));
#1424 = DIRECTION('',(0.996194698092,-1.06735001383E-17,
    8.715574274768E-02));
#1425 = DIRECTION('',(-8.715574274768E-02,-1.21998664835E-16,
    0.996194698092));
#1426 = ADVANCED_FACE('',(#1427),#1445,.F.);
#1427 = FACE_BOUND('',#1428,.T.);
#1428 = EDGE_LOOP('',(#1429,#1430,#1438,#1444));
#1429 = ORIENTED_EDGE('',*,*,#1416,.T.);
#1430 = ORIENTED_EDGE('',*,*,#1431,.T.);
#1431 = EDGE_CURVE('',#1409,#1432,#1434,.T.);
#1432 = VERTEX_POINT('',#1433);
#1433 = CARTESIAN_POINT('',(7.56999093263,4.,12.7));
#1434 = LINE('',#1435,#1436);
#1435 = CARTESIAN_POINT('',(7.11999546706,4.,12.7));
#1436 = VECTOR('',#1437,1.);
#1437 = DIRECTION('',(1.,0.,0.));
#1438 = ORIENTED_EDGE('',*,*,#1439,.T.);
#1439 = EDGE_CURVE('',#1432,#411,#1440,.T.);
#1440 = LINE('',#1441,#1442);
#1441 = CARTESIAN_POINT('',(7.56999093263,9.,12.7));
#1442 = VECTOR('',#1443,1.);
#1443 = DIRECTION('',(0.,1.,1.7763568394E-16));
#1444 = ORIENTED_EDGE('',*,*,#410,.F.);
#1445 = PLANE('',#1446);
#1446 = AXIS2_PLACEMENT_3D('',#1447,#1448,#1449);
#1447 = CARTESIAN_POINT('',(6.67000000148,14.,12.7));
#1448 = DIRECTION('',(7.40156141538E-16,1.22464679915E-16,-1.));
#1449 = DIRECTION('',(1.,-8.60487468691E-32,7.40156141538E-16));
#1450 = ADVANCED_FACE('',(#1451),#1469,.F.);
#1451 = FACE_BOUND('',#1452,.T.);
#1452 = EDGE_LOOP('',(#1453,#1454,#1462,#1468));
#1453 = ORIENTED_EDGE('',*,*,#1439,.F.);
#1454 = ORIENTED_EDGE('',*,*,#1455,.F.);
#1455 = EDGE_CURVE('',#1456,#1432,#1458,.T.);
#1456 = VERTEX_POINT('',#1457);
#1457 = CARTESIAN_POINT('',(7.50000000153,4.,13.4999999994));
#1458 = LINE('',#1459,#1460);
#1459 = CARTESIAN_POINT('',(7.53499546692,4.,13.0999999997));
#1460 = VECTOR('',#1461,1.);
#1461 = DIRECTION('',(8.715574274768E-02,0.,-0.996194698092));
#1462 = ORIENTED_EDGE('',*,*,#1463,.F.);
#1463 = EDGE_CURVE('',#419,#1456,#1464,.T.);
#1464 = LINE('',#1465,#1466);
#1465 = CARTESIAN_POINT('',(7.50000000145,9.,13.5000000003));
#1466 = VECTOR('',#1467,1.);
#1467 = DIRECTION('',(1.62340363374E-11,-1.,-1.8555592618E-10));
#1468 = ORIENTED_EDGE('',*,*,#418,.T.);
#1469 = PLANE('',#1470);
#1470 = AXIS2_PLACEMENT_3D('',#1471,#1472,#1473);
#1471 = CARTESIAN_POINT('',(7.5699909323,14.,12.7));
#1472 = DIRECTION('',(0.996194698092,-1.06735001383E-17,
    8.715574274768E-02));
#1473 = DIRECTION('',(-8.715574274768E-02,-1.21998664835E-16,
    0.996194698092));
#1474 = ADVANCED_FACE('',(#1475),#1493,.F.);
#1475 = FACE_BOUND('',#1476,.T.);
#1476 = EDGE_LOOP('',(#1477,#1478,#1486,#1492));
#1477 = ORIENTED_EDGE('',*,*,#1463,.T.);
#1478 = ORIENTED_EDGE('',*,*,#1479,.F.);
#1479 = EDGE_CURVE('',#1480,#1456,#1482,.T.);
#1480 = VERTEX_POINT('',#1481);
#1481 = CARTESIAN_POINT('',(8.50000000148,4.,13.5));
#1482 = LINE('',#1483,#1484);
#1483 = CARTESIAN_POINT('',(8.00000000148,4.,13.5));
#1484 = VECTOR('',#1485,1.);
#1485 = DIRECTION('',(-1.,0.,0.));
#1486 = ORIENTED_EDGE('',*,*,#1487,.F.);
#1487 = EDGE_CURVE('',#427,#1480,#1488,.T.);
#1488 = LINE('',#1489,#1490);
#1489 = CARTESIAN_POINT('',(8.50000000148,9.,13.5));
#1490 = VECTOR('',#1491,1.);
#1491 = DIRECTION('',(0.,-1.,-1.7763568394E-16));
#1492 = ORIENTED_EDGE('',*,*,#426,.T.);
#1493 = PLANE('',#1494);
#1494 = AXIS2_PLACEMENT_3D('',#1495,#1496,#1497);
#1495 = CARTESIAN_POINT('',(7.50000000148,14.,13.5));
#1496 = DIRECTION('',(4.59169004332E-49,1.22464679915E-16,-1.));
#1497 = DIRECTION('',(1.,-3.74939945665E-33,-1.172132882537E-61));
#1498 = ADVANCED_FACE('',(#1499),#1524,.F.);
#1499 = FACE_BOUND('',#1500,.T.);
#1500 = EDGE_LOOP('',(#1501,#1502,#1508,#1509,#1510,#1511,#1517,#1518));
#1501 = ORIENTED_EDGE('',*,*,#876,.F.);
#1502 = ORIENTED_EDGE('',*,*,#1503,.T.);
#1503 = EDGE_CURVE('',#869,#1061,#1504,.T.);
#1504 = LINE('',#1505,#1506);
#1505 = CARTESIAN_POINT('',(8.50000000148,4.,3.49999999983));
#1506 = VECTOR('',#1507,1.);
#1507 = DIRECTION('',(0.,0.,1.));
#1508 = ORIENTED_EDGE('',*,*,#1060,.F.);
#1509 = ORIENTED_EDGE('',*,*,#434,.F.);
#1510 = ORIENTED_EDGE('',*,*,#1487,.T.);
#1511 = ORIENTED_EDGE('',*,*,#1512,.T.);
#1512 = EDGE_CURVE('',#1480,#1280,#1513,.T.);
#1513 = LINE('',#1514,#1515);
#1514 = CARTESIAN_POINT('',(8.50000000148,4.,13.8000000006));
#1515 = VECTOR('',#1516,1.);
#1516 = DIRECTION('',(0.,0.,1.));
#1517 = ORIENTED_EDGE('',*,*,#1279,.T.);
#1518 = ORIENTED_EDGE('',*,*,#1519,.F.);
#1519 = EDGE_CURVE('',#877,#1272,#1520,.T.);
#1520 = LINE('',#1521,#1522);
#1521 = CARTESIAN_POINT('',(8.50000000148,3.5,8.65000000021));
#1522 = VECTOR('',#1523,1.);
#1523 = DIRECTION('',(0.,-1.62968517371E-16,1.));
#1524 = PLANE('',#1525);
#1525 = AXIS2_PLACEMENT_3D('',#1526,#1527,#1528);
#1526 = CARTESIAN_POINT('',(8.50000000148,14.,5.95000000002));
#1527 = DIRECTION('',(-1.,3.74939945665E-33,3.74939945665E-33));
#1528 = DIRECTION('',(-3.74939945665E-33,1.22464679915E-16,-1.));
#1529 = ADVANCED_FACE('',(#1530),#1557,.T.);
#1530 = FACE_BOUND('',#1531,.T.);
#1531 = EDGE_LOOP('',(#1532,#1540,#1541,#1549));
#1532 = ORIENTED_EDGE('',*,*,#1533,.F.);
#1533 = EDGE_CURVE('',#443,#1534,#1536,.T.);
#1534 = VERTEX_POINT('',#1535);
#1535 = CARTESIAN_POINT('',(1.59999238606,4.5,5.95000000002));
#1536 = LINE('',#1537,#1538);
#1537 = CARTESIAN_POINT('',(1.59999238606,14.,5.95000000002));
#1538 = VECTOR('',#1539,1.);
#1539 = DIRECTION('',(0.,-1.,-1.22464705044E-16));
#1540 = ORIENTED_EDGE('',*,*,#442,.T.);
#1541 = ORIENTED_EDGE('',*,*,#1542,.T.);
#1542 = EDGE_CURVE('',#445,#1543,#1545,.T.);
#1543 = VERTEX_POINT('',#1544);
#1544 = CARTESIAN_POINT('',(1.40000000148,4.5,6.14999238462));
#1545 = LINE('',#1546,#1547);
#1546 = CARTESIAN_POINT('',(1.40000000148,14.,6.14999238462));
#1547 = VECTOR('',#1548,1.);
#1548 = DIRECTION('',(0.,-1.,-1.22464705044E-16));
#1549 = ORIENTED_EDGE('',*,*,#1550,.F.);
#1550 = EDGE_CURVE('',#1534,#1543,#1551,.T.);
#1551 = B_SPLINE_CURVE_WITH_KNOTS('',4,(#1552,#1553,#1554,#1555,#1556),
  .UNSPECIFIED.,.F.,.F.,(5,5),(0.,0.336894643411),
  .PIECEWISE_BEZIER_KNOTS.);
#1552 = CARTESIAN_POINT('',(1.59999238606,4.5,5.95000000002));
#1553 = CARTESIAN_POINT('',(1.52145338708,4.5,5.95000000002));
#1554 = CARTESIAN_POINT('',(1.44191122117,4.5,5.99191121971));
#1555 = CARTESIAN_POINT('',(1.40000000148,4.5,6.07145338562));
#1556 = CARTESIAN_POINT('',(1.40000000148,4.5,6.14999238462));
#1557 = SURFACE_OF_LINEAR_EXTRUSION('',#1558,#1564);
#1558 = B_SPLINE_CURVE_WITH_KNOTS('',4,(#1559,#1560,#1561,#1562,#1563),
  .UNSPECIFIED.,.F.,.F.,(5,5),(0.,0.336894643411),
  .PIECEWISE_BEZIER_KNOTS.);
#1559 = CARTESIAN_POINT('',(1.59999238606,14.,5.95000000002));
#1560 = CARTESIAN_POINT('',(1.52145338708,14.,5.95000000002));
#1561 = CARTESIAN_POINT('',(1.44191122117,14.,5.99191121971));
#1562 = CARTESIAN_POINT('',(1.40000000148,14.,6.07145338562));
#1563 = CARTESIAN_POINT('',(1.40000000148,14.,6.14999238462));
#1564 = VECTOR('',#1565,1.);
#1565 = DIRECTION('',(-3.74939945665E-33,-1.,-1.22464679915E-16));
#1566 = ADVANCED_FACE('',(#1567),#1585,.T.);
#1567 = FACE_BOUND('',#1568,.T.);
#1568 = EDGE_LOOP('',(#1569,#1577,#1578,#1579));
#1569 = ORIENTED_EDGE('',*,*,#1570,.F.);
#1570 = EDGE_CURVE('',#462,#1571,#1573,.T.);
#1571 = VERTEX_POINT('',#1572);
#1572 = CARTESIAN_POINT('',(2.05000000089,4.5,5.95000000002));
#1573 = LINE('',#1574,#1575);
#1574 = CARTESIAN_POINT('',(2.05000000089,9.25,5.95000000002));
#1575 = VECTOR('',#1576,1.);
#1576 = DIRECTION('',(0.,-1.,-9.34924652316E-17));
#1577 = ORIENTED_EDGE('',*,*,#461,.T.);
#1578 = ORIENTED_EDGE('',*,*,#1533,.T.);
#1579 = ORIENTED_EDGE('',*,*,#1580,.F.);
#1580 = EDGE_CURVE('',#1571,#1534,#1581,.T.);
#1581 = LINE('',#1582,#1583);
#1582 = CARTESIAN_POINT('',(1.82499619308,4.5,5.95000000002));
#1583 = VECTOR('',#1584,1.);
#1584 = DIRECTION('',(-1.,0.,0.));
#1585 = PLANE('',#1586);
#1586 = AXIS2_PLACEMENT_3D('',#1587,#1588,#1589);
#1587 = CARTESIAN_POINT('',(5.40000761687,14.,5.95000000002));
#1588 = DIRECTION('',(-7.88860905221E-31,-6.12323399574E-17,1.));
#1589 = DIRECTION('',(-1.,1.6398677083E-31,-7.88860905221E-31));
#1590 = ADVANCED_FACE('',(#1591),#1609,.T.);
#1591 = FACE_BOUND('',#1592,.T.);
#1592 = EDGE_LOOP('',(#1593,#1601,#1602,#1603));
#1593 = ORIENTED_EDGE('',*,*,#1594,.F.);
#1594 = EDGE_CURVE('',#470,#1595,#1597,.T.);
#1595 = VERTEX_POINT('',#1596);
#1596 = CARTESIAN_POINT('',(2.05000000148,4.5,5.54999238463));
#1597 = LINE('',#1598,#1599);
#1598 = CARTESIAN_POINT('',(2.05000000148,9.25,5.54999238463));
#1599 = VECTOR('',#1600,1.);
#1600 = DIRECTION('',(0.,-1.,-9.34924652316E-17));
#1601 = ORIENTED_EDGE('',*,*,#469,.T.);
#1602 = ORIENTED_EDGE('',*,*,#1570,.T.);
#1603 = ORIENTED_EDGE('',*,*,#1604,.F.);
#1604 = EDGE_CURVE('',#1595,#1571,#1605,.T.);
#1605 = LINE('',#1606,#1607);
#1606 = CARTESIAN_POINT('',(2.05000000148,4.5,5.74999619206));
#1607 = VECTOR('',#1608,1.);
#1608 = DIRECTION('',(0.,0.,1.));
#1609 = PLANE('',#1610);
#1610 = AXIS2_PLACEMENT_3D('',#1611,#1612,#1613);
#1611 = CARTESIAN_POINT('',(2.05000000148,14.,5.54999238463));
#1612 = DIRECTION('',(1.,-3.74939945665E-33,-3.74939945665E-33));
#1613 = DIRECTION('',(3.74939945665E-33,-1.22464679915E-16,1.));
#1614 = ADVANCED_FACE('',(#1615),#1635,.T.);
#1615 = FACE_BOUND('',#1616,.T.);
#1616 = EDGE_LOOP('',(#1617,#1625,#1626,#1627));
#1617 = ORIENTED_EDGE('',*,*,#1618,.F.);
#1618 = EDGE_CURVE('',#478,#1619,#1621,.T.);
#1619 = VERTEX_POINT('',#1620);
#1620 = CARTESIAN_POINT('',(2.24999238595,4.5,5.35000000002));
#1621 = LINE('',#1622,#1623);
#1622 = CARTESIAN_POINT('',(2.24999238595,14.,5.35000000002));
#1623 = VECTOR('',#1624,1.);
#1624 = DIRECTION('',(0.,-1.,-1.22464705044E-16));
#1625 = ORIENTED_EDGE('',*,*,#477,.T.);
#1626 = ORIENTED_EDGE('',*,*,#1594,.T.);
#1627 = ORIENTED_EDGE('',*,*,#1628,.F.);
#1628 = EDGE_CURVE('',#1619,#1595,#1629,.T.);
#1629 = B_SPLINE_CURVE_WITH_KNOTS('',4,(#1630,#1631,#1632,#1633,#1634),
  .UNSPECIFIED.,.F.,.F.,(5,5),(0.,0.336894643311),
  .PIECEWISE_BEZIER_KNOTS.);
#1630 = CARTESIAN_POINT('',(2.24999238595,4.5,5.35000000002));
#1631 = CARTESIAN_POINT('',(2.17145338708,4.5,5.35000000002));
#1632 = CARTESIAN_POINT('',(2.09191122117,4.5,5.39191121971));
#1633 = CARTESIAN_POINT('',(2.05000000148,4.5,5.47145338562));
#1634 = CARTESIAN_POINT('',(2.05000000148,4.5,5.54999238463));
#1635 = SURFACE_OF_LINEAR_EXTRUSION('',#1636,#1642);
#1636 = B_SPLINE_CURVE_WITH_KNOTS('',4,(#1637,#1638,#1639,#1640,#1641),
  .UNSPECIFIED.,.F.,.F.,(5,5),(0.,0.336894643311),
  .PIECEWISE_BEZIER_KNOTS.);
#1637 = CARTESIAN_POINT('',(2.24999238595,14.,5.35000000002));
#1638 = CARTESIAN_POINT('',(2.17145338708,14.,5.35000000002));
#1639 = CARTESIAN_POINT('',(2.09191122117,14.,5.39191121971));
#1640 = CARTESIAN_POINT('',(2.05000000148,14.,5.47145338562));
#1641 = CARTESIAN_POINT('',(2.05000000148,14.,5.54999238463));
#1642 = VECTOR('',#1643,1.);
#1643 = DIRECTION('',(-3.74939945665E-33,-1.,-1.22464679915E-16));
#1644 = ADVANCED_FACE('',(#1645),#1663,.T.);
#1645 = FACE_BOUND('',#1646,.T.);
#1646 = EDGE_LOOP('',(#1647,#1655,#1656,#1657));
#1647 = ORIENTED_EDGE('',*,*,#1648,.F.);
#1648 = EDGE_CURVE('',#495,#1649,#1651,.T.);
#1649 = VERTEX_POINT('',#1650);
#1650 = CARTESIAN_POINT('',(2.55000761673,4.5,5.35000000002));
#1651 = LINE('',#1652,#1653);
#1652 = CARTESIAN_POINT('',(2.55000761673,9.25,5.35000000002));
#1653 = VECTOR('',#1654,1.);
#1654 = DIRECTION('',(0.,-1.,-9.34924652316E-17));
#1655 = ORIENTED_EDGE('',*,*,#494,.T.);
#1656 = ORIENTED_EDGE('',*,*,#1618,.T.);
#1657 = ORIENTED_EDGE('',*,*,#1658,.F.);
#1658 = EDGE_CURVE('',#1649,#1619,#1659,.T.);
#1659 = LINE('',#1660,#1661);
#1660 = CARTESIAN_POINT('',(2.40000000093,4.5,5.35000000002));
#1661 = VECTOR('',#1662,1.);
#1662 = DIRECTION('',(-1.,0.,0.));
#1663 = PLANE('',#1664);
#1664 = AXIS2_PLACEMENT_3D('',#1665,#1666,#1667);
#1665 = CARTESIAN_POINT('',(2.55000761673,14.,5.35000000002));
#1666 = DIRECTION('',(1.26217744835E-29,-6.12323399574E-17,1.));
#1667 = DIRECTION('',(-1.,2.07450927566E-30,1.26217744835E-29));
#1668 = ADVANCED_FACE('',(#1669),#1689,.T.);
#1669 = FACE_BOUND('',#1670,.T.);
#1670 = EDGE_LOOP('',(#1671,#1679,#1680,#1681));
#1671 = ORIENTED_EDGE('',*,*,#1672,.F.);
#1672 = EDGE_CURVE('',#503,#1673,#1675,.T.);
#1673 = VERTEX_POINT('',#1674);
#1674 = CARTESIAN_POINT('',(2.75000000148,4.5,5.54999238463));
#1675 = LINE('',#1676,#1677);
#1676 = CARTESIAN_POINT('',(2.75000000148,14.,5.54999238463));
#1677 = VECTOR('',#1678,1.);
#1678 = DIRECTION('',(0.,-1.,-1.22464705044E-16));
#1679 = ORIENTED_EDGE('',*,*,#502,.T.);
#1680 = ORIENTED_EDGE('',*,*,#1648,.T.);
#1681 = ORIENTED_EDGE('',*,*,#1682,.F.);
#1682 = EDGE_CURVE('',#1673,#1649,#1683,.T.);
#1683 = B_SPLINE_CURVE_WITH_KNOTS('',4,(#1684,#1685,#1686,#1687,#1688),
  .UNSPECIFIED.,.F.,.F.,(5,5),(0.,0.336894643591),
  .PIECEWISE_BEZIER_KNOTS.);
#1684 = CARTESIAN_POINT('',(2.75000000148,4.5,5.54999238463));
#1685 = CARTESIAN_POINT('',(2.75000000148,4.5,5.47145338562));
#1686 = CARTESIAN_POINT('',(2.70808878179,4.5,5.39191121971));
#1687 = CARTESIAN_POINT('',(2.62854661588,4.5,5.35000000002));
#1688 = CARTESIAN_POINT('',(2.55000761673,4.5,5.35000000002));
#1689 = SURFACE_OF_LINEAR_EXTRUSION('',#1690,#1696);
#1690 = B_SPLINE_CURVE_WITH_KNOTS('',4,(#1691,#1692,#1693,#1694,#1695),
  .UNSPECIFIED.,.F.,.F.,(5,5),(0.,0.336894643591),
  .PIECEWISE_BEZIER_KNOTS.);
#1691 = CARTESIAN_POINT('',(2.75000000148,14.,5.54999238463));
#1692 = CARTESIAN_POINT('',(2.75000000148,14.,5.47145338562));
#1693 = CARTESIAN_POINT('',(2.70808878179,14.,5.39191121971));
#1694 = CARTESIAN_POINT('',(2.62854661588,14.,5.35000000002));
#1695 = CARTESIAN_POINT('',(2.55000761673,14.,5.35000000002));
#1696 = VECTOR('',#1697,1.);
#1697 = DIRECTION('',(-3.74939945665E-33,-1.,-1.22464679915E-16));
#1698 = ADVANCED_FACE('',(#1699),#1717,.T.);
#1699 = FACE_BOUND('',#1700,.T.);
#1700 = EDGE_LOOP('',(#1701,#1709,#1710,#1711));
#1701 = ORIENTED_EDGE('',*,*,#1702,.F.);
#1702 = EDGE_CURVE('',#520,#1703,#1705,.T.);
#1703 = VERTEX_POINT('',#1704);
#1704 = CARTESIAN_POINT('',(2.75000000148,4.5,5.95000000002));
#1705 = LINE('',#1706,#1707);
#1706 = CARTESIAN_POINT('',(2.75000000148,9.25,5.95000000002));
#1707 = VECTOR('',#1708,1.);
#1708 = DIRECTION('',(0.,-1.,-9.34924652316E-17));
#1709 = ORIENTED_EDGE('',*,*,#519,.T.);
#1710 = ORIENTED_EDGE('',*,*,#1672,.T.);
#1711 = ORIENTED_EDGE('',*,*,#1712,.F.);
#1712 = EDGE_CURVE('',#1703,#1673,#1713,.T.);
#1713 = LINE('',#1714,#1715);
#1714 = CARTESIAN_POINT('',(2.75000000148,4.5,5.74999619259));
#1715 = VECTOR('',#1716,1.);
#1716 = DIRECTION('',(0.,0.,-1.));
#1717 = PLANE('',#1718);
#1718 = AXIS2_PLACEMENT_3D('',#1719,#1720,#1721);
#1719 = CARTESIAN_POINT('',(2.75000000148,14.,5.95000000002));
#1720 = DIRECTION('',(-1.,3.74939945665E-33,-1.93465826849E-31));
#1721 = DIRECTION('',(1.93465826849E-31,1.22464679915E-16,-1.));
#1722 = ADVANCED_FACE('',(#1723),#1741,.T.);
#1723 = FACE_BOUND('',#1724,.T.);
#1724 = EDGE_LOOP('',(#1725,#1733,#1734,#1735));
#1725 = ORIENTED_EDGE('',*,*,#1726,.F.);
#1726 = EDGE_CURVE('',#528,#1727,#1729,.T.);
#1727 = VERTEX_POINT('',#1728);
#1728 = CARTESIAN_POINT('',(5.40000761687,4.5,5.95000000002));
#1729 = LINE('',#1730,#1731);
#1730 = CARTESIAN_POINT('',(5.40000761687,9.25,5.95000000002));
#1731 = VECTOR('',#1732,1.);
#1732 = DIRECTION('',(0.,-1.,-9.34924652316E-17));
#1733 = ORIENTED_EDGE('',*,*,#527,.T.);
#1734 = ORIENTED_EDGE('',*,*,#1702,.T.);
#1735 = ORIENTED_EDGE('',*,*,#1736,.F.);
#1736 = EDGE_CURVE('',#1727,#1703,#1737,.T.);
#1737 = LINE('',#1738,#1739);
#1738 = CARTESIAN_POINT('',(4.07500380944,4.5,5.95000000002));
#1739 = VECTOR('',#1740,1.);
#1740 = DIRECTION('',(-1.,0.,0.));
#1741 = PLANE('',#1742);
#1742 = AXIS2_PLACEMENT_3D('',#1743,#1744,#1745);
#1743 = CARTESIAN_POINT('',(5.40000761687,14.,5.95000000002));
#1744 = DIRECTION('',(-7.88860905221E-31,-6.12323399574E-17,1.));
#1745 = DIRECTION('',(-1.,1.6398677083E-31,-7.88860905221E-31));
#1746 = ADVANCED_FACE('',(#1747),#1767,.T.);
#1747 = FACE_BOUND('',#1748,.T.);
#1748 = EDGE_LOOP('',(#1749,#1757,#1758,#1759));
#1749 = ORIENTED_EDGE('',*,*,#1750,.F.);
#1750 = EDGE_CURVE('',#536,#1751,#1753,.T.);
#1751 = VERTEX_POINT('',#1752);
#1752 = CARTESIAN_POINT('',(5.60000000148,4.5,6.14999238459));
#1753 = LINE('',#1754,#1755);
#1754 = CARTESIAN_POINT('',(5.60000000148,14.,6.14999238459));
#1755 = VECTOR('',#1756,1.);
#1756 = DIRECTION('',(0.,-1.,-1.22464705044E-16));
#1757 = ORIENTED_EDGE('',*,*,#535,.T.);
#1758 = ORIENTED_EDGE('',*,*,#1726,.T.);
#1759 = ORIENTED_EDGE('',*,*,#1760,.F.);
#1760 = EDGE_CURVE('',#1751,#1727,#1761,.T.);
#1761 = B_SPLINE_CURVE_WITH_KNOTS('',4,(#1762,#1763,#1764,#1765,#1766),
  .UNSPECIFIED.,.F.,.F.,(5,5),(0.,0.336894643411),
  .PIECEWISE_BEZIER_KNOTS.);
#1762 = CARTESIAN_POINT('',(5.60000000148,4.5,6.14999238459));
#1763 = CARTESIAN_POINT('',(5.60000000148,4.5,6.07145338562));
#1764 = CARTESIAN_POINT('',(5.55808878179,4.5,5.99191121971));
#1765 = CARTESIAN_POINT('',(5.47854661588,4.5,5.95000000002));
#1766 = CARTESIAN_POINT('',(5.40000761687,4.5,5.95000000002));
#1767 = SURFACE_OF_LINEAR_EXTRUSION('',#1768,#1774);
#1768 = B_SPLINE_CURVE_WITH_KNOTS('',4,(#1769,#1770,#1771,#1772,#1773),
  .UNSPECIFIED.,.F.,.F.,(5,5),(0.,0.336894643411),
  .PIECEWISE_BEZIER_KNOTS.);
#1769 = CARTESIAN_POINT('',(5.60000000148,14.,6.14999238459));
#1770 = CARTESIAN_POINT('',(5.60000000148,14.,6.07145338562));
#1771 = CARTESIAN_POINT('',(5.55808878179,14.,5.99191121971));
#1772 = CARTESIAN_POINT('',(5.47854661588,14.,5.95000000002));
#1773 = CARTESIAN_POINT('',(5.40000761687,14.,5.95000000002));
#1774 = VECTOR('',#1775,1.);
#1775 = DIRECTION('',(-3.74939945665E-33,-1.,-1.22464679915E-16));
#1776 = ADVANCED_FACE('',(#1777),#1795,.T.);
#1777 = FACE_BOUND('',#1778,.T.);
#1778 = EDGE_LOOP('',(#1779,#1787,#1788,#1789));
#1779 = ORIENTED_EDGE('',*,*,#1780,.F.);
#1780 = EDGE_CURVE('',#553,#1781,#1783,.T.);
#1781 = VERTEX_POINT('',#1782);
#1782 = CARTESIAN_POINT('',(5.60000000148,4.5,7.85000761455));
#1783 = LINE('',#1784,#1785);
#1784 = CARTESIAN_POINT('',(5.60000000148,9.25,7.85000761455));
#1785 = VECTOR('',#1786,1.);
#1786 = DIRECTION('',(0.,-1.,-9.34924652316E-17));
#1787 = ORIENTED_EDGE('',*,*,#552,.T.);
#1788 = ORIENTED_EDGE('',*,*,#1750,.T.);
#1789 = ORIENTED_EDGE('',*,*,#1790,.F.);
#1790 = EDGE_CURVE('',#1781,#1751,#1791,.T.);
#1791 = LINE('',#1792,#1793);
#1792 = CARTESIAN_POINT('',(5.60000000148,4.5,6.9999999995));
#1793 = VECTOR('',#1794,1.);
#1794 = DIRECTION('',(0.,0.,-1.));
#1795 = PLANE('',#1796);
#1796 = AXIS2_PLACEMENT_3D('',#1797,#1798,#1799);
#1797 = CARTESIAN_POINT('',(5.60000000148,14.,11.1500076153));
#1798 = DIRECTION('',(-1.,3.74939945665E-33,-7.85111505764E-31));
#1799 = DIRECTION('',(7.85111505764E-31,1.22464679915E-16,-1.));
#1800 = ADVANCED_FACE('',(#1801),#1821,.T.);
#1801 = FACE_BOUND('',#1802,.T.);
#1802 = EDGE_LOOP('',(#1803,#1811,#1812,#1813));
#1803 = ORIENTED_EDGE('',*,*,#1804,.F.);
#1804 = EDGE_CURVE('',#561,#1805,#1807,.T.);
#1805 = VERTEX_POINT('',#1806);
#1806 = CARTESIAN_POINT('',(5.79999238607,4.5,8.05000000002));
#1807 = LINE('',#1808,#1809);
#1808 = CARTESIAN_POINT('',(5.79999238607,14.,8.05000000002));
#1809 = VECTOR('',#1810,1.);
#1810 = DIRECTION('',(0.,-1.,-1.22464705044E-16));
#1811 = ORIENTED_EDGE('',*,*,#560,.T.);
#1812 = ORIENTED_EDGE('',*,*,#1780,.T.);
#1813 = ORIENTED_EDGE('',*,*,#1814,.F.);
#1814 = EDGE_CURVE('',#1805,#1781,#1815,.T.);
#1815 = B_SPLINE_CURVE_WITH_KNOTS('',4,(#1816,#1817,#1818,#1819,#1820),
  .UNSPECIFIED.,.F.,.F.,(5,5),(0.,0.336894643481),
  .PIECEWISE_BEZIER_KNOTS.);
#1816 = CARTESIAN_POINT('',(5.79999238607,4.5,8.05000000002));
#1817 = CARTESIAN_POINT('',(5.72145338708,4.5,8.05000000002));
#1818 = CARTESIAN_POINT('',(5.64191122117,4.5,8.00808878033));
#1819 = CARTESIAN_POINT('',(5.60000000148,4.5,7.92854661442));
#1820 = CARTESIAN_POINT('',(5.60000000148,4.5,7.85000761536));
#1821 = SURFACE_OF_LINEAR_EXTRUSION('',#1822,#1828);
#1822 = B_SPLINE_CURVE_WITH_KNOTS('',4,(#1823,#1824,#1825,#1826,#1827),
  .UNSPECIFIED.,.F.,.F.,(5,5),(0.,0.336894643481),
  .PIECEWISE_BEZIER_KNOTS.);
#1823 = CARTESIAN_POINT('',(5.79999238607,14.,8.05000000002));
#1824 = CARTESIAN_POINT('',(5.72145338708,14.,8.05000000002));
#1825 = CARTESIAN_POINT('',(5.64191122117,14.,8.00808878033));
#1826 = CARTESIAN_POINT('',(5.60000000148,14.,7.92854661442));
#1827 = CARTESIAN_POINT('',(5.60000000148,14.,7.85000761536));
#1828 = VECTOR('',#1829,1.);
#1829 = DIRECTION('',(-3.74939945665E-33,-1.,-1.22464679915E-16));
#1830 = ADVANCED_FACE('',(#1831),#1849,.T.);
#1831 = FACE_BOUND('',#1832,.T.);
#1832 = EDGE_LOOP('',(#1833,#1841,#1842,#1843));
#1833 = ORIENTED_EDGE('',*,*,#1834,.F.);
#1834 = EDGE_CURVE('',#578,#1835,#1837,.T.);
#1835 = VERTEX_POINT('',#1836);
#1836 = CARTESIAN_POINT('',(7.40000761686,4.5,8.05000000002));
#1837 = LINE('',#1838,#1839);
#1838 = CARTESIAN_POINT('',(7.40000761686,9.25,8.05000000002));
#1839 = VECTOR('',#1840,1.);
#1840 = DIRECTION('',(0.,-1.,0.));
#1841 = ORIENTED_EDGE('',*,*,#577,.T.);
#1842 = ORIENTED_EDGE('',*,*,#1804,.T.);
#1843 = ORIENTED_EDGE('',*,*,#1844,.F.);
#1844 = EDGE_CURVE('',#1835,#1805,#1845,.T.);
#1845 = LINE('',#1846,#1847);
#1846 = CARTESIAN_POINT('',(6.60000000162,4.5,8.05000000002));
#1847 = VECTOR('',#1848,1.);
#1848 = DIRECTION('',(-1.,0.,0.));
#1849 = PLANE('',#1850);
#1850 = AXIS2_PLACEMENT_3D('',#1851,#1852,#1853);
#1851 = CARTESIAN_POINT('',(7.40000761686,14.,8.05000000002));
#1852 = DIRECTION('',(-2.55460118362E-47,-6.12323399574E-17,1.));
#1853 = DIRECTION('',(-1.,-3.90681053154E-31,-4.946832689784E-47));
#1854 = ADVANCED_FACE('',(#1855),#1875,.T.);
#1855 = FACE_BOUND('',#1856,.T.);
#1856 = EDGE_LOOP('',(#1857,#1865,#1866,#1867));
#1857 = ORIENTED_EDGE('',*,*,#1858,.F.);
#1858 = EDGE_CURVE('',#586,#1859,#1861,.T.);
#1859 = VERTEX_POINT('',#1860);
#1860 = CARTESIAN_POINT('',(7.60000000148,4.5,8.24999238455));
#1861 = LINE('',#1862,#1863);
#1862 = CARTESIAN_POINT('',(7.60000000148,14.,8.24999238455));
#1863 = VECTOR('',#1864,1.);
#1864 = DIRECTION('',(0.,-1.,-1.22464705044E-16));
#1865 = ORIENTED_EDGE('',*,*,#585,.T.);
#1866 = ORIENTED_EDGE('',*,*,#1834,.T.);
#1867 = ORIENTED_EDGE('',*,*,#1868,.F.);
#1868 = EDGE_CURVE('',#1859,#1835,#1869,.T.);
#1869 = B_SPLINE_CURVE_WITH_KNOTS('',4,(#1870,#1871,#1872,#1873,#1874),
  .UNSPECIFIED.,.F.,.F.,(5,5),(0.,0.336894643381),
  .PIECEWISE_BEZIER_KNOTS.);
#1870 = CARTESIAN_POINT('',(7.60000000148,4.5,8.24999238455));
#1871 = CARTESIAN_POINT('',(7.60000000148,4.5,8.17145338562));
#1872 = CARTESIAN_POINT('',(7.55808878179,4.5,8.09191121971));
#1873 = CARTESIAN_POINT('',(7.47854661588,4.5,8.05000000002));
#1874 = CARTESIAN_POINT('',(7.40000761686,4.5,8.05000000002));
#1875 = SURFACE_OF_LINEAR_EXTRUSION('',#1876,#1882);
#1876 = B_SPLINE_CURVE_WITH_KNOTS('',4,(#1877,#1878,#1879,#1880,#1881),
  .UNSPECIFIED.,.F.,.F.,(5,5),(0.,0.336894643381),
  .PIECEWISE_BEZIER_KNOTS.);
#1877 = CARTESIAN_POINT('',(7.60000000148,14.,8.24999238455));
#1878 = CARTESIAN_POINT('',(7.60000000148,14.,8.17145338562));
#1879 = CARTESIAN_POINT('',(7.55808878179,14.,8.09191121971));
#1880 = CARTESIAN_POINT('',(7.47854661588,14.,8.05000000002));
#1881 = CARTESIAN_POINT('',(7.40000761686,14.,8.05000000002));
#1882 = VECTOR('',#1883,1.);
#1883 = DIRECTION('',(-3.74939945665E-33,-1.,-1.22464679915E-16));
#1884 = ADVANCED_FACE('',(#1885),#1903,.T.);
#1885 = FACE_BOUND('',#1886,.T.);
#1886 = EDGE_LOOP('',(#1887,#1895,#1896,#1897));
#1887 = ORIENTED_EDGE('',*,*,#1888,.F.);
#1888 = EDGE_CURVE('',#603,#1889,#1891,.T.);
#1889 = VERTEX_POINT('',#1890);
#1890 = CARTESIAN_POINT('',(7.60000000148,4.5,9.05000761533));
#1891 = LINE('',#1892,#1893);
#1892 = CARTESIAN_POINT('',(7.60000000148,9.25,9.05000761533));
#1893 = VECTOR('',#1894,1.);
#1894 = DIRECTION('',(0.,-1.,-1.86984930463E-16));
#1895 = ORIENTED_EDGE('',*,*,#602,.T.);
#1896 = ORIENTED_EDGE('',*,*,#1858,.T.);
#1897 = ORIENTED_EDGE('',*,*,#1898,.F.);
#1898 = EDGE_CURVE('',#1889,#1859,#1899,.T.);
#1899 = LINE('',#1900,#1901);
#1900 = CARTESIAN_POINT('',(7.60000000148,4.5,8.64999999953));
#1901 = VECTOR('',#1902,1.);
#1902 = DIRECTION('',(0.,0.,-1.));
#1903 = PLANE('',#1904);
#1904 = AXIS2_PLACEMENT_3D('',#1905,#1906,#1907);
#1905 = CARTESIAN_POINT('',(7.60000000148,14.,9.05000761533));
#1906 = DIRECTION('',(-1.,3.74939945665E-33,3.74939945665E-33));
#1907 = DIRECTION('',(-3.74939945665E-33,1.22464679915E-16,-1.));
#1908 = ADVANCED_FACE('',(#1909),#1929,.T.);
#1909 = FACE_BOUND('',#1910,.T.);
#1910 = EDGE_LOOP('',(#1911,#1919,#1920,#1921));
#1911 = ORIENTED_EDGE('',*,*,#1912,.F.);
#1912 = EDGE_CURVE('',#611,#1913,#1915,.T.);
#1913 = VERTEX_POINT('',#1914);
#1914 = CARTESIAN_POINT('',(7.40000761686,4.5,9.25000000002));
#1915 = LINE('',#1916,#1917);
#1916 = CARTESIAN_POINT('',(7.40000761686,14.,9.25000000002));
#1917 = VECTOR('',#1918,1.);
#1918 = DIRECTION('',(0.,-1.,-1.22464705044E-16));
#1919 = ORIENTED_EDGE('',*,*,#610,.T.);
#1920 = ORIENTED_EDGE('',*,*,#1888,.T.);
#1921 = ORIENTED_EDGE('',*,*,#1922,.F.);
#1922 = EDGE_CURVE('',#1913,#1889,#1923,.T.);
#1923 = B_SPLINE_CURVE_WITH_KNOTS('',4,(#1924,#1925,#1926,#1927,#1928),
  .UNSPECIFIED.,.F.,.F.,(5,5),(0.,0.336894643541),
  .PIECEWISE_BEZIER_KNOTS.);
#1924 = CARTESIAN_POINT('',(7.40000761686,4.5,9.25000000002));
#1925 = CARTESIAN_POINT('',(7.47854661588,4.5,9.25000000002));
#1926 = CARTESIAN_POINT('',(7.55808878179,4.5,9.20808878033));
#1927 = CARTESIAN_POINT('',(7.60000000148,4.5,9.12854661442));
#1928 = CARTESIAN_POINT('',(7.60000000148,4.5,9.05000761533));
#1929 = SURFACE_OF_LINEAR_EXTRUSION('',#1930,#1936);
#1930 = B_SPLINE_CURVE_WITH_KNOTS('',4,(#1931,#1932,#1933,#1934,#1935),
  .UNSPECIFIED.,.F.,.F.,(5,5),(0.,0.336894643541),
  .PIECEWISE_BEZIER_KNOTS.);
#1931 = CARTESIAN_POINT('',(7.40000761686,14.,9.25000000002));
#1932 = CARTESIAN_POINT('',(7.47854661588,14.,9.25000000002));
#1933 = CARTESIAN_POINT('',(7.55808878179,14.,9.20808878033));
#1934 = CARTESIAN_POINT('',(7.60000000148,14.,9.12854661442));
#1935 = CARTESIAN_POINT('',(7.60000000148,14.,9.05000761533));
#1936 = VECTOR('',#1937,1.);
#1937 = DIRECTION('',(-3.74939945665E-33,-1.,-1.22464679915E-16));
#1938 = ADVANCED_FACE('',(#1939),#1957,.T.);
#1939 = FACE_BOUND('',#1940,.T.);
#1940 = EDGE_LOOP('',(#1941,#1949,#1950,#1951));
#1941 = ORIENTED_EDGE('',*,*,#1942,.F.);
#1942 = EDGE_CURVE('',#628,#1943,#1945,.T.);
#1943 = VERTEX_POINT('',#1944);
#1944 = CARTESIAN_POINT('',(5.79999238607,4.5,9.25000000002));
#1945 = LINE('',#1946,#1947);
#1946 = CARTESIAN_POINT('',(5.79999238607,9.25,9.25000000002));
#1947 = VECTOR('',#1948,1.);
#1948 = DIRECTION('',(0.,-1.,0.));
#1949 = ORIENTED_EDGE('',*,*,#627,.T.);
#1950 = ORIENTED_EDGE('',*,*,#1912,.T.);
#1951 = ORIENTED_EDGE('',*,*,#1952,.F.);
#1952 = EDGE_CURVE('',#1943,#1913,#1953,.T.);
#1953 = LINE('',#1954,#1955);
#1954 = CARTESIAN_POINT('',(6.60000000131,4.5,9.25000000002));
#1955 = VECTOR('',#1956,1.);
#1956 = DIRECTION('',(1.,0.,0.));
#1957 = PLANE('',#1958);
#1958 = AXIS2_PLACEMENT_3D('',#1959,#1960,#1961);
#1959 = CARTESIAN_POINT('',(5.79999238607,14.,9.25000000002));
#1960 = DIRECTION('',(3.51252005571E-47,6.12323399574E-17,-1.));
#1961 = DIRECTION('',(1.,5.63244376171E-31,6.96139716779E-47));
#1962 = ADVANCED_FACE('',(#1963),#1983,.T.);
#1963 = FACE_BOUND('',#1964,.T.);
#1964 = EDGE_LOOP('',(#1965,#1973,#1974,#1975));
#1965 = ORIENTED_EDGE('',*,*,#1966,.F.);
#1966 = EDGE_CURVE('',#636,#1967,#1969,.T.);
#1967 = VERTEX_POINT('',#1968);
#1968 = CARTESIAN_POINT('',(5.60000000148,4.5,9.44999238459));
#1969 = LINE('',#1970,#1971);
#1970 = CARTESIAN_POINT('',(5.60000000148,14.,9.44999238459));
#1971 = VECTOR('',#1972,1.);
#1972 = DIRECTION('',(0.,-1.,-1.22464705044E-16));
#1973 = ORIENTED_EDGE('',*,*,#635,.T.);
#1974 = ORIENTED_EDGE('',*,*,#1942,.T.);
#1975 = ORIENTED_EDGE('',*,*,#1976,.F.);
#1976 = EDGE_CURVE('',#1967,#1943,#1977,.T.);
#1977 = B_SPLINE_CURVE_WITH_KNOTS('',4,(#1978,#1979,#1980,#1981,#1982),
  .UNSPECIFIED.,.F.,.F.,(5,5),(0.,0.336894643391),
  .PIECEWISE_BEZIER_KNOTS.);
#1978 = CARTESIAN_POINT('',(5.60000000148,4.5,9.44999238459));
#1979 = CARTESIAN_POINT('',(5.60000000148,4.5,9.37145338562));
#1980 = CARTESIAN_POINT('',(5.64191122117,4.5,9.29191121971));
#1981 = CARTESIAN_POINT('',(5.72145338708,4.5,9.25000000002));
#1982 = CARTESIAN_POINT('',(5.79999238607,4.5,9.25000000002));
#1983 = SURFACE_OF_LINEAR_EXTRUSION('',#1984,#1990);
#1984 = B_SPLINE_CURVE_WITH_KNOTS('',4,(#1985,#1986,#1987,#1988,#1989),
  .UNSPECIFIED.,.F.,.F.,(5,5),(0.,0.336894643391),
  .PIECEWISE_BEZIER_KNOTS.);
#1985 = CARTESIAN_POINT('',(5.60000000148,14.,9.44999238459));
#1986 = CARTESIAN_POINT('',(5.60000000148,14.,9.37145338562));
#1987 = CARTESIAN_POINT('',(5.64191122117,14.,9.29191121971));
#1988 = CARTESIAN_POINT('',(5.72145338708,14.,9.25000000002));
#1989 = CARTESIAN_POINT('',(5.79999238607,14.,9.25000000002));
#1990 = VECTOR('',#1991,1.);
#1991 = DIRECTION('',(-3.74939945665E-33,-1.,-1.22464679915E-16));
#1992 = ADVANCED_FACE('',(#1993),#2011,.T.);
#1993 = FACE_BOUND('',#1994,.T.);
#1994 = EDGE_LOOP('',(#1995,#2003,#2004,#2005));
#1995 = ORIENTED_EDGE('',*,*,#1996,.F.);
#1996 = EDGE_CURVE('',#653,#1997,#1999,.T.);
#1997 = VERTEX_POINT('',#1998);
#1998 = CARTESIAN_POINT('',(5.60000000148,4.5,11.1500076153));
#1999 = LINE('',#2000,#2001);
#2000 = CARTESIAN_POINT('',(5.60000000148,9.25,11.1500076153));
#2001 = VECTOR('',#2002,1.);
#2002 = DIRECTION('',(0.,-1.,-1.86984930463E-16));
#2003 = ORIENTED_EDGE('',*,*,#652,.T.);
#2004 = ORIENTED_EDGE('',*,*,#1966,.T.);
#2005 = ORIENTED_EDGE('',*,*,#2006,.F.);
#2006 = EDGE_CURVE('',#1997,#1967,#2007,.T.);
#2007 = LINE('',#2008,#2009);
#2008 = CARTESIAN_POINT('',(5.60000000148,4.5,10.3000000002));
#2009 = VECTOR('',#2010,1.);
#2010 = DIRECTION('',(0.,0.,-1.));
#2011 = PLANE('',#2012);
#2012 = AXIS2_PLACEMENT_3D('',#2013,#2014,#2015);
#2013 = CARTESIAN_POINT('',(5.60000000148,14.,11.1500076153));
#2014 = DIRECTION('',(-1.,3.74939945665E-33,-7.85111505764E-31));
#2015 = DIRECTION('',(7.85111505764E-31,1.22464679915E-16,-1.));
#2016 = ADVANCED_FACE('',(#2017),#2037,.T.);
#2017 = FACE_BOUND('',#2018,.T.);
#2018 = EDGE_LOOP('',(#2019,#2027,#2028,#2029));
#2019 = ORIENTED_EDGE('',*,*,#2020,.F.);
#2020 = EDGE_CURVE('',#661,#2021,#2023,.T.);
#2021 = VERTEX_POINT('',#2022);
#2022 = CARTESIAN_POINT('',(5.40000761686,4.5,11.35));
#2023 = LINE('',#2024,#2025);
#2024 = CARTESIAN_POINT('',(5.40000761686,14.,11.35));
#2025 = VECTOR('',#2026,1.);
#2026 = DIRECTION('',(0.,-1.,-1.22464705044E-16));
#2027 = ORIENTED_EDGE('',*,*,#660,.T.);
#2028 = ORIENTED_EDGE('',*,*,#1996,.T.);
#2029 = ORIENTED_EDGE('',*,*,#2030,.F.);
#2030 = EDGE_CURVE('',#2021,#1997,#2031,.T.);
#2031 = B_SPLINE_CURVE_WITH_KNOTS('',4,(#2032,#2033,#2034,#2035,#2036),
  .UNSPECIFIED.,.F.,.F.,(5,5),(0.,0.336894643547),
  .PIECEWISE_BEZIER_KNOTS.);
#2032 = CARTESIAN_POINT('',(5.40000761686,4.5,11.35));
#2033 = CARTESIAN_POINT('',(5.47854661588,4.5,11.35));
#2034 = CARTESIAN_POINT('',(5.55808878179,4.5,11.3080887803));
#2035 = CARTESIAN_POINT('',(5.60000000148,4.5,11.2285466144));
#2036 = CARTESIAN_POINT('',(5.60000000148,4.5,11.1500076153));
#2037 = SURFACE_OF_LINEAR_EXTRUSION('',#2038,#2044);
#2038 = B_SPLINE_CURVE_WITH_KNOTS('',4,(#2039,#2040,#2041,#2042,#2043),
  .UNSPECIFIED.,.F.,.F.,(5,5),(0.,0.336894643547),
  .PIECEWISE_BEZIER_KNOTS.);
#2039 = CARTESIAN_POINT('',(5.40000761686,14.,11.35));
#2040 = CARTESIAN_POINT('',(5.47854661588,14.,11.35));
#2041 = CARTESIAN_POINT('',(5.55808878179,14.,11.3080887803));
#2042 = CARTESIAN_POINT('',(5.60000000148,14.,11.2285466144));
#2043 = CARTESIAN_POINT('',(5.60000000148,14.,11.1500076153));
#2044 = VECTOR('',#2045,1.);
#2045 = DIRECTION('',(-3.74939945665E-33,-1.,-1.22464679915E-16));
#2046 = ADVANCED_FACE('',(#2047),#2065,.T.);
#2047 = FACE_BOUND('',#2048,.T.);
#2048 = EDGE_LOOP('',(#2049,#2057,#2058,#2059));
#2049 = ORIENTED_EDGE('',*,*,#2050,.F.);
#2050 = EDGE_CURVE('',#678,#2051,#2053,.T.);
#2051 = VERTEX_POINT('',#2052);
#2052 = CARTESIAN_POINT('',(2.75000000148,4.5,11.35));
#2053 = LINE('',#2054,#2055);
#2054 = CARTESIAN_POINT('',(2.75000000148,9.25,11.35));
#2055 = VECTOR('',#2056,1.);
#2056 = DIRECTION('',(0.,-1.,0.));
#2057 = ORIENTED_EDGE('',*,*,#677,.T.);
#2058 = ORIENTED_EDGE('',*,*,#2020,.T.);
#2059 = ORIENTED_EDGE('',*,*,#2060,.F.);
#2060 = EDGE_CURVE('',#2051,#2021,#2061,.T.);
#2061 = LINE('',#2062,#2063);
#2062 = CARTESIAN_POINT('',(4.07500380891,4.5,11.35));
#2063 = VECTOR('',#2064,1.);
#2064 = DIRECTION('',(1.,0.,0.));
#2065 = PLANE('',#2066);
#2066 = AXIS2_PLACEMENT_3D('',#2067,#2068,#2069);
#2067 = CARTESIAN_POINT('',(2.75000000148,14.,11.35));
#2068 = DIRECTION('',(-1.82309879518E-48,6.12323399574E-17,-1.));
#2069 = DIRECTION('',(1.,-4.07272543889E-32,-4.316923881453E-48));
#2070 = ADVANCED_FACE('',(#2071),#2089,.T.);
#2071 = FACE_BOUND('',#2072,.T.);
#2072 = EDGE_LOOP('',(#2073,#2081,#2082,#2083));
#2073 = ORIENTED_EDGE('',*,*,#2074,.F.);
#2074 = EDGE_CURVE('',#686,#2075,#2077,.T.);
#2075 = VERTEX_POINT('',#2076);
#2076 = CARTESIAN_POINT('',(2.75000000148,4.5,11.7500076153));
#2077 = LINE('',#2078,#2079);
#2078 = CARTESIAN_POINT('',(2.75000000148,9.25,11.7500076153));
#2079 = VECTOR('',#2080,1.);
#2080 = DIRECTION('',(0.,-1.,-1.86984930463E-16));
#2081 = ORIENTED_EDGE('',*,*,#685,.T.);
#2082 = ORIENTED_EDGE('',*,*,#2050,.T.);
#2083 = ORIENTED_EDGE('',*,*,#2084,.F.);
#2084 = EDGE_CURVE('',#2075,#2051,#2085,.T.);
#2085 = LINE('',#2086,#2087);
#2086 = CARTESIAN_POINT('',(2.75000000148,4.5,11.5500038078));
#2087 = VECTOR('',#2088,1.);
#2088 = DIRECTION('',(0.,0.,-1.));
#2089 = PLANE('',#2090);
#2090 = AXIS2_PLACEMENT_3D('',#2091,#2092,#2093);
#2091 = CARTESIAN_POINT('',(2.75000000148,14.,5.95000000002));
#2092 = DIRECTION('',(-1.,3.74939945665E-33,-1.93465826849E-31));
#2093 = DIRECTION('',(1.93465826849E-31,1.22464679915E-16,-1.));
#2094 = ADVANCED_FACE('',(#2095),#2115,.T.);
#2095 = FACE_BOUND('',#2096,.T.);
#2096 = EDGE_LOOP('',(#2097,#2105,#2106,#2107));
#2097 = ORIENTED_EDGE('',*,*,#2098,.F.);
#2098 = EDGE_CURVE('',#694,#2099,#2101,.T.);
#2099 = VERTEX_POINT('',#2100);
#2100 = CARTESIAN_POINT('',(2.55000761673,4.5,11.95));
#2101 = LINE('',#2102,#2103);
#2102 = CARTESIAN_POINT('',(2.55000761673,14.,11.95));
#2103 = VECTOR('',#2104,1.);
#2104 = DIRECTION('',(0.,-1.,-1.22464705044E-16));
#2105 = ORIENTED_EDGE('',*,*,#693,.T.);
#2106 = ORIENTED_EDGE('',*,*,#2074,.T.);
#2107 = ORIENTED_EDGE('',*,*,#2108,.F.);
#2108 = EDGE_CURVE('',#2099,#2075,#2109,.T.);
#2109 = B_SPLINE_CURVE_WITH_KNOTS('',4,(#2110,#2111,#2112,#2113,#2114),
  .UNSPECIFIED.,.F.,.F.,(5,5),(0.,0.336894643577),
  .PIECEWISE_BEZIER_KNOTS.);
#2110 = CARTESIAN_POINT('',(2.55000761673,4.5,11.95));
#2111 = CARTESIAN_POINT('',(2.62854661588,4.5,11.95));
#2112 = CARTESIAN_POINT('',(2.70808878179,4.5,11.9080887803));
#2113 = CARTESIAN_POINT('',(2.75000000148,4.5,11.8285466144));
#2114 = CARTESIAN_POINT('',(2.75000000148,4.5,11.7500076154));
#2115 = SURFACE_OF_LINEAR_EXTRUSION('',#2116,#2122);
#2116 = B_SPLINE_CURVE_WITH_KNOTS('',4,(#2117,#2118,#2119,#2120,#2121),
  .UNSPECIFIED.,.F.,.F.,(5,5),(0.,0.336894643577),
  .PIECEWISE_BEZIER_KNOTS.);
#2117 = CARTESIAN_POINT('',(2.55000761673,14.,11.95));
#2118 = CARTESIAN_POINT('',(2.62854661588,14.,11.95));
#2119 = CARTESIAN_POINT('',(2.70808878179,14.,11.9080887803));
#2120 = CARTESIAN_POINT('',(2.75000000148,14.,11.8285466144));
#2121 = CARTESIAN_POINT('',(2.75000000148,14.,11.7500076154));
#2122 = VECTOR('',#2123,1.);
#2123 = DIRECTION('',(-3.74939945665E-33,-1.,-1.22464679915E-16));
#2124 = ADVANCED_FACE('',(#2125),#2143,.T.);
#2125 = FACE_BOUND('',#2126,.T.);
#2126 = EDGE_LOOP('',(#2127,#2135,#2136,#2137));
#2127 = ORIENTED_EDGE('',*,*,#2128,.F.);
#2128 = EDGE_CURVE('',#711,#2129,#2131,.T.);
#2129 = VERTEX_POINT('',#2130);
#2130 = CARTESIAN_POINT('',(2.24999238595,4.5,11.95));
#2131 = LINE('',#2132,#2133);
#2132 = CARTESIAN_POINT('',(2.24999238595,9.25,11.95));
#2133 = VECTOR('',#2134,1.);
#2134 = DIRECTION('',(0.,-1.,0.));
#2135 = ORIENTED_EDGE('',*,*,#710,.T.);
#2136 = ORIENTED_EDGE('',*,*,#2098,.T.);
#2137 = ORIENTED_EDGE('',*,*,#2138,.F.);
#2138 = EDGE_CURVE('',#2129,#2099,#2139,.T.);
#2139 = LINE('',#2140,#2141);
#2140 = CARTESIAN_POINT('',(2.40000000175,4.5,11.95));
#2141 = VECTOR('',#2142,1.);
#2142 = DIRECTION('',(1.,0.,0.));
#2143 = PLANE('',#2144);
#2144 = AXIS2_PLACEMENT_3D('',#2145,#2146,#2147);
#2145 = CARTESIAN_POINT('',(2.24999238595,14.,11.95));
#2146 = DIRECTION('',(1.39141398178E-47,6.12323399574E-17,-1.));
#2147 = DIRECTION('',(1.,2.18117730137E-31,2.726999882029E-47));
#2148 = ADVANCED_FACE('',(#2149),#2169,.T.);
#2149 = FACE_BOUND('',#2150,.T.);
#2150 = EDGE_LOOP('',(#2151,#2159,#2160,#2161));
#2151 = ORIENTED_EDGE('',*,*,#2152,.F.);
#2152 = EDGE_CURVE('',#719,#2153,#2155,.T.);
#2153 = VERTEX_POINT('',#2154);
#2154 = CARTESIAN_POINT('',(2.05000000148,4.5,11.7500076154));
#2155 = LINE('',#2156,#2157);
#2156 = CARTESIAN_POINT('',(2.05000000148,14.,11.7500076154));
#2157 = VECTOR('',#2158,1.);
#2158 = DIRECTION('',(0.,-1.,-1.22464705044E-16));
#2159 = ORIENTED_EDGE('',*,*,#718,.T.);
#2160 = ORIENTED_EDGE('',*,*,#2128,.T.);
#2161 = ORIENTED_EDGE('',*,*,#2162,.F.);
#2162 = EDGE_CURVE('',#2153,#2129,#2163,.T.);
#2163 = B_SPLINE_CURVE_WITH_KNOTS('',4,(#2164,#2165,#2166,#2167,#2168),
  .UNSPECIFIED.,.F.,.F.,(5,5),(0.,0.336894643297),
  .PIECEWISE_BEZIER_KNOTS.);
#2164 = CARTESIAN_POINT('',(2.05000000148,4.5,11.7500076154));
#2165 = CARTESIAN_POINT('',(2.05000000148,4.5,11.8285466144));
#2166 = CARTESIAN_POINT('',(2.09191122117,4.5,11.9080887803));
#2167 = CARTESIAN_POINT('',(2.17145338708,4.5,11.95));
#2168 = CARTESIAN_POINT('',(2.24999238595,4.5,11.95));
#2169 = SURFACE_OF_LINEAR_EXTRUSION('',#2170,#2176);
#2170 = B_SPLINE_CURVE_WITH_KNOTS('',4,(#2171,#2172,#2173,#2174,#2175),
  .UNSPECIFIED.,.F.,.F.,(5,5),(0.,0.336894643297),
  .PIECEWISE_BEZIER_KNOTS.);
#2171 = CARTESIAN_POINT('',(2.05000000148,14.,11.7500076154));
#2172 = CARTESIAN_POINT('',(2.05000000148,14.,11.8285466144));
#2173 = CARTESIAN_POINT('',(2.09191122117,14.,11.9080887803));
#2174 = CARTESIAN_POINT('',(2.17145338708,14.,11.95));
#2175 = CARTESIAN_POINT('',(2.24999238595,14.,11.95));
#2176 = VECTOR('',#2177,1.);
#2177 = DIRECTION('',(-3.74939945665E-33,-1.,-1.22464679915E-16));
#2178 = ADVANCED_FACE('',(#2179),#2197,.T.);
#2179 = FACE_BOUND('',#2180,.T.);
#2180 = EDGE_LOOP('',(#2181,#2189,#2190,#2191));
#2181 = ORIENTED_EDGE('',*,*,#2182,.F.);
#2182 = EDGE_CURVE('',#736,#2183,#2185,.T.);
#2183 = VERTEX_POINT('',#2184);
#2184 = CARTESIAN_POINT('',(2.05000000148,4.5,11.3499999999));
#2185 = LINE('',#2186,#2187);
#2186 = CARTESIAN_POINT('',(2.05000000148,9.25,11.3499999999));
#2187 = VECTOR('',#2188,1.);
#2188 = DIRECTION('',(0.,-1.,-1.86984930463E-16));
#2189 = ORIENTED_EDGE('',*,*,#735,.T.);
#2190 = ORIENTED_EDGE('',*,*,#2152,.T.);
#2191 = ORIENTED_EDGE('',*,*,#2192,.F.);
#2192 = EDGE_CURVE('',#2183,#2153,#2193,.T.);
#2193 = LINE('',#2194,#2195);
#2194 = CARTESIAN_POINT('',(2.05000000148,4.5,11.5500038073));
#2195 = VECTOR('',#2196,1.);
#2196 = DIRECTION('',(0.,0.,1.));
#2197 = PLANE('',#2198);
#2198 = AXIS2_PLACEMENT_3D('',#2199,#2200,#2201);
#2199 = CARTESIAN_POINT('',(2.05000000148,14.,5.54999238463));
#2200 = DIRECTION('',(1.,-3.74939945665E-33,-3.74939945665E-33));
#2201 = DIRECTION('',(3.74939945665E-33,-1.22464679915E-16,1.));
#2202 = ADVANCED_FACE('',(#2203),#2221,.T.);
#2203 = FACE_BOUND('',#2204,.T.);
#2204 = EDGE_LOOP('',(#2205,#2213,#2214,#2215));
#2205 = ORIENTED_EDGE('',*,*,#2206,.F.);
#2206 = EDGE_CURVE('',#744,#2207,#2209,.T.);
#2207 = VERTEX_POINT('',#2208);
#2208 = CARTESIAN_POINT('',(1.59999238661,4.5,11.35));
#2209 = LINE('',#2210,#2211);
#2210 = CARTESIAN_POINT('',(1.59999238661,9.25,11.35));
#2211 = VECTOR('',#2212,1.);
#2212 = DIRECTION('',(0.,-1.,0.));
#2213 = ORIENTED_EDGE('',*,*,#743,.T.);
#2214 = ORIENTED_EDGE('',*,*,#2182,.T.);
#2215 = ORIENTED_EDGE('',*,*,#2216,.F.);
#2216 = EDGE_CURVE('',#2207,#2183,#2217,.T.);
#2217 = LINE('',#2218,#2219);
#2218 = CARTESIAN_POINT('',(1.82499619442,4.5,11.35));
#2219 = VECTOR('',#2220,1.);
#2220 = DIRECTION('',(1.,0.,0.));
#2221 = PLANE('',#2222);
#2222 = AXIS2_PLACEMENT_3D('',#2223,#2224,#2225);
#2223 = CARTESIAN_POINT('',(2.75000000148,14.,11.35));
#2224 = DIRECTION('',(-1.82309879518E-48,6.12323399574E-17,-1.));
#2225 = DIRECTION('',(1.,-4.07272543889E-32,-4.316923881453E-48));
#2226 = ADVANCED_FACE('',(#2227),#2247,.T.);
#2227 = FACE_BOUND('',#2228,.T.);
#2228 = EDGE_LOOP('',(#2229,#2237,#2238,#2239));
#2229 = ORIENTED_EDGE('',*,*,#2230,.F.);
#2230 = EDGE_CURVE('',#752,#2231,#2233,.T.);
#2231 = VERTEX_POINT('',#2232);
#2232 = CARTESIAN_POINT('',(1.40000000148,4.5,11.1500076154));
#2233 = LINE('',#2234,#2235);
#2234 = CARTESIAN_POINT('',(1.40000000148,14.,11.1500076154));
#2235 = VECTOR('',#2236,1.);
#2236 = DIRECTION('',(0.,-1.,-1.22464705044E-16));
#2237 = ORIENTED_EDGE('',*,*,#751,.T.);
#2238 = ORIENTED_EDGE('',*,*,#2206,.T.);
#2239 = ORIENTED_EDGE('',*,*,#2240,.F.);
#2240 = EDGE_CURVE('',#2231,#2207,#2241,.T.);
#2241 = B_SPLINE_CURVE_WITH_KNOTS('',4,(#2242,#2243,#2244,#2245,#2246),
  .UNSPECIFIED.,.F.,.F.,(5,5),(0.,0.336894643437),
  .PIECEWISE_BEZIER_KNOTS.);
#2242 = CARTESIAN_POINT('',(1.40000000148,4.5,11.1500076154));
#2243 = CARTESIAN_POINT('',(1.40000000148,4.5,11.2285466144));
#2244 = CARTESIAN_POINT('',(1.44191122117,4.5,11.3080887803));
#2245 = CARTESIAN_POINT('',(1.52145338708,4.5,11.35));
#2246 = CARTESIAN_POINT('',(1.59999238609,4.5,11.35));
#2247 = SURFACE_OF_LINEAR_EXTRUSION('',#2248,#2254);
#2248 = B_SPLINE_CURVE_WITH_KNOTS('',4,(#2249,#2250,#2251,#2252,#2253),
  .UNSPECIFIED.,.F.,.F.,(5,5),(0.,0.336894643437),
  .PIECEWISE_BEZIER_KNOTS.);
#2249 = CARTESIAN_POINT('',(1.40000000148,14.,11.1500076154));
#2250 = CARTESIAN_POINT('',(1.40000000148,14.,11.2285466144));
#2251 = CARTESIAN_POINT('',(1.44191122117,14.,11.3080887803));
#2252 = CARTESIAN_POINT('',(1.52145338708,14.,11.35));
#2253 = CARTESIAN_POINT('',(1.59999238609,14.,11.35));
#2254 = VECTOR('',#2255,1.);
#2255 = DIRECTION('',(-3.74939945665E-33,-1.,-1.22464679915E-16));
#2256 = ADVANCED_FACE('',(#2257),#2275,.T.);
#2257 = FACE_BOUND('',#2258,.T.);
#2258 = EDGE_LOOP('',(#2259,#2267,#2268,#2269));
#2259 = ORIENTED_EDGE('',*,*,#2260,.F.);
#2260 = EDGE_CURVE('',#769,#2261,#2263,.T.);
#2261 = VERTEX_POINT('',#2262);
#2262 = CARTESIAN_POINT('',(1.40000000148,4.5,8.60000000023));
#2263 = LINE('',#2264,#2265);
#2264 = CARTESIAN_POINT('',(1.40000000148,9.25,8.60000000023));
#2265 = VECTOR('',#2266,1.);
#2266 = DIRECTION('',(0.,-1.,-1.86984930463E-16));
#2267 = ORIENTED_EDGE('',*,*,#768,.T.);
#2268 = ORIENTED_EDGE('',*,*,#2230,.T.);
#2269 = ORIENTED_EDGE('',*,*,#2270,.F.);
#2270 = EDGE_CURVE('',#2261,#2231,#2271,.T.);
#2271 = LINE('',#2272,#2273);
#2272 = CARTESIAN_POINT('',(1.40000000148,4.5,9.87500380785));
#2273 = VECTOR('',#2274,1.);
#2274 = DIRECTION('',(0.,0.,1.));
#2275 = PLANE('',#2276);
#2276 = AXIS2_PLACEMENT_3D('',#2277,#2278,#2279);
#2277 = CARTESIAN_POINT('',(1.40000000148,14.,6.14999238462));
#2278 = DIRECTION('',(1.,-3.74939945665E-33,-3.74939945665E-33));
#2279 = DIRECTION('',(3.74939945665E-33,-1.22464679915E-16,1.));
#2280 = ADVANCED_FACE('',(#2281),#2299,.T.);
#2281 = FACE_BOUND('',#2282,.T.);
#2282 = EDGE_LOOP('',(#2283,#2291,#2297,#2298));
#2283 = ORIENTED_EDGE('',*,*,#2284,.T.);
#2284 = EDGE_CURVE('',#2261,#2285,#2287,.T.);
#2285 = VERTEX_POINT('',#2286);
#2286 = CARTESIAN_POINT('',(1.00000000073,4.5,8.60000000002));
#2287 = LINE('',#2288,#2289);
#2288 = CARTESIAN_POINT('',(1.20000000092,4.5,8.60000000002));
#2289 = VECTOR('',#2290,1.);
#2290 = DIRECTION('',(-1.,0.,0.));
#2291 = ORIENTED_EDGE('',*,*,#2292,.F.);
#2292 = EDGE_CURVE('',#777,#2285,#2293,.T.);
#2293 = LINE('',#2294,#2295);
#2294 = CARTESIAN_POINT('',(1.00000000073,9.25,8.60000000002));
#2295 = VECTOR('',#2296,1.);
#2296 = DIRECTION('',(0.,-1.,-1.86984930463E-16));
#2297 = ORIENTED_EDGE('',*,*,#776,.F.);
#2298 = ORIENTED_EDGE('',*,*,#2260,.T.);
#2299 = PLANE('',#2300);
#2300 = AXIS2_PLACEMENT_3D('',#2301,#2302,#2303);
#2301 = CARTESIAN_POINT('',(0.800000001479,14.,8.60000000002));
#2302 = DIRECTION('',(4.59169004332E-49,1.22464679915E-16,-1.));
#2303 = DIRECTION('',(1.,-3.74939945665E-33,-1.172132882537E-61));
#2304 = ADVANCED_FACE('',(#2305),#2324,.F.);
#2305 = FACE_BOUND('',#2306,.F.);
#2306 = EDGE_LOOP('',(#2307,#2308,#2316,#2323));
#2307 = ORIENTED_EDGE('',*,*,#784,.T.);
#2308 = ORIENTED_EDGE('',*,*,#2309,.T.);
#2309 = EDGE_CURVE('',#785,#2310,#2312,.T.);
#2310 = VERTEX_POINT('',#2311);
#2311 = CARTESIAN_POINT('',(0.80000000148,4.5,8.3999999989));
#2312 = LINE('',#2313,#2314);
#2313 = CARTESIAN_POINT('',(0.80000000148,9.25,8.3999999989));
#2314 = VECTOR('',#2315,1.);
#2315 = DIRECTION('',(0.,-1.,-1.22464705044E-16));
#2316 = ORIENTED_EDGE('',*,*,#2317,.F.);
#2317 = EDGE_CURVE('',#2285,#2310,#2318,.T.);
#2318 = CIRCLE('',#2319,0.2);
#2319 = AXIS2_PLACEMENT_3D('',#2320,#2321,#2322);
#2320 = CARTESIAN_POINT('',(1.00000000148,4.5,8.40000000002));
#2321 = DIRECTION('',(-3.74939945665E-33,-1.,-1.22464679915E-16));
#2322 = DIRECTION('',(0.,1.22464679915E-16,-1.));
#2323 = ORIENTED_EDGE('',*,*,#2292,.F.);
#2324 = CYLINDRICAL_SURFACE('',#2325,0.2);
#2325 = AXIS2_PLACEMENT_3D('',#2326,#2327,#2328);
#2326 = CARTESIAN_POINT('',(1.00000000148,9.25,8.40000000002));
#2327 = DIRECTION('',(-3.74939945665E-33,-1.,-1.22464679915E-16));
#2328 = DIRECTION('',(3.74939945665E-33,-1.22464679915E-16,1.));
#2329 = ADVANCED_FACE('',(#2330),#2348,.F.);
#2330 = FACE_BOUND('',#2331,.T.);
#2331 = EDGE_LOOP('',(#2332,#2333,#2341,#2347));
#2332 = ORIENTED_EDGE('',*,*,#2309,.T.);
#2333 = ORIENTED_EDGE('',*,*,#2334,.T.);
#2334 = EDGE_CURVE('',#2310,#2335,#2337,.T.);
#2335 = VERTEX_POINT('',#2336);
#2336 = CARTESIAN_POINT('',(0.800000001479,4.5,7.69999999965));
#2337 = LINE('',#2338,#2339);
#2338 = CARTESIAN_POINT('',(0.800000001479,4.5,8.04999999927));
#2339 = VECTOR('',#2340,1.);
#2340 = DIRECTION('',(0.,0.,-1.));
#2341 = ORIENTED_EDGE('',*,*,#2342,.F.);
#2342 = EDGE_CURVE('',#794,#2335,#2343,.T.);
#2343 = LINE('',#2344,#2345);
#2344 = CARTESIAN_POINT('',(0.800000001479,9.25,7.69999999965));
#2345 = VECTOR('',#2346,1.);
#2346 = DIRECTION('',(0.,-1.,-9.34924652316E-17));
#2347 = ORIENTED_EDGE('',*,*,#793,.F.);
#2348 = PLANE('',#2349);
#2349 = AXIS2_PLACEMENT_3D('',#2350,#2351,#2352);
#2350 = CARTESIAN_POINT('',(0.800000001479,14.,8.60000000002));
#2351 = DIRECTION('',(-1.,3.74939945665E-33,3.74939945665E-33));
#2352 = DIRECTION('',(-3.74939945665E-33,1.22464679915E-16,-1.));
#2353 = ADVANCED_FACE('',(#2354),#2373,.F.);
#2354 = FACE_BOUND('',#2355,.F.);
#2355 = EDGE_LOOP('',(#2356,#2357,#2365,#2372));
#2356 = ORIENTED_EDGE('',*,*,#801,.T.);
#2357 = ORIENTED_EDGE('',*,*,#2358,.T.);
#2358 = EDGE_CURVE('',#802,#2359,#2361,.T.);
#2359 = VERTEX_POINT('',#2360);
#2360 = CARTESIAN_POINT('',(1.00000000073,4.5,7.50000000002));
#2361 = LINE('',#2362,#2363);
#2362 = CARTESIAN_POINT('',(1.00000000073,9.25,7.50000000002));
#2363 = VECTOR('',#2364,1.);
#2364 = DIRECTION('',(0.,-1.,-1.22464705044E-16));
#2365 = ORIENTED_EDGE('',*,*,#2366,.F.);
#2366 = EDGE_CURVE('',#2335,#2359,#2367,.T.);
#2367 = CIRCLE('',#2368,0.2);
#2368 = AXIS2_PLACEMENT_3D('',#2369,#2370,#2371);
#2369 = CARTESIAN_POINT('',(1.00000000148,4.5,7.70000000002));
#2370 = DIRECTION('',(-3.74939945665E-33,-1.,-1.22464679915E-16));
#2371 = DIRECTION('',(0.,1.22464679915E-16,-1.));
#2372 = ORIENTED_EDGE('',*,*,#2342,.F.);
#2373 = CYLINDRICAL_SURFACE('',#2374,0.2);
#2374 = AXIS2_PLACEMENT_3D('',#2375,#2376,#2377);
#2375 = CARTESIAN_POINT('',(1.00000000148,9.25,7.70000000002));
#2376 = DIRECTION('',(-3.74939945665E-33,-1.,-1.22464679915E-16));
#2377 = DIRECTION('',(-1.,3.74939945665E-33,0.));
#2378 = ADVANCED_FACE('',(#2379),#2397,.T.);
#2379 = FACE_BOUND('',#2380,.T.);
#2380 = EDGE_LOOP('',(#2381,#2382,#2383,#2391));
#2381 = ORIENTED_EDGE('',*,*,#810,.F.);
#2382 = ORIENTED_EDGE('',*,*,#2358,.T.);
#2383 = ORIENTED_EDGE('',*,*,#2384,.T.);
#2384 = EDGE_CURVE('',#2359,#2385,#2387,.T.);
#2385 = VERTEX_POINT('',#2386);
#2386 = CARTESIAN_POINT('',(1.40000000148,4.5,7.50000000002));
#2387 = LINE('',#2388,#2389);
#2388 = CARTESIAN_POINT('',(1.20000000129,4.5,7.50000000002));
#2389 = VECTOR('',#2390,1.);
#2390 = DIRECTION('',(1.,0.,0.));
#2391 = ORIENTED_EDGE('',*,*,#2392,.F.);
#2392 = EDGE_CURVE('',#811,#2385,#2393,.T.);
#2393 = LINE('',#2394,#2395);
#2394 = CARTESIAN_POINT('',(1.40000000148,9.25,7.50000000002));
#2395 = VECTOR('',#2396,1.);
#2396 = DIRECTION('',(0.,-1.,-9.34924652316E-17));
#2397 = PLANE('',#2398);
#2398 = AXIS2_PLACEMENT_3D('',#2399,#2400,#2401);
#2399 = CARTESIAN_POINT('',(1.40000000148,14.,7.50000000002));
#2400 = DIRECTION('',(-4.59169004332E-49,-1.22464679915E-16,1.));
#2401 = DIRECTION('',(-1.,3.74939945665E-33,1.172132882537E-61));
#2402 = ADVANCED_FACE('',(#2403),#2414,.T.);
#2403 = FACE_BOUND('',#2404,.T.);
#2404 = EDGE_LOOP('',(#2405,#2406,#2407,#2408));
#2405 = ORIENTED_EDGE('',*,*,#1542,.F.);
#2406 = ORIENTED_EDGE('',*,*,#818,.T.);
#2407 = ORIENTED_EDGE('',*,*,#2392,.T.);
#2408 = ORIENTED_EDGE('',*,*,#2409,.F.);
#2409 = EDGE_CURVE('',#1543,#2385,#2410,.T.);
#2410 = LINE('',#2411,#2412);
#2411 = CARTESIAN_POINT('',(1.40000000148,4.5,6.82499619261));
#2412 = VECTOR('',#2413,1.);
#2413 = DIRECTION('',(0.,0.,1.));
#2414 = PLANE('',#2415);
#2415 = AXIS2_PLACEMENT_3D('',#2416,#2417,#2418);
#2416 = CARTESIAN_POINT('',(1.40000000148,14.,6.14999238462));
#2417 = DIRECTION('',(1.,-3.74939945665E-33,-3.74939945665E-33));
#2418 = DIRECTION('',(3.74939945665E-33,-1.22464679915E-16,1.));
#2419 = ADVANCED_FACE('',(#2420),#2428,.F.);
#2420 = FACE_BOUND('',#2421,.T.);
#2421 = EDGE_LOOP('',(#2422,#2423,#2424,#2425,#2426,#2427));
#2422 = ORIENTED_EDGE('',*,*,#1091,.T.);
#2423 = ORIENTED_EDGE('',*,*,#1068,.T.);
#2424 = ORIENTED_EDGE('',*,*,#1503,.F.);
#2425 = ORIENTED_EDGE('',*,*,#868,.F.);
#2426 = ORIENTED_EDGE('',*,*,#832,.T.);
#2427 = ORIENTED_EDGE('',*,*,#1117,.T.);
#2428 = PLANE('',#2429);
#2429 = AXIS2_PLACEMENT_3D('',#2430,#2431,#2432);
#2430 = CARTESIAN_POINT('',(-3.69999999852,4.,14.1));
#2431 = DIRECTION('',(-3.74939945665E-33,-1.,-1.22464679915E-16));
#2432 = DIRECTION('',(-1.,3.74939945665E-33,0.));
#2433 = ADVANCED_FACE('',(#2434),#2445,.T.);
#2434 = FACE_BOUND('',#2435,.T.);
#2435 = EDGE_LOOP('',(#2436,#2437,#2438,#2444));
#2436 = ORIENTED_EDGE('',*,*,#1519,.T.);
#2437 = ORIENTED_EDGE('',*,*,#1271,.F.);
#2438 = ORIENTED_EDGE('',*,*,#2439,.F.);
#2439 = EDGE_CURVE('',#885,#1264,#2440,.T.);
#2440 = LINE('',#2441,#2442);
#2441 = CARTESIAN_POINT('',(6.00000000167,3.5,8.64999999981));
#2442 = VECTOR('',#2443,1.);
#2443 = DIRECTION('',(1.7088487607E-10,-1.22226388028E-16,1.));
#2444 = ORIENTED_EDGE('',*,*,#884,.T.);
#2445 = PLANE('',#2446);
#2446 = AXIS2_PLACEMENT_3D('',#2447,#2448,#2449);
#2447 = CARTESIAN_POINT('',(-3.69999999852,3.5,14.1));
#2448 = DIRECTION('',(-3.74939945665E-33,-1.,-1.22464679915E-16));
#2449 = DIRECTION('',(-1.,3.74939945665E-33,0.));
#2450 = ADVANCED_FACE('',(#2451),#2462,.F.);
#2451 = FACE_BOUND('',#2452,.T.);
#2452 = EDGE_LOOP('',(#2453,#2459,#2460,#2461));
#2453 = ORIENTED_EDGE('',*,*,#2454,.F.);
#2454 = EDGE_CURVE('',#893,#1256,#2455,.T.);
#2455 = LINE('',#2456,#2457);
#2456 = CARTESIAN_POINT('',(6.00000000148,2.36771315549E-15,
    8.64999999983));
#2457 = VECTOR('',#2458,1.);
#2458 = DIRECTION('',(0.,-1.22464679915E-16,1.));
#2459 = ORIENTED_EDGE('',*,*,#892,.T.);
#2460 = ORIENTED_EDGE('',*,*,#2439,.T.);
#2461 = ORIENTED_EDGE('',*,*,#1263,.F.);
#2462 = PLANE('',#2463);
#2463 = AXIS2_PLACEMENT_3D('',#2464,#2465,#2466);
#2464 = CARTESIAN_POINT('',(6.00000000148,3.10862446895E-15,
    2.60000000002));
#2465 = DIRECTION('',(-1.,3.74939945665E-33,3.74939945665E-33));
#2466 = DIRECTION('',(3.74939945665E-33,-1.22464679915E-16,1.));
#2467 = ADVANCED_FACE('',(#2468),#2479,.T.);
#2468 = FACE_BOUND('',#2469,.T.);
#2469 = EDGE_LOOP('',(#2470,#2471,#2477,#2478));
#2470 = ORIENTED_EDGE('',*,*,#1255,.F.);
#2471 = ORIENTED_EDGE('',*,*,#2472,.F.);
#2472 = EDGE_CURVE('',#901,#1248,#2473,.T.);
#2473 = LINE('',#2474,#2475);
#2474 = CARTESIAN_POINT('',(5.50000000167,1.11152171541E-15,
    8.64999999981));
#2475 = VECTOR('',#2476,1.);
#2476 = DIRECTION('',(1.7088487607E-10,-1.22464679915E-16,1.));
#2477 = ORIENTED_EDGE('',*,*,#900,.F.);
#2478 = ORIENTED_EDGE('',*,*,#2454,.T.);
#2479 = PLANE('',#2480);
#2480 = AXIS2_PLACEMENT_3D('',#2481,#2482,#2483);
#2481 = CARTESIAN_POINT('',(-3.69999999852,4.44089209848E-16,14.1));
#2482 = DIRECTION('',(-3.74939945665E-33,-1.,-1.22464679915E-16));
#2483 = DIRECTION('',(-1.,3.74939945665E-33,0.));
#2484 = ADVANCED_FACE('',(#2485),#2496,.F.);
#2485 = FACE_BOUND('',#2486,.T.);
#2486 = EDGE_LOOP('',(#2487,#2488,#2489,#2490));
#2487 = ORIENTED_EDGE('',*,*,#908,.T.);
#2488 = ORIENTED_EDGE('',*,*,#2472,.T.);
#2489 = ORIENTED_EDGE('',*,*,#1247,.F.);
#2490 = ORIENTED_EDGE('',*,*,#2491,.T.);
#2491 = EDGE_CURVE('',#1240,#909,#2492,.T.);
#2492 = LINE('',#2493,#2494);
#2493 = CARTESIAN_POINT('',(5.48603594952,0.800000000006,8.64999999981)
  );
#2494 = VECTOR('',#2495,1.);
#2495 = DIRECTION('',(0.,1.22226388028E-16,-1.));
#2496 = PLANE('',#2497);
#2497 = AXIS2_PLACEMENT_3D('',#2498,#2499,#2500);
#2498 = CARTESIAN_POINT('',(5.50000000146,2.22044604925E-15,14.1));
#2499 = DIRECTION('',(0.999847695156,1.745240643731E-02,
    2.137303368081E-18));
#2500 = DIRECTION('',(-1.04308365788E-29,1.22464679915E-16,-1.));
#2501 = ADVANCED_FACE('',(#2502),#2513,.T.);
#2502 = FACE_BOUND('',#2503,.T.);
#2503 = EDGE_LOOP('',(#2504,#2505,#2506,#2512));
#2504 = ORIENTED_EDGE('',*,*,#2491,.F.);
#2505 = ORIENTED_EDGE('',*,*,#1239,.T.);
#2506 = ORIENTED_EDGE('',*,*,#2507,.T.);
#2507 = EDGE_CURVE('',#1232,#917,#2508,.T.);
#2508 = LINE('',#2509,#2510);
#2509 = CARTESIAN_POINT('',(4.25815383046,0.8,8.64999999981));
#2510 = VECTOR('',#2511,1.);
#2511 = DIRECTION('',(0.,1.22226388028E-16,-1.));
#2512 = ORIENTED_EDGE('',*,*,#916,.T.);
#2513 = PLANE('',#2514);
#2514 = AXIS2_PLACEMENT_3D('',#2515,#2516,#2517);
#2515 = CARTESIAN_POINT('',(-3.69999999852,0.8,14.1));
#2516 = DIRECTION('',(-3.74939945665E-33,-1.,-1.22464679915E-16));
#2517 = DIRECTION('',(-1.,3.74939945665E-33,0.));
#2518 = ADVANCED_FACE('',(#2519),#2530,.T.);
#2519 = FACE_BOUND('',#2520,.T.);
#2520 = EDGE_LOOP('',(#2521,#2522,#2528,#2529));
#2521 = ORIENTED_EDGE('',*,*,#1231,.F.);
#2522 = ORIENTED_EDGE('',*,*,#2523,.T.);
#2523 = EDGE_CURVE('',#1224,#925,#2524,.T.);
#2524 = LINE('',#2525,#2526);
#2525 = CARTESIAN_POINT('',(4.02500000109,1.30000000084,8.64999999936));
#2526 = VECTOR('',#2527,1.);
#2527 = DIRECTION('',(7.22190910515E-11,-1.54874176679E-10,-1.));
#2528 = ORIENTED_EDGE('',*,*,#924,.T.);
#2529 = ORIENTED_EDGE('',*,*,#2507,.F.);
#2530 = PLANE('',#2531);
#2531 = AXIS2_PLACEMENT_3D('',#2532,#2533,#2534);
#2532 = CARTESIAN_POINT('',(4.02500000148,1.3,12.4794902987));
#2533 = DIRECTION('',(-0.906307787037,-0.422618261741,
    -5.175581015018E-17));
#2534 = DIRECTION('',(-1.551590792957E-28,1.22464679915E-16,-1.));
#2535 = ADVANCED_FACE('',(#2536),#2595,.F.);
#2536 = FACE_BOUND('',#2537,.T.);
#2537 = EDGE_LOOP('',(#2538,#2548,#2556,#2564,#2572,#2580,#2586,#2587,
    #2588,#2589));
#2538 = ORIENTED_EDGE('',*,*,#2539,.F.);
#2539 = EDGE_CURVE('',#2540,#2542,#2544,.T.);
#2540 = VERTEX_POINT('',#2541);
#2541 = CARTESIAN_POINT('',(4.02500000148,2.94999999925,9.16500000062));
#2542 = VERTEX_POINT('',#2543);
#2543 = CARTESIAN_POINT('',(4.02500000148,2.34999999963,9.76500000024));
#2544 = LINE('',#2545,#2546);
#2545 = CARTESIAN_POINT('',(4.02500000148,2.64999999944,9.46500000043));
#2546 = VECTOR('',#2547,1.);
#2547 = DIRECTION('',(0.,-0.707106781187,0.707106781187));
#2548 = ORIENTED_EDGE('',*,*,#2549,.T.);
#2549 = EDGE_CURVE('',#2540,#2550,#2552,.T.);
#2550 = VERTEX_POINT('',#2551);
#2551 = CARTESIAN_POINT('',(4.02500000148,7.,9.16500000062));
#2552 = LINE('',#2553,#2554);
#2553 = CARTESIAN_POINT('',(4.02500000148,4.97499999963,9.16500000062));
#2554 = VECTOR('',#2555,1.);
#2555 = DIRECTION('',(0.,1.,4.38606626932E-16));
#2556 = ORIENTED_EDGE('',*,*,#2557,.F.);
#2557 = EDGE_CURVE('',#2558,#2550,#2560,.T.);
#2558 = VERTEX_POINT('',#2559);
#2559 = CARTESIAN_POINT('',(4.02500000148,7.,8.13499999942));
#2560 = LINE('',#2561,#2562);
#2561 = CARTESIAN_POINT('',(4.02500000148,7.,8.65000000002));
#2562 = VECTOR('',#2563,1.);
#2563 = DIRECTION('',(0.,0.,1.));
#2564 = ORIENTED_EDGE('',*,*,#2565,.F.);
#2565 = EDGE_CURVE('',#2566,#2558,#2568,.T.);
#2566 = VERTEX_POINT('',#2567);
#2567 = CARTESIAN_POINT('',(4.02500000148,2.95000000112,8.13499999942));
#2568 = LINE('',#2569,#2570);
#2569 = CARTESIAN_POINT('',(4.02500000148,4.97500000056,8.13499999942));
#2570 = VECTOR('',#2571,1.);
#2571 = DIRECTION('',(0.,1.,4.38606627133E-16));
#2572 = ORIENTED_EDGE('',*,*,#2573,.T.);
#2573 = EDGE_CURVE('',#2566,#2574,#2576,.T.);
#2574 = VERTEX_POINT('',#2575);
#2575 = CARTESIAN_POINT('',(4.02500000148,2.34999999963,7.5349999998));
#2576 = LINE('',#2577,#2578);
#2577 = CARTESIAN_POINT('',(4.02500000148,2.65000000037,7.83499999961));
#2578 = VECTOR('',#2579,1.);
#2579 = DIRECTION('',(0.,-0.707106782284,-0.707106780089));
#2580 = ORIENTED_EDGE('',*,*,#2581,.T.);
#2581 = EDGE_CURVE('',#2574,#933,#2582,.T.);
#2582 = LINE('',#2583,#2584);
#2583 = CARTESIAN_POINT('',(4.02500000148,2.34999999963,5.36750000028));
#2584 = VECTOR('',#2585,1.);
#2585 = DIRECTION('',(0.,0.,-1.));
#2586 = ORIENTED_EDGE('',*,*,#932,.F.);
#2587 = ORIENTED_EDGE('',*,*,#2523,.F.);
#2588 = ORIENTED_EDGE('',*,*,#1223,.F.);
#2589 = ORIENTED_EDGE('',*,*,#2590,.T.);
#2590 = EDGE_CURVE('',#1216,#2542,#2591,.T.);
#2591 = LINE('',#2592,#2593);
#2592 = CARTESIAN_POINT('',(4.02500000148,2.34999999963,11.9324999998));
#2593 = VECTOR('',#2594,1.);
#2594 = DIRECTION('',(0.,4.097708973E-16,-1.));
#2595 = PLANE('',#2596);
#2596 = AXIS2_PLACEMENT_3D('',#2597,#2598,#2599);
#2597 = CARTESIAN_POINT('',(4.02500000148,14.,3.65000000002));
#2598 = DIRECTION('',(1.,-3.74939945665E-33,-3.74939945665E-33));
#2599 = DIRECTION('',(3.74939945665E-33,-1.22464679915E-16,1.));
#2600 = ADVANCED_FACE('',(#2601),#2619,.T.);
#2601 = FACE_BOUND('',#2602,.T.);
#2602 = EDGE_LOOP('',(#2603,#2604,#2605,#2613));
#2603 = ORIENTED_EDGE('',*,*,#940,.F.);
#2604 = ORIENTED_EDGE('',*,*,#2581,.F.);
#2605 = ORIENTED_EDGE('',*,*,#2606,.F.);
#2606 = EDGE_CURVE('',#2607,#2574,#2609,.T.);
#2607 = VERTEX_POINT('',#2608);
#2608 = CARTESIAN_POINT('',(2.97500000223,2.35,7.53500000052));
#2609 = LINE('',#2610,#2611);
#2610 = CARTESIAN_POINT('',(3.50000000167,2.35,7.53500000052));
#2611 = VECTOR('',#2612,1.);
#2612 = DIRECTION('',(1.,0.,0.));
#2613 = ORIENTED_EDGE('',*,*,#2614,.F.);
#2614 = EDGE_CURVE('',#941,#2607,#2615,.T.);
#2615 = LINE('',#2616,#2617);
#2616 = CARTESIAN_POINT('',(2.97500000129,2.35,5.36750000007));
#2617 = VECTOR('',#2618,1.);
#2618 = DIRECTION('',(4.29675928223E-10,-1.02442724281E-16,1.));
#2619 = PLANE('',#2620);
#2620 = AXIS2_PLACEMENT_3D('',#2621,#2622,#2623);
#2621 = CARTESIAN_POINT('',(-3.69999999852,2.35,14.1));
#2622 = DIRECTION('',(-3.74939945665E-33,-1.,-1.22464679915E-16));
#2623 = DIRECTION('',(-1.,3.74939945665E-33,0.));
#2624 = ADVANCED_FACE('',(#2625),#2706,.F.);
#2625 = FACE_BOUND('',#2626,.T.);
#2626 = EDGE_LOOP('',(#2627,#2637,#2643,#2644,#2645,#2653,#2661,#2669,
    #2677,#2685,#2691,#2692,#2700));
#2627 = ORIENTED_EDGE('',*,*,#2628,.F.);
#2628 = EDGE_CURVE('',#2629,#2631,#2633,.T.);
#2629 = VERTEX_POINT('',#2630);
#2630 = CARTESIAN_POINT('',(2.97500000148,1.30000000075,5.12269158438));
#2631 = VERTEX_POINT('',#2632);
#2632 = CARTESIAN_POINT('',(2.97500000148,1.30000000075,6.72730841637));
#2633 = LINE('',#2634,#2635);
#2634 = CARTESIAN_POINT('',(2.97500000148,1.30000000075,5.92500000037));
#2635 = VECTOR('',#2636,1.);
#2636 = DIRECTION('',(0.,-1.10702867126E-15,1.));
#2637 = ORIENTED_EDGE('',*,*,#2638,.F.);
#2638 = EDGE_CURVE('',#949,#2629,#2639,.T.);
#2639 = LINE('',#2640,#2641);
#2640 = CARTESIAN_POINT('',(2.97500000148,1.30000000075,4.16134579256));
#2641 = VECTOR('',#2642,1.);
#2642 = DIRECTION('',(0.,0.,1.));
#2643 = ORIENTED_EDGE('',*,*,#948,.F.);
#2644 = ORIENTED_EDGE('',*,*,#2614,.T.);
#2645 = ORIENTED_EDGE('',*,*,#2646,.F.);
#2646 = EDGE_CURVE('',#2647,#2607,#2649,.T.);
#2647 = VERTEX_POINT('',#2648);
#2648 = CARTESIAN_POINT('',(2.97500000148,2.95000000112,8.1349999994));
#2649 = LINE('',#2650,#2651);
#2650 = CARTESIAN_POINT('',(2.97500000148,2.65000000037,7.83499999959));
#2651 = VECTOR('',#2652,1.);
#2652 = DIRECTION('',(0.,-0.707106782284,-0.707106780089));
#2653 = ORIENTED_EDGE('',*,*,#2654,.T.);
#2654 = EDGE_CURVE('',#2647,#2655,#2657,.T.);
#2655 = VERTEX_POINT('',#2656);
#2656 = CARTESIAN_POINT('',(2.97500000148,7.,8.1349999994));
#2657 = LINE('',#2658,#2659);
#2658 = CARTESIAN_POINT('',(2.97500000148,4.97500000056,8.1349999994));
#2659 = VECTOR('',#2660,1.);
#2660 = DIRECTION('',(0.,1.,4.38606627133E-16));
#2661 = ORIENTED_EDGE('',*,*,#2662,.F.);
#2662 = EDGE_CURVE('',#2663,#2655,#2665,.T.);
#2663 = VERTEX_POINT('',#2664);
#2664 = CARTESIAN_POINT('',(2.97500000148,7.,9.1650000006));
#2665 = LINE('',#2666,#2667);
#2666 = CARTESIAN_POINT('',(2.97500000148,7.,8.65));
#2667 = VECTOR('',#2668,1.);
#2668 = DIRECTION('',(0.,0.,-1.));
#2669 = ORIENTED_EDGE('',*,*,#2670,.F.);
#2670 = EDGE_CURVE('',#2671,#2663,#2673,.T.);
#2671 = VERTEX_POINT('',#2672);
#2672 = CARTESIAN_POINT('',(2.97500000148,2.95000000112,9.1650000006));
#2673 = LINE('',#2674,#2675);
#2674 = CARTESIAN_POINT('',(2.97500000148,4.97500000056,9.1650000006));
#2675 = VECTOR('',#2676,1.);
#2676 = DIRECTION('',(0.,1.,4.38606627133E-16));
#2677 = ORIENTED_EDGE('',*,*,#2678,.T.);
#2678 = EDGE_CURVE('',#2671,#2679,#2681,.T.);
#2679 = VERTEX_POINT('',#2680);
#2680 = CARTESIAN_POINT('',(2.97500000148,2.34999999963,9.76500000022));
#2681 = LINE('',#2682,#2683);
#2682 = CARTESIAN_POINT('',(2.97500000148,2.65000000037,9.46500000041));
#2683 = VECTOR('',#2684,1.);
#2684 = DIRECTION('',(0.,-0.707106782284,0.707106780089));
#2685 = ORIENTED_EDGE('',*,*,#2686,.T.);
#2686 = EDGE_CURVE('',#2679,#1208,#2687,.T.);
#2687 = LINE('',#2688,#2689);
#2688 = CARTESIAN_POINT('',(2.97500000148,2.34999999963,11.9324999997));
#2689 = VECTOR('',#2690,1.);
#2690 = DIRECTION('',(0.,0.,1.));
#2691 = ORIENTED_EDGE('',*,*,#1207,.F.);
#2692 = ORIENTED_EDGE('',*,*,#2693,.F.);
#2693 = EDGE_CURVE('',#2694,#1200,#2696,.T.);
#2694 = VERTEX_POINT('',#2695);
#2695 = CARTESIAN_POINT('',(2.97500000148,1.30000000075,10.5726915836));
#2696 = LINE('',#2697,#2698);
#2697 = CARTESIAN_POINT('',(2.97500000148,1.30000000075,12.3363457914));
#2698 = VECTOR('',#2699,1.);
#2699 = DIRECTION('',(0.,0.,1.));
#2700 = ORIENTED_EDGE('',*,*,#2701,.F.);
#2701 = EDGE_CURVE('',#2631,#2694,#2702,.T.);
#2702 = LINE('',#2703,#2704);
#2703 = CARTESIAN_POINT('',(2.97500000148,1.30000000075,8.65));
#2704 = VECTOR('',#2705,1.);
#2705 = DIRECTION('',(0.,0.,1.));
#2706 = PLANE('',#2707);
#2707 = AXIS2_PLACEMENT_3D('',#2708,#2709,#2710);
#2708 = CARTESIAN_POINT('',(2.97500000148,14.,13.65));
#2709 = DIRECTION('',(-1.,3.74939945665E-33,3.74939945665E-33));
#2710 = DIRECTION('',(-3.74939945665E-33,1.22464679915E-16,-1.));
#2711 = ADVANCED_FACE('',(#2712),#2730,.T.);
#2712 = FACE_BOUND('',#2713,.T.);
#2713 = EDGE_LOOP('',(#2714,#2722,#2728,#2729));
#2714 = ORIENTED_EDGE('',*,*,#2715,.F.);
#2715 = EDGE_CURVE('',#2716,#2629,#2718,.T.);
#2716 = VERTEX_POINT('',#2717);
#2717 = CARTESIAN_POINT('',(2.74184617226,0.799999999691,5.11396405221)
  );
#2718 = LINE('',#2719,#2720);
#2719 = CARTESIAN_POINT('',(2.85842308687,1.04999999985,5.11832781815));
#2720 = VECTOR('',#2721,1.);
#2721 = DIRECTION('',(0.422565389093,0.906194401278,1.58176810437E-02));
#2722 = ORIENTED_EDGE('',*,*,#2723,.F.);
#2723 = EDGE_CURVE('',#957,#2716,#2724,.T.);
#2724 = LINE('',#2725,#2726);
#2725 = CARTESIAN_POINT('',(2.74184617226,0.799999999691,4.15698202634)
  );
#2726 = VECTOR('',#2727,1.);
#2727 = DIRECTION('',(0.,-1.16012944298E-16,1.));
#2728 = ORIENTED_EDGE('',*,*,#956,.F.);
#2729 = ORIENTED_EDGE('',*,*,#2638,.T.);
#2730 = PLANE('',#2731);
#2731 = AXIS2_PLACEMENT_3D('',#2732,#2733,#2734);
#2732 = CARTESIAN_POINT('',(2.97500000148,1.3,4.82050970131));
#2733 = DIRECTION('',(0.906307787037,-0.422618261741,-5.175581015018E-17
    ));
#2734 = DIRECTION('',(-1.551590792957E-28,-1.22464679915E-16,1.));
#2735 = ADVANCED_FACE('',(#2736),#2769,.T.);
#2736 = FACE_BOUND('',#2737,.T.);
#2737 = EDGE_LOOP('',(#2738,#2739,#2747,#2755,#2761,#2762,#2768));
#2738 = ORIENTED_EDGE('',*,*,#2723,.T.);
#2739 = ORIENTED_EDGE('',*,*,#2740,.T.);
#2740 = EDGE_CURVE('',#2716,#2741,#2743,.T.);
#2741 = VERTEX_POINT('',#2742);
#2742 = CARTESIAN_POINT('',(2.74184617287,0.8,6.73603594713));
#2743 = LINE('',#2744,#2745);
#2744 = CARTESIAN_POINT('',(2.74184617287,0.8,5.92499999925));
#2745 = VECTOR('',#2746,1.);
#2746 = DIRECTION('',(0.,-1.36889496395E-16,1.));
#2747 = ORIENTED_EDGE('',*,*,#2748,.T.);
#2748 = EDGE_CURVE('',#2741,#2749,#2751,.T.);
#2749 = VERTEX_POINT('',#2750);
#2750 = CARTESIAN_POINT('',(2.74184617287,0.8,10.5639640525));
#2751 = LINE('',#2752,#2753);
#2752 = CARTESIAN_POINT('',(2.74184617287,0.8,8.64999999981));
#2753 = VECTOR('',#2754,1.);
#2754 = DIRECTION('',(0.,-1.16012944242E-16,1.));
#2755 = ORIENTED_EDGE('',*,*,#2756,.T.);
#2756 = EDGE_CURVE('',#2749,#1192,#2757,.T.);
#2757 = LINE('',#2758,#2759);
#2758 = CARTESIAN_POINT('',(2.74184617287,0.8,12.3319820262));
#2759 = VECTOR('',#2760,1.);
#2760 = DIRECTION('',(0.,-1.25589563128E-16,1.));
#2761 = ORIENTED_EDGE('',*,*,#1191,.T.);
#2762 = ORIENTED_EDGE('',*,*,#2763,.T.);
#2763 = EDGE_CURVE('',#1184,#965,#2764,.T.);
#2764 = LINE('',#2765,#2766);
#2765 = CARTESIAN_POINT('',(1.51396405305,0.8,8.64999999981));
#2766 = VECTOR('',#2767,1.);
#2767 = DIRECTION('',(-1.7088487607E-10,1.22226388028E-16,-1.));
#2768 = ORIENTED_EDGE('',*,*,#964,.T.);
#2769 = PLANE('',#2770);
#2770 = AXIS2_PLACEMENT_3D('',#2771,#2772,#2773);
#2771 = CARTESIAN_POINT('',(-3.69999999852,0.8,14.1));
#2772 = DIRECTION('',(-3.74939945665E-33,-1.,-1.22464679915E-16));
#2773 = DIRECTION('',(-1.,3.74939945665E-33,0.));
#2774 = ADVANCED_FACE('',(#2775),#2786,.T.);
#2775 = FACE_BOUND('',#2776,.T.);
#2776 = EDGE_LOOP('',(#2777,#2778,#2779,#2785));
#2777 = ORIENTED_EDGE('',*,*,#2763,.F.);
#2778 = ORIENTED_EDGE('',*,*,#1183,.T.);
#2779 = ORIENTED_EDGE('',*,*,#2780,.T.);
#2780 = EDGE_CURVE('',#1176,#973,#2781,.T.);
#2781 = LINE('',#2782,#2783);
#2782 = CARTESIAN_POINT('',(1.50000000146,2.88787855481E-15,
    8.64999999981));
#2783 = VECTOR('',#2784,1.);
#2784 = DIRECTION('',(0.,1.22464679915E-16,-1.));
#2785 = ORIENTED_EDGE('',*,*,#972,.F.);
#2786 = PLANE('',#2787);
#2787 = AXIS2_PLACEMENT_3D('',#2788,#2789,#2790);
#2788 = CARTESIAN_POINT('',(1.50000000146,2.22044604925E-15,14.1));
#2789 = DIRECTION('',(0.999847695156,-1.745240643731E-02,
    -2.137303368081E-18));
#2790 = DIRECTION('',(1.04308365788E-29,1.22464679915E-16,-1.));
#2791 = ADVANCED_FACE('',(#2792),#2800,.T.);
#2792 = FACE_BOUND('',#2793,.T.);
#2793 = EDGE_LOOP('',(#2794,#2795,#2796,#2797,#2798,#2799));
#2794 = ORIENTED_EDGE('',*,*,#988,.F.);
#2795 = ORIENTED_EDGE('',*,*,#980,.F.);
#2796 = ORIENTED_EDGE('',*,*,#2780,.F.);
#2797 = ORIENTED_EDGE('',*,*,#1175,.F.);
#2798 = ORIENTED_EDGE('',*,*,#1167,.T.);
#2799 = ORIENTED_EDGE('',*,*,#1135,.F.);
#2800 = PLANE('',#2801);
#2801 = AXIS2_PLACEMENT_3D('',#2802,#2803,#2804);
#2802 = CARTESIAN_POINT('',(-3.69999999852,4.44089209848E-16,14.1));
#2803 = DIRECTION('',(-3.74939945665E-33,-1.,-1.22464679915E-16));
#2804 = DIRECTION('',(-1.,3.74939945665E-33,0.));
#2805 = ADVANCED_FACE('',(#2806),#2817,.T.);
#2806 = FACE_BOUND('',#2807,.T.);
#2807 = EDGE_LOOP('',(#2808,#2809,#2810,#2811));
#2808 = ORIENTED_EDGE('',*,*,#2693,.T.);
#2809 = ORIENTED_EDGE('',*,*,#1199,.T.);
#2810 = ORIENTED_EDGE('',*,*,#2756,.F.);
#2811 = ORIENTED_EDGE('',*,*,#2812,.T.);
#2812 = EDGE_CURVE('',#2749,#2694,#2813,.T.);
#2813 = LINE('',#2814,#2815);
#2814 = CARTESIAN_POINT('',(2.85842308687,1.04999999985,10.5683278183));
#2815 = VECTOR('',#2816,1.);
#2816 = DIRECTION('',(0.422565389116,0.906194401326,1.58176776687E-02));
#2817 = PLANE('',#2818);
#2818 = AXIS2_PLACEMENT_3D('',#2819,#2820,#2821);
#2819 = CARTESIAN_POINT('',(2.97500000148,1.3,4.82050970131));
#2820 = DIRECTION('',(0.906307787037,-0.422618261741,-5.175581015018E-17
    ));
#2821 = DIRECTION('',(-1.551590792957E-28,-1.22464679915E-16,1.));
#2822 = ADVANCED_FACE('',(#2823),#2834,.T.);
#2823 = FACE_BOUND('',#2824,.T.);
#2824 = EDGE_LOOP('',(#2825,#2826,#2827,#2828));
#2825 = ORIENTED_EDGE('',*,*,#2590,.F.);
#2826 = ORIENTED_EDGE('',*,*,#1215,.T.);
#2827 = ORIENTED_EDGE('',*,*,#2686,.F.);
#2828 = ORIENTED_EDGE('',*,*,#2829,.T.);
#2829 = EDGE_CURVE('',#2679,#2542,#2830,.T.);
#2830 = LINE('',#2831,#2832);
#2831 = CARTESIAN_POINT('',(3.50000000167,2.35,9.76500000097));
#2832 = VECTOR('',#2833,1.);
#2833 = DIRECTION('',(1.,0.,0.));
#2834 = PLANE('',#2835);
#2835 = AXIS2_PLACEMENT_3D('',#2836,#2837,#2838);
#2836 = CARTESIAN_POINT('',(-3.69999999852,2.35,14.1));
#2837 = DIRECTION('',(-3.74939945665E-33,-1.,-1.22464679915E-16));
#2838 = DIRECTION('',(-1.,3.74939945665E-33,0.));
#2839 = ADVANCED_FACE('',(#2840),#2848,.F.);
#2840 = FACE_BOUND('',#2841,.T.);
#2841 = EDGE_LOOP('',(#2842,#2843,#2844,#2845,#2846,#2847));
#2842 = ORIENTED_EDGE('',*,*,#1287,.F.);
#2843 = ORIENTED_EDGE('',*,*,#1512,.F.);
#2844 = ORIENTED_EDGE('',*,*,#1479,.T.);
#2845 = ORIENTED_EDGE('',*,*,#1455,.T.);
#2846 = ORIENTED_EDGE('',*,*,#1431,.F.);
#2847 = ORIENTED_EDGE('',*,*,#1408,.T.);
#2848 = PLANE('',#2849);
#2849 = AXIS2_PLACEMENT_3D('',#2850,#2851,#2852);
#2850 = CARTESIAN_POINT('',(-3.69999999852,4.,14.1));
#2851 = DIRECTION('',(-3.74939945665E-33,-1.,-1.22464679915E-16));
#2852 = DIRECTION('',(-1.,3.74939945665E-33,0.));
#2853 = ADVANCED_FACE('',(#2854),#2860,.F.);
#2854 = FACE_BOUND('',#2855,.T.);
#2855 = EDGE_LOOP('',(#2856,#2857,#2858,#2859));
#2856 = ORIENTED_EDGE('',*,*,#1351,.T.);
#2857 = ORIENTED_EDGE('',*,*,#1319,.T.);
#2858 = ORIENTED_EDGE('',*,*,#1303,.F.);
#2859 = ORIENTED_EDGE('',*,*,#1401,.T.);
#2860 = PLANE('',#2861);
#2861 = AXIS2_PLACEMENT_3D('',#2862,#2863,#2864);
#2862 = CARTESIAN_POINT('',(-3.69999999852,9.4,14.1));
#2863 = DIRECTION('',(-3.74939945665E-33,-1.,-1.22464679915E-16));
#2864 = DIRECTION('',(-1.,3.74939945665E-33,0.));
#2865 = ADVANCED_FACE('',(#2866),#2891,.T.);
#2866 = FACE_BOUND('',#2867,.T.);
#2867 = EDGE_LOOP('',(#2868,#2876,#2877,#2885));
#2868 = ORIENTED_EDGE('',*,*,#2869,.F.);
#2869 = EDGE_CURVE('',#1362,#2870,#2872,.T.);
#2870 = VERTEX_POINT('',#2871);
#2871 = CARTESIAN_POINT('',(6.31516432624,10.7000000002,13.9999999993));
#2872 = LINE('',#2873,#2874);
#2873 = CARTESIAN_POINT('',(6.31516432624,10.6999999993,13.7499999993));
#2874 = VECTOR('',#2875,1.);
#2875 = DIRECTION('',(0.,3.72529029846E-09,1.));
#2876 = ORIENTED_EDGE('',*,*,#1359,.F.);
#2877 = ORIENTED_EDGE('',*,*,#2878,.T.);
#2878 = EDGE_CURVE('',#1360,#2879,#2881,.T.);
#2879 = VERTEX_POINT('',#2880);
#2880 = CARTESIAN_POINT('',(6.31516432624,12.6737387097,13.9999999993));
#2881 = LINE('',#2882,#2883);
#2882 = CARTESIAN_POINT('',(6.31516432624,12.6737387097,13.7499999993));
#2883 = VECTOR('',#2884,1.);
#2884 = DIRECTION('',(0.,0.,1.));
#2885 = ORIENTED_EDGE('',*,*,#2886,.T.);
#2886 = EDGE_CURVE('',#2879,#2870,#2887,.T.);
#2887 = LINE('',#2888,#2889);
#2888 = CARTESIAN_POINT('',(6.31516432624,11.686869355,13.9999999993));
#2889 = VECTOR('',#2890,1.);
#2890 = DIRECTION('',(0.,-1.,0.));
#2891 = PLANE('',#2892);
#2892 = AXIS2_PLACEMENT_3D('',#2893,#2894,#2895);
#2893 = CARTESIAN_POINT('',(6.31516432624,12.6737387097,3.80000000002));
#2894 = DIRECTION('',(1.,-3.74939945665E-33,-3.74939945665E-33));
#2895 = DIRECTION('',(-3.74939945665E-33,-1.,-1.22464679915E-16));
#2896 = ADVANCED_FACE('',(#2897),#2915,.F.);
#2897 = FACE_BOUND('',#2898,.T.);
#2898 = EDGE_LOOP('',(#2899,#2907,#2908,#2909));
#2899 = ORIENTED_EDGE('',*,*,#2900,.F.);
#2900 = EDGE_CURVE('',#1370,#2901,#2903,.T.);
#2901 = VERTEX_POINT('',#2902);
#2902 = CARTESIAN_POINT('',(5.33000000155,10.7,13.9999999993));
#2903 = LINE('',#2904,#2905);
#2904 = CARTESIAN_POINT('',(5.33000000155,10.7,13.7499999993));
#2905 = VECTOR('',#2906,1.);
#2906 = DIRECTION('',(0.,0.,1.));
#2907 = ORIENTED_EDGE('',*,*,#1369,.F.);
#2908 = ORIENTED_EDGE('',*,*,#2869,.T.);
#2909 = ORIENTED_EDGE('',*,*,#2910,.T.);
#2910 = EDGE_CURVE('',#2870,#2901,#2911,.T.);
#2911 = LINE('',#2912,#2913);
#2912 = CARTESIAN_POINT('',(5.82258216347,10.7,13.9999999993));
#2913 = VECTOR('',#2914,1.);
#2914 = DIRECTION('',(-1.,0.,0.));
#2915 = PLANE('',#2916);
#2916 = AXIS2_PLACEMENT_3D('',#2917,#2918,#2919);
#2917 = CARTESIAN_POINT('',(3.50000000148,10.7,3.30000000002));
#2918 = DIRECTION('',(3.74939945665E-33,1.,1.22464679915E-16));
#2919 = DIRECTION('',(3.74939945665E-33,-1.22464679915E-16,1.));
#2920 = ADVANCED_FACE('',(#2921),#2939,.F.);
#2921 = FACE_BOUND('',#2922,.T.);
#2922 = EDGE_LOOP('',(#2923,#2924,#2925,#2933));
#2923 = ORIENTED_EDGE('',*,*,#1377,.F.);
#2924 = ORIENTED_EDGE('',*,*,#2900,.T.);
#2925 = ORIENTED_EDGE('',*,*,#2926,.T.);
#2926 = EDGE_CURVE('',#2901,#2927,#2929,.T.);
#2927 = VERTEX_POINT('',#2928);
#2928 = CARTESIAN_POINT('',(5.33000000148,12.6737387106,14.0000000004));
#2929 = LINE('',#2930,#2931);
#2930 = CARTESIAN_POINT('',(5.33000000148,11.6868693549,13.9999999994));
#2931 = VECTOR('',#2932,1.);
#2932 = DIRECTION('',(0.,1.,9.43714149467E-10));
#2933 = ORIENTED_EDGE('',*,*,#2934,.F.);
#2934 = EDGE_CURVE('',#1378,#2927,#2935,.T.);
#2935 = LINE('',#2936,#2937);
#2936 = CARTESIAN_POINT('',(5.33000000148,12.6737387106,13.7500000004));
#2937 = VECTOR('',#2938,1.);
#2938 = DIRECTION('',(0.,0.,1.));
#2939 = PLANE('',#2940);
#2940 = AXIS2_PLACEMENT_3D('',#2941,#2942,#2943);
#2941 = CARTESIAN_POINT('',(5.33000000148,14.,14.1));
#2942 = DIRECTION('',(1.,-3.74939945665E-33,-3.74939945665E-33));
#2943 = DIRECTION('',(-3.74939945665E-33,-1.,-1.22464679915E-16));
#2944 = ADVANCED_FACE('',(#2945),#2956,.F.);
#2945 = FACE_BOUND('',#2946,.T.);
#2946 = EDGE_LOOP('',(#2947,#2948,#2949,#2950));
#2947 = ORIENTED_EDGE('',*,*,#2878,.F.);
#2948 = ORIENTED_EDGE('',*,*,#1385,.F.);
#2949 = ORIENTED_EDGE('',*,*,#2934,.T.);
#2950 = ORIENTED_EDGE('',*,*,#2951,.T.);
#2951 = EDGE_CURVE('',#2927,#2879,#2952,.T.);
#2952 = LINE('',#2953,#2954);
#2953 = CARTESIAN_POINT('',(5.8225821634,12.6737387097,14.0000000002));
#2954 = VECTOR('',#2955,1.);
#2955 = DIRECTION('',(1.,0.,-1.89069488274E-09));
#2956 = PLANE('',#2957);
#2957 = AXIS2_PLACEMENT_3D('',#2958,#2959,#2960);
#2958 = CARTESIAN_POINT('',(6.31516432624,12.6737387097,3.80000000002));
#2959 = DIRECTION('',(-3.74939945665E-33,-1.,-1.22464679915E-16));
#2960 = DIRECTION('',(-1.,3.74939945665E-33,0.));
#2961 = ADVANCED_FACE('',(#2962,#2998),#3018,.F.);
#2962 = FACE_BOUND('',#2963,.T.);
#2963 = EDGE_LOOP('',(#2964,#2965,#2966,#2967,#2968,#2969,#2970,#2971,
    #2972,#2973,#2974,#2975,#2976,#2977,#2978,#2979,#2980,#2981,#2982,
    #2983,#2984,#2985,#2986,#2987,#2988,#2989,#2990,#2991,#2992,#2993,
    #2994,#2995,#2996,#2997));
#2964 = ORIENTED_EDGE('',*,*,#2270,.T.);
#2965 = ORIENTED_EDGE('',*,*,#2240,.T.);
#2966 = ORIENTED_EDGE('',*,*,#2216,.T.);
#2967 = ORIENTED_EDGE('',*,*,#2192,.T.);
#2968 = ORIENTED_EDGE('',*,*,#2162,.T.);
#2969 = ORIENTED_EDGE('',*,*,#2138,.T.);
#2970 = ORIENTED_EDGE('',*,*,#2108,.T.);
#2971 = ORIENTED_EDGE('',*,*,#2084,.T.);
#2972 = ORIENTED_EDGE('',*,*,#2060,.T.);
#2973 = ORIENTED_EDGE('',*,*,#2030,.T.);
#2974 = ORIENTED_EDGE('',*,*,#2006,.T.);
#2975 = ORIENTED_EDGE('',*,*,#1976,.T.);
#2976 = ORIENTED_EDGE('',*,*,#1952,.T.);
#2977 = ORIENTED_EDGE('',*,*,#1922,.T.);
#2978 = ORIENTED_EDGE('',*,*,#1898,.T.);
#2979 = ORIENTED_EDGE('',*,*,#1868,.T.);
#2980 = ORIENTED_EDGE('',*,*,#1844,.T.);
#2981 = ORIENTED_EDGE('',*,*,#1814,.T.);
#2982 = ORIENTED_EDGE('',*,*,#1790,.T.);
#2983 = ORIENTED_EDGE('',*,*,#1760,.T.);
#2984 = ORIENTED_EDGE('',*,*,#1736,.T.);
#2985 = ORIENTED_EDGE('',*,*,#1712,.T.);
#2986 = ORIENTED_EDGE('',*,*,#1682,.T.);
#2987 = ORIENTED_EDGE('',*,*,#1658,.T.);
#2988 = ORIENTED_EDGE('',*,*,#1628,.T.);
#2989 = ORIENTED_EDGE('',*,*,#1604,.T.);
#2990 = ORIENTED_EDGE('',*,*,#1580,.T.);
#2991 = ORIENTED_EDGE('',*,*,#1550,.T.);
#2992 = ORIENTED_EDGE('',*,*,#2409,.T.);
#2993 = ORIENTED_EDGE('',*,*,#2384,.F.);
#2994 = ORIENTED_EDGE('',*,*,#2366,.F.);
#2995 = ORIENTED_EDGE('',*,*,#2334,.F.);
#2996 = ORIENTED_EDGE('',*,*,#2317,.F.);
#2997 = ORIENTED_EDGE('',*,*,#2284,.F.);
#2998 = FACE_BOUND('',#2999,.T.);
#2999 = EDGE_LOOP('',(#3000,#3011));
#3000 = ORIENTED_EDGE('',*,*,#3001,.T.);
#3001 = EDGE_CURVE('',#3002,#3004,#3006,.T.);
#3002 = VERTEX_POINT('',#3003);
#3003 = CARTESIAN_POINT('',(4.2160800591,4.5,9.96077575386));
#3004 = VERTEX_POINT('',#3005);
#3005 = CARTESIAN_POINT('',(2.78391994423,4.5,7.33922424577));
#3006 = CIRCLE('',#3007,1.49362101152);
#3007 = AXIS2_PLACEMENT_3D('',#3008,#3009,#3010);
#3008 = CARTESIAN_POINT('',(3.50000000167,4.5,8.64999999981));
#3009 = DIRECTION('',(-3.74939945665E-33,-1.,-1.22464679915E-16));
#3010 = DIRECTION('',(0.,1.22464679915E-16,-1.));
#3011 = ORIENTED_EDGE('',*,*,#3012,.T.);
#3012 = EDGE_CURVE('',#3004,#3002,#3013,.T.);
#3013 = CIRCLE('',#3014,1.49362101152);
#3014 = AXIS2_PLACEMENT_3D('',#3015,#3016,#3017);
#3015 = CARTESIAN_POINT('',(3.50000000167,4.5,8.64999999981));
#3016 = DIRECTION('',(-3.74939945665E-33,-1.,-1.22464679915E-16));
#3017 = DIRECTION('',(0.,1.22464679915E-16,-1.));
#3018 = PLANE('',#3019);
#3019 = AXIS2_PLACEMENT_3D('',#3020,#3021,#3022);
#3020 = CARTESIAN_POINT('',(-3.69999999852,4.5,14.1));
#3021 = DIRECTION('',(-3.74939945665E-33,-1.,-1.22464679915E-16));
#3022 = DIRECTION('',(-1.,3.74939945665E-33,0.));
#3023 = ADVANCED_FACE('',(#3024),#3035,.T.);
#3024 = FACE_BOUND('',#3025,.T.);
#3025 = EDGE_LOOP('',(#3026,#3027,#3028,#3034));
#3026 = ORIENTED_EDGE('',*,*,#2829,.F.);
#3027 = ORIENTED_EDGE('',*,*,#2678,.F.);
#3028 = ORIENTED_EDGE('',*,*,#3029,.T.);
#3029 = EDGE_CURVE('',#2671,#2540,#3030,.T.);
#3030 = LINE('',#3031,#3032);
#3031 = CARTESIAN_POINT('',(3.50000000148,2.94999999967,9.16500000035));
#3032 = VECTOR('',#3033,1.);
#3033 = DIRECTION('',(1.,-1.25437057477E-09,1.25437015183E-09));
#3034 = ORIENTED_EDGE('',*,*,#2539,.T.);
#3035 = PLANE('',#3036);
#3036 = AXIS2_PLACEMENT_3D('',#3037,#3038,#3039);
#3037 = CARTESIAN_POINT('',(3.50000000148,3.,9.11500000002));
#3038 = DIRECTION('',(-2.651225781178E-33,-0.707106781187,
    -0.707106781187));
#3039 = DIRECTION('',(0.,-0.707106781187,0.707106781187));
#3040 = ADVANCED_FACE('',(#3041),#3052,.T.);
#3041 = FACE_BOUND('',#3042,.T.);
#3042 = EDGE_LOOP('',(#3043,#3044,#3045,#3051));
#3043 = ORIENTED_EDGE('',*,*,#3029,.F.);
#3044 = ORIENTED_EDGE('',*,*,#2670,.T.);
#3045 = ORIENTED_EDGE('',*,*,#3046,.F.);
#3046 = EDGE_CURVE('',#2550,#2663,#3047,.T.);
#3047 = LINE('',#3048,#3049);
#3048 = CARTESIAN_POINT('',(3.50000000163,7.,9.16500000002));
#3049 = VECTOR('',#3050,1.);
#3050 = DIRECTION('',(-1.,0.,0.));
#3051 = ORIENTED_EDGE('',*,*,#2549,.F.);
#3052 = PLANE('',#3053);
#3053 = AXIS2_PLACEMENT_3D('',#3054,#3055,#3056);
#3054 = CARTESIAN_POINT('',(2.96500000148,14.,9.16500000002));
#3055 = DIRECTION('',(4.59169004332E-49,1.22464679915E-16,-1.));
#3056 = DIRECTION('',(1.,-3.74939945665E-33,-1.172132882537E-61));
#3057 = ADVANCED_FACE('',(#3058,#3106),#3117,.T.);
#3058 = FACE_BOUND('',#3059,.T.);
#3059 = EDGE_LOOP('',(#3060,#3085));
#3060 = ORIENTED_EDGE('',*,*,#3061,.F.);
#3061 = EDGE_CURVE('',#3062,#3064,#3066,.T.);
#3062 = VERTEX_POINT('',#3063);
#3063 = CARTESIAN_POINT('',(4.11121931008,6.99999999992,9.76882943969));
#3064 = VERTEX_POINT('',#3065);
#3065 = CARTESIAN_POINT('',(2.88878069288,6.99999999992,7.53117056035));
#3066 = B_SPLINE_CURVE_WITH_KNOTS('',5,(#3067,#3068,#3069,#3070,#3071,
    #3072,#3073,#3074,#3075,#3076,#3077,#3078,#3079,#3080,#3081,#3082,
    #3083,#3084),.UNSPECIFIED.,.F.,.F.,(6,3,3,3,3,6),(0.,1.178220072,
    2.35644014963,3.53466025718,4.71288031911,5.68744990345),
  .UNSPECIFIED.);
#3067 = CARTESIAN_POINT('',(4.11121931075,7.,9.76882944035));
#3068 = CARTESIAN_POINT('',(3.96561108791,7.,9.84837557503));
#3069 = CARTESIAN_POINT('',(3.80706350545,7.,9.90423364695));
#3070 = CARTESIAN_POINT('',(3.64056817706,7.,9.93360132196));
#3071 = CARTESIAN_POINT('',(3.30438222848,7.,9.93711070893));
#3072 = CARTESIAN_POINT('',(2.98442405999,7.,9.83387984322));
#3073 = CARTESIAN_POINT('',(2.83417094356,7.,9.75637400207));
#3074 = CARTESIAN_POINT('',(2.56458092778,7.,9.55548962048));
#3075 = CARTESIAN_POINT('',(2.37256945384,7.,9.27951600055));
#3076 = CARTESIAN_POINT('',(2.29998709745,7.,9.1268236521));
#3077 = CARTESIAN_POINT('',(2.20721051553,7.,8.80367381689));
#3078 = CARTESIAN_POINT('',(2.22164651251,7.,8.46778477938));
#3079 = CARTESIAN_POINT('',(2.25640902362,7.,8.30233168852));
#3080 = CARTESIAN_POINT('',(2.36783532941,7.,8.01610733379));
#3081 = CARTESIAN_POINT('',(2.55689365825,7.,7.77563621754));
#3082 = CARTESIAN_POINT('',(2.65675405147,7.,7.67897064292));
#3083 = CARTESIAN_POINT('',(2.76834025109,7.,7.59696747256));
#3084 = CARTESIAN_POINT('',(2.88878069221,7.,7.53117055969));
#3085 = ORIENTED_EDGE('',*,*,#3086,.F.);
#3086 = EDGE_CURVE('',#3064,#3062,#3087,.T.);
#3087 = B_SPLINE_CURVE_WITH_KNOTS('',5,(#3088,#3089,#3090,#3091,#3092,
    #3093,#3094,#3095,#3096,#3097,#3098,#3099,#3100,#3101,#3102,#3103,
    #3104,#3105),.UNSPECIFIED.,.F.,.F.,(6,3,3,3,3,6),(0.,1.17822007208,
    2.35644014994,3.53466025755,4.71288031947,5.68744990371),
  .UNSPECIFIED.);
#3088 = CARTESIAN_POINT('',(2.88878069221,7.,7.53117055969));
#3089 = CARTESIAN_POINT('',(3.03438891506,7.,7.45162442501));
#3090 = CARTESIAN_POINT('',(3.19293649754,7.,7.39576635309));
#3091 = CARTESIAN_POINT('',(3.35943182588,7.,7.36639867808));
#3092 = CARTESIAN_POINT('',(3.6956177745,7.,7.36288929111));
#3093 = CARTESIAN_POINT('',(4.01557594304,7.,7.46612015684));
#3094 = CARTESIAN_POINT('',(4.16582905935,7.,7.54362599793));
#3095 = CARTESIAN_POINT('',(4.43541907517,7.,7.74451037954));
#3096 = CARTESIAN_POINT('',(4.62743054913,7.,8.0204839995));
#3097 = CARTESIAN_POINT('',(4.7000129055,7.,8.17317634792));
#3098 = CARTESIAN_POINT('',(4.79278948744,7.,8.49632618314));
#3099 = CARTESIAN_POINT('',(4.77835349044,7.,8.83221522066));
#3100 = CARTESIAN_POINT('',(4.74359097935,7.,8.99766831152));
#3101 = CARTESIAN_POINT('',(4.63216467355,7.,9.28389266624));
#3102 = CARTESIAN_POINT('',(4.44310634473,7.,9.52436378247));
#3103 = CARTESIAN_POINT('',(4.34324595146,7.,9.62102935714));
#3104 = CARTESIAN_POINT('',(4.23165975186,7.,9.70303252749));
#3105 = CARTESIAN_POINT('',(4.11121931075,7.,9.76882944035));
#3106 = FACE_BOUND('',#3107,.T.);
#3107 = EDGE_LOOP('',(#3108,#3109,#3110,#3111));
#3108 = ORIENTED_EDGE('',*,*,#2557,.T.);
#3109 = ORIENTED_EDGE('',*,*,#3046,.T.);
#3110 = ORIENTED_EDGE('',*,*,#2662,.T.);
#3111 = ORIENTED_EDGE('',*,*,#3112,.T.);
#3112 = EDGE_CURVE('',#2655,#2558,#3113,.T.);
#3113 = LINE('',#3114,#3115);
#3114 = CARTESIAN_POINT('',(3.50000000148,7.,8.13499999942));
#3115 = VECTOR('',#3116,1.);
#3116 = DIRECTION('',(1.,0.,0.));
#3117 = PLANE('',#3118);
#3118 = AXIS2_PLACEMENT_3D('',#3119,#3120,#3121);
#3119 = CARTESIAN_POINT('',(3.50000000148,7.,8.65000000002));
#3120 = DIRECTION('',(3.74939945665E-33,1.,1.22464679915E-16));
#3121 = DIRECTION('',(1.,-3.74939945665E-33,0.));
#3122 = ADVANCED_FACE('',(#3123),#3134,.T.);
#3123 = FACE_BOUND('',#3124,.T.);
#3124 = EDGE_LOOP('',(#3125,#3126,#3127,#3133));
#3125 = ORIENTED_EDGE('',*,*,#3112,.F.);
#3126 = ORIENTED_EDGE('',*,*,#2654,.F.);
#3127 = ORIENTED_EDGE('',*,*,#3128,.T.);
#3128 = EDGE_CURVE('',#2647,#2566,#3129,.T.);
#3129 = LINE('',#3130,#3131);
#3130 = CARTESIAN_POINT('',(3.50000000133,2.95000000112,8.13500000002));
#3131 = VECTOR('',#3132,1.);
#3132 = DIRECTION('',(1.,0.,0.));
#3133 = ORIENTED_EDGE('',*,*,#2565,.T.);
#3134 = PLANE('',#3135);
#3135 = AXIS2_PLACEMENT_3D('',#3136,#3137,#3138);
#3136 = CARTESIAN_POINT('',(4.03500000148,14.,8.13500000002));
#3137 = DIRECTION('',(-4.59169004332E-49,-1.22464679915E-16,1.));
#3138 = DIRECTION('',(-1.,3.74939945665E-33,1.172132882537E-61));
#3139 = ADVANCED_FACE('',(#3140),#3146,.F.);
#3140 = FACE_BOUND('',#3141,.T.);
#3141 = EDGE_LOOP('',(#3142,#3143,#3144,#3145));
#3142 = ORIENTED_EDGE('',*,*,#2573,.F.);
#3143 = ORIENTED_EDGE('',*,*,#3128,.F.);
#3144 = ORIENTED_EDGE('',*,*,#2646,.T.);
#3145 = ORIENTED_EDGE('',*,*,#2606,.T.);
#3146 = PLANE('',#3147);
#3147 = AXIS2_PLACEMENT_3D('',#3148,#3149,#3150);
#3148 = CARTESIAN_POINT('',(3.50000000148,3.,8.18500000002));
#3149 = DIRECTION('',(2.651225781178E-33,0.707106781187,-0.707106781187)
  );
#3150 = DIRECTION('',(-5.302451562347E-33,-0.707106781187,
    -0.707106781187));
#3151 = ADVANCED_FACE('',(#3152),#3163,.T.);
#3152 = FACE_BOUND('',#3153,.T.);
#3153 = EDGE_LOOP('',(#3154,#3155,#3161,#3162));
#3154 = ORIENTED_EDGE('',*,*,#2628,.T.);
#3155 = ORIENTED_EDGE('',*,*,#3156,.F.);
#3156 = EDGE_CURVE('',#2741,#2631,#3157,.T.);
#3157 = LINE('',#3158,#3159);
#3158 = CARTESIAN_POINT('',(2.85842308687,1.04999999985,6.73167218202));
#3159 = VECTOR('',#3160,1.);
#3160 = DIRECTION('',(0.422565389093,0.906194401278,-1.58176810437E-02)
  );
#3161 = ORIENTED_EDGE('',*,*,#2740,.F.);
#3162 = ORIENTED_EDGE('',*,*,#2715,.T.);
#3163 = PLANE('',#3164);
#3164 = AXIS2_PLACEMENT_3D('',#3165,#3166,#3167);
#3165 = CARTESIAN_POINT('',(2.97500000148,1.3,4.82050970131));
#3166 = DIRECTION('',(0.906307787037,-0.422618261741,-5.175581015018E-17
    ));
#3167 = DIRECTION('',(-1.551590792957E-28,-1.22464679915E-16,1.));
#3168 = ADVANCED_FACE('',(#3169),#3175,.T.);
#3169 = FACE_BOUND('',#3170,.T.);
#3170 = EDGE_LOOP('',(#3171,#3172,#3173,#3174));
#3171 = ORIENTED_EDGE('',*,*,#2812,.F.);
#3172 = ORIENTED_EDGE('',*,*,#2748,.F.);
#3173 = ORIENTED_EDGE('',*,*,#3156,.T.);
#3174 = ORIENTED_EDGE('',*,*,#2701,.T.);
#3175 = PLANE('',#3176);
#3176 = AXIS2_PLACEMENT_3D('',#3177,#3178,#3179);
#3177 = CARTESIAN_POINT('',(2.97500000148,1.3,4.82050970131));
#3178 = DIRECTION('',(0.906307787037,-0.422618261741,-5.175581015018E-17
    ));
#3179 = DIRECTION('',(-1.551590792957E-28,-1.22464679915E-16,1.));
#3180 = ADVANCED_FACE('',(#3181),#3187,.T.);
#3181 = FACE_BOUND('',#3182,.T.);
#3182 = EDGE_LOOP('',(#3183,#3184,#3185,#3186));
#3183 = ORIENTED_EDGE('',*,*,#2951,.F.);
#3184 = ORIENTED_EDGE('',*,*,#2926,.F.);
#3185 = ORIENTED_EDGE('',*,*,#2910,.F.);
#3186 = ORIENTED_EDGE('',*,*,#2886,.F.);
#3187 = PLANE('',#3188);
#3188 = AXIS2_PLACEMENT_3D('',#3189,#3190,#3191);
#3189 = CARTESIAN_POINT('',(7.29399998733E-10,-3.15,14.));
#3190 = DIRECTION('',(-4.59169004332E-49,-1.22464679915E-16,1.));
#3191 = DIRECTION('',(1.,-3.74939945665E-33,-1.172132882537E-61));
#3192 = ADVANCED_FACE('',(#3193),#3209,.T.);
#3193 = FACE_BOUND('',#3194,.T.);
#3194 = EDGE_LOOP('',(#3195,#3201,#3202,#3208));
#3195 = ORIENTED_EDGE('',*,*,#3196,.F.);
#3196 = EDGE_CURVE('',#3062,#3002,#3197,.T.);
#3197 = LINE('',#3198,#3199);
#3198 = CARTESIAN_POINT('',(2.08961558076E+04,-4.98083199889E+05,
    3.82523999297E+04));
#3199 = VECTOR('',#3200,1.);
#3200 = DIRECTION('',(4.178468890919E-02,-0.996194698092,
    7.648636000388E-02));
#3201 = ORIENTED_EDGE('',*,*,#3061,.T.);
#3202 = ORIENTED_EDGE('',*,*,#3203,.T.);
#3203 = EDGE_CURVE('',#3064,#3004,#3204,.T.);
#3204 = LINE('',#3205,#3206);
#3205 = CARTESIAN_POINT('',(-2.08891558076E+04,-4.98083199889E+05,
    -3.82350999297E+04));
#3206 = VECTOR('',#3207,1.);
#3207 = DIRECTION('',(-4.178468890919E-02,-0.996194698092,
    -7.648636000388E-02));
#3208 = ORIENTED_EDGE('',*,*,#3001,.F.);
#3209 = CONICAL_SURFACE('',#3210,1.29885840943,8.72664625997E-02);
#3210 = AXIS2_PLACEMENT_3D('',#3211,#3212,#3213);
#3211 = CARTESIAN_POINT('',(3.50000000148,6.72614672282,8.65000000002));
#3212 = DIRECTION('',(-3.74939945665E-33,-1.,-1.22464679915E-16));
#3213 = DIRECTION('',(0.479425538604,-1.074728675409E-16,0.87758256189)
  );
#3214 = ADVANCED_FACE('',(#3215),#3221,.T.);
#3215 = FACE_BOUND('',#3216,.T.);
#3216 = EDGE_LOOP('',(#3217,#3218,#3219,#3220));
#3217 = ORIENTED_EDGE('',*,*,#3086,.T.);
#3218 = ORIENTED_EDGE('',*,*,#3196,.T.);
#3219 = ORIENTED_EDGE('',*,*,#3012,.F.);
#3220 = ORIENTED_EDGE('',*,*,#3203,.F.);
#3221 = CONICAL_SURFACE('',#3222,1.29885840943,8.72664625997E-02);
#3222 = AXIS2_PLACEMENT_3D('',#3223,#3224,#3225);
#3223 = CARTESIAN_POINT('',(3.50000000148,6.72614672282,8.65000000002));
#3224 = DIRECTION('',(-3.74939945665E-33,-1.,-1.22464679915E-16));
#3225 = DIRECTION('',(-0.479425538604,1.074728675409E-16,-0.87758256189)
  );
#3226 = ( GEOMETRIC_REPRESENTATION_CONTEXT(3) 
GLOBAL_UNCERTAINTY_ASSIGNED_CONTEXT((#3230)) 
GLOBAL_UNIT_ASSIGNED_CONTEXT((#3227,#3228,#3229)) REPRESENTATION_CONTEXT
('Context #1','3D Context with UNIT and UNCERTAINTY') );
#3227 = ( LENGTH_UNIT() NAMED_UNIT(*) SI_UNIT(.MILLI.,.METRE.) );
#3228 = ( NAMED_UNIT(*) PLANE_ANGLE_UNIT() SI_UNIT($,.RADIAN.) );
#3229 = ( NAMED_UNIT(*) SI_UNIT($,.STERADIAN.) SOLID_ANGLE_UNIT() );
#3230 = UNCERTAINTY_MEASURE_WITH_UNIT(LENGTH_MEASURE(1.E-04),#3227,
  'distance_accuracy_value','confusion accuracy');
#3231 = CONTEXT_DEPENDENT_SHAPE_REPRESENTATION(#3232,#3234);
#3232 = ( REPRESENTATION_RELATIONSHIP('','',#68,#10) 
REPRESENTATION_RELATIONSHIP_WITH_TRANSFORMATION(#3233) 
SHAPE_REPRESENTATION_RELATIONSHIP() );
#3233 = ITEM_DEFINED_TRANSFORMATION('','',#11,#15);
#3234 = PRODUCT_DEFINITION_SHAPE('Placement','Placement of an item',
  #3235);
#3235 = NEXT_ASSEMBLY_USAGE_OCCURRENCE('963','8000078321','',#5,#63,$);
#3236 = PRODUCT_RELATED_PRODUCT_CATEGORY('part',$,(#65));
#3237 = SHAPE_DEFINITION_REPRESENTATION(#3238,#3244);
#3238 = PRODUCT_DEFINITION_SHAPE('','',#3239);
#3239 = PRODUCT_DEFINITION('design','',#3240,#3243);
#3240 = PRODUCT_DEFINITION_FORMATION('','',#3241);
#3241 = PRODUCT('8000078322','8000078322','',(#3242));
#3242 = PRODUCT_CONTEXT('',#2,'mechanical');
#3243 = PRODUCT_DEFINITION_CONTEXT('part definition',#2,'design');
#3244 = ADVANCED_BREP_SHAPE_REPRESENTATION('',(#11,#3245),#3953);
#3245 = MANIFOLD_SOLID_BREP('',#3246);
#3246 = CLOSED_SHELL('',(#3247,#3287,#3318,#3357,#3388,#3405,#3422,#3488
    ,#3542,#3635,#3673,#3698,#3744,#3767,#3798,#3824,#3837,#3868,#3892,
    #3921,#3941));
#3247 = ADVANCED_FACE('',(#3248),#3282,.T.);
#3248 = FACE_BOUND('',#3249,.T.);
#3249 = EDGE_LOOP('',(#3250,#3260,#3268,#3276));
#3250 = ORIENTED_EDGE('',*,*,#3251,.T.);
#3251 = EDGE_CURVE('',#3252,#3254,#3256,.T.);
#3252 = VERTEX_POINT('',#3253);
#3253 = CARTESIAN_POINT('',(3.30000000126,2.05000000028,
    6.95996191236E-10));
#3254 = VERTEX_POINT('',#3255);
#3255 = CARTESIAN_POINT('',(3.00000000087,2.34999999984,0.724264069641)
  );
#3256 = LINE('',#3257,#3258);
#3257 = CARTESIAN_POINT('',(3.15000000107,2.20000000006,0.362132035168)
  );
#3258 = VECTOR('',#3259,1.);
#3259 = DIRECTION('',(-0.357406744724,0.357406743737,0.862856209549));
#3260 = ORIENTED_EDGE('',*,*,#3261,.F.);
#3261 = EDGE_CURVE('',#3262,#3254,#3264,.T.);
#3262 = VERTEX_POINT('',#3263);
#3263 = CARTESIAN_POINT('',(4.00000000158,2.35000000035,0.724264070862)
  );
#3264 = LINE('',#3265,#3266);
#3265 = CARTESIAN_POINT('',(3.50000000123,2.3500000001,0.724264070251));
#3266 = VECTOR('',#3267,1.);
#3267 = DIRECTION('',(-1.,-5.05742558582E-10,-1.22093435275E-09));
#3268 = ORIENTED_EDGE('',*,*,#3269,.F.);
#3269 = EDGE_CURVE('',#3270,#3262,#3272,.T.);
#3270 = VERTEX_POINT('',#3271);
#3271 = CARTESIAN_POINT('',(3.70000000176,2.05000000021,
    5.24246149963E-10));
#3272 = LINE('',#3273,#3274);
#3273 = CARTESIAN_POINT('',(3.85000000167,2.20000000028,0.362132035693)
  );
#3274 = VECTOR('',#3275,1.);
#3275 = DIRECTION('',(0.357406743537,0.357406743911,0.862856209968));
#3276 = ORIENTED_EDGE('',*,*,#3277,.F.);
#3277 = EDGE_CURVE('',#3252,#3270,#3278,.T.);
#3278 = LINE('',#3279,#3280);
#3279 = CARTESIAN_POINT('',(3.50000000151,2.05000000025,6.1012116713E-10
    ));
#3280 = VECTOR('',#3281,1.);
#3281 = DIRECTION('',(1.,-1.7783774431E-10,-4.29375119995E-10));
#3282 = PLANE('',#3283);
#3283 = AXIS2_PLACEMENT_3D('',#3284,#3285,#3286);
#3284 = CARTESIAN_POINT('',(3.5000000015,2.2,0.362132035018));
#3285 = DIRECTION('',(-1.3794521081E-14,0.923879532752,-0.382683431784)
  );
#3286 = DIRECTION('',(-0.283396205999,0.366994526493,0.886003164752));
#3287 = ADVANCED_FACE('',(#3288),#3313,.T.);
#3288 = FACE_BOUND('',#3289,.T.);
#3289 = EDGE_LOOP('',(#3290,#3298,#3306,#3312));
#3290 = ORIENTED_EDGE('',*,*,#3291,.F.);
#3291 = EDGE_CURVE('',#3292,#3252,#3294,.T.);
#3292 = VERTEX_POINT('',#3293);
#3293 = CARTESIAN_POINT('',(3.3000000019,1.65000000029,
    -9.54913217943E-10));
#3294 = LINE('',#3295,#3296);
#3295 = CARTESIAN_POINT('',(3.3000000016,1.85000000027,
    -2.15033586423E-10));
#3296 = VECTOR('',#3297,1.);
#3297 = DIRECTION('',(-1.53235646406E-09,1.,3.69939815789E-09));
#3298 = ORIENTED_EDGE('',*,*,#3299,.F.);
#3299 = EDGE_CURVE('',#3300,#3292,#3302,.T.);
#3300 = VERTEX_POINT('',#3301);
#3301 = CARTESIAN_POINT('',(3.00000000097,1.34999999884,0.724264071289)
  );
#3302 = LINE('',#3303,#3304);
#3303 = CARTESIAN_POINT('',(3.15000000144,1.49999999957,0.362132035167)
  );
#3304 = VECTOR('',#3305,1.);
#3305 = DIRECTION('',(0.357406743784,0.357406744403,-0.862856209662));
#3306 = ORIENTED_EDGE('',*,*,#3307,.F.);
#3307 = EDGE_CURVE('',#3254,#3300,#3308,.T.);
#3308 = LINE('',#3309,#3310);
#3309 = CARTESIAN_POINT('',(3.00000000106,1.84999999946,0.724264071076)
  );
#3310 = VECTOR('',#3311,1.);
#3311 = DIRECTION('',(-1.76594294524E-10,-1.,4.26375489941E-10));
#3312 = ORIENTED_EDGE('',*,*,#3251,.F.);
#3313 = PLANE('',#3314);
#3314 = AXIS2_PLACEMENT_3D('',#3315,#3316,#3317);
#3315 = CARTESIAN_POINT('',(3.1500000015,1.85,0.362132035018));
#3316 = DIRECTION('',(-0.923879532752,-1.50573997715E-14,-0.382683431784
    ));
#3317 = DIRECTION('',(-0.366994526492,-0.283396206002,0.886003164751));
#3318 = ADVANCED_FACE('',(#3319),#3352,.T.);
#3319 = FACE_BOUND('',#3320,.T.);
#3320 = EDGE_LOOP('',(#3321,#3331,#3337,#3338,#3346));
#3321 = ORIENTED_EDGE('',*,*,#3322,.F.);
#3322 = EDGE_CURVE('',#3323,#3325,#3327,.T.);
#3323 = VERTEX_POINT('',#3324);
#3324 = CARTESIAN_POINT('',(4.00000000225,2.35,7.65000000039));
#3325 = VERTEX_POINT('',#3326);
#3326 = CARTESIAN_POINT('',(3.50000000225,2.35,7.65000000039));
#3327 = LINE('',#3328,#3329);
#3328 = CARTESIAN_POINT('',(3.75000000225,2.35,7.65000000039));
#3329 = VECTOR('',#3330,1.);
#3330 = DIRECTION('',(-1.,-1.59872115546E-14,-1.7763568394E-15));
#3331 = ORIENTED_EDGE('',*,*,#3332,.T.);
#3332 = EDGE_CURVE('',#3323,#3262,#3333,.T.);
#3333 = LINE('',#3334,#3335);
#3334 = CARTESIAN_POINT('',(4.00000000225,2.35,4.1871320354));
#3335 = VECTOR('',#3336,1.);
#3336 = DIRECTION('',(1.79540456083E-15,3.8472954875E-16,-1.));
#3337 = ORIENTED_EDGE('',*,*,#3261,.T.);
#3338 = ORIENTED_EDGE('',*,*,#3339,.F.);
#3339 = EDGE_CURVE('',#3340,#3254,#3342,.T.);
#3340 = VERTEX_POINT('',#3341);
#3341 = CARTESIAN_POINT('',(3.00000000225,2.35,7.65000003392));
#3342 = LINE('',#3343,#3344);
#3343 = CARTESIAN_POINT('',(3.00000000132,2.35,4.18713205217));
#3344 = VECTOR('',#3345,1.);
#3345 = DIRECTION('',(-2.68943650833E-10,3.84729546887E-16,-1.));
#3346 = ORIENTED_EDGE('',*,*,#3347,.F.);
#3347 = EDGE_CURVE('',#3325,#3340,#3348,.T.);
#3348 = LINE('',#3349,#3350);
#3349 = CARTESIAN_POINT('',(3.25000000225,2.35,7.65000001716));
#3350 = VECTOR('',#3351,1.);
#3351 = DIRECTION('',(-1.,-1.59872115546E-14,6.7055223596E-08));
#3352 = PLANE('',#3353);
#3353 = AXIS2_PLACEMENT_3D('',#3354,#3355,#3356);
#3354 = CARTESIAN_POINT('',(3.16833752246,2.35,1.50000000002));
#3355 = DIRECTION('',(-1.57817511984E-14,1.,3.87360353441E-16));
#3356 = DIRECTION('',(1.,1.57817511984E-14,1.79942526289E-15));
#3357 = ADVANCED_FACE('',(#3358),#3383,.T.);
#3358 = FACE_BOUND('',#3359,.T.);
#3359 = EDGE_LOOP('',(#3360,#3361,#3369,#3377));
#3360 = ORIENTED_EDGE('',*,*,#3269,.T.);
#3361 = ORIENTED_EDGE('',*,*,#3362,.F.);
#3362 = EDGE_CURVE('',#3363,#3262,#3365,.T.);
#3363 = VERTEX_POINT('',#3364);
#3364 = CARTESIAN_POINT('',(4.00000000185,1.34999999992,0.724264070862)
  );
#3365 = LINE('',#3366,#3367);
#3366 = CARTESIAN_POINT('',(4.00000000194,1.85000000054,0.724264071076)
  );
#3367 = VECTOR('',#3368,1.);
#3368 = DIRECTION('',(1.77836412042E-10,1.,4.29375534594E-10));
#3369 = ORIENTED_EDGE('',*,*,#3370,.F.);
#3370 = EDGE_CURVE('',#3371,#3363,#3373,.T.);
#3371 = VERTEX_POINT('',#3372);
#3372 = CARTESIAN_POINT('',(3.70000000151,1.65000000153,
    3.65608758546E-11));
#3373 = LINE('',#3374,#3375);
#3374 = CARTESIAN_POINT('',(3.85000000168,1.50000000072,0.362132035449)
  );
#3375 = VECTOR('',#3376,1.);
#3376 = DIRECTION('',(0.35740674367,-0.357406745184,0.862856209386));
#3377 = ORIENTED_EDGE('',*,*,#3378,.F.);
#3378 = EDGE_CURVE('',#3270,#3371,#3379,.T.);
#3379 = LINE('',#3380,#3381);
#3380 = CARTESIAN_POINT('',(3.70000000164,1.85000000088,
    3.66278557831E-10));
#3381 = VECTOR('',#3382,1.);
#3382 = DIRECTION('',(-6.82851555282E-10,-1.,-1.64858844989E-09));
#3383 = PLANE('',#3384);
#3384 = AXIS2_PLACEMENT_3D('',#3385,#3386,#3387);
#3385 = CARTESIAN_POINT('',(3.8500000015,1.85,0.362132035018));
#3386 = DIRECTION('',(0.923879532752,1.51684220739E-14,-0.382683431784)
  );
#3387 = DIRECTION('',(0.366994526493,0.283396205999,0.886003164752));
#3388 = ADVANCED_FACE('',(#3389),#3400,.T.);
#3389 = FACE_BOUND('',#3390,.T.);
#3390 = EDGE_LOOP('',(#3391,#3392,#3393,#3399));
#3391 = ORIENTED_EDGE('',*,*,#3277,.T.);
#3392 = ORIENTED_EDGE('',*,*,#3378,.T.);
#3393 = ORIENTED_EDGE('',*,*,#3394,.T.);
#3394 = EDGE_CURVE('',#3371,#3292,#3395,.T.);
#3395 = LINE('',#3396,#3397);
#3396 = CARTESIAN_POINT('',(3.5000000015,1.65000000075,1.79139856068E-11
    ));
#3397 = VECTOR('',#3398,1.);
#3398 = DIRECTION('',(-1.,-1.66533454314E-14,-1.79942526289E-15));
#3399 = ORIENTED_EDGE('',*,*,#3291,.T.);
#3400 = PLANE('',#3401);
#3401 = AXIS2_PLACEMENT_3D('',#3402,#3403,#3404);
#3402 = CARTESIAN_POINT('',(3.5000000015,1.85,1.79140422622E-11));
#3403 = DIRECTION('',(1.79942526289E-15,2.83276944882E-16,-1.));
#3404 = DIRECTION('',(1.6405384288E-14,-1.,-2.83276944882E-16));
#3405 = ADVANCED_FACE('',(#3406),#3417,.T.);
#3406 = FACE_BOUND('',#3407,.T.);
#3407 = EDGE_LOOP('',(#3408,#3409,#3415,#3416));
#3408 = ORIENTED_EDGE('',*,*,#3370,.T.);
#3409 = ORIENTED_EDGE('',*,*,#3410,.F.);
#3410 = EDGE_CURVE('',#3300,#3363,#3411,.T.);
#3411 = LINE('',#3412,#3413);
#3412 = CARTESIAN_POINT('',(3.50000000204,1.34999999956,0.724264071076)
  );
#3413 = VECTOR('',#3414,1.);
#3414 = DIRECTION('',(1.,-1.76960890166E-10,4.27261558936E-10));
#3415 = ORIENTED_EDGE('',*,*,#3299,.T.);
#3416 = ORIENTED_EDGE('',*,*,#3394,.F.);
#3417 = PLANE('',#3418);
#3418 = AXIS2_PLACEMENT_3D('',#3419,#3420,#3421);
#3419 = CARTESIAN_POINT('',(3.5000000015,1.5,0.362132035018));
#3420 = DIRECTION('',(1.52655665886E-14,-0.923879532752,-0.382683431784)
  );
#3421 = DIRECTION('',(0.283396206001,-0.366994526492,0.886003164751));
#3422 = ADVANCED_FACE('',(#3423),#3483,.F.);
#3423 = FACE_BOUND('',#3424,.T.);
#3424 = EDGE_LOOP('',(#3425,#3442,#3443,#3444,#3452,#3461,#3469,#3477));
#3425 = ORIENTED_EDGE('',*,*,#3426,.F.);
#3426 = EDGE_CURVE('',#3340,#3427,#3429,.T.);
#3427 = VERTEX_POINT('',#3428);
#3428 = CARTESIAN_POINT('',(3.0000000015,2.84999999927,8.15000000039));
#3429 = B_SPLINE_CURVE_WITH_KNOTS('',5,(#3430,#3431,#3432,#3433,#3434,
    #3435,#3436,#3437,#3438,#3439,#3440,#3441),.UNSPECIFIED.,.F.,.F.,(6,
    3,3,6),(0.,0.445586214379,0.891175404746,1.11397371484),
  .UNSPECIFIED.);
#3430 = CARTESIAN_POINT('',(3.0000000015,2.34999999927,7.65000003392));
#3431 = CARTESIAN_POINT('',(3.0000000015,2.35000000347,7.71276096053));
#3432 = CARTESIAN_POINT('',(3.0000000015,2.35984739111,7.77552052725));
#3433 = CARTESIAN_POINT('',(3.0000000015,2.3795901105,7.83633359367));
#3434 = CARTESIAN_POINT('',(3.0000000015,2.43738537377,7.94948887996));
#3435 = CARTESIAN_POINT('',(3.0000000015,2.52705528243,8.03950196415));
#3436 = CARTESIAN_POINT('',(3.0000000015,2.57875225124,8.07711761673));
#3437 = CARTESIAN_POINT('',(3.0000000015,2.6636817216,8.12033884212));
#3438 = CARTESIAN_POINT('',(3.0000000015,2.75547810398,8.14249229473));
#3439 = CARTESIAN_POINT('',(3.0000000015,2.78723753859,8.14753764121));
#3440 = CARTESIAN_POINT('',(3.0000000015,2.81861880313,8.15000000039));
#3441 = CARTESIAN_POINT('',(3.0000000015,2.84999999927,8.15000000039));
#3442 = ORIENTED_EDGE('',*,*,#3339,.T.);
#3443 = ORIENTED_EDGE('',*,*,#3307,.T.);
#3444 = ORIENTED_EDGE('',*,*,#3445,.T.);
#3445 = EDGE_CURVE('',#3300,#3446,#3448,.T.);
#3446 = VERTEX_POINT('',#3447);
#3447 = CARTESIAN_POINT('',(3.0000000015,1.34999999927,7.65000000039));
#3448 = LINE('',#3449,#3450);
#3449 = CARTESIAN_POINT('',(3.0000000015,1.34999999927,4.1871320354));
#3450 = VECTOR('',#3451,1.);
#3451 = DIRECTION('',(-5.77094323124E-16,-3.8472954875E-16,1.));
#3452 = ORIENTED_EDGE('',*,*,#3453,.F.);
#3453 = EDGE_CURVE('',#3454,#3446,#3456,.T.);
#3454 = VERTEX_POINT('',#3455);
#3455 = CARTESIAN_POINT('',(3.0000000015,2.84999999927,9.15000000039));
#3456 = CIRCLE('',#3457,1.49999999838);
#3457 = AXIS2_PLACEMENT_3D('',#3458,#3459,#3460);
#3458 = CARTESIAN_POINT('',(3.0000000015,2.84999999765,7.65000000201));
#3459 = DIRECTION('',(1.,1.6405384288E-14,6.28486916602E-16));
#3460 = DIRECTION('',(-1.6405384288E-14,1.,0.));
#3461 = ORIENTED_EDGE('',*,*,#3462,.F.);
#3462 = EDGE_CURVE('',#3463,#3454,#3465,.T.);
#3463 = VERTEX_POINT('',#3464);
#3464 = CARTESIAN_POINT('',(3.0000000015,10.8240816292,9.15000000039));
#3465 = LINE('',#3466,#3467);
#3466 = CARTESIAN_POINT('',(3.0000000015,6.83704081421,9.15000000039));
#3467 = VECTOR('',#3468,1.);
#3468 = DIRECTION('',(1.63733246982E-14,-1.,-4.45532644848E-16));
#3469 = ORIENTED_EDGE('',*,*,#3470,.F.);
#3470 = EDGE_CURVE('',#3471,#3463,#3473,.T.);
#3471 = VERTEX_POINT('',#3472);
#3472 = CARTESIAN_POINT('',(3.0000000015,10.8240816292,8.15000000039));
#3473 = LINE('',#3474,#3475);
#3474 = CARTESIAN_POINT('',(3.0000000015,10.8240816292,8.65000000039));
#3475 = VECTOR('',#3476,1.);
#3476 = DIRECTION('',(-8.881784197E-16,-1.7763568394E-15,1.));
#3477 = ORIENTED_EDGE('',*,*,#3478,.F.);
#3478 = EDGE_CURVE('',#3427,#3471,#3479,.T.);
#3479 = LINE('',#3480,#3481);
#3480 = CARTESIAN_POINT('',(3.0000000015,6.83704081421,8.15000000039));
#3481 = VECTOR('',#3482,1.);
#3482 = DIRECTION('',(-1.63733246982E-14,1.,4.45532644848E-16));
#3483 = PLANE('',#3484);
#3484 = AXIS2_PLACEMENT_3D('',#3485,#3486,#3487);
#3485 = CARTESIAN_POINT('',(3.0000000015,-2.0932684861,8.03166247906));
#3486 = DIRECTION('',(1.,1.6405384288E-14,6.28486916602E-16));
#3487 = DIRECTION('',(6.28486916602E-16,3.87360353441E-16,-1.));
#3488 = ADVANCED_FACE('',(#3489),#3525,.F.);
#3489 = FACE_BOUND('',#3490,.F.);
#3490 = EDGE_LOOP('',(#3491,#3510,#3517,#3518));
#3491 = ORIENTED_EDGE('',*,*,#3492,.T.);
#3492 = EDGE_CURVE('',#3493,#3495,#3497,.T.);
#3493 = VERTEX_POINT('',#3494);
#3494 = CARTESIAN_POINT('',(4.00000000075,2.84999999927,8.15000000002));
#3495 = VERTEX_POINT('',#3496);
#3496 = CARTESIAN_POINT('',(3.5000000015,2.85,8.15000000002));
#3497 = B_SPLINE_CURVE_WITH_KNOTS('',5,(#3498,#3499,#3500,#3501,#3502,
    #3503,#3504,#3505,#3506,#3507,#3508,#3509),.UNSPECIFIED.,.F.,.F.,(6,
    3,3,6),(1.06799649385,1.0705027753,1.23633401481,1.56799649385),
  .UNSPECIFIED.);
#3498 = CARTESIAN_POINT('',(4.0000000015,2.85,8.15000000002));
#3499 = CARTESIAN_POINT('',(3.99949874521,2.85,8.15000000002));
#3500 = CARTESIAN_POINT('',(3.99899748892,2.85,8.15000000002));
#3501 = CARTESIAN_POINT('',(3.99849623263,2.85,8.15000000002));
#3502 = CARTESIAN_POINT('',(3.96482872844,2.85,8.15000000002));
#3503 = CARTESIAN_POINT('',(3.93116122425,2.85,8.15000000002));
#3504 = CARTESIAN_POINT('',(3.89799497634,2.85,8.15000000002));
#3505 = CARTESIAN_POINT('',(3.79849623263,2.85,8.15000000002));
#3506 = CARTESIAN_POINT('',(3.69899748892,2.85,8.15000000002));
#3507 = CARTESIAN_POINT('',(3.63266499311,2.85,8.15000000002));
#3508 = CARTESIAN_POINT('',(3.56633249731,2.85,8.15000000002));
#3509 = CARTESIAN_POINT('',(3.5000000015,2.85,8.15000000002));
#3510 = ORIENTED_EDGE('',*,*,#3511,.F.);
#3511 = EDGE_CURVE('',#3325,#3495,#3512,.T.);
#3512 = CIRCLE('',#3513,0.5);
#3513 = AXIS2_PLACEMENT_3D('',#3514,#3515,#3516);
#3514 = CARTESIAN_POINT('',(3.5000000015,2.85,7.65000000002));
#3515 = DIRECTION('',(-1.,-1.6405384288E-14,-6.28486916602E-16));
#3516 = DIRECTION('',(1.6405384288E-14,-1.,0.));
#3517 = ORIENTED_EDGE('',*,*,#3322,.F.);
#3518 = ORIENTED_EDGE('',*,*,#3519,.T.);
#3519 = EDGE_CURVE('',#3323,#3493,#3520,.T.);
#3520 = CIRCLE('',#3521,0.5);
#3521 = AXIS2_PLACEMENT_3D('',#3522,#3523,#3524);
#3522 = CARTESIAN_POINT('',(4.0000000015,2.85,7.65000000002));
#3523 = DIRECTION('',(-1.,-1.6405384288E-14,-6.28486916602E-16));
#3524 = DIRECTION('',(1.6405384288E-14,-1.,0.));
#3525 = SURFACE_OF_REVOLUTION('',#3526,#3539);
#3526 = B_SPLINE_CURVE_WITH_KNOTS('',5,(#3527,#3528,#3529,#3530,#3531,
    #3532,#3533,#3534,#3535,#3536,#3537,#3538),.UNSPECIFIED.,.F.,.F.,(6,
    3,3,6),(1.06799649385,1.0705027753,1.23633401481,1.56799649385),
  .UNSPECIFIED.);
#3527 = CARTESIAN_POINT('',(4.0000000015,2.35,7.65000000002));
#3528 = CARTESIAN_POINT('',(3.99949874521,2.35,7.65000000002));
#3529 = CARTESIAN_POINT('',(3.99899748892,2.35,7.65000000002));
#3530 = CARTESIAN_POINT('',(3.99849623263,2.35,7.65000000002));
#3531 = CARTESIAN_POINT('',(3.96482872844,2.35,7.65000000002));
#3532 = CARTESIAN_POINT('',(3.93116122425,2.35,7.65000000002));
#3533 = CARTESIAN_POINT('',(3.89799497634,2.35,7.65000000002));
#3534 = CARTESIAN_POINT('',(3.79849623263,2.35,7.65000000002));
#3535 = CARTESIAN_POINT('',(3.69899748892,2.35,7.65000000002));
#3536 = CARTESIAN_POINT('',(3.63266499311,2.35,7.65000000002));
#3537 = CARTESIAN_POINT('',(3.56633249731,2.35,7.65000000002));
#3538 = CARTESIAN_POINT('',(3.5000000015,2.35,7.65000000002));
#3539 = AXIS1_PLACEMENT('',#3540,#3541);
#3540 = CARTESIAN_POINT('',(3.5000000015,2.85,7.65000000002));
#3541 = DIRECTION('',(-1.,-1.6405384288E-14,-6.28486916602E-16));
#3542 = ADVANCED_FACE('',(#3543),#3630,.F.);
#3543 = FACE_BOUND('',#3544,.T.);
#3544 = EDGE_LOOP('',(#3545,#3553,#3561,#3569,#3580,#3588,#3596,#3604,
    #3612,#3621,#3627,#3628,#3629));
#3545 = ORIENTED_EDGE('',*,*,#3546,.F.);
#3546 = EDGE_CURVE('',#3547,#3493,#3549,.T.);
#3547 = VERTEX_POINT('',#3548);
#3548 = CARTESIAN_POINT('',(4.0000000015,5.31535924376,8.15000000002));
#3549 = LINE('',#3550,#3551);
#3550 = CARTESIAN_POINT('',(4.0000000015,4.08267962152,8.15000000002));
#3551 = VECTOR('',#3552,1.);
#3552 = DIRECTION('',(1.6572111102E-14,-1.,-7.20526569654E-16));
#3553 = ORIENTED_EDGE('',*,*,#3554,.T.);
#3554 = EDGE_CURVE('',#3547,#3555,#3557,.T.);
#3555 = VERTEX_POINT('',#3556);
#3556 = CARTESIAN_POINT('',(4.0000000015,5.3153586235,8.31820945779));
#3557 = LINE('',#3558,#3559);
#3558 = CARTESIAN_POINT('',(4.0000000015,5.31535893363,8.23410472891));
#3559 = VECTOR('',#3560,1.);
#3560 = DIRECTION('',(0.,-3.687431390081E-06,0.999999999993));
#3561 = ORIENTED_EDGE('',*,*,#3562,.T.);
#3562 = EDGE_CURVE('',#3555,#3563,#3565,.T.);
#3563 = VERTEX_POINT('',#3564);
#3564 = CARTESIAN_POINT('',(4.0000000015,5.31470807792,8.9816625301));
#3565 = LINE('',#3566,#3567);
#3566 = CARTESIAN_POINT('',(4.0000000015,5.31503335071,8.64993599395));
#3567 = VECTOR('',#3568,1.);
#3568 = DIRECTION('',(0.,-9.805445126231E-04,0.999999519266));
#3569 = ORIENTED_EDGE('',*,*,#3570,.T.);
#3570 = EDGE_CURVE('',#3563,#3571,#3573,.T.);
#3571 = VERTEX_POINT('',#3572);
#3572 = CARTESIAN_POINT('',(4.0000000015,5.34999998623,8.98276249843));
#3573 = B_SPLINE_CURVE_WITH_KNOTS('',5,(#3574,#3575,#3576,#3577,#3578,
    #3579),.UNSPECIFIED.,.F.,.F.,(6,6),(0.,4.99345315879E-02),
  .PIECEWISE_BEZIER_KNOTS.);
#3574 = CARTESIAN_POINT('',(4.0000000015,5.31470807792,8.9816625301));
#3575 = CARTESIAN_POINT('',(4.0000000015,5.32176645191,8.98188255083));
#3576 = CARTESIAN_POINT('',(4.0000000015,5.32882483161,8.98210255143));
#3577 = CARTESIAN_POINT('',(4.0000000015,5.33588321529,8.98232253785));
#3578 = CARTESIAN_POINT('',(4.0000000015,5.34294160074,8.98254251822));
#3579 = CARTESIAN_POINT('',(4.0000000015,5.34999998623,8.98276249843));
#3580 = ORIENTED_EDGE('',*,*,#3581,.F.);
#3581 = EDGE_CURVE('',#3582,#3571,#3584,.T.);
#3582 = VERTEX_POINT('',#3583);
#3583 = CARTESIAN_POINT('',(4.0000000015,5.34999999927,8.15000000002));
#3584 = LINE('',#3585,#3586);
#3585 = CARTESIAN_POINT('',(4.0000000015,5.34999999275,8.56638124923));
#3586 = VECTOR('',#3587,1.);
#3587 = DIRECTION('',(0.,-1.56569442903E-08,1.));
#3588 = ORIENTED_EDGE('',*,*,#3589,.F.);
#3589 = EDGE_CURVE('',#3590,#3582,#3592,.T.);
#3590 = VERTEX_POINT('',#3591);
#3591 = CARTESIAN_POINT('',(4.0000000015,10.8240816292,8.15000000002));
#3592 = LINE('',#3593,#3594);
#3593 = CARTESIAN_POINT('',(4.0000000015,8.08704081421,8.15000000002));
#3594 = VECTOR('',#3595,1.);
#3595 = DIRECTION('',(1.65496616482E-14,-1.,-3.24503169573E-16));
#3596 = ORIENTED_EDGE('',*,*,#3597,.T.);
#3597 = EDGE_CURVE('',#3590,#3598,#3600,.T.);
#3598 = VERTEX_POINT('',#3599);
#3599 = CARTESIAN_POINT('',(4.0000000015,10.8240816292,9.15000000002));
#3600 = LINE('',#3601,#3602);
#3601 = CARTESIAN_POINT('',(4.0000000015,10.8240816292,8.65000000002));
#3602 = VECTOR('',#3603,1.);
#3603 = DIRECTION('',(0.,0.,1.));
#3604 = ORIENTED_EDGE('',*,*,#3605,.F.);
#3605 = EDGE_CURVE('',#3606,#3598,#3608,.T.);
#3606 = VERTEX_POINT('',#3607);
#3607 = CARTESIAN_POINT('',(4.0000000015,2.84999999927,9.15000000002));
#3608 = LINE('',#3609,#3610);
#3609 = CARTESIAN_POINT('',(4.0000000015,6.83704081421,9.15000000002));
#3610 = VECTOR('',#3611,1.);
#3611 = DIRECTION('',(-1.64847078594E-14,1.,4.45532644848E-16));
#3612 = ORIENTED_EDGE('',*,*,#3613,.F.);
#3613 = EDGE_CURVE('',#3614,#3606,#3616,.T.);
#3614 = VERTEX_POINT('',#3615);
#3615 = CARTESIAN_POINT('',(4.0000000015,1.34999999927,7.65000000002));
#3616 = CIRCLE('',#3617,1.49999999838);
#3617 = AXIS2_PLACEMENT_3D('',#3618,#3619,#3620);
#3618 = CARTESIAN_POINT('',(4.0000000015,2.84999999765,7.65000000164));
#3619 = DIRECTION('',(-1.,-1.6405384288E-14,-6.28486916602E-16));
#3620 = DIRECTION('',(1.6405384288E-14,-1.,0.));
#3621 = ORIENTED_EDGE('',*,*,#3622,.T.);
#3622 = EDGE_CURVE('',#3614,#3363,#3623,.T.);
#3623 = LINE('',#3624,#3625);
#3624 = CARTESIAN_POINT('',(4.0000000015,1.34999999927,4.18713203503));
#3625 = VECTOR('',#3626,1.);
#3626 = DIRECTION('',(6.41215914583E-16,3.8472954875E-16,-1.));
#3627 = ORIENTED_EDGE('',*,*,#3362,.T.);
#3628 = ORIENTED_EDGE('',*,*,#3332,.F.);
#3629 = ORIENTED_EDGE('',*,*,#3519,.T.);
#3630 = PLANE('',#3631);
#3631 = AXIS2_PLACEMENT_3D('',#3632,#3633,#3634);
#3632 = CARTESIAN_POINT('',(4.0000000015,-2.0932684861,7.36833752098));
#3633 = DIRECTION('',(-1.,-1.6405384288E-14,-6.28486916602E-16));
#3634 = DIRECTION('',(-6.28486916602E-16,-3.87360353441E-16,1.));
#3635 = ADVANCED_FACE('',(#3636),#3656,.F.);
#3636 = FACE_BOUND('',#3637,.F.);
#3637 = EDGE_LOOP('',(#3638,#3653,#3654,#3655));
#3638 = ORIENTED_EDGE('',*,*,#3639,.T.);
#3639 = EDGE_CURVE('',#3495,#3427,#3640,.T.);
#3640 = B_SPLINE_CURVE_WITH_KNOTS('',5,(#3641,#3642,#3643,#3644,#3645,
    #3646,#3647,#3648,#3649,#3650,#3651,#3652),.UNSPECIFIED.,.F.,.F.,(6,
    3,3,6),(1.56799649385,1.89965897288,2.0654902124,2.06799649385),
  .UNSPECIFIED.);
#3641 = CARTESIAN_POINT('',(3.5000000015,2.85,8.15000000002));
#3642 = CARTESIAN_POINT('',(3.43366750569,2.85,8.15000000002));
#3643 = CARTESIAN_POINT('',(3.36733500989,2.85,8.15000000002));
#3644 = CARTESIAN_POINT('',(3.30100251408,2.85,8.15000000002));
#3645 = CARTESIAN_POINT('',(3.20150377037,2.85,8.15000000002));
#3646 = CARTESIAN_POINT('',(3.10200502666,2.85,8.15000000002));
#3647 = CARTESIAN_POINT('',(3.06883877875,2.85,8.15000000002));
#3648 = CARTESIAN_POINT('',(3.03517127456,2.85,8.15000000002));
#3649 = CARTESIAN_POINT('',(3.00150377037,2.85,8.15000000002));
#3650 = CARTESIAN_POINT('',(3.00100251408,2.85,8.15000000002));
#3651 = CARTESIAN_POINT('',(3.00050125779,2.85,8.15000000002));
#3652 = CARTESIAN_POINT('',(3.0000000015,2.85,8.15000000002));
#3653 = ORIENTED_EDGE('',*,*,#3426,.F.);
#3654 = ORIENTED_EDGE('',*,*,#3347,.F.);
#3655 = ORIENTED_EDGE('',*,*,#3511,.T.);
#3656 = SURFACE_OF_REVOLUTION('',#3657,#3670);
#3657 = B_SPLINE_CURVE_WITH_KNOTS('',5,(#3658,#3659,#3660,#3661,#3662,
    #3663,#3664,#3665,#3666,#3667,#3668,#3669),.UNSPECIFIED.,.F.,.F.,(6,
    3,3,6),(1.56799649385,1.89965897288,2.0654902124,2.06799649385),
  .UNSPECIFIED.);
#3658 = CARTESIAN_POINT('',(3.5000000015,2.35,7.65000000002));
#3659 = CARTESIAN_POINT('',(3.43366750569,2.35,7.65000000002));
#3660 = CARTESIAN_POINT('',(3.36733500989,2.35,7.65000000002));
#3661 = CARTESIAN_POINT('',(3.30100251408,2.35,7.65000000002));
#3662 = CARTESIAN_POINT('',(3.20150377037,2.35,7.65000000002));
#3663 = CARTESIAN_POINT('',(3.10200502666,2.35,7.65000000002));
#3664 = CARTESIAN_POINT('',(3.06883877875,2.35,7.65000000002));
#3665 = CARTESIAN_POINT('',(3.03517127456,2.35,7.65000000002));
#3666 = CARTESIAN_POINT('',(3.00150377037,2.35,7.65000000002));
#3667 = CARTESIAN_POINT('',(3.00100251408,2.35,7.65000000002));
#3668 = CARTESIAN_POINT('',(3.00050125779,2.35,7.65000000002));
#3669 = CARTESIAN_POINT('',(3.0000000015,2.35,7.65000000002));
#3670 = AXIS1_PLACEMENT('',#3671,#3672);
#3671 = CARTESIAN_POINT('',(3.5000000015,2.85,7.65000000002));
#3672 = DIRECTION('',(-1.,-1.6405384288E-14,-6.28486916602E-16));
#3673 = ADVANCED_FACE('',(#3674),#3693,.T.);
#3674 = FACE_BOUND('',#3675,.T.);
#3675 = EDGE_LOOP('',(#3676,#3684,#3685,#3686,#3687));
#3676 = ORIENTED_EDGE('',*,*,#3677,.F.);
#3677 = EDGE_CURVE('',#3446,#3678,#3680,.T.);
#3678 = VERTEX_POINT('',#3679);
#3679 = CARTESIAN_POINT('',(3.50000000075,1.35,7.65000000039));
#3680 = LINE('',#3681,#3682);
#3681 = CARTESIAN_POINT('',(3.25000000075,1.35,7.65000000039));
#3682 = VECTOR('',#3683,1.);
#3683 = DIRECTION('',(1.,1.55431223448E-14,1.7763568394E-15));
#3684 = ORIENTED_EDGE('',*,*,#3445,.F.);
#3685 = ORIENTED_EDGE('',*,*,#3410,.T.);
#3686 = ORIENTED_EDGE('',*,*,#3622,.F.);
#3687 = ORIENTED_EDGE('',*,*,#3688,.F.);
#3688 = EDGE_CURVE('',#3678,#3614,#3689,.T.);
#3689 = LINE('',#3690,#3691);
#3690 = CARTESIAN_POINT('',(3.75000000075,1.35,7.65000000039));
#3691 = VECTOR('',#3692,1.);
#3692 = DIRECTION('',(1.,1.59872115546E-14,1.7763568394E-15));
#3693 = PLANE('',#3694);
#3694 = AXIS2_PLACEMENT_3D('',#3695,#3696,#3697);
#3695 = CARTESIAN_POINT('',(3.83166248054,1.35,1.50000000002));
#3696 = DIRECTION('',(1.57817511984E-14,-1.,-3.87360353441E-16));
#3697 = DIRECTION('',(-1.,-1.57817511984E-14,-1.79942526289E-15));
#3698 = ADVANCED_FACE('',(#3699),#3727,.F.);
#3699 = FACE_BOUND('',#3700,.F.);
#3700 = EDGE_LOOP('',(#3701,#3702,#3703,#3720));
#3701 = ORIENTED_EDGE('',*,*,#3677,.F.);
#3702 = ORIENTED_EDGE('',*,*,#3453,.F.);
#3703 = ORIENTED_EDGE('',*,*,#3704,.T.);
#3704 = EDGE_CURVE('',#3454,#3705,#3707,.T.);
#3705 = VERTEX_POINT('',#3706);
#3706 = CARTESIAN_POINT('',(3.5000000015,2.85,9.15000000002));
#3707 = B_SPLINE_CURVE_WITH_KNOTS('',5,(#3708,#3709,#3710,#3711,#3712,
    #3713,#3714,#3715,#3716,#3717,#3718,#3719),.UNSPECIFIED.,.F.,.F.,(6,
    3,3,6),(2.96765546673,2.97016174818,3.1359929877,3.46765546673),
  .UNSPECIFIED.);
#3708 = CARTESIAN_POINT('',(3.0000000015,2.85,9.15000000002));
#3709 = CARTESIAN_POINT('',(3.00050125779,2.85,9.15000000002));
#3710 = CARTESIAN_POINT('',(3.00100251408,2.85,9.15000000002));
#3711 = CARTESIAN_POINT('',(3.00150377037,2.85,9.15000000002));
#3712 = CARTESIAN_POINT('',(3.03517127456,2.85,9.15000000002));
#3713 = CARTESIAN_POINT('',(3.06883877875,2.85,9.15000000002));
#3714 = CARTESIAN_POINT('',(3.10200502666,2.85,9.15000000002));
#3715 = CARTESIAN_POINT('',(3.20150377037,2.85,9.15000000002));
#3716 = CARTESIAN_POINT('',(3.30100251408,2.85,9.15000000002));
#3717 = CARTESIAN_POINT('',(3.36733500989,2.85,9.15000000002));
#3718 = CARTESIAN_POINT('',(3.43366750569,2.85,9.15000000002));
#3719 = CARTESIAN_POINT('',(3.5000000015,2.85,9.15000000002));
#3720 = ORIENTED_EDGE('',*,*,#3721,.F.);
#3721 = EDGE_CURVE('',#3678,#3705,#3722,.T.);
#3722 = CIRCLE('',#3723,1.5);
#3723 = AXIS2_PLACEMENT_3D('',#3724,#3725,#3726);
#3724 = CARTESIAN_POINT('',(3.5000000015,2.85,7.65000000002));
#3725 = DIRECTION('',(-1.,-1.6405384288E-14,-6.28486916602E-16));
#3726 = DIRECTION('',(1.6405384288E-14,-1.,0.));
#3727 = SURFACE_OF_REVOLUTION('',#3728,#3741);
#3728 = B_SPLINE_CURVE_WITH_KNOTS('',5,(#3729,#3730,#3731,#3732,#3733,
    #3734,#3735,#3736,#3737,#3738,#3739,#3740),.UNSPECIFIED.,.F.,.F.,(6,
    3,3,6),(2.96765546673,2.97016174818,3.1359929877,3.46765546673),
  .UNSPECIFIED.);
#3729 = CARTESIAN_POINT('',(3.0000000015,1.35,7.65000000002));
#3730 = CARTESIAN_POINT('',(3.00050125779,1.35,7.65000000002));
#3731 = CARTESIAN_POINT('',(3.00100251408,1.35,7.65000000002));
#3732 = CARTESIAN_POINT('',(3.00150377037,1.35,7.65000000002));
#3733 = CARTESIAN_POINT('',(3.03517127456,1.35,7.65000000002));
#3734 = CARTESIAN_POINT('',(3.06883877875,1.35,7.65000000002));
#3735 = CARTESIAN_POINT('',(3.10200502666,1.35,7.65000000002));
#3736 = CARTESIAN_POINT('',(3.20150377037,1.35,7.65000000002));
#3737 = CARTESIAN_POINT('',(3.30100251408,1.35,7.65000000002));
#3738 = CARTESIAN_POINT('',(3.36733500989,1.35,7.65000000002));
#3739 = CARTESIAN_POINT('',(3.43366750569,1.35,7.65000000002));
#3740 = CARTESIAN_POINT('',(3.5000000015,1.35,7.65000000002));
#3741 = AXIS1_PLACEMENT('',#3742,#3743);
#3742 = CARTESIAN_POINT('',(3.5000000015,2.85,7.65000000002));
#3743 = DIRECTION('',(-1.,-1.6405384288E-14,-6.28486916602E-16));
#3744 = ADVANCED_FACE('',(#3745),#3762,.T.);
#3745 = FACE_BOUND('',#3746,.T.);
#3746 = EDGE_LOOP('',(#3747,#3753,#3754,#3755,#3761));
#3747 = ORIENTED_EDGE('',*,*,#3748,.F.);
#3748 = EDGE_CURVE('',#3463,#3598,#3749,.T.);
#3749 = LINE('',#3750,#3751);
#3750 = CARTESIAN_POINT('',(3.50000000225,10.8240816292,9.15000000002));
#3751 = VECTOR('',#3752,1.);
#3752 = DIRECTION('',(1.,1.59872115546E-14,1.7763568394E-15));
#3753 = ORIENTED_EDGE('',*,*,#3462,.T.);
#3754 = ORIENTED_EDGE('',*,*,#3704,.T.);
#3755 = ORIENTED_EDGE('',*,*,#3756,.T.);
#3756 = EDGE_CURVE('',#3705,#3606,#3757,.T.);
#3757 = LINE('',#3758,#3759);
#3758 = CARTESIAN_POINT('',(3.75000000225,2.84999999927,9.15000000002));
#3759 = VECTOR('',#3760,1.);
#3760 = DIRECTION('',(1.,1.59872115546E-14,3.5527136788E-15));
#3761 = ORIENTED_EDGE('',*,*,#3605,.T.);
#3762 = PLANE('',#3763);
#3763 = AXIS2_PLACEMENT_3D('',#3764,#3765,#3766);
#3764 = CARTESIAN_POINT('',(3.16833752246,-2.0932684861,9.15000000002));
#3765 = DIRECTION('',(-1.79942526289E-15,-2.83276944882E-16,1.));
#3766 = DIRECTION('',(1.,1.57817511984E-14,1.79942526289E-15));
#3767 = ADVANCED_FACE('',(#3768),#3793,.T.);
#3768 = FACE_BOUND('',#3769,.T.);
#3769 = EDGE_LOOP('',(#3770,#3771,#3779,#3787));
#3770 = ORIENTED_EDGE('',*,*,#3470,.T.);
#3771 = ORIENTED_EDGE('',*,*,#3772,.T.);
#3772 = EDGE_CURVE('',#3463,#3773,#3775,.T.);
#3773 = VERTEX_POINT('',#3774);
#3774 = CARTESIAN_POINT('',(3.30552601742,12.0966890728,8.84447398374));
#3775 = LINE('',#3776,#3777);
#3776 = CARTESIAN_POINT('',(3.15276300942,11.4603853507,8.99723699188));
#3777 = VECTOR('',#3778,1.);
#3778 = DIRECTION('',(0.227333078498,0.9469104196,-0.227333078705));
#3779 = ORIENTED_EDGE('',*,*,#3780,.T.);
#3780 = EDGE_CURVE('',#3773,#3781,#3783,.T.);
#3781 = VERTEX_POINT('',#3782);
#3782 = CARTESIAN_POINT('',(3.30552601742,12.0966890728,8.45552601444));
#3783 = LINE('',#3784,#3785);
#3784 = CARTESIAN_POINT('',(3.30552601742,12.0966890728,8.64999999909));
#3785 = VECTOR('',#3786,1.);
#3786 = DIRECTION('',(1.14177022352E-15,0.,-1.));
#3787 = ORIENTED_EDGE('',*,*,#3788,.T.);
#3788 = EDGE_CURVE('',#3781,#3471,#3789,.T.);
#3789 = LINE('',#3790,#3791);
#3790 = CARTESIAN_POINT('',(3.15276300942,11.4603853507,8.30276300723));
#3791 = VECTOR('',#3792,1.);
#3792 = DIRECTION('',(-0.227333078569,-0.946910419898,-0.227333077391));
#3793 = PLANE('',#3794);
#3794 = AXIS2_PLACEMENT_3D('',#3795,#3796,#3797);
#3795 = CARTESIAN_POINT('',(3.30552601742,12.0966890728,8.15000000002));
#3796 = DIRECTION('',(-0.972369920398,0.233445363856,-5.206942944148E-16
    ));
#3797 = DIRECTION('',(-0.233445363856,-0.972369920398,
    -6.955174655718E-16));
#3798 = ADVANCED_FACE('',(#3799),#3819,.T.);
#3799 = FACE_BOUND('',#3800,.T.);
#3800 = EDGE_LOOP('',(#3801,#3802,#3803,#3809,#3810,#3817,#3818));
#3801 = ORIENTED_EDGE('',*,*,#3639,.T.);
#3802 = ORIENTED_EDGE('',*,*,#3478,.T.);
#3803 = ORIENTED_EDGE('',*,*,#3804,.T.);
#3804 = EDGE_CURVE('',#3471,#3590,#3805,.T.);
#3805 = LINE('',#3806,#3807);
#3806 = CARTESIAN_POINT('',(3.50000000075,10.8240816292,8.15000000002));
#3807 = VECTOR('',#3808,1.);
#3808 = DIRECTION('',(1.,1.59872115546E-14,1.7763568394E-15));
#3809 = ORIENTED_EDGE('',*,*,#3589,.T.);
#3810 = ORIENTED_EDGE('',*,*,#3811,.F.);
#3811 = EDGE_CURVE('',#3547,#3582,#3812,.T.);
#3812 = CIRCLE('',#3813,1.83168072694);
#3813 = AXIS2_PLACEMENT_3D('',#3814,#3815,#3816);
#3814 = CARTESIAN_POINT('',(5.83168072769,5.35000020353,8.15000000002));
#3815 = DIRECTION('',(1.79942526289E-15,2.83276944882E-16,-1.));
#3816 = DIRECTION('',(-1.,0.,-1.79942526289E-15));
#3817 = ORIENTED_EDGE('',*,*,#3546,.T.);
#3818 = ORIENTED_EDGE('',*,*,#3492,.T.);
#3819 = PLANE('',#3820);
#3820 = AXIS2_PLACEMENT_3D('',#3821,#3822,#3823);
#3821 = CARTESIAN_POINT('',(3.83166248054,-2.0932684861,8.15000000002));
#3822 = DIRECTION('',(1.79942526289E-15,2.83276944882E-16,-1.));
#3823 = DIRECTION('',(-1.,-1.57817511984E-14,-1.79942526289E-15));
#3824 = ADVANCED_FACE('',(#3825),#3832,.F.);
#3825 = FACE_BOUND('',#3826,.F.);
#3826 = EDGE_LOOP('',(#3827,#3828,#3829,#3830,#3831));
#3827 = ORIENTED_EDGE('',*,*,#3554,.T.);
#3828 = ORIENTED_EDGE('',*,*,#3562,.T.);
#3829 = ORIENTED_EDGE('',*,*,#3570,.T.);
#3830 = ORIENTED_EDGE('',*,*,#3581,.F.);
#3831 = ORIENTED_EDGE('',*,*,#3811,.F.);
#3832 = CYLINDRICAL_SURFACE('',#3833,1.83166247904);
#3833 = AXIS2_PLACEMENT_3D('',#3834,#3835,#3836);
#3834 = CARTESIAN_POINT('',(5.83166248054,5.35,8.65000000002));
#3835 = DIRECTION('',(-1.79942526289E-15,-2.83276944882E-16,1.));
#3836 = DIRECTION('',(-1.,-1.57205188584E-14,-1.79942526289E-15));
#3837 = ADVANCED_FACE('',(#3838),#3863,.F.);
#3838 = FACE_BOUND('',#3839,.T.);
#3839 = EDGE_LOOP('',(#3840,#3848,#3849,#3857));
#3840 = ORIENTED_EDGE('',*,*,#3841,.F.);
#3841 = EDGE_CURVE('',#3598,#3842,#3844,.T.);
#3842 = VERTEX_POINT('',#3843);
#3843 = CARTESIAN_POINT('',(3.69447398558,12.0966890728,8.84447398374));
#3844 = LINE('',#3845,#3846);
#3845 = CARTESIAN_POINT('',(3.84723699358,11.4603853507,8.99723699188));
#3846 = VECTOR('',#3847,1.);
#3847 = DIRECTION('',(-0.227333078498,0.9469104196,-0.227333078705));
#3848 = ORIENTED_EDGE('',*,*,#3597,.F.);
#3849 = ORIENTED_EDGE('',*,*,#3850,.T.);
#3850 = EDGE_CURVE('',#3590,#3851,#3853,.T.);
#3851 = VERTEX_POINT('',#3852);
#3852 = CARTESIAN_POINT('',(3.69447398558,12.0966890728,8.45552601444));
#3853 = LINE('',#3854,#3855);
#3854 = CARTESIAN_POINT('',(3.84723699358,11.4603853507,8.30276300723));
#3855 = VECTOR('',#3856,1.);
#3856 = DIRECTION('',(-0.227333078569,0.946910419898,0.227333077391));
#3857 = ORIENTED_EDGE('',*,*,#3858,.F.);
#3858 = EDGE_CURVE('',#3842,#3851,#3859,.T.);
#3859 = LINE('',#3860,#3861);
#3860 = CARTESIAN_POINT('',(3.69447398558,12.0966890728,8.64999999909));
#3861 = VECTOR('',#3862,1.);
#3862 = DIRECTION('',(1.14177022352E-15,0.,-1.));
#3863 = PLANE('',#3864);
#3864 = AXIS2_PLACEMENT_3D('',#3865,#3866,#3867);
#3865 = CARTESIAN_POINT('',(3.69447398558,12.0966890728,8.15000000002));
#3866 = DIRECTION('',(-0.972369920398,-0.233445363856,
    -7.015492517188E-16));
#3867 = DIRECTION('',(0.233445363856,-0.972369920398,1.4461750488E-16));
#3868 = ADVANCED_FACE('',(#3869),#3875,.F.);
#3869 = FACE_BOUND('',#3870,.F.);
#3870 = EDGE_LOOP('',(#3871,#3872,#3873,#3874));
#3871 = ORIENTED_EDGE('',*,*,#3688,.F.);
#3872 = ORIENTED_EDGE('',*,*,#3721,.T.);
#3873 = ORIENTED_EDGE('',*,*,#3756,.T.);
#3874 = ORIENTED_EDGE('',*,*,#3613,.F.);
#3875 = SURFACE_OF_REVOLUTION('',#3876,#3889);
#3876 = B_SPLINE_CURVE_WITH_KNOTS('',5,(#3877,#3878,#3879,#3880,#3881,
    #3882,#3883,#3884,#3885,#3886,#3887,#3888),.UNSPECIFIED.,.F.,.F.,(6,
    3,3,6),(3.46765546673,3.79931794577,3.96514918529,3.96765546673),
  .UNSPECIFIED.);
#3877 = CARTESIAN_POINT('',(3.5000000015,1.35,7.65000000002));
#3878 = CARTESIAN_POINT('',(3.56633249731,1.35,7.65000000002));
#3879 = CARTESIAN_POINT('',(3.63266499311,1.35,7.65000000002));
#3880 = CARTESIAN_POINT('',(3.69899748892,1.35,7.65000000002));
#3881 = CARTESIAN_POINT('',(3.79849623263,1.35,7.65000000002));
#3882 = CARTESIAN_POINT('',(3.89799497634,1.35,7.65000000002));
#3883 = CARTESIAN_POINT('',(3.93116122425,1.35,7.65000000002));
#3884 = CARTESIAN_POINT('',(3.96482872844,1.35,7.65000000002));
#3885 = CARTESIAN_POINT('',(3.99849623263,1.35,7.65000000002));
#3886 = CARTESIAN_POINT('',(3.99899748892,1.35,7.65000000002));
#3887 = CARTESIAN_POINT('',(3.99949874521,1.35,7.65000000002));
#3888 = CARTESIAN_POINT('',(4.0000000015,1.35,7.65000000002));
#3889 = AXIS1_PLACEMENT('',#3890,#3891);
#3890 = CARTESIAN_POINT('',(3.5000000015,2.85,7.65000000002));
#3891 = DIRECTION('',(-1.,-1.6405384288E-14,-6.28486916602E-16));
#3892 = ADVANCED_FACE('',(#3893),#3916,.T.);
#3893 = FACE_BOUND('',#3894,.T.);
#3894 = EDGE_LOOP('',(#3895,#3896,#3914,#3915));
#3895 = ORIENTED_EDGE('',*,*,#3841,.T.);
#3896 = ORIENTED_EDGE('',*,*,#3897,.T.);
#3897 = EDGE_CURVE('',#3842,#3773,#3898,.T.);
#3898 = B_SPLINE_CURVE_WITH_KNOTS('',5,(#3899,#3900,#3901,#3902,#3903,
    #3904,#3905,#3906,#3907,#3908,#3909,#3910,#3911,#3912,#3913),
  .UNSPECIFIED.,.F.,.F.,(6,3,3,3,6),(0.,0.199168128804,0.39825753091,
    0.597038071281,0.76074015241),.UNSPECIFIED.);
#3899 = CARTESIAN_POINT('',(3.69447398522,12.096689073,8.84447398405));
#3900 = CARTESIAN_POINT('',(3.688161874,12.1229809084,8.83816187283));
#3901 = CARTESIAN_POINT('',(3.67752150515,12.1482939168,8.83208475719));
#3902 = CARTESIAN_POINT('',(3.66094253375,12.1739093197,8.82593504303));
#3903 = CARTESIAN_POINT('',(3.62271776394,12.2142016306,8.81626171503));
#3904 = CARTESIAN_POINT('',(3.57265527233,12.2393980668,8.8102125859));
#3905 = CARTESIAN_POINT('',(3.54260358103,12.2481544661,8.80811036044));
#3906 = CARTESIAN_POINT('',(3.48661454664,12.2540342814,8.80669874166));
#3907 = CARTESIAN_POINT('',(3.43191265513,12.2410269117,8.80982153485));
#3908 = CARTESIAN_POINT('',(3.40336614029,12.2284980767,8.81282944201));
#3909 = CARTESIAN_POINT('',(3.36132414847,12.1999163752,8.81969130144));
#3910 = CARTESIAN_POINT('',(3.33061997421,12.1602547501,8.82921321516));
#3911 = CARTESIAN_POINT('',(3.31882529938,12.1392480334,8.83425648165));
#3912 = CARTESIAN_POINT('',(3.3107141257,12.1182990976,8.83928587616));
#3913 = CARTESIAN_POINT('',(3.30552601778,12.096689073,8.84447398405));
#3914 = ORIENTED_EDGE('',*,*,#3772,.F.);
#3915 = ORIENTED_EDGE('',*,*,#3748,.T.);
#3916 = PLANE('',#3917);
#3917 = AXIS2_PLACEMENT_3D('',#3918,#3919,#3920);
#3918 = CARTESIAN_POINT('',(3.0000000015,12.25,8.80766728694));
#3919 = DIRECTION('',(-5.433883650428E-15,0.233445363856,0.972369920398)
  );
#3920 = DIRECTION('',(1.580538485719E-14,-0.972369920398,0.233445363856)
  );
#3921 = ADVANCED_FACE('',(#3922),#3936,.T.);
#3922 = FACE_BOUND('',#3923,.T.);
#3923 = EDGE_LOOP('',(#3924,#3925,#3926,#3935));
#3924 = ORIENTED_EDGE('',*,*,#3897,.F.);
#3925 = ORIENTED_EDGE('',*,*,#3858,.T.);
#3926 = ORIENTED_EDGE('',*,*,#3927,.T.);
#3927 = EDGE_CURVE('',#3851,#3781,#3928,.T.);
#3928 = B_SPLINE_CURVE_WITH_KNOTS('',5,(#3929,#3930,#3931,#3932,#3933,
    #3934),.UNSPECIFIED.,.F.,.F.,(6,6),(0.,0.833846434299),
  .PIECEWISE_BEZIER_KNOTS.);
#3929 = CARTESIAN_POINT('',(3.69447398557,12.0966890728,8.45552601506));
#3930 = CARTESIAN_POINT('',(3.6699424521,12.1988702635,8.48005754849));
#3931 = CARTESIAN_POINT('',(3.57926234832,12.290487822,8.50197670393));
#3932 = CARTESIAN_POINT('',(3.42081888095,12.2904173556,8.50175021728));
#3933 = CARTESIAN_POINT('',(3.3300575509,12.1988702635,8.48005754849));
#3934 = CARTESIAN_POINT('',(3.30552601743,12.0966890728,8.45552601506));
#3935 = ORIENTED_EDGE('',*,*,#3780,.F.);
#3936 = CYLINDRICAL_SURFACE('',#3937,0.2);
#3937 = AXIS2_PLACEMENT_3D('',#3938,#3939,#3940);
#3938 = CARTESIAN_POINT('',(3.5000000015,12.05,9.31000000079));
#3939 = DIRECTION('',(1.79942526288E-15,2.83276944884E-16,-1.));
#3940 = DIRECTION('',(-0.972369920398,0.233445363856,-1.683577310158E-15
    ));
#3941 = ADVANCED_FACE('',(#3942),#3948,.F.);
#3942 = FACE_BOUND('',#3943,.T.);
#3943 = EDGE_LOOP('',(#3944,#3945,#3946,#3947));
#3944 = ORIENTED_EDGE('',*,*,#3927,.F.);
#3945 = ORIENTED_EDGE('',*,*,#3850,.F.);
#3946 = ORIENTED_EDGE('',*,*,#3804,.F.);
#3947 = ORIENTED_EDGE('',*,*,#3788,.F.);
#3948 = PLANE('',#3949);
#3949 = AXIS2_PLACEMENT_3D('',#3950,#3951,#3952);
#3950 = CARTESIAN_POINT('',(3.0000000015,12.25,8.4923327131));
#3951 = DIRECTION('',(1.934469651159E-15,-0.233445363856,0.972369920398)
  );
#3952 = DIRECTION('',(1.609881957109E-14,-0.972369920398,-0.233445363856
    ));
#3953 = ( GEOMETRIC_REPRESENTATION_CONTEXT(3) 
GLOBAL_UNCERTAINTY_ASSIGNED_CONTEXT((#3957)) 
GLOBAL_UNIT_ASSIGNED_CONTEXT((#3954,#3955,#3956)) REPRESENTATION_CONTEXT
('Context #1','3D Context with UNIT and UNCERTAINTY') );
#3954 = ( LENGTH_UNIT() NAMED_UNIT(*) SI_UNIT(.MILLI.,.METRE.) );
#3955 = ( NAMED_UNIT(*) PLANE_ANGLE_UNIT() SI_UNIT($,.RADIAN.) );
#3956 = ( NAMED_UNIT(*) SI_UNIT($,.STERADIAN.) SOLID_ANGLE_UNIT() );
#3957 = UNCERTAINTY_MEASURE_WITH_UNIT(LENGTH_MEASURE(1.E-04),#3954,
  'distance_accuracy_value','confusion accuracy');
#3958 = CONTEXT_DEPENDENT_SHAPE_REPRESENTATION(#3959,#3961);
#3959 = ( REPRESENTATION_RELATIONSHIP('','',#3244,#10) 
REPRESENTATION_RELATIONSHIP_WITH_TRANSFORMATION(#3960) 
SHAPE_REPRESENTATION_RELATIONSHIP() );
#3960 = ITEM_DEFINED_TRANSFORMATION('','',#11,#19);
#3961 = PRODUCT_DEFINITION_SHAPE('Placement','Placement of an item',
  #3962);
#3962 = NEXT_ASSEMBLY_USAGE_OCCURRENCE('964','8000078322','',#5,#3239,$
  );
#3963 = PRODUCT_RELATED_PRODUCT_CATEGORY('part',$,(#3241));
#3964 = SHAPE_DEFINITION_REPRESENTATION(#3965,#3971);
#3965 = PRODUCT_DEFINITION_SHAPE('','',#3966);
#3966 = PRODUCT_DEFINITION('design','',#3967,#3970);
#3967 = PRODUCT_DEFINITION_FORMATION('','',#3968);
#3968 = PRODUCT('8000078323','8000078323','',(#3969));
#3969 = PRODUCT_CONTEXT('',#2,'mechanical');
#3970 = PRODUCT_DEFINITION_CONTEXT('part definition',#2,'design');
#3971 = ADVANCED_BREP_SHAPE_REPRESENTATION('',(#11,#3972),#6694);
#3972 = MANIFOLD_SOLID_BREP('',#3973);
#3973 = CLOSED_SHELL('',(#3974,#4022,#4279,#4312,#4337,#4362,#4401,#4433
    ,#4466,#4490,#4515,#4539,#4563,#4587,#4612,#4636,#4661,#4685,#4709,
    #4733,#4758,#4775,#4799,#4824,#4848,#4873,#4890,#4922,#4940,#5123,
    #5136,#5180,#5211,#5267,#5299,#5323,#5355,#5395,#5453,#5477,#5629,
    #5661,#5685,#5709,#5733,#5773,#5831,#5871,#5895,#5912,#5951,#5991,
    #6023,#6056,#6075,#6218,#6235,#6254,#6266,#6278,#6300,#6317,#6334,
    #6346,#6368,#6385,#6402,#6414,#6431,#6448,#6465,#6506,#6530,#6564,
    #6591,#6603,#6620,#6637,#6649,#6663,#6682));
#3974 = ADVANCED_FACE('',(#3975),#4017,.T.);
#3975 = FACE_BOUND('',#3976,.T.);
#3976 = EDGE_LOOP('',(#3977,#3987,#3995,#4003,#4011));
#3977 = ORIENTED_EDGE('',*,*,#3978,.F.);
#3978 = EDGE_CURVE('',#3979,#3981,#3983,.T.);
#3979 = VERTEX_POINT('',#3980);
#3980 = CARTESIAN_POINT('',(12.8171023734,4.50000000035,6.03290524403));
#3981 = VERTEX_POINT('',#3982);
#3982 = CARTESIAN_POINT('',(10.3904625036,4.50000000035,6.03290524403));
#3983 = LINE('',#3984,#3985);
#3984 = CARTESIAN_POINT('',(11.6037824385,4.50000000035,6.03290524403));
#3985 = VECTOR('',#3986,1.);
#3986 = DIRECTION('',(-1.,0.,7.32023264556E-16));
#3987 = ORIENTED_EDGE('',*,*,#3988,.T.);
#3988 = EDGE_CURVE('',#3979,#3989,#3991,.T.);
#3989 = VERTEX_POINT('',#3990);
#3990 = CARTESIAN_POINT('',(12.8973896567,13.7000114223,5.95261796068));
#3991 = LINE('',#3992,#3993);
#3992 = CARTESIAN_POINT('',(12.857246015,9.10000571134,5.99276160235));
#3993 = VECTOR('',#3994,1.);
#3994 = DIRECTION('',(8.726203236697E-03,0.999923850478,
    -8.726203243937E-03));
#3995 = ORIENTED_EDGE('',*,*,#3996,.T.);
#3996 = EDGE_CURVE('',#3989,#3997,#3999,.T.);
#3997 = VERTEX_POINT('',#3998);
#3998 = CARTESIAN_POINT('',(10.4473744247,13.7000114242,5.95261796066));
#3999 = LINE('',#4000,#4001);
#4000 = CARTESIAN_POINT('',(11.6723820407,13.7000114233,5.95261796067));
#4001 = VECTOR('',#4002,1.);
#4002 = DIRECTION('',(-1.,7.60229598027E-10,-6.6337452478E-12));
#4003 = ORIENTED_EDGE('',*,*,#4004,.F.);
#4004 = EDGE_CURVE('',#4005,#3997,#4007,.T.);
#4005 = VERTEX_POINT('',#4006);
#4006 = CARTESIAN_POINT('',(10.3904630661,7.17861561807,6.00952931967));
#4007 = LINE('',#4008,#4009);
#4008 = CARTESIAN_POINT('',(10.4189187454,10.4393135211,5.98107364017));
#4009 = VECTOR('',#4010,1.);
#4010 = DIRECTION('',(8.726203182391E-03,0.999923850478,
    -8.726203243951E-03));
#4011 = ORIENTED_EDGE('',*,*,#4012,.F.);
#4012 = EDGE_CURVE('',#3981,#4005,#4013,.T.);
#4013 = LINE('',#4014,#4015);
#4014 = CARTESIAN_POINT('',(10.3904627848,5.83930780921,6.02121728185));
#4015 = VECTOR('',#4016,1.);
#4016 = DIRECTION('',(2.09995570978E-07,0.999961923064,
    -8.726535498371E-03));
#4017 = PLANE('',#4018);
#4018 = AXIS2_PLACEMENT_3D('',#4019,#4020,#4021);
#4019 = CARTESIAN_POINT('',(3.80000000147,14.,5.95000000002));
#4020 = DIRECTION('',(5.550903753671E-16,8.726535498371E-03,
    0.999961923064));
#4021 = DIRECTION('',(-1.,4.753195102748E-31,5.551115123125E-16));
#4022 = ADVANCED_FACE('',(#4023,#4254),#4274,.F.);
#4023 = FACE_BOUND('',#4024,.T.);
#4024 = EDGE_LOOP('',(#4025,#4035,#4043,#4063,#4071,#4088,#4096,#4104,
    #4112,#4121,#4129,#4138,#4146,#4154,#4162,#4179,#4187,#4205,#4206,
    #4214,#4222,#4231,#4239,#4248));
#4025 = ORIENTED_EDGE('',*,*,#4026,.T.);
#4026 = EDGE_CURVE('',#4027,#4029,#4031,.T.);
#4027 = VERTEX_POINT('',#4028);
#4028 = CARTESIAN_POINT('',(9.40953075027,4.5,5.75262557566));
#4029 = VERTEX_POINT('',#4030);
#4030 = CARTESIAN_POINT('',(9.4095375005,4.5,6.03290524371));
#4031 = LINE('',#4032,#4033);
#4032 = CARTESIAN_POINT('',(9.40953412538,4.5,5.89276540969));
#4033 = VECTOR('',#4034,1.);
#4034 = DIRECTION('',(2.40838947251E-05,0.,0.99999999971));
#4035 = ORIENTED_EDGE('',*,*,#4036,.T.);
#4036 = EDGE_CURVE('',#4029,#4037,#4039,.T.);
#4037 = VERTEX_POINT('',#4038);
#4038 = CARTESIAN_POINT('',(9.18289762993,4.50000000091,6.03290524401));
#4039 = LINE('',#4040,#4041);
#4040 = CARTESIAN_POINT('',(9.29621756522,4.5,6.03290524371));
#4041 = VECTOR('',#4042,1.);
#4042 = DIRECTION('',(-1.,0.,0.));
#4043 = ORIENTED_EDGE('',*,*,#4044,.T.);
#4044 = EDGE_CURVE('',#4037,#4045,#4047,.T.);
#4045 = VERTEX_POINT('',#4046);
#4046 = CARTESIAN_POINT('',(8.98290524518,4.5,6.23289762847));
#4047 = B_SPLINE_CURVE_WITH_KNOTS('',5,(#4048,#4049,#4050,#4051,#4052,
    #4053,#4054,#4055,#4056,#4057,#4058,#4059,#4060,#4061,#4062),
  .UNSPECIFIED.,.F.,.F.,(6,3,3,3,6),(0.,8.86602191625E-02,0.265852847251
    ,0.354547346598,0.443196619186),.UNSPECIFIED.);
#4048 = CARTESIAN_POINT('',(9.18289762994,4.5,6.03290524371));
#4049 = CARTESIAN_POINT('',(9.17044293021,4.5,6.0329061922));
#4050 = CARTESIAN_POINT('',(9.15798826541,4.5,6.03387716397));
#4051 = CARTESIAN_POINT('',(9.1453930018,4.5,6.03588852931));
#4052 = CARTESIAN_POINT('',(9.1089482791,4.5,6.04460381252));
#4053 = CARTESIAN_POINT('',(9.07518609012,4.5,6.06157970991));
#4054 = CARTESIAN_POINT('',(9.05313424386,4.5,6.07768460616));
#4055 = CARTESIAN_POINT('',(9.02657499189,4.5,6.10461680468));
#4056 = CARTESIAN_POINT('',(9.00701108129,4.5,6.13661417395));
#4057 = CARTESIAN_POINT('',(9.00121752443,4.5,6.14798363888));
#4058 = CARTESIAN_POINT('',(8.99169809613,4.5,6.17109544242));
#4059 = CARTESIAN_POINT('',(8.98585678562,4.5,6.19539425294));
#4060 = CARTESIAN_POINT('',(8.98387665052,4.5,6.20799135929));
#4061 = CARTESIAN_POINT('',(8.98290619353,4.5,6.22044446648));
#4062 = CARTESIAN_POINT('',(8.98290524518,4.5,6.23289762847));
#4063 = ORIENTED_EDGE('',*,*,#4064,.T.);
#4064 = EDGE_CURVE('',#4045,#4065,#4067,.T.);
#4065 = VERTEX_POINT('',#4066);
#4066 = CARTESIAN_POINT('',(8.98290524548,4.50000000091,11.0671023714));
#4067 = LINE('',#4068,#4069);
#4068 = CARTESIAN_POINT('',(8.98290524518,4.5,8.64999999981));
#4069 = VECTOR('',#4070,1.);
#4070 = DIRECTION('',(3.67455855503E-16,1.83727927752E-16,1.));
#4071 = ORIENTED_EDGE('',*,*,#4072,.T.);
#4072 = EDGE_CURVE('',#4065,#4073,#4075,.T.);
#4073 = VERTEX_POINT('',#4074);
#4074 = CARTESIAN_POINT('',(9.18289762994,4.5,11.2670947559));
#4075 = B_SPLINE_CURVE_WITH_KNOTS('',5,(#4076,#4077,#4078,#4079,#4080,
    #4081,#4082,#4083,#4084,#4085,#4086,#4087),.UNSPECIFIED.,.F.,.F.,(6,
    3,3,6),(0.,0.177070566862,0.354141159297,0.442714693518),
  .UNSPECIFIED.);
#4076 = CARTESIAN_POINT('',(8.98290524518,4.5,11.0671023712));
#4077 = CARTESIAN_POINT('',(8.98290524518,4.5,11.0918909936));
#4078 = CARTESIAN_POINT('',(8.98674778812,4.5,11.1166796899));
#4079 = CARTESIAN_POINT('',(8.99518313983,4.5,11.1425595962));
#4080 = CARTESIAN_POINT('',(9.01816024409,4.5,11.1871575055));
#4081 = CARTESIAN_POINT('',(9.0535812836,4.5,11.2226924473));
#4082 = CARTESIAN_POINT('',(9.07563802599,4.5,11.2386404214));
#4083 = CARTESIAN_POINT('',(9.10926715277,4.5,11.2555256231));
#4084 = CARTESIAN_POINT('',(9.14555559996,4.5,11.2641638817));
#4085 = CARTESIAN_POINT('',(9.15809825222,4.5,11.2661335173));
#4086 = CARTESIAN_POINT('',(9.17049796388,4.5,11.2670947559));
#4087 = CARTESIAN_POINT('',(9.18289762994,4.5,11.2670947559));
#4088 = ORIENTED_EDGE('',*,*,#4089,.T.);
#4089 = EDGE_CURVE('',#4073,#4090,#4092,.T.);
#4090 = VERTEX_POINT('',#4091);
#4091 = CARTESIAN_POINT('',(10.1647835828,4.5,11.2670947559));
#4092 = LINE('',#4093,#4094);
#4093 = CARTESIAN_POINT('',(9.67384060638,4.5,11.2670947559));
#4094 = VECTOR('',#4095,1.);
#4095 = DIRECTION('',(1.,0.,0.));
#4096 = ORIENTED_EDGE('',*,*,#4097,.F.);
#4097 = EDGE_CURVE('',#4098,#4090,#4100,.T.);
#4098 = VERTEX_POINT('',#4099);
#4099 = CARTESIAN_POINT('',(10.1647707809,4.5,11.5474768247));
#4100 = LINE('',#4101,#4102);
#4101 = CARTESIAN_POINT('',(10.1647771818,4.5,11.4072857903));
#4102 = VECTOR('',#4103,1.);
#4103 = DIRECTION('',(4.565898294008E-05,0.,-0.999999998958));
#4104 = ORIENTED_EDGE('',*,*,#4105,.F.);
#4105 = EDGE_CURVE('',#4106,#4098,#4108,.T.);
#4106 = VERTEX_POINT('',#4107);
#4107 = CARTESIAN_POINT('',(10.1647707809,4.5,11.6474615935));
#4108 = LINE('',#4109,#4110);
#4109 = CARTESIAN_POINT('',(10.1647707809,4.5,11.5974692091));
#4110 = VECTOR('',#4111,1.);
#4111 = DIRECTION('',(0.,0.,-1.));
#4112 = ORIENTED_EDGE('',*,*,#4113,.F.);
#4113 = EDGE_CURVE('',#4114,#4106,#4116,.T.);
#4114 = VERTEX_POINT('',#4115);
#4115 = CARTESIAN_POINT('',(10.5000000007,4.5,11.9857869431));
#4116 = CIRCLE('',#4117,0.336559552185);
#4117 = AXIS2_PLACEMENT_3D('',#4118,#4119,#4120);
#4118 = CARTESIAN_POINT('',(10.5013256871,4.5,11.6492300019));
#4119 = DIRECTION('',(6.79815536723E-32,-1.,1.22464679915E-16));
#4120 = DIRECTION('',(0.,-1.22464679915E-16,-1.));
#4121 = ORIENTED_EDGE('',*,*,#4122,.F.);
#4122 = EDGE_CURVE('',#4123,#4114,#4125,.T.);
#4123 = VERTEX_POINT('',#4124);
#4124 = CARTESIAN_POINT('',(10.8000000015,4.5,11.9857869431));
#4125 = LINE('',#4126,#4127);
#4126 = CARTESIAN_POINT('',(10.6500000011,4.5,11.9857869431));
#4127 = VECTOR('',#4128,1.);
#4128 = DIRECTION('',(-1.,0.,0.));
#4129 = ORIENTED_EDGE('',*,*,#4130,.F.);
#4130 = EDGE_CURVE('',#4131,#4123,#4133,.T.);
#4131 = VERTEX_POINT('',#4132);
#4132 = CARTESIAN_POINT('',(11.1351907559,4.5,11.6474623907));
#4133 = CIRCLE('',#4134,0.335221568355);
#4134 = AXIS2_PLACEMENT_3D('',#4135,#4136,#4137);
#4135 = CARTESIAN_POINT('',(10.7999835492,4.5,11.6505653752));
#4136 = DIRECTION('',(6.79815536723E-32,-1.,1.22464679915E-16));
#4137 = DIRECTION('',(0.,-1.22464679915E-16,-1.));
#4138 = ORIENTED_EDGE('',*,*,#4139,.F.);
#4139 = EDGE_CURVE('',#4140,#4131,#4142,.T.);
#4140 = VERTEX_POINT('',#4141);
#4141 = CARTESIAN_POINT('',(11.1352292232,4.5,11.5474768247));
#4142 = LINE('',#4143,#4144);
#4143 = CARTESIAN_POINT('',(11.1352099895,4.5,11.5974696077));
#4144 = VECTOR('',#4145,1.);
#4145 = DIRECTION('',(-3.847289795689E-04,0.,0.999999925992));
#4146 = ORIENTED_EDGE('',*,*,#4147,.T.);
#4147 = EDGE_CURVE('',#4140,#4148,#4150,.T.);
#4148 = VERTEX_POINT('',#4149);
#4149 = CARTESIAN_POINT('',(11.1352947585,4.5,11.2670947559));
#4150 = LINE('',#4151,#4152);
#4151 = CARTESIAN_POINT('',(11.1352619909,4.5,11.4072857903));
#4152 = VECTOR('',#4153,1.);
#4153 = DIRECTION('',(2.33735721455E-04,0.,-0.999999972684));
#4154 = ORIENTED_EDGE('',*,*,#4155,.T.);
#4155 = EDGE_CURVE('',#4148,#4156,#4158,.T.);
#4156 = VERTEX_POINT('',#4157);
#4157 = CARTESIAN_POINT('',(12.8171023734,4.50000000091,11.267094756));
#4158 = LINE('',#4159,#4160);
#4159 = CARTESIAN_POINT('',(11.9761985659,4.5,11.2670947559));
#4160 = VECTOR('',#4161,1.);
#4161 = DIRECTION('',(1.,0.,-1.05621881106E-15));
#4162 = ORIENTED_EDGE('',*,*,#4163,.T.);
#4163 = EDGE_CURVE('',#4156,#4164,#4166,.T.);
#4164 = VERTEX_POINT('',#4165);
#4165 = CARTESIAN_POINT('',(13.0170947581,4.5,11.0671023712));
#4166 = B_SPLINE_CURVE_WITH_KNOTS('',5,(#4167,#4168,#4169,#4170,#4171,
    #4172,#4173,#4174,#4175,#4176,#4177,#4178),.UNSPECIFIED.,.F.,.F.,(6,
    3,3,6),(0.,0.177070566635,0.35414115808,0.442714692389),
  .UNSPECIFIED.);
#4167 = CARTESIAN_POINT('',(12.8171023734,4.5,11.2670947559));
#4168 = CARTESIAN_POINT('',(12.8418909958,4.5,11.2670947559));
#4169 = CARTESIAN_POINT('',(12.866679692,4.5,11.2632522131));
#4170 = CARTESIAN_POINT('',(12.8925595984,4.5,11.2548168613));
#4171 = CARTESIAN_POINT('',(12.9371575076,4.5,11.231839757));
#4172 = CARTESIAN_POINT('',(12.9726924494,4.5,11.1964187178));
#4173 = CARTESIAN_POINT('',(12.9886404221,4.5,11.1743619749));
#4174 = CARTESIAN_POINT('',(13.0055256234,4.5,11.1407328482));
#4175 = CARTESIAN_POINT('',(13.014163882,4.5,11.1044444011));
#4176 = CARTESIAN_POINT('',(13.0161335195,4.5,11.0919017489));
#4177 = CARTESIAN_POINT('',(13.0170947581,4.5,11.0795020372));
#4178 = CARTESIAN_POINT('',(13.0170947581,4.5,11.0671023712));
#4179 = ORIENTED_EDGE('',*,*,#4180,.T.);
#4180 = EDGE_CURVE('',#4164,#4181,#4183,.T.);
#4181 = VERTEX_POINT('',#4182);
#4182 = CARTESIAN_POINT('',(13.0170947574,4.50000000091,6.23289762848));
#4183 = LINE('',#4184,#4185);
#4184 = CARTESIAN_POINT('',(13.0170947581,4.5,8.64999999981));
#4185 = VECTOR('',#4186,1.);
#4186 = DIRECTION('',(-3.67455855503E-16,-1.83727927752E-16,-1.));
#4187 = ORIENTED_EDGE('',*,*,#4188,.T.);
#4188 = EDGE_CURVE('',#4181,#3979,#4189,.T.);
#4189 = B_SPLINE_CURVE_WITH_KNOTS('',5,(#4190,#4191,#4192,#4193,#4194,
    #4195,#4196,#4197,#4198,#4199,#4200,#4201,#4202,#4203,#4204),
  .UNSPECIFIED.,.F.,.F.,(6,3,3,3,6),(0.,8.86602191433E-02,0.265852846785
    ,0.354547344741,0.443196617106),.UNSPECIFIED.);
#4190 = CARTESIAN_POINT('',(13.0170947581,4.5,6.23289762847));
#4191 = CARTESIAN_POINT('',(13.0170938097,4.5,6.22044292874));
#4192 = CARTESIAN_POINT('',(13.016122838,4.5,6.20798826393));
#4193 = CARTESIAN_POINT('',(13.0141114706,4.5,6.19539300038));
#4194 = CARTESIAN_POINT('',(13.0053961875,4.5,6.15894827767));
#4195 = CARTESIAN_POINT('',(12.9884202904,4.5,6.12518608865));
#4196 = CARTESIAN_POINT('',(12.972315393,4.5,6.10313424327));
#4197 = CARTESIAN_POINT('',(12.9453831953,4.5,6.07657499076));
#4198 = CARTESIAN_POINT('',(12.9133858267,4.5,6.05701107955));
#4199 = CARTESIAN_POINT('',(12.9020163626,4.5,6.05121752275));
#4200 = CARTESIAN_POINT('',(12.8789045593,4.5,6.04169809463));
#4201 = CARTESIAN_POINT('',(12.8546057489,4.5,6.03585678422));
#4202 = CARTESIAN_POINT('',(12.8420086425,4.5,6.03387664909));
#4203 = CARTESIAN_POINT('',(12.8295555353,4.5,6.03290619211));
#4204 = CARTESIAN_POINT('',(12.8171023734,4.5,6.03290524371));
#4205 = ORIENTED_EDGE('',*,*,#3978,.T.);
#4206 = ORIENTED_EDGE('',*,*,#4207,.F.);
#4207 = EDGE_CURVE('',#4208,#3981,#4210,.T.);
#4208 = VERTEX_POINT('',#4209);
#4209 = CARTESIAN_POINT('',(10.3904692519,4.5,5.75262557566));
#4210 = LINE('',#4211,#4212);
#4211 = CARTESIAN_POINT('',(10.3904658777,4.5,5.89276540969));
#4212 = VECTOR('',#4213,1.);
#4213 = DIRECTION('',(-2.40772490588E-05,0.,0.99999999971));
#4214 = ORIENTED_EDGE('',*,*,#4215,.F.);
#4215 = EDGE_CURVE('',#4216,#4208,#4218,.T.);
#4216 = VERTEX_POINT('',#4217);
#4217 = CARTESIAN_POINT('',(10.3904692519,4.5,5.55261034556));
#4218 = LINE('',#4219,#4220);
#4219 = CARTESIAN_POINT('',(10.3904692519,4.5,5.65261796061));
#4220 = VECTOR('',#4221,1.);
#4221 = DIRECTION('',(0.,0.,1.));
#4222 = ORIENTED_EDGE('',*,*,#4223,.F.);
#4223 = EDGE_CURVE('',#4224,#4216,#4226,.T.);
#4224 = VERTEX_POINT('',#4225);
#4225 = CARTESIAN_POINT('',(10.047389657,4.5,5.2095307488));
#4226 = CIRCLE('',#4227,0.341263139674);
#4227 = AXIS2_PLACEMENT_3D('',#4228,#4229,#4230);
#4228 = CARTESIAN_POINT('',(10.0492109725,4.5,5.55078902827));
#4229 = DIRECTION('',(6.79815536723E-32,-1.,1.22464679915E-16));
#4230 = DIRECTION('',(0.,-1.22464679915E-16,-1.));
#4231 = ORIENTED_EDGE('',*,*,#4232,.F.);
#4232 = EDGE_CURVE('',#4233,#4224,#4235,.T.);
#4233 = VERTEX_POINT('',#4234);
#4234 = CARTESIAN_POINT('',(9.75261034703,4.5,5.2095307488));
#4235 = LINE('',#4236,#4237);
#4236 = CARTESIAN_POINT('',(9.90000000203,4.5,5.2095307488));
#4237 = VECTOR('',#4238,1.);
#4238 = DIRECTION('',(1.,0.,0.));
#4239 = ORIENTED_EDGE('',*,*,#4240,.F.);
#4240 = EDGE_CURVE('',#4241,#4233,#4243,.T.);
#4241 = VERTEX_POINT('',#4242);
#4242 = CARTESIAN_POINT('',(9.40953075027,4.5,5.55261034556));
#4243 = CIRCLE('',#4244,0.341263139691);
#4244 = AXIS2_PLACEMENT_3D('',#4245,#4246,#4247);
#4245 = CARTESIAN_POINT('',(9.75078902975,4.5,5.55078902828));
#4246 = DIRECTION('',(6.79815536723E-32,-1.,1.22464679915E-16));
#4247 = DIRECTION('',(0.,-1.22464679915E-16,-1.));
#4248 = ORIENTED_EDGE('',*,*,#4249,.F.);
#4249 = EDGE_CURVE('',#4027,#4241,#4250,.T.);
#4250 = LINE('',#4251,#4252);
#4251 = CARTESIAN_POINT('',(9.40953075027,4.5,5.65261796061));
#4252 = VECTOR('',#4253,1.);
#4253 = DIRECTION('',(0.,0.,-1.));
#4254 = FACE_BOUND('',#4255,.T.);
#4255 = EDGE_LOOP('',(#4256,#4267));
#4256 = ORIENTED_EDGE('',*,*,#4257,.T.);
#4257 = EDGE_CURVE('',#4258,#4260,#4262,.T.);
#4258 = VERTEX_POINT('',#4259);
#4259 = CARTESIAN_POINT('',(10.2839199442,4.5,7.33922424577));
#4260 = VERTEX_POINT('',#4261);
#4261 = CARTESIAN_POINT('',(11.7160800591,4.5,9.96077575386));
#4262 = CIRCLE('',#4263,1.49362101152);
#4263 = AXIS2_PLACEMENT_3D('',#4264,#4265,#4266);
#4264 = CARTESIAN_POINT('',(11.0000000017,4.5,8.64999999981));
#4265 = DIRECTION('',(6.79815536723E-32,-1.,1.22464679915E-16));
#4266 = DIRECTION('',(0.,-1.22464679915E-16,-1.));
#4267 = ORIENTED_EDGE('',*,*,#4268,.T.);
#4268 = EDGE_CURVE('',#4260,#4258,#4269,.T.);
#4269 = CIRCLE('',#4270,1.49362101152);
#4270 = AXIS2_PLACEMENT_3D('',#4271,#4272,#4273);
#4271 = CARTESIAN_POINT('',(11.0000000017,4.5,8.64999999981));
#4272 = DIRECTION('',(6.79815536723E-32,-1.,1.22464679915E-16));
#4273 = DIRECTION('',(0.,-1.22464679915E-16,-1.));
#4274 = PLANE('',#4275);
#4275 = AXIS2_PLACEMENT_3D('',#4276,#4277,#4278);
#4276 = CARTESIAN_POINT('',(3.80000000147,4.5,14.1));
#4277 = DIRECTION('',(6.79815536723E-32,-1.,1.22464679915E-16));
#4278 = DIRECTION('',(-1.,2.431362312046E-43,5.55111512313E-16));
#4279 = ADVANCED_FACE('',(#4280),#4307,.F.);
#4280 = FACE_BOUND('',#4281,.F.);
#4281 = EDGE_LOOP('',(#4282,#4283,#4291,#4300,#4306));
#4282 = ORIENTED_EDGE('',*,*,#3988,.T.);
#4283 = ORIENTED_EDGE('',*,*,#4284,.T.);
#4284 = EDGE_CURVE('',#3989,#4285,#4287,.T.);
#4285 = VERTEX_POINT('',#4286);
#4286 = CARTESIAN_POINT('',(12.9000076184,14.000000122,5.94999999894));
#4287 = LINE('',#4288,#4289);
#4288 = CARTESIAN_POINT('',(12.8585549954,9.25000000186,5.99145262201));
#4289 = VECTOR('',#4290,1.);
#4290 = DIRECTION('',(8.726203243936E-03,0.999923850478,
    -8.726203243926E-03));
#4291 = ORIENTED_EDGE('',*,*,#4292,.F.);
#4292 = EDGE_CURVE('',#4293,#4285,#4295,.T.);
#4293 = VERTEX_POINT('',#4294);
#4294 = CARTESIAN_POINT('',(13.1000000014,13.9999999991,6.14999238443));
#4295 = CIRCLE('',#4296,0.2);
#4296 = AXIS2_PLACEMENT_3D('',#4297,#4298,#4299);
#4297 = CARTESIAN_POINT('',(12.9000076168,14.0017453062,6.14999238462));
#4298 = DIRECTION('',(8.726203243936E-03,0.999923850478,
    -8.726203243926E-03));
#4299 = DIRECTION('',(0.999961923064,-8.726535498366E-03,0.));
#4300 = ORIENTED_EDGE('',*,*,#4301,.F.);
#4301 = EDGE_CURVE('',#4181,#4293,#4302,.T.);
#4302 = LINE('',#4303,#4304);
#4303 = CARTESIAN_POINT('',(13.0585473794,9.25,6.19144500663));
#4304 = VECTOR('',#4305,1.);
#4305 = DIRECTION('',(8.726203243936E-03,0.999923850478,
    -8.726203243926E-03));
#4306 = ORIENTED_EDGE('',*,*,#4188,.T.);
#4307 = CYLINDRICAL_SURFACE('',#4308,0.2);
#4308 = AXIS2_PLACEMENT_3D('',#4309,#4310,#4311);
#4309 = CARTESIAN_POINT('',(12.8585549948,9.2517453071,6.19144500662));
#4310 = DIRECTION('',(8.726203243936E-03,0.999923850478,
    -8.726203243926E-03));
#4311 = DIRECTION('',(0.999961923064,-8.726535498366E-03,
    -8.912683958917E-16));
#4312 = ADVANCED_FACE('',(#4313),#4332,.T.);
#4313 = FACE_BOUND('',#4314,.T.);
#4314 = EDGE_LOOP('',(#4315,#4316,#4317,#4318,#4326));
#4315 = ORIENTED_EDGE('',*,*,#4004,.T.);
#4316 = ORIENTED_EDGE('',*,*,#3996,.F.);
#4317 = ORIENTED_EDGE('',*,*,#4284,.T.);
#4318 = ORIENTED_EDGE('',*,*,#4319,.T.);
#4319 = EDGE_CURVE('',#4285,#4320,#4322,.T.);
#4320 = VERTEX_POINT('',#4321);
#4321 = CARTESIAN_POINT('',(10.3904741116,14.,5.95000000002));
#4322 = LINE('',#4323,#4324);
#4323 = CARTESIAN_POINT('',(11.6452408654,14.0000000615,5.94999999948));
#4324 = VECTOR('',#4325,1.);
#4325 = DIRECTION('',(-1.,-4.89851595005E-08,4.2748789076E-10));
#4326 = ORIENTED_EDGE('',*,*,#4327,.F.);
#4327 = EDGE_CURVE('',#4005,#4320,#4328,.T.);
#4328 = LINE('',#4329,#4330);
#4329 = CARTESIAN_POINT('',(10.3904685888,10.589307809,5.97976465985));
#4330 = VECTOR('',#4331,1.);
#4331 = DIRECTION('',(1.61918234456E-06,0.999961923063,
    -8.726535498359E-03));
#4332 = PLANE('',#4333);
#4333 = AXIS2_PLACEMENT_3D('',#4334,#4335,#4336);
#4334 = CARTESIAN_POINT('',(3.80000000147,14.,5.95000000002));
#4335 = DIRECTION('',(5.550903753671E-16,8.726535498371E-03,
    0.999961923064));
#4336 = DIRECTION('',(-1.,4.753195102748E-31,5.551115123125E-16));
#4337 = ADVANCED_FACE('',(#4338),#4357,.F.);
#4338 = FACE_BOUND('',#4339,.F.);
#4339 = EDGE_LOOP('',(#4340,#4341,#4349,#4355,#4356));
#4340 = ORIENTED_EDGE('',*,*,#4207,.F.);
#4341 = ORIENTED_EDGE('',*,*,#4342,.F.);
#4342 = EDGE_CURVE('',#4343,#4208,#4345,.T.);
#4343 = VERTEX_POINT('',#4344);
#4344 = CARTESIAN_POINT('',(10.3904692521,14.,5.75262557602));
#4345 = LINE('',#4346,#4347);
#4346 = CARTESIAN_POINT('',(10.3904692521,9.25,5.75262557602));
#4347 = VECTOR('',#4348,1.);
#4348 = DIRECTION('',(0.,-1.,9.34924652316E-17));
#4349 = ORIENTED_EDGE('',*,*,#4350,.T.);
#4350 = EDGE_CURVE('',#4343,#4320,#4351,.T.);
#4351 = LINE('',#4352,#4353);
#4352 = CARTESIAN_POINT('',(10.3904668757,14.,5.85131278797));
#4353 = VECTOR('',#4354,1.);
#4354 = DIRECTION('',(-2.40804405693E-05,0.,0.99999999971));
#4355 = ORIENTED_EDGE('',*,*,#4327,.F.);
#4356 = ORIENTED_EDGE('',*,*,#4012,.F.);
#4357 = PLANE('',#4358);
#4358 = AXIS2_PLACEMENT_3D('',#4359,#4360,#4361);
#4359 = CARTESIAN_POINT('',(10.3904692521,14.,5.75262557602));
#4360 = DIRECTION('',(0.99999999971,2.94900344618E-21,2.40804405664E-05)
  );
#4361 = DIRECTION('',(-2.40804405664E-05,1.22464679879E-16,0.99999999971
    ));
#4362 = ADVANCED_FACE('',(#4363),#4396,.T.);
#4363 = FACE_BOUND('',#4364,.T.);
#4364 = EDGE_LOOP('',(#4365,#4366,#4374,#4382,#4390));
#4365 = ORIENTED_EDGE('',*,*,#4026,.F.);
#4366 = ORIENTED_EDGE('',*,*,#4367,.F.);
#4367 = EDGE_CURVE('',#4368,#4027,#4370,.T.);
#4368 = VERTEX_POINT('',#4369);
#4369 = CARTESIAN_POINT('',(9.40953075084,14.,5.75262557602));
#4370 = LINE('',#4371,#4372);
#4371 = CARTESIAN_POINT('',(9.40953075084,9.25,5.75262557602));
#4372 = VECTOR('',#4373,1.);
#4373 = DIRECTION('',(0.,-1.,9.34924652316E-17));
#4374 = ORIENTED_EDGE('',*,*,#4375,.T.);
#4375 = EDGE_CURVE('',#4368,#4376,#4378,.T.);
#4376 = VERTEX_POINT('',#4377);
#4377 = CARTESIAN_POINT('',(9.4095355037,14.,5.94999999993));
#4378 = LINE('',#4379,#4380);
#4379 = CARTESIAN_POINT('',(9.40953312727,14.,5.85131278797));
#4380 = VECTOR('',#4381,1.);
#4381 = DIRECTION('',(2.40804403893E-05,0.,0.99999999971));
#4382 = ORIENTED_EDGE('',*,*,#4383,.F.);
#4383 = EDGE_CURVE('',#4384,#4376,#4386,.T.);
#4384 = VERTEX_POINT('',#4385);
#4385 = CARTESIAN_POINT('',(9.4095369372,7.17861553282,6.00952932118));
#4386 = LINE('',#4387,#4388);
#4387 = CARTESIAN_POINT('',(9.40953622045,10.5893077664,5.97976466055));
#4388 = VECTOR('',#4389,1.);
#4389 = DIRECTION('',(-2.10138820989E-07,0.999961923063,
    -8.72653562383E-03));
#4390 = ORIENTED_EDGE('',*,*,#4391,.F.);
#4391 = EDGE_CURVE('',#4029,#4384,#4392,.T.);
#4392 = LINE('',#4393,#4394);
#4393 = CARTESIAN_POINT('',(9.40953721865,5.83930776641,6.02121728258));
#4394 = VECTOR('',#4395,1.);
#4395 = DIRECTION('',(-2.10138810596E-07,0.999961923067,
    -8.726535196038E-03));
#4396 = PLANE('',#4397);
#4397 = AXIS2_PLACEMENT_3D('',#4398,#4399,#4400);
#4398 = CARTESIAN_POINT('',(9.40953075084,14.,5.75262557602));
#4399 = DIRECTION('',(0.99999999971,-2.94900342471E-21,
    -2.40804403912E-05));
#4400 = DIRECTION('',(2.40804403912E-05,1.22464679879E-16,0.99999999971)
  );
#4401 = ADVANCED_FACE('',(#4402),#4428,.T.);
#4402 = FACE_BOUND('',#4403,.T.);
#4403 = EDGE_LOOP('',(#4404,#4412,#4420,#4426,#4427));
#4404 = ORIENTED_EDGE('',*,*,#4405,.T.);
#4405 = EDGE_CURVE('',#4384,#4406,#4408,.T.);
#4406 = VERTEX_POINT('',#4407);
#4407 = CARTESIAN_POINT('',(9.3526255775,13.7000114223,5.95261796068));
#4408 = LINE('',#4409,#4410);
#4409 = CARTESIAN_POINT('',(9.38108125774,10.4393134774,5.98107364055));
#4410 = VECTOR('',#4411,1.);
#4411 = DIRECTION('',(-8.726203355826E-03,0.999923850477,
    -8.726203243926E-03));
#4412 = ORIENTED_EDGE('',*,*,#4413,.T.);
#4413 = EDGE_CURVE('',#4406,#4414,#4416,.T.);
#4414 = VERTEX_POINT('',#4415);
#4415 = CARTESIAN_POINT('',(9.10261034852,13.7000112603,5.95261796209));
#4416 = LINE('',#4417,#4418);
#4417 = CARTESIAN_POINT('',(9.22761796301,13.7000113413,5.95261796138));
#4418 = VECTOR('',#4419,1.);
#4419 = DIRECTION('',(-1.,-6.481363458379E-07,5.656200901419E-09));
#4420 = ORIENTED_EDGE('',*,*,#4421,.F.);
#4421 = EDGE_CURVE('',#4037,#4414,#4422,.T.);
#4422 = LINE('',#4423,#4424);
#4423 = CARTESIAN_POINT('',(9.14275398923,9.10000563032,5.99276160306));
#4424 = VECTOR('',#4425,1.);
#4425 = DIRECTION('',(-8.726203187951E-03,0.999923850478,
    -8.726203243951E-03));
#4426 = ORIENTED_EDGE('',*,*,#4036,.F.);
#4427 = ORIENTED_EDGE('',*,*,#4391,.T.);
#4428 = PLANE('',#4429);
#4429 = AXIS2_PLACEMENT_3D('',#4430,#4431,#4432);
#4430 = CARTESIAN_POINT('',(3.80000000147,14.,5.95000000002));
#4431 = DIRECTION('',(5.550903753671E-16,8.726535498371E-03,
    0.999961923064));
#4432 = DIRECTION('',(-1.,4.753195102748E-31,5.551115123125E-16));
#4433 = ADVANCED_FACE('',(#4434),#4461,.F.);
#4434 = FACE_BOUND('',#4435,.F.);
#4435 = EDGE_LOOP('',(#4436,#4444,#4453,#4459,#4460));
#4436 = ORIENTED_EDGE('',*,*,#4437,.T.);
#4437 = EDGE_CURVE('',#4045,#4438,#4440,.T.);
#4438 = VERTEX_POINT('',#4439);
#4439 = CARTESIAN_POINT('',(8.90000000148,13.9999999991,6.14999238449));
#4440 = LINE('',#4441,#4442);
#4441 = CARTESIAN_POINT('',(8.94145262348,9.25000000186,6.19144500649));
#4442 = VECTOR('',#4443,1.);
#4443 = DIRECTION('',(-8.726203243926E-03,0.999923850478,
    -8.726203243936E-03));
#4444 = ORIENTED_EDGE('',*,*,#4445,.F.);
#4445 = EDGE_CURVE('',#4446,#4438,#4448,.T.);
#4446 = VERTEX_POINT('',#4447);
#4447 = CARTESIAN_POINT('',(9.09999238587,13.9999999991,5.95000000001));
#4448 = CIRCLE('',#4449,0.2);
#4449 = AXIS2_PLACEMENT_3D('',#4450,#4451,#4452);
#4450 = CARTESIAN_POINT('',(9.09999238609,14.0017453062,6.14999238462));
#4451 = DIRECTION('',(-8.726203243926E-03,0.999923850478,
    -8.726203243936E-03));
#4452 = DIRECTION('',(0.,8.726535498366E-03,0.999961923064));
#4453 = ORIENTED_EDGE('',*,*,#4454,.F.);
#4454 = EDGE_CURVE('',#4414,#4446,#4455,.T.);
#4455 = LINE('',#4456,#4457);
#4456 = CARTESIAN_POINT('',(9.14144500809,9.25,5.99145262201));
#4457 = VECTOR('',#4458,1.);
#4458 = DIRECTION('',(-8.726203243926E-03,0.999923850478,
    -8.726203243936E-03));
#4459 = ORIENTED_EDGE('',*,*,#4421,.F.);
#4460 = ORIENTED_EDGE('',*,*,#4044,.T.);
#4461 = CYLINDRICAL_SURFACE('',#4462,0.2);
#4462 = AXIS2_PLACEMENT_3D('',#4463,#4464,#4465);
#4463 = CARTESIAN_POINT('',(9.14144500809,9.2517453071,6.19144500662));
#4464 = DIRECTION('',(-8.726203243926E-03,0.999923850478,
    -8.726203243936E-03));
#4465 = DIRECTION('',(-8.923254930099E-16,-8.726535498366E-03,
    -0.999961923064));
#4466 = ADVANCED_FACE('',(#4467),#4485,.T.);
#4467 = FACE_BOUND('',#4468,.T.);
#4468 = EDGE_LOOP('',(#4469,#4470,#4471,#4479));
#4469 = ORIENTED_EDGE('',*,*,#4064,.F.);
#4470 = ORIENTED_EDGE('',*,*,#4437,.T.);
#4471 = ORIENTED_EDGE('',*,*,#4472,.T.);
#4472 = EDGE_CURVE('',#4438,#4473,#4475,.T.);
#4473 = VERTEX_POINT('',#4474);
#4474 = CARTESIAN_POINT('',(8.90000000147,14.,11.1500076145));
#4475 = LINE('',#4476,#4477);
#4476 = CARTESIAN_POINT('',(8.90000000147,14.,8.64999999909));
#4477 = VECTOR('',#4478,1.);
#4478 = DIRECTION('',(7.10540571333E-16,0.,1.));
#4479 = ORIENTED_EDGE('',*,*,#4480,.F.);
#4480 = EDGE_CURVE('',#4065,#4473,#4481,.T.);
#4481 = LINE('',#4482,#4483);
#4482 = CARTESIAN_POINT('',(8.94145262347,9.25000000018,11.1085549934));
#4483 = VECTOR('',#4484,1.);
#4484 = DIRECTION('',(-8.726203243962E-03,0.999923850479,
    8.726203055602E-03));
#4485 = PLANE('',#4486);
#4486 = AXIS2_PLACEMENT_3D('',#4487,#4488,#4489);
#4487 = CARTESIAN_POINT('',(8.90000000147,14.,8.65000000002));
#4488 = DIRECTION('',(0.999961923064,8.726535498371E-03,
    -5.561590677441E-16));
#4489 = DIRECTION('',(5.55111512313E-16,1.22464679915E-16,1.));
#4490 = ADVANCED_FACE('',(#4491),#4510,.F.);
#4491 = FACE_BOUND('',#4492,.F.);
#4492 = EDGE_LOOP('',(#4493,#4501,#4508,#4509));
#4493 = ORIENTED_EDGE('',*,*,#4494,.T.);
#4494 = EDGE_CURVE('',#4073,#4495,#4497,.T.);
#4495 = VERTEX_POINT('',#4496);
#4496 = CARTESIAN_POINT('',(9.09999238594,13.9999999991,11.35));
#4497 = LINE('',#4498,#4499);
#4498 = CARTESIAN_POINT('',(9.14144500793,9.25000000186,11.308547378));
#4499 = VECTOR('',#4500,1.);
#4500 = DIRECTION('',(-8.726203243936E-03,0.999923850478,
    8.726203243926E-03));
#4501 = ORIENTED_EDGE('',*,*,#4502,.F.);
#4502 = EDGE_CURVE('',#4473,#4495,#4503,.T.);
#4503 = CIRCLE('',#4504,0.2);
#4504 = AXIS2_PLACEMENT_3D('',#4505,#4506,#4507);
#4505 = CARTESIAN_POINT('',(9.09999238609,14.0017453062,11.1500076154));
#4506 = DIRECTION('',(-8.726203243936E-03,0.999923850478,
    8.726203243926E-03));
#4507 = DIRECTION('',(0.999961923064,8.726535498366E-03,0.));
#4508 = ORIENTED_EDGE('',*,*,#4480,.F.);
#4509 = ORIENTED_EDGE('',*,*,#4072,.T.);
#4510 = CYLINDRICAL_SURFACE('',#4511,0.2);
#4511 = AXIS2_PLACEMENT_3D('',#4512,#4513,#4514);
#4512 = CARTESIAN_POINT('',(9.14144500809,9.2517453071,11.1085549934));
#4513 = DIRECTION('',(-8.726203243936E-03,0.999923850478,
    8.726203243926E-03));
#4514 = DIRECTION('',(-0.999961923064,-8.726535498366E-03,
    8.934096951824E-16));
#4515 = ADVANCED_FACE('',(#4516),#4534,.T.);
#4516 = FACE_BOUND('',#4517,.T.);
#4517 = EDGE_LOOP('',(#4518,#4519,#4520,#4528));
#4518 = ORIENTED_EDGE('',*,*,#4089,.F.);
#4519 = ORIENTED_EDGE('',*,*,#4494,.T.);
#4520 = ORIENTED_EDGE('',*,*,#4521,.T.);
#4521 = EDGE_CURVE('',#4495,#4522,#4524,.T.);
#4522 = VERTEX_POINT('',#4523);
#4523 = CARTESIAN_POINT('',(10.1647661347,14.,11.35));
#4524 = LINE('',#4525,#4526);
#4525 = CARTESIAN_POINT('',(9.63237925989,14.,11.35));
#4526 = VECTOR('',#4527,1.);
#4527 = DIRECTION('',(1.,0.,0.));
#4528 = ORIENTED_EDGE('',*,*,#4529,.F.);
#4529 = EDGE_CURVE('',#4090,#4522,#4530,.T.);
#4530 = LINE('',#4531,#4532);
#4531 = CARTESIAN_POINT('',(10.1647748584,9.25000000018,11.308547378));
#4532 = VECTOR('',#4533,1.);
#4533 = DIRECTION('',(-1.836498186321E-06,0.999961923062,
    8.726535498364E-03));
#4534 = PLANE('',#4535);
#4535 = AXIS2_PLACEMENT_3D('',#4536,#4537,#4538);
#4536 = CARTESIAN_POINT('',(9.22500000147,14.,11.35));
#4537 = DIRECTION('',(-5.550903753671E-16,8.726535498371E-03,
    -0.999961923064));
#4538 = DIRECTION('',(1.,4.753195102748E-31,-5.551115123125E-16));
#4539 = ADVANCED_FACE('',(#4540),#4558,.F.);
#4540 = FACE_BOUND('',#4541,.T.);
#4541 = EDGE_LOOP('',(#4542,#4543,#4551,#4557));
#4542 = ORIENTED_EDGE('',*,*,#4529,.T.);
#4543 = ORIENTED_EDGE('',*,*,#4544,.F.);
#4544 = EDGE_CURVE('',#4545,#4522,#4547,.T.);
#4545 = VERTEX_POINT('',#4546);
#4546 = CARTESIAN_POINT('',(10.1647707806,14.,11.547476824));
#4547 = LINE('',#4548,#4549);
#4548 = CARTESIAN_POINT('',(10.1647752893,14.,11.4487384127));
#4549 = VECTOR('',#4550,1.);
#4550 = DIRECTION('',(4.566272015082E-05,0.,-0.999999998957));
#4551 = ORIENTED_EDGE('',*,*,#4552,.T.);
#4552 = EDGE_CURVE('',#4545,#4098,#4553,.T.);
#4553 = LINE('',#4554,#4555);
#4554 = CARTESIAN_POINT('',(10.1647707806,9.25,11.547476824));
#4555 = VECTOR('',#4556,1.);
#4556 = DIRECTION('',(0.,-1.,1.86984930463E-16));
#4557 = ORIENTED_EDGE('',*,*,#4097,.T.);
#4558 = PLANE('',#4559);
#4559 = AXIS2_PLACEMENT_3D('',#4560,#4561,#4562);
#4560 = CARTESIAN_POINT('',(10.1647707806,14.,11.547476824));
#4561 = DIRECTION('',(-0.999999998957,-5.592070407553E-21,
    -4.566272015282E-05));
#4562 = DIRECTION('',(4.566272015282E-05,-1.224646797871E-16,
    -0.999999998957));
#4563 = ADVANCED_FACE('',(#4564),#4582,.F.);
#4564 = FACE_BOUND('',#4565,.T.);
#4565 = EDGE_LOOP('',(#4566,#4567,#4568,#4576));
#4566 = ORIENTED_EDGE('',*,*,#4105,.T.);
#4567 = ORIENTED_EDGE('',*,*,#4552,.F.);
#4568 = ORIENTED_EDGE('',*,*,#4569,.F.);
#4569 = EDGE_CURVE('',#4570,#4545,#4572,.T.);
#4570 = VERTEX_POINT('',#4571);
#4571 = CARTESIAN_POINT('',(10.1647707806,14.,11.6474615927));
#4572 = LINE('',#4573,#4574);
#4573 = CARTESIAN_POINT('',(10.1647707806,14.,11.5974692083));
#4574 = VECTOR('',#4575,1.);
#4575 = DIRECTION('',(0.,0.,-1.));
#4576 = ORIENTED_EDGE('',*,*,#4577,.F.);
#4577 = EDGE_CURVE('',#4106,#4570,#4578,.T.);
#4578 = LINE('',#4579,#4580);
#4579 = CARTESIAN_POINT('',(10.1647707806,9.25,11.6474615927));
#4580 = VECTOR('',#4581,1.);
#4581 = DIRECTION('',(0.,1.,-1.86984930463E-16));
#4582 = PLANE('',#4583);
#4583 = AXIS2_PLACEMENT_3D('',#4584,#4585,#4586);
#4584 = CARTESIAN_POINT('',(10.1647707806,14.,11.6474615927));
#4585 = DIRECTION('',(-1.,6.79815536723E-32,5.55111512313E-16));
#4586 = DIRECTION('',(-5.55111512313E-16,-1.22464679915E-16,-1.));
#4587 = ADVANCED_FACE('',(#4588),#4607,.F.);
#4588 = FACE_BOUND('',#4589,.F.);
#4589 = EDGE_LOOP('',(#4590,#4598,#4605,#4606));
#4590 = ORIENTED_EDGE('',*,*,#4591,.T.);
#4591 = EDGE_CURVE('',#4114,#4592,#4594,.T.);
#4592 = VERTEX_POINT('',#4593);
#4593 = CARTESIAN_POINT('',(10.5000000007,13.9999999994,11.9857869423));
#4594 = LINE('',#4595,#4596);
#4595 = CARTESIAN_POINT('',(10.5000000007,8.6400000006,11.9857869423));
#4596 = VECTOR('',#4597,1.);
#4597 = DIRECTION('',(0.,1.,-1.22464705044E-16));
#4598 = ORIENTED_EDGE('',*,*,#4599,.F.);
#4599 = EDGE_CURVE('',#4570,#4592,#4600,.T.);
#4600 = CIRCLE('',#4601,0.336559550594);
#4601 = AXIS2_PLACEMENT_3D('',#4602,#4603,#4604);
#4602 = CARTESIAN_POINT('',(10.5013256852,13.9999999994,11.6492300026));
#4603 = DIRECTION('',(-5.07193650854E-31,1.,-1.22464679915E-16));
#4604 = DIRECTION('',(0.,1.22464679915E-16,1.));
#4605 = ORIENTED_EDGE('',*,*,#4577,.F.);
#4606 = ORIENTED_EDGE('',*,*,#4113,.F.);
#4607 = CYLINDRICAL_SURFACE('',#4608,0.336559550594);
#4608 = AXIS2_PLACEMENT_3D('',#4609,#4610,#4611);
#4609 = CARTESIAN_POINT('',(10.5013256852,8.63999999999,11.6492300026));
#4610 = DIRECTION('',(-5.07193650854E-31,1.,-1.22464679915E-16));
#4611 = DIRECTION('',(-0.999986195679,-6.434752891131E-19,
    -5.254374482171E-03));
#4612 = ADVANCED_FACE('',(#4613),#4631,.F.);
#4613 = FACE_BOUND('',#4614,.T.);
#4614 = EDGE_LOOP('',(#4615,#4616,#4617,#4625));
#4615 = ORIENTED_EDGE('',*,*,#4122,.T.);
#4616 = ORIENTED_EDGE('',*,*,#4591,.T.);
#4617 = ORIENTED_EDGE('',*,*,#4618,.F.);
#4618 = EDGE_CURVE('',#4619,#4592,#4621,.T.);
#4619 = VERTEX_POINT('',#4620);
#4620 = CARTESIAN_POINT('',(10.8000000015,14.,11.9857869423));
#4621 = LINE('',#4622,#4623);
#4622 = CARTESIAN_POINT('',(10.6500000011,14.,11.9857869423));
#4623 = VECTOR('',#4624,1.);
#4624 = DIRECTION('',(-1.,0.,0.));
#4625 = ORIENTED_EDGE('',*,*,#4626,.T.);
#4626 = EDGE_CURVE('',#4619,#4123,#4627,.T.);
#4627 = LINE('',#4628,#4629);
#4628 = CARTESIAN_POINT('',(10.8000000015,9.25,11.9857869423));
#4629 = VECTOR('',#4630,1.);
#4630 = DIRECTION('',(0.,-1.,1.86984930463E-16));
#4631 = PLANE('',#4632);
#4632 = AXIS2_PLACEMENT_3D('',#4633,#4634,#4635);
#4633 = CARTESIAN_POINT('',(10.8000000015,14.,11.9857869423));
#4634 = DIRECTION('',(5.55111512313E-16,1.22464679915E-16,1.));
#4635 = DIRECTION('',(-1.,0.,5.55111512313E-16));
#4636 = ADVANCED_FACE('',(#4637),#4656,.F.);
#4637 = FACE_BOUND('',#4638,.F.);
#4638 = EDGE_LOOP('',(#4639,#4647,#4654,#4655));
#4639 = ORIENTED_EDGE('',*,*,#4640,.T.);
#4640 = EDGE_CURVE('',#4131,#4641,#4643,.T.);
#4641 = VERTEX_POINT('',#4642);
#4642 = CARTESIAN_POINT('',(11.1351907555,13.9999999994,11.6474623908));
#4643 = LINE('',#4644,#4645);
#4644 = CARTESIAN_POINT('',(11.1351907555,8.6400000006,11.6474623908));
#4645 = VECTOR('',#4646,1.);
#4646 = DIRECTION('',(0.,1.,-1.22464705044E-16));
#4647 = ORIENTED_EDGE('',*,*,#4648,.F.);
#4648 = EDGE_CURVE('',#4619,#4641,#4649,.T.);
#4649 = CIRCLE('',#4650,0.335221568195);
#4650 = AXIS2_PLACEMENT_3D('',#4651,#4652,#4653);
#4651 = CARTESIAN_POINT('',(10.799983549,13.9999999994,11.6505653745));
#4652 = DIRECTION('',(-6.02470007056E-32,1.,-1.22464679914E-16));
#4653 = DIRECTION('',(0.,1.22464679914E-16,1.));
#4654 = ORIENTED_EDGE('',*,*,#4626,.T.);
#4655 = ORIENTED_EDGE('',*,*,#4130,.F.);
#4656 = CYLINDRICAL_SURFACE('',#4657,0.335221568195);
#4657 = AXIS2_PLACEMENT_3D('',#4658,#4659,#4660);
#4658 = CARTESIAN_POINT('',(10.799983549,8.63999999999,11.6505653745));
#4659 = DIRECTION('',(-6.02470007056E-32,1.,-1.22464679914E-16));
#4660 = DIRECTION('',(4.907940377148E-05,1.224646797665E-16,
    0.999999998796));
#4661 = ADVANCED_FACE('',(#4662),#4680,.F.);
#4662 = FACE_BOUND('',#4663,.F.);
#4663 = EDGE_LOOP('',(#4664,#4672,#4678,#4679));
#4664 = ORIENTED_EDGE('',*,*,#4665,.F.);
#4665 = EDGE_CURVE('',#4666,#4140,#4668,.T.);
#4666 = VERTEX_POINT('',#4667);
#4667 = CARTESIAN_POINT('',(11.1352292223,14.,11.547476824));
#4668 = LINE('',#4669,#4670);
#4669 = CARTESIAN_POINT('',(11.1352292223,9.25,11.547476824));
#4670 = VECTOR('',#4671,1.);
#4671 = DIRECTION('',(0.,-1.,1.86984930463E-16));
#4672 = ORIENTED_EDGE('',*,*,#4673,.T.);
#4673 = EDGE_CURVE('',#4666,#4641,#4674,.T.);
#4674 = LINE('',#4675,#4676);
#4675 = CARTESIAN_POINT('',(11.1352292223,14.,11.597469607));
#4676 = VECTOR('',#4677,1.);
#4677 = DIRECTION('',(0.,0.,1.));
#4678 = ORIENTED_EDGE('',*,*,#4640,.F.);
#4679 = ORIENTED_EDGE('',*,*,#4139,.F.);
#4680 = PLANE('',#4681);
#4681 = AXIS2_PLACEMENT_3D('',#4682,#4683,#4684);
#4682 = CARTESIAN_POINT('',(11.1352292223,14.,11.547476824));
#4683 = DIRECTION('',(1.,-6.79815536723E-32,-5.55111512313E-16));
#4684 = DIRECTION('',(5.55111512313E-16,1.22464679915E-16,1.));
#4685 = ADVANCED_FACE('',(#4686),#4704,.T.);
#4686 = FACE_BOUND('',#4687,.T.);
#4687 = EDGE_LOOP('',(#4688,#4689,#4690,#4698));
#4688 = ORIENTED_EDGE('',*,*,#4147,.F.);
#4689 = ORIENTED_EDGE('',*,*,#4665,.F.);
#4690 = ORIENTED_EDGE('',*,*,#4691,.T.);
#4691 = EDGE_CURVE('',#4666,#4692,#4694,.T.);
#4692 = VERTEX_POINT('',#4693);
#4693 = CARTESIAN_POINT('',(11.1352753807,14.,11.3499999637));
#4694 = LINE('',#4695,#4696);
#4695 = CARTESIAN_POINT('',(11.1352523015,14.,11.4487383938));
#4696 = VECTOR('',#4697,1.);
#4697 = DIRECTION('',(2.337406718159E-04,0.,-0.999999972683));
#4698 = ORIENTED_EDGE('',*,*,#4699,.F.);
#4699 = EDGE_CURVE('',#4148,#4692,#4700,.T.);
#4700 = LINE('',#4701,#4702);
#4701 = CARTESIAN_POINT('',(11.1352850698,9.25,11.3085473595));
#4702 = VECTOR('',#4703,1.);
#4703 = DIRECTION('',(-2.03974544691E-06,0.999961923095,
    8.726531738539E-03));
#4704 = PLANE('',#4705);
#4705 = AXIS2_PLACEMENT_3D('',#4706,#4707,#4708);
#4706 = CARTESIAN_POINT('',(11.1352292223,14.,11.547476824));
#4707 = DIRECTION('',(-0.999999972683,-2.862497655739E-20,
    -2.337406718189E-04));
#4708 = DIRECTION('',(2.337406718189E-04,-1.22464676569E-16,
    -0.999999972683));
#4709 = ADVANCED_FACE('',(#4710),#4728,.T.);
#4710 = FACE_BOUND('',#4711,.T.);
#4711 = EDGE_LOOP('',(#4712,#4720,#4726,#4727));
#4712 = ORIENTED_EDGE('',*,*,#4713,.T.);
#4713 = EDGE_CURVE('',#4692,#4714,#4716,.T.);
#4714 = VERTEX_POINT('',#4715);
#4715 = CARTESIAN_POINT('',(12.9000076167,14.,11.35));
#4716 = LINE('',#4717,#4718);
#4717 = CARTESIAN_POINT('',(12.0176414987,14.,11.35));
#4718 = VECTOR('',#4719,1.);
#4719 = DIRECTION('',(1.,0.,0.));
#4720 = ORIENTED_EDGE('',*,*,#4721,.F.);
#4721 = EDGE_CURVE('',#4156,#4714,#4722,.T.);
#4722 = LINE('',#4723,#4724);
#4723 = CARTESIAN_POINT('',(12.8585549947,9.25000000018,11.308547378));
#4724 = VECTOR('',#4725,1.);
#4725 = DIRECTION('',(8.726203251626E-03,0.999923850478,
    8.726203243936E-03));
#4726 = ORIENTED_EDGE('',*,*,#4155,.F.);
#4727 = ORIENTED_EDGE('',*,*,#4699,.T.);
#4728 = PLANE('',#4729);
#4729 = AXIS2_PLACEMENT_3D('',#4730,#4731,#4732);
#4730 = CARTESIAN_POINT('',(9.22500000147,14.,11.35));
#4731 = DIRECTION('',(-5.550903753671E-16,8.726535498371E-03,
    -0.999961923064));
#4732 = DIRECTION('',(1.,4.753195102748E-31,-5.551115123125E-16));
#4733 = ADVANCED_FACE('',(#4734),#4753,.F.);
#4734 = FACE_BOUND('',#4735,.F.);
#4735 = EDGE_LOOP('',(#4736,#4744,#4751,#4752));
#4736 = ORIENTED_EDGE('',*,*,#4737,.T.);
#4737 = EDGE_CURVE('',#4164,#4738,#4740,.T.);
#4738 = VERTEX_POINT('',#4739);
#4739 = CARTESIAN_POINT('',(13.1000000014,13.9999999991,11.1500076152));
#4740 = LINE('',#4741,#4742);
#4741 = CARTESIAN_POINT('',(13.0585473794,9.25000000186,11.1085549932));
#4742 = VECTOR('',#4743,1.);
#4743 = DIRECTION('',(8.726203243926E-03,0.999923850478,
    8.726203243936E-03));
#4744 = ORIENTED_EDGE('',*,*,#4745,.F.);
#4745 = EDGE_CURVE('',#4714,#4738,#4746,.T.);
#4746 = CIRCLE('',#4747,0.2);
#4747 = AXIS2_PLACEMENT_3D('',#4748,#4749,#4750);
#4748 = CARTESIAN_POINT('',(12.9000076168,14.0017453062,11.1500076154));
#4749 = DIRECTION('',(8.726203243926E-03,0.999923850478,
    8.726203243936E-03));
#4750 = DIRECTION('',(0.,-8.726535498366E-03,0.999961923064));
#4751 = ORIENTED_EDGE('',*,*,#4721,.F.);
#4752 = ORIENTED_EDGE('',*,*,#4163,.T.);
#4753 = CYLINDRICAL_SURFACE('',#4754,0.2);
#4754 = AXIS2_PLACEMENT_3D('',#4755,#4756,#4757);
#4755 = CARTESIAN_POINT('',(12.8585549948,9.2517453071,11.1085549934));
#4756 = DIRECTION('',(8.726203243926E-03,0.999923850478,
    8.726203243936E-03));
#4757 = DIRECTION('',(8.923254930099E-16,-8.726535498366E-03,
    0.999961923064));
#4758 = ADVANCED_FACE('',(#4759),#4770,.T.);
#4759 = FACE_BOUND('',#4760,.T.);
#4760 = EDGE_LOOP('',(#4761,#4762,#4763,#4769));
#4761 = ORIENTED_EDGE('',*,*,#4180,.F.);
#4762 = ORIENTED_EDGE('',*,*,#4737,.T.);
#4763 = ORIENTED_EDGE('',*,*,#4764,.T.);
#4764 = EDGE_CURVE('',#4738,#4293,#4765,.T.);
#4765 = LINE('',#4766,#4767);
#4766 = CARTESIAN_POINT('',(13.1000000015,14.,8.64999999981));
#4767 = VECTOR('',#4768,1.);
#4768 = DIRECTION('',(-3.55270285666E-16,-3.55270285666E-16,-1.));
#4769 = ORIENTED_EDGE('',*,*,#4301,.F.);
#4770 = PLANE('',#4771);
#4771 = AXIS2_PLACEMENT_3D('',#4772,#4773,#4774);
#4772 = CARTESIAN_POINT('',(13.1000000015,14.,14.1));
#4773 = DIRECTION('',(-0.999961923064,8.726535498371E-03,
    5.540216829911E-16));
#4774 = DIRECTION('',(-5.551115123131E-16,-1.22464679915E-16,-1.));
#4775 = ADVANCED_FACE('',(#4776),#4794,.F.);
#4776 = FACE_BOUND('',#4777,.T.);
#4777 = EDGE_LOOP('',(#4778,#4779,#4780,#4788));
#4778 = ORIENTED_EDGE('',*,*,#4215,.T.);
#4779 = ORIENTED_EDGE('',*,*,#4342,.F.);
#4780 = ORIENTED_EDGE('',*,*,#4781,.F.);
#4781 = EDGE_CURVE('',#4782,#4343,#4784,.T.);
#4782 = VERTEX_POINT('',#4783);
#4783 = CARTESIAN_POINT('',(10.3904692521,14.,5.55261034532));
#4784 = LINE('',#4785,#4786);
#4785 = CARTESIAN_POINT('',(10.3904692521,14.,5.65261796037));
#4786 = VECTOR('',#4787,1.);
#4787 = DIRECTION('',(0.,0.,1.));
#4788 = ORIENTED_EDGE('',*,*,#4789,.F.);
#4789 = EDGE_CURVE('',#4216,#4782,#4790,.T.);
#4790 = LINE('',#4791,#4792);
#4791 = CARTESIAN_POINT('',(10.3904692521,9.25,5.55261034532));
#4792 = VECTOR('',#4793,1.);
#4793 = DIRECTION('',(0.,1.,-9.34924652316E-17));
#4794 = PLANE('',#4795);
#4795 = AXIS2_PLACEMENT_3D('',#4796,#4797,#4798);
#4796 = CARTESIAN_POINT('',(10.3904692521,14.,5.55261034532));
#4797 = DIRECTION('',(1.,-6.79815536723E-32,-5.55111512313E-16));
#4798 = DIRECTION('',(5.55111512313E-16,1.22464679915E-16,1.));
#4799 = ADVANCED_FACE('',(#4800),#4819,.F.);
#4800 = FACE_BOUND('',#4801,.F.);
#4801 = EDGE_LOOP('',(#4802,#4810,#4817,#4818));
#4802 = ORIENTED_EDGE('',*,*,#4803,.T.);
#4803 = EDGE_CURVE('',#4224,#4804,#4806,.T.);
#4804 = VERTEX_POINT('',#4805);
#4805 = CARTESIAN_POINT('',(10.047389657,13.9999999994,5.20953074938));
#4806 = LINE('',#4807,#4808);
#4807 = CARTESIAN_POINT('',(10.047389657,8.6400000006,5.20953074938));
#4808 = VECTOR('',#4809,1.);
#4809 = DIRECTION('',(0.,1.,-1.22464705044E-16));
#4810 = ORIENTED_EDGE('',*,*,#4811,.F.);
#4811 = EDGE_CURVE('',#4782,#4804,#4812,.T.);
#4812 = CIRCLE('',#4813,0.341263137854);
#4813 = AXIS2_PLACEMENT_3D('',#4814,#4815,#4816);
#4814 = CARTESIAN_POINT('',(10.0492109745,13.9999999994,5.55078902702));
#4815 = DIRECTION('',(3.45993314509E-31,1.,-1.22464679915E-16));
#4816 = DIRECTION('',(0.,1.22464679915E-16,1.));
#4817 = ORIENTED_EDGE('',*,*,#4789,.F.);
#4818 = ORIENTED_EDGE('',*,*,#4223,.F.);
#4819 = CYLINDRICAL_SURFACE('',#4820,0.341263137854);
#4820 = AXIS2_PLACEMENT_3D('',#4821,#4822,#4823);
#4821 = CARTESIAN_POINT('',(10.0492109745,8.63999999999,5.55078902702));
#4822 = DIRECTION('',(3.45993314509E-31,1.,-1.22464679915E-16));
#4823 = DIRECTION('',(0.999985758163,6.535928791459E-19,
    5.336990874429E-03));
#4824 = ADVANCED_FACE('',(#4825),#4843,.F.);
#4825 = FACE_BOUND('',#4826,.T.);
#4826 = EDGE_LOOP('',(#4827,#4828,#4829,#4837));
#4827 = ORIENTED_EDGE('',*,*,#4232,.T.);
#4828 = ORIENTED_EDGE('',*,*,#4803,.T.);
#4829 = ORIENTED_EDGE('',*,*,#4830,.F.);
#4830 = EDGE_CURVE('',#4831,#4804,#4833,.T.);
#4831 = VERTEX_POINT('',#4832);
#4832 = CARTESIAN_POINT('',(9.75261034673,14.,5.20953074942));
#4833 = LINE('',#4834,#4835);
#4834 = CARTESIAN_POINT('',(9.90000000173,14.,5.20953074942));
#4835 = VECTOR('',#4836,1.);
#4836 = DIRECTION('',(1.,0.,0.));
#4837 = ORIENTED_EDGE('',*,*,#4838,.T.);
#4838 = EDGE_CURVE('',#4831,#4233,#4839,.T.);
#4839 = LINE('',#4840,#4841);
#4840 = CARTESIAN_POINT('',(9.75261034673,9.25,5.20953074942));
#4841 = VECTOR('',#4842,1.);
#4842 = DIRECTION('',(0.,-1.,9.34924652316E-17));
#4843 = PLANE('',#4844);
#4844 = AXIS2_PLACEMENT_3D('',#4845,#4846,#4847);
#4845 = CARTESIAN_POINT('',(9.75261034673,14.,5.20953074942));
#4846 = DIRECTION('',(-5.55111512313E-16,-1.22464679915E-16,-1.));
#4847 = DIRECTION('',(1.,0.,-5.55111512313E-16));
#4848 = ADVANCED_FACE('',(#4849),#4868,.F.);
#4849 = FACE_BOUND('',#4850,.F.);
#4850 = EDGE_LOOP('',(#4851,#4859,#4866,#4867));
#4851 = ORIENTED_EDGE('',*,*,#4852,.T.);
#4852 = EDGE_CURVE('',#4241,#4853,#4855,.T.);
#4853 = VERTEX_POINT('',#4854);
#4854 = CARTESIAN_POINT('',(9.40953075084,13.9999999994,5.55261034558));
#4855 = LINE('',#4856,#4857);
#4856 = CARTESIAN_POINT('',(9.40953075084,8.6400000006,5.55261034558));
#4857 = VECTOR('',#4858,1.);
#4858 = DIRECTION('',(0.,1.,-1.22464705044E-16));
#4859 = ORIENTED_EDGE('',*,*,#4860,.F.);
#4860 = EDGE_CURVE('',#4831,#4853,#4861,.T.);
#4861 = CIRCLE('',#4862,0.341263137854);
#4862 = AXIS2_PLACEMENT_3D('',#4863,#4864,#4865);
#4863 = CARTESIAN_POINT('',(9.75078902848,13.9999999994,5.55078902702));
#4864 = DIRECTION('',(8.5607586028E-32,1.,-1.22464679915E-16));
#4865 = DIRECTION('',(0.,1.22464679915E-16,1.));
#4866 = ORIENTED_EDGE('',*,*,#4838,.T.);
#4867 = ORIENTED_EDGE('',*,*,#4240,.F.);
#4868 = CYLINDRICAL_SURFACE('',#4869,0.341263137854);
#4869 = AXIS2_PLACEMENT_3D('',#4870,#4871,#4872);
#4870 = CARTESIAN_POINT('',(9.75078902848,8.63999999999,5.55078902702));
#4871 = DIRECTION('',(8.5607586028E-32,1.,-1.22464679915E-16));
#4872 = DIRECTION('',(5.336990874539E-03,-1.22462935793E-16,
    -0.999985758163));
#4873 = ADVANCED_FACE('',(#4874),#4885,.F.);
#4874 = FACE_BOUND('',#4875,.T.);
#4875 = EDGE_LOOP('',(#4876,#4877,#4878,#4884));
#4876 = ORIENTED_EDGE('',*,*,#4249,.T.);
#4877 = ORIENTED_EDGE('',*,*,#4852,.T.);
#4878 = ORIENTED_EDGE('',*,*,#4879,.F.);
#4879 = EDGE_CURVE('',#4368,#4853,#4880,.T.);
#4880 = LINE('',#4881,#4882);
#4881 = CARTESIAN_POINT('',(9.40953075084,14.,5.65261796097));
#4882 = VECTOR('',#4883,1.);
#4883 = DIRECTION('',(0.,0.,-1.));
#4884 = ORIENTED_EDGE('',*,*,#4367,.T.);
#4885 = PLANE('',#4886);
#4886 = AXIS2_PLACEMENT_3D('',#4887,#4888,#4889);
#4887 = CARTESIAN_POINT('',(9.40953075084,14.,5.75262557602));
#4888 = DIRECTION('',(-1.,6.79815536723E-32,5.55111512313E-16));
#4889 = DIRECTION('',(-5.55111512313E-16,-1.22464679915E-16,-1.));
#4890 = ADVANCED_FACE('',(#4891),#4917,.T.);
#4891 = FACE_BOUND('',#4892,.T.);
#4892 = EDGE_LOOP('',(#4893,#4904,#4910,#4911));
#4893 = ORIENTED_EDGE('',*,*,#4894,.T.);
#4894 = EDGE_CURVE('',#4895,#4897,#4899,.T.);
#4895 = VERTEX_POINT('',#4896);
#4896 = CARTESIAN_POINT('',(10.3887806929,7.,7.53117056036));
#4897 = VERTEX_POINT('',#4898);
#4898 = CARTESIAN_POINT('',(11.6112193101,7.,9.76882943968));
#4899 = CIRCLE('',#4900,1.27489935221);
#4900 = AXIS2_PLACEMENT_3D('',#4901,#4902,#4903);
#4901 = CARTESIAN_POINT('',(11.0000000015,7.,8.65000000002));
#4902 = DIRECTION('',(-5.15252374061E-17,-1.,2.81483654848E-17));
#4903 = DIRECTION('',(-1.,5.15252374061E-17,0.));
#4904 = ORIENTED_EDGE('',*,*,#4905,.T.);
#4905 = EDGE_CURVE('',#4897,#4260,#4906,.T.);
#4906 = LINE('',#4907,#4908);
#4907 = CARTESIAN_POINT('',(2.09036558076E+04,-4.98083199889E+05,
    3.82523999297E+04));
#4908 = VECTOR('',#4909,1.);
#4909 = DIRECTION('',(4.178468890919E-02,-0.996194698092,
    7.648636000388E-02));
#4910 = ORIENTED_EDGE('',*,*,#4257,.F.);
#4911 = ORIENTED_EDGE('',*,*,#4912,.F.);
#4912 = EDGE_CURVE('',#4895,#4258,#4913,.T.);
#4913 = LINE('',#4914,#4915);
#4914 = CARTESIAN_POINT('',(-2.08816558076E+04,-4.98083199889E+05,
    -3.82350999297E+04));
#4915 = VECTOR('',#4916,1.);
#4916 = DIRECTION('',(-4.178468890919E-02,-0.996194698092,
    -7.648636000388E-02));
#4917 = CONICAL_SURFACE('',#4918,1.29885840943,8.72664625997E-02);
#4918 = AXIS2_PLACEMENT_3D('',#4919,#4920,#4921);
#4919 = CARTESIAN_POINT('',(11.0000000015,6.72614672282,8.65000000002));
#4920 = DIRECTION('',(0.,-1.,1.22464679915E-16));
#4921 = DIRECTION('',(-0.479425538604,-1.074728675409E-16,-0.87758256189
    ));
#4922 = ADVANCED_FACE('',(#4923),#4935,.T.);
#4923 = FACE_BOUND('',#4924,.T.);
#4924 = EDGE_LOOP('',(#4925,#4926,#4933,#4934));
#4925 = ORIENTED_EDGE('',*,*,#4905,.F.);
#4926 = ORIENTED_EDGE('',*,*,#4927,.T.);
#4927 = EDGE_CURVE('',#4897,#4895,#4928,.T.);
#4928 = CIRCLE('',#4929,1.27489935221);
#4929 = AXIS2_PLACEMENT_3D('',#4930,#4931,#4932);
#4930 = CARTESIAN_POINT('',(11.0000000015,7.,8.65000000002));
#4931 = DIRECTION('',(-5.15252374061E-17,-1.,2.81483654848E-17));
#4932 = DIRECTION('',(-1.,5.15252374061E-17,0.));
#4933 = ORIENTED_EDGE('',*,*,#4912,.T.);
#4934 = ORIENTED_EDGE('',*,*,#4268,.F.);
#4935 = CONICAL_SURFACE('',#4936,1.29885840943,8.72664625997E-02);
#4936 = AXIS2_PLACEMENT_3D('',#4937,#4938,#4939);
#4937 = CARTESIAN_POINT('',(11.0000000015,6.72614672282,8.65000000002));
#4938 = DIRECTION('',(0.,-1.,1.22464679915E-16));
#4939 = DIRECTION('',(0.479425538604,1.074728675409E-16,0.87758256189));
#4940 = ADVANCED_FACE('',(#4941,#5087),#5118,.F.);
#4941 = FACE_BOUND('',#4942,.T.);
#4942 = EDGE_LOOP('',(#4943,#4953,#4961,#4969,#4977,#4985,#4993,#5001,
    #5009,#5017,#5025,#5033,#5041,#5049,#5057,#5065,#5073,#5081));
#4943 = ORIENTED_EDGE('',*,*,#4944,.F.);
#4944 = EDGE_CURVE('',#4945,#4947,#4949,.T.);
#4945 = VERTEX_POINT('',#4946);
#4946 = CARTESIAN_POINT('',(8.50000000072,14.,3.76999999993));
#4947 = VERTEX_POINT('',#4948);
#4948 = CARTESIAN_POINT('',(7.44992360545,14.,3.76999999993));
#4949 = LINE('',#4950,#4951);
#4950 = CARTESIAN_POINT('',(7.97496180309,14.,3.76999999993));
#4951 = VECTOR('',#4952,1.);
#4952 = DIRECTION('',(-1.,0.,0.));
#4953 = ORIENTED_EDGE('',*,*,#4954,.T.);
#4954 = EDGE_CURVE('',#4945,#4955,#4957,.T.);
#4955 = VERTEX_POINT('',#4956);
#4956 = CARTESIAN_POINT('',(8.50000000072,14.,13.5299999997));
#4957 = LINE('',#4958,#4959);
#4958 = CARTESIAN_POINT('',(8.50000000072,14.,8.64999999981));
#4959 = VECTOR('',#4960,1.);
#4960 = DIRECTION('',(5.46011323599E-16,1.82003774533E-16,1.));
#4961 = ORIENTED_EDGE('',*,*,#4962,.T.);
#4962 = EDGE_CURVE('',#4955,#4963,#4965,.T.);
#4963 = VERTEX_POINT('',#4964);
#4964 = CARTESIAN_POINT('',(7.44992360545,14.,13.5299999997));
#4965 = LINE('',#4966,#4967);
#4966 = CARTESIAN_POINT('',(7.97496180309,14.,13.5299999997));
#4967 = VECTOR('',#4968,1.);
#4968 = DIRECTION('',(-1.,0.,0.));
#4969 = ORIENTED_EDGE('',*,*,#4970,.T.);
#4970 = EDGE_CURVE('',#4963,#4971,#4973,.T.);
#4971 = VERTEX_POINT('',#4972);
#4972 = CARTESIAN_POINT('',(7.51991453467,14.,12.7300000008));
#4973 = LINE('',#4974,#4975);
#4974 = CARTESIAN_POINT('',(7.48491907006,14.,13.1300000003));
#4975 = VECTOR('',#4976,1.);
#4976 = DIRECTION('',(8.715574088557E-02,0.,-0.996194698255));
#4977 = ORIENTED_EDGE('',*,*,#4978,.T.);
#4978 = EDGE_CURVE('',#4971,#4979,#4981,.T.);
#4979 = VERTEX_POINT('',#4980);
#4980 = CARTESIAN_POINT('',(6.73000000117,14.,12.7300000008));
#4981 = LINE('',#4982,#4983);
#4982 = CARTESIAN_POINT('',(7.12495726792,14.,12.7300000008));
#4983 = VECTOR('',#4984,1.);
#4984 = DIRECTION('',(-1.,0.,0.));
#4985 = ORIENTED_EDGE('',*,*,#4986,.T.);
#4986 = EDGE_CURVE('',#4979,#4987,#4989,.T.);
#4987 = VERTEX_POINT('',#4988);
#4988 = CARTESIAN_POINT('',(6.65825929751,14.,13.5499999993));
#4989 = LINE('',#4990,#4991);
#4990 = CARTESIAN_POINT('',(6.69412964934,14.,13.14));
#4991 = VECTOR('',#4992,1.);
#4992 = DIRECTION('',(-8.715574238951E-02,0.,0.996194698123));
#4993 = ORIENTED_EDGE('',*,*,#4994,.F.);
#4994 = EDGE_CURVE('',#4995,#4987,#4997,.T.);
#4995 = VERTEX_POINT('',#4996);
#4996 = CARTESIAN_POINT('',(4.60000000222,14.,13.5499999993));
#4997 = LINE('',#4998,#4999);
#4998 = CARTESIAN_POINT('',(5.62912964986,14.,13.5499999993));
#4999 = VECTOR('',#5000,1.);
#5000 = DIRECTION('',(1.,0.,-8.6303841477E-16));
#5001 = ORIENTED_EDGE('',*,*,#5002,.T.);
#5002 = EDGE_CURVE('',#4995,#5003,#5005,.T.);
#5003 = VERTEX_POINT('',#5004);
#5004 = CARTESIAN_POINT('',(4.60000000222,14.,14.1));
#5005 = LINE('',#5006,#5007);
#5006 = CARTESIAN_POINT('',(4.60000000222,14.,13.8249999996));
#5007 = VECTOR('',#5008,1.);
#5008 = DIRECTION('',(0.,0.,1.));
#5009 = ORIENTED_EDGE('',*,*,#5010,.T.);
#5010 = EDGE_CURVE('',#5003,#5011,#5013,.T.);
#5011 = VERTEX_POINT('',#5012);
#5012 = CARTESIAN_POINT('',(13.8800000015,14.,14.1));
#5013 = LINE('',#5014,#5015);
#5014 = CARTESIAN_POINT('',(9.24000000188,14.,14.1));
#5015 = VECTOR('',#5016,1.);
#5016 = DIRECTION('',(1.,0.,-5.74253288641E-16));
#5017 = ORIENTED_EDGE('',*,*,#5018,.T.);
#5018 = EDGE_CURVE('',#5011,#5019,#5021,.T.);
#5019 = VERTEX_POINT('',#5020);
#5020 = CARTESIAN_POINT('',(13.8800000015,14.,3.19999999963));
#5021 = LINE('',#5022,#5023);
#5022 = CARTESIAN_POINT('',(13.8800000015,14.,8.64999999981));
#5023 = VECTOR('',#5024,1.);
#5024 = DIRECTION('',(-4.88905552112E-16,-1.62968517371E-16,-1.));
#5025 = ORIENTED_EDGE('',*,*,#5026,.F.);
#5026 = EDGE_CURVE('',#5027,#5019,#5029,.T.);
#5027 = VERTEX_POINT('',#5028);
#5028 = CARTESIAN_POINT('',(13.9000000011,14.,3.19999999963));
#5029 = LINE('',#5030,#5031);
#5030 = CARTESIAN_POINT('',(13.8900000013,14.,3.19999999963));
#5031 = VECTOR('',#5032,1.);
#5032 = DIRECTION('',(-1.,0.,0.));
#5033 = ORIENTED_EDGE('',*,*,#5034,.T.);
#5034 = EDGE_CURVE('',#5027,#5035,#5037,.T.);
#5035 = VERTEX_POINT('',#5036);
#5036 = CARTESIAN_POINT('',(13.9000000011,14.,2.19999999963));
#5037 = LINE('',#5038,#5039);
#5038 = CARTESIAN_POINT('',(13.9000000011,14.,2.69999999963));
#5039 = VECTOR('',#5040,1.);
#5040 = DIRECTION('',(-1.7763568394E-15,0.,-1.));
#5041 = ORIENTED_EDGE('',*,*,#5042,.F.);
#5042 = EDGE_CURVE('',#5043,#5035,#5045,.T.);
#5043 = VERTEX_POINT('',#5044);
#5044 = CARTESIAN_POINT('',(4.60000000222,14.,2.19999999963));
#5045 = LINE('',#5046,#5047);
#5046 = CARTESIAN_POINT('',(9.25000000166,14.,2.19999999963));
#5047 = VECTOR('',#5048,1.);
#5048 = DIRECTION('',(1.,0.,-5.73018335359E-16));
#5049 = ORIENTED_EDGE('',*,*,#5050,.F.);
#5050 = EDGE_CURVE('',#5051,#5043,#5053,.T.);
#5051 = VERTEX_POINT('',#5052);
#5052 = CARTESIAN_POINT('',(4.60000000222,14.,3.75000000037));
#5053 = LINE('',#5054,#5055);
#5054 = CARTESIAN_POINT('',(4.60000000222,14.,2.975));
#5055 = VECTOR('',#5056,1.);
#5056 = DIRECTION('',(-5.73018335015E-16,0.,-1.));
#5057 = ORIENTED_EDGE('',*,*,#5058,.T.);
#5058 = EDGE_CURVE('',#5051,#5059,#5061,.T.);
#5059 = VERTEX_POINT('',#5060);
#5060 = CARTESIAN_POINT('',(6.65825929751,14.,3.75000000037));
#5061 = LINE('',#5062,#5063);
#5062 = CARTESIAN_POINT('',(5.62912964986,14.,3.75000000037));
#5063 = VECTOR('',#5064,1.);
#5064 = DIRECTION('',(1.,0.,-8.6303841477E-16));
#5065 = ORIENTED_EDGE('',*,*,#5066,.F.);
#5066 = EDGE_CURVE('',#5067,#5059,#5069,.T.);
#5067 = VERTEX_POINT('',#5068);
#5068 = CARTESIAN_POINT('',(6.73000000117,14.,4.57000000067));
#5069 = LINE('',#5070,#5071);
#5070 = CARTESIAN_POINT('',(6.69412964934,14.,4.16000000052));
#5071 = VECTOR('',#5072,1.);
#5072 = DIRECTION('',(-8.715574219302E-02,0.,-0.99619469814));
#5073 = ORIENTED_EDGE('',*,*,#5074,.F.);
#5074 = EDGE_CURVE('',#5075,#5067,#5077,.T.);
#5075 = VERTEX_POINT('',#5076);
#5076 = CARTESIAN_POINT('',(7.51991453467,14.,4.57000000067));
#5077 = LINE('',#5078,#5079);
#5078 = CARTESIAN_POINT('',(7.12495726792,14.,4.57000000067));
#5079 = VECTOR('',#5080,1.);
#5080 = DIRECTION('',(-1.,0.,0.));
#5081 = ORIENTED_EDGE('',*,*,#5082,.F.);
#5082 = EDGE_CURVE('',#4947,#5075,#5083,.T.);
#5083 = LINE('',#5084,#5085);
#5084 = CARTESIAN_POINT('',(7.48491907006,14.,4.1700000003));
#5085 = VECTOR('',#5086,1.);
#5086 = DIRECTION('',(8.715574068422E-02,0.,0.996194698272));
#5087 = FACE_BOUND('',#5088,.T.);
#5088 = EDGE_LOOP('',(#5089,#5090,#5091,#5092,#5093,#5094,#5095,#5096,
    #5097,#5098,#5099,#5100,#5101,#5102,#5103,#5104,#5105,#5111,#5112,
    #5113,#5114,#5115,#5116,#5117));
#5089 = ORIENTED_EDGE('',*,*,#4319,.F.);
#5090 = ORIENTED_EDGE('',*,*,#4292,.F.);
#5091 = ORIENTED_EDGE('',*,*,#4764,.F.);
#5092 = ORIENTED_EDGE('',*,*,#4745,.F.);
#5093 = ORIENTED_EDGE('',*,*,#4713,.F.);
#5094 = ORIENTED_EDGE('',*,*,#4691,.F.);
#5095 = ORIENTED_EDGE('',*,*,#4673,.T.);
#5096 = ORIENTED_EDGE('',*,*,#4648,.F.);
#5097 = ORIENTED_EDGE('',*,*,#4618,.T.);
#5098 = ORIENTED_EDGE('',*,*,#4599,.F.);
#5099 = ORIENTED_EDGE('',*,*,#4569,.T.);
#5100 = ORIENTED_EDGE('',*,*,#4544,.T.);
#5101 = ORIENTED_EDGE('',*,*,#4521,.F.);
#5102 = ORIENTED_EDGE('',*,*,#4502,.F.);
#5103 = ORIENTED_EDGE('',*,*,#4472,.F.);
#5104 = ORIENTED_EDGE('',*,*,#4445,.F.);
#5105 = ORIENTED_EDGE('',*,*,#5106,.F.);
#5106 = EDGE_CURVE('',#4376,#4446,#5107,.T.);
#5107 = LINE('',#5108,#5109);
#5108 = CARTESIAN_POINT('',(9.2547639448,14.,5.94999999963));
#5109 = VECTOR('',#5110,1.);
#5110 = DIRECTION('',(-1.,0.,0.));
#5111 = ORIENTED_EDGE('',*,*,#4375,.F.);
#5112 = ORIENTED_EDGE('',*,*,#4879,.T.);
#5113 = ORIENTED_EDGE('',*,*,#4860,.F.);
#5114 = ORIENTED_EDGE('',*,*,#4830,.T.);
#5115 = ORIENTED_EDGE('',*,*,#4811,.F.);
#5116 = ORIENTED_EDGE('',*,*,#4781,.T.);
#5117 = ORIENTED_EDGE('',*,*,#4350,.T.);
#5118 = PLANE('',#5119);
#5119 = AXIS2_PLACEMENT_3D('',#5120,#5121,#5122);
#5120 = CARTESIAN_POINT('',(3.80000000147,14.,14.1));
#5121 = DIRECTION('',(6.79815536723E-32,-1.,1.22464679915E-16));
#5122 = DIRECTION('',(-1.,2.431362312046E-43,5.55111512313E-16));
#5123 = ADVANCED_FACE('',(#5124),#5131,.T.);
#5124 = FACE_BOUND('',#5125,.T.);
#5125 = EDGE_LOOP('',(#5126,#5127,#5128,#5129,#5130));
#5126 = ORIENTED_EDGE('',*,*,#5106,.T.);
#5127 = ORIENTED_EDGE('',*,*,#4454,.F.);
#5128 = ORIENTED_EDGE('',*,*,#4413,.F.);
#5129 = ORIENTED_EDGE('',*,*,#4405,.F.);
#5130 = ORIENTED_EDGE('',*,*,#4383,.T.);
#5131 = PLANE('',#5132);
#5132 = AXIS2_PLACEMENT_3D('',#5133,#5134,#5135);
#5133 = CARTESIAN_POINT('',(3.80000000147,14.,5.95000000002));
#5134 = DIRECTION('',(5.550903753671E-16,8.726535498371E-03,
    0.999961923064));
#5135 = DIRECTION('',(-1.,4.753195102748E-31,5.551115123125E-16));
#5136 = ADVANCED_FACE('',(#5137,#5141),#5175,.T.);
#5137 = FACE_BOUND('',#5138,.T.);
#5138 = EDGE_LOOP('',(#5139,#5140));
#5139 = ORIENTED_EDGE('',*,*,#4894,.F.);
#5140 = ORIENTED_EDGE('',*,*,#4927,.F.);
#5141 = FACE_BOUND('',#5142,.T.);
#5142 = EDGE_LOOP('',(#5143,#5153,#5161,#5169));
#5143 = ORIENTED_EDGE('',*,*,#5144,.F.);
#5144 = EDGE_CURVE('',#5145,#5147,#5149,.T.);
#5145 = VERTEX_POINT('',#5146);
#5146 = CARTESIAN_POINT('',(11.5450000014,7.,9.17500000039));
#5147 = VERTEX_POINT('',#5148);
#5148 = CARTESIAN_POINT('',(11.5450000014,7.,8.12499999965));
#5149 = LINE('',#5150,#5151);
#5150 = CARTESIAN_POINT('',(11.5450000014,7.,8.65000000002));
#5151 = VECTOR('',#5152,1.);
#5152 = DIRECTION('',(0.,0.,-1.));
#5153 = ORIENTED_EDGE('',*,*,#5154,.F.);
#5154 = EDGE_CURVE('',#5155,#5145,#5157,.T.);
#5155 = VERTEX_POINT('',#5156);
#5156 = CARTESIAN_POINT('',(10.4550000016,7.,9.17500000039));
#5157 = LINE('',#5158,#5159);
#5158 = CARTESIAN_POINT('',(11.0000000015,7.,9.17500000039));
#5159 = VECTOR('',#5160,1.);
#5160 = DIRECTION('',(1.,0.,0.));
#5161 = ORIENTED_EDGE('',*,*,#5162,.T.);
#5162 = EDGE_CURVE('',#5155,#5163,#5165,.T.);
#5163 = VERTEX_POINT('',#5164);
#5164 = CARTESIAN_POINT('',(10.4550000016,7.,8.12500000151));
#5165 = LINE('',#5166,#5167);
#5166 = CARTESIAN_POINT('',(10.4550000016,7.,8.65000000095));
#5167 = VECTOR('',#5168,1.);
#5168 = DIRECTION('',(0.,0.,-1.));
#5169 = ORIENTED_EDGE('',*,*,#5170,.F.);
#5170 = EDGE_CURVE('',#5147,#5163,#5171,.T.);
#5171 = LINE('',#5172,#5173);
#5172 = CARTESIAN_POINT('',(11.0000000015,7.,8.12500000058));
#5173 = VECTOR('',#5174,1.);
#5174 = DIRECTION('',(-1.,0.,1.708848761E-09));
#5175 = PLANE('',#5176);
#5176 = AXIS2_PLACEMENT_3D('',#5177,#5178,#5179);
#5177 = CARTESIAN_POINT('',(11.0000000015,7.,8.65000000002));
#5178 = DIRECTION('',(-6.79815536723E-32,1.,-1.22464679915E-16));
#5179 = DIRECTION('',(1.,-2.431362312046E-43,-5.55111512313E-16));
#5180 = ADVANCED_FACE('',(#5181),#5206,.T.);
#5181 = FACE_BOUND('',#5182,.T.);
#5182 = EDGE_LOOP('',(#5183,#5191,#5199,#5205));
#5183 = ORIENTED_EDGE('',*,*,#5184,.T.);
#5184 = EDGE_CURVE('',#4947,#5185,#5187,.T.);
#5185 = VERTEX_POINT('',#5186);
#5186 = CARTESIAN_POINT('',(7.44992360433,4.05000000075,3.77000000002));
#5187 = LINE('',#5188,#5189);
#5188 = CARTESIAN_POINT('',(7.44992360527,9.02500000037,3.77000000002));
#5189 = VECTOR('',#5190,1.);
#5190 = DIRECTION('',(-1.87200517525E-10,-1.,1.33896244186E-16));
#5191 = ORIENTED_EDGE('',*,*,#5192,.F.);
#5192 = EDGE_CURVE('',#5193,#5185,#5195,.T.);
#5193 = VERTEX_POINT('',#5194);
#5194 = CARTESIAN_POINT('',(8.50000000147,4.05000000075,3.77000000002));
#5195 = LINE('',#5196,#5197);
#5196 = CARTESIAN_POINT('',(7.9749618029,4.05000000075,3.77000000002));
#5197 = VECTOR('',#5198,1.);
#5198 = DIRECTION('',(-1.,0.,4.22911333939E-16));
#5199 = ORIENTED_EDGE('',*,*,#5200,.F.);
#5200 = EDGE_CURVE('',#4945,#5193,#5201,.T.);
#5201 = LINE('',#5202,#5203);
#5202 = CARTESIAN_POINT('',(8.50000000147,9.02500000037,3.77000000002));
#5203 = VECTOR('',#5204,1.);
#5204 = DIRECTION('',(0.,-1.,1.33896244186E-16));
#5205 = ORIENTED_EDGE('',*,*,#4944,.T.);
#5206 = PLANE('',#5207);
#5207 = AXIS2_PLACEMENT_3D('',#5208,#5209,#5210);
#5208 = CARTESIAN_POINT('',(8.50000000147,14.,3.77000000002));
#5209 = DIRECTION('',(5.55111512313E-16,1.22464679915E-16,1.));
#5210 = DIRECTION('',(-1.,0.,5.55111512313E-16));
#5211 = ADVANCED_FACE('',(#5212),#5262,.F.);
#5212 = FACE_BOUND('',#5213,.T.);
#5213 = EDGE_LOOP('',(#5214,#5215,#5216,#5224,#5232,#5240,#5248,#5256));
#5214 = ORIENTED_EDGE('',*,*,#4954,.F.);
#5215 = ORIENTED_EDGE('',*,*,#5200,.T.);
#5216 = ORIENTED_EDGE('',*,*,#5217,.T.);
#5217 = EDGE_CURVE('',#5193,#5218,#5220,.T.);
#5218 = VERTEX_POINT('',#5219);
#5219 = CARTESIAN_POINT('',(8.50000000147,4.05000000075,3.19999999972));
#5220 = LINE('',#5221,#5222);
#5221 = CARTESIAN_POINT('',(8.50000000147,4.05000000075,3.48499999987));
#5222 = VECTOR('',#5223,1.);
#5223 = DIRECTION('',(0.,0.,-1.));
#5224 = ORIENTED_EDGE('',*,*,#5225,.T.);
#5225 = EDGE_CURVE('',#5218,#5226,#5228,.T.);
#5226 = VERTEX_POINT('',#5227);
#5227 = CARTESIAN_POINT('',(8.50000000147,0.,3.19999999972));
#5228 = LINE('',#5229,#5230);
#5229 = CARTESIAN_POINT('',(8.50000000147,2.02500000037,3.19999999972));
#5230 = VECTOR('',#5231,1.);
#5231 = DIRECTION('',(0.,-1.,1.09651656733E-16));
#5232 = ORIENTED_EDGE('',*,*,#5233,.F.);
#5233 = EDGE_CURVE('',#5234,#5226,#5236,.T.);
#5234 = VERTEX_POINT('',#5235);
#5235 = CARTESIAN_POINT('',(8.50000000147,1.7763568394E-15,14.1000000001
    ));
#5236 = LINE('',#5237,#5238);
#5237 = CARTESIAN_POINT('',(8.50000000147,8.881784197E-16,8.64999999991)
  );
#5238 = VECTOR('',#5239,1.);
#5239 = DIRECTION('',(-4.88905552112E-16,-1.62968517371E-16,-1.));
#5240 = ORIENTED_EDGE('',*,*,#5241,.T.);
#5241 = EDGE_CURVE('',#5234,#5242,#5244,.T.);
#5242 = VERTEX_POINT('',#5243);
#5243 = CARTESIAN_POINT('',(8.50000000147,4.05000000075,14.1000000001));
#5244 = LINE('',#5245,#5246);
#5245 = CARTESIAN_POINT('',(8.50000000147,2.02500000037,14.1000000001));
#5246 = VECTOR('',#5247,1.);
#5247 = DIRECTION('',(0.,1.,0.));
#5248 = ORIENTED_EDGE('',*,*,#5249,.T.);
#5249 = EDGE_CURVE('',#5242,#5250,#5252,.T.);
#5250 = VERTEX_POINT('',#5251);
#5251 = CARTESIAN_POINT('',(8.50000000147,4.05000000075,13.5299999998));
#5252 = LINE('',#5253,#5254);
#5253 = CARTESIAN_POINT('',(8.50000000147,4.05000000075,13.8149999999));
#5254 = VECTOR('',#5255,1.);
#5255 = DIRECTION('',(0.,0.,-1.));
#5256 = ORIENTED_EDGE('',*,*,#5257,.F.);
#5257 = EDGE_CURVE('',#4955,#5250,#5258,.T.);
#5258 = LINE('',#5259,#5260);
#5259 = CARTESIAN_POINT('',(8.50000000147,9.02500000037,13.5299999998));
#5260 = VECTOR('',#5261,1.);
#5261 = DIRECTION('',(0.,-1.,1.78528325581E-16));
#5262 = PLANE('',#5263);
#5263 = AXIS2_PLACEMENT_3D('',#5264,#5265,#5266);
#5264 = CARTESIAN_POINT('',(8.50000000147,14.,3.77000000002));
#5265 = DIRECTION('',(1.,-6.79815536723E-32,-5.55111512313E-16));
#5266 = DIRECTION('',(5.55111512313E-16,1.22464679915E-16,1.));
#5267 = ADVANCED_FACE('',(#5268),#5294,.F.);
#5268 = FACE_BOUND('',#5269,.T.);
#5269 = EDGE_LOOP('',(#5270,#5278,#5286,#5292,#5293));
#5270 = ORIENTED_EDGE('',*,*,#5271,.T.);
#5271 = EDGE_CURVE('',#5250,#5272,#5274,.T.);
#5272 = VERTEX_POINT('',#5273);
#5273 = CARTESIAN_POINT('',(7.32957333846,4.05000000075,13.53));
#5274 = LINE('',#5275,#5276);
#5275 = CARTESIAN_POINT('',(7.91478666996,4.05000000075,13.53));
#5276 = VECTOR('',#5277,1.);
#5277 = DIRECTION('',(-1.,0.,0.));
#5278 = ORIENTED_EDGE('',*,*,#5279,.T.);
#5279 = EDGE_CURVE('',#5272,#5280,#5282,.T.);
#5280 = VERTEX_POINT('',#5281);
#5281 = CARTESIAN_POINT('',(7.44992360433,4.3071098607,13.53));
#5282 = LINE('',#5283,#5284);
#5283 = CARTESIAN_POINT('',(7.3897484714,4.17855493072,13.53));
#5284 = VECTOR('',#5285,1.);
#5285 = DIRECTION('',(0.423942908047,0.90568891498,0.));
#5286 = ORIENTED_EDGE('',*,*,#5287,.F.);
#5287 = EDGE_CURVE('',#4963,#5280,#5288,.T.);
#5288 = LINE('',#5289,#5290);
#5289 = CARTESIAN_POINT('',(7.44992360527,9.15355493035,13.53));
#5290 = VECTOR('',#5291,1.);
#5291 = DIRECTION('',(-1.92166126146E-10,-1.,1.83263898989E-16));
#5292 = ORIENTED_EDGE('',*,*,#4962,.F.);
#5293 = ORIENTED_EDGE('',*,*,#5257,.T.);
#5294 = PLANE('',#5295);
#5295 = AXIS2_PLACEMENT_3D('',#5296,#5297,#5298);
#5296 = CARTESIAN_POINT('',(8.50000000147,14.,13.53));
#5297 = DIRECTION('',(5.55111512313E-16,1.22464679915E-16,1.));
#5298 = DIRECTION('',(-1.,0.,5.55111512313E-16));
#5299 = ADVANCED_FACE('',(#5300),#5318,.F.);
#5300 = FACE_BOUND('',#5301,.T.);
#5301 = EDGE_LOOP('',(#5302,#5310,#5316,#5317));
#5302 = ORIENTED_EDGE('',*,*,#5303,.T.);
#5303 = EDGE_CURVE('',#5280,#5304,#5306,.T.);
#5304 = VERTEX_POINT('',#5305);
#5305 = CARTESIAN_POINT('',(7.51991453555,4.3071098607,12.7299999999));
#5306 = LINE('',#5307,#5308);
#5307 = CARTESIAN_POINT('',(7.48491907016,4.3071098607,13.1299999996));
#5308 = VECTOR('',#5309,1.);
#5309 = DIRECTION('',(8.715574274768E-02,0.,-0.996194698092));
#5310 = ORIENTED_EDGE('',*,*,#5311,.F.);
#5311 = EDGE_CURVE('',#4971,#5304,#5312,.T.);
#5312 = LINE('',#5313,#5314);
#5313 = CARTESIAN_POINT('',(7.51991453547,9.15355493035,12.7300000008));
#5314 = VECTOR('',#5315,1.);
#5315 = DIRECTION('',(1.67483960967E-11,-1.,-1.91434719926E-10));
#5316 = ORIENTED_EDGE('',*,*,#4970,.F.);
#5317 = ORIENTED_EDGE('',*,*,#5287,.T.);
#5318 = PLANE('',#5319);
#5319 = AXIS2_PLACEMENT_3D('',#5320,#5321,#5322);
#5320 = CARTESIAN_POINT('',(7.45007610751,14.,13.5282568851));
#5321 = DIRECTION('',(-0.996194698092,-1.06735001383E-17,
    -8.715574274768E-02));
#5322 = DIRECTION('',(8.715574274768E-02,-1.21998664835E-16,
    -0.996194698092));
#5323 = ADVANCED_FACE('',(#5324),#5350,.F.);
#5324 = FACE_BOUND('',#5325,.T.);
#5325 = EDGE_LOOP('',(#5326,#5334,#5342,#5348,#5349));
#5326 = ORIENTED_EDGE('',*,*,#5327,.F.);
#5327 = EDGE_CURVE('',#5328,#5304,#5330,.T.);
#5328 = VERTEX_POINT('',#5329);
#5329 = CARTESIAN_POINT('',(7.39956426861,4.05000000075,12.73));
#5330 = LINE('',#5331,#5332);
#5331 = CARTESIAN_POINT('',(7.45973940248,4.17855493072,12.73));
#5332 = VECTOR('',#5333,1.);
#5333 = DIRECTION('',(0.423942913429,0.90568891246,0.));
#5334 = ORIENTED_EDGE('',*,*,#5335,.T.);
#5335 = EDGE_CURVE('',#5328,#5336,#5338,.T.);
#5336 = VERTEX_POINT('',#5337);
#5337 = CARTESIAN_POINT('',(6.73000000099,4.05000000075,12.73));
#5338 = LINE('',#5339,#5340);
#5339 = CARTESIAN_POINT('',(7.0647821348,4.05000000075,12.73));
#5340 = VECTOR('',#5341,1.);
#5341 = DIRECTION('',(-1.,0.,0.));
#5342 = ORIENTED_EDGE('',*,*,#5343,.F.);
#5343 = EDGE_CURVE('',#4979,#5336,#5344,.T.);
#5344 = LINE('',#5345,#5346);
#5345 = CARTESIAN_POINT('',(6.73000000099,9.02500000037,12.73));
#5346 = VECTOR('',#5347,1.);
#5347 = DIRECTION('',(0.,-1.,1.78528325581E-16));
#5348 = ORIENTED_EDGE('',*,*,#4978,.F.);
#5349 = ORIENTED_EDGE('',*,*,#5311,.T.);
#5350 = PLANE('',#5351);
#5351 = AXIS2_PLACEMENT_3D('',#5352,#5353,#5354);
#5352 = CARTESIAN_POINT('',(7.53999093229,14.,12.73));
#5353 = DIRECTION('',(5.55111512313E-16,1.22464679915E-16,1.));
#5354 = DIRECTION('',(-1.,0.,5.55111512313E-16));
#5355 = ADVANCED_FACE('',(#5356),#5390,.F.);
#5356 = FACE_BOUND('',#5357,.T.);
#5357 = EDGE_LOOP('',(#5358,#5368,#5374,#5375,#5376,#5384));
#5358 = ORIENTED_EDGE('',*,*,#5359,.F.);
#5359 = EDGE_CURVE('',#5360,#5362,#5364,.T.);
#5360 = VERTEX_POINT('',#5361);
#5361 = CARTESIAN_POINT('',(6.65825929732,9.5,13.5500000007));
#5362 = VERTEX_POINT('',#5363);
#5363 = CARTESIAN_POINT('',(6.61014053244,9.5,14.0999999999));
#5364 = LINE('',#5365,#5366);
#5365 = CARTESIAN_POINT('',(6.63419991488,9.5,13.8250000003));
#5366 = VECTOR('',#5367,1.);
#5367 = DIRECTION('',(-8.715574274768E-02,0.,0.996194698092));
#5368 = ORIENTED_EDGE('',*,*,#5369,.F.);
#5369 = EDGE_CURVE('',#4987,#5360,#5370,.T.);
#5370 = LINE('',#5371,#5372);
#5371 = CARTESIAN_POINT('',(6.6582592974,11.75,13.5499999997));
#5372 = VECTOR('',#5373,1.);
#5373 = DIRECTION('',(-3.60756363054E-11,-1.,4.12346107876E-10));
#5374 = ORIENTED_EDGE('',*,*,#4986,.F.);
#5375 = ORIENTED_EDGE('',*,*,#5343,.T.);
#5376 = ORIENTED_EDGE('',*,*,#5377,.T.);
#5377 = EDGE_CURVE('',#5336,#5378,#5380,.T.);
#5378 = VERTEX_POINT('',#5379);
#5379 = CARTESIAN_POINT('',(6.61014053244,4.05000000075,14.0999999999));
#5380 = LINE('',#5381,#5382);
#5381 = CARTESIAN_POINT('',(6.67007026695,4.05000000075,13.4150000001));
#5382 = VECTOR('',#5383,1.);
#5383 = DIRECTION('',(-8.715574274768E-02,0.,0.996194698092));
#5384 = ORIENTED_EDGE('',*,*,#5385,.F.);
#5385 = EDGE_CURVE('',#5362,#5378,#5386,.T.);
#5386 = LINE('',#5387,#5388);
#5387 = CARTESIAN_POINT('',(6.61014053244,6.77500000037,14.0999999999));
#5388 = VECTOR('',#5389,1.);
#5389 = DIRECTION('',(0.,-1.,3.25937034797E-16));
#5390 = PLANE('',#5391);
#5391 = AXIS2_PLACEMENT_3D('',#5392,#5393,#5394);
#5392 = CARTESIAN_POINT('',(6.73000000242,14.,12.7299999891));
#5393 = DIRECTION('',(0.996194698092,1.06735001383E-17,
    8.715574274768E-02));
#5394 = DIRECTION('',(-8.715574274768E-02,1.21998664835E-16,
    0.996194698092));
#5395 = ADVANCED_FACE('',(#5396,#5414),#5448,.T.);
#5396 = FACE_BOUND('',#5397,.T.);
#5397 = EDGE_LOOP('',(#5398,#5406,#5407,#5408));
#5398 = ORIENTED_EDGE('',*,*,#5399,.F.);
#5399 = EDGE_CURVE('',#4995,#5400,#5402,.T.);
#5400 = VERTEX_POINT('',#5401);
#5401 = CARTESIAN_POINT('',(4.60000000147,9.5,13.55));
#5402 = LINE('',#5403,#5404);
#5403 = CARTESIAN_POINT('',(4.60000000147,11.75,13.55));
#5404 = VECTOR('',#5405,1.);
#5405 = DIRECTION('',(0.,-1.,0.));
#5406 = ORIENTED_EDGE('',*,*,#4994,.T.);
#5407 = ORIENTED_EDGE('',*,*,#5369,.T.);
#5408 = ORIENTED_EDGE('',*,*,#5409,.F.);
#5409 = EDGE_CURVE('',#5400,#5360,#5410,.T.);
#5410 = LINE('',#5411,#5412);
#5411 = CARTESIAN_POINT('',(5.62912964912,9.5,13.55));
#5412 = VECTOR('',#5413,1.);
#5413 = DIRECTION('',(1.,0.,-8.6303841477E-16));
#5414 = FACE_BOUND('',#5415,.T.);
#5415 = EDGE_LOOP('',(#5416,#5426,#5434,#5442));
#5416 = ORIENTED_EDGE('',*,*,#5417,.F.);
#5417 = EDGE_CURVE('',#5418,#5420,#5422,.T.);
#5418 = VERTEX_POINT('',#5419);
#5419 = CARTESIAN_POINT('',(5.17000000177,10.5999999996,13.55));
#5420 = VERTEX_POINT('',#5421);
#5421 = CARTESIAN_POINT('',(5.17000000177,12.9000000004,13.55));
#5422 = LINE('',#5423,#5424);
#5423 = CARTESIAN_POINT('',(5.17000000177,11.75,13.55));
#5424 = VECTOR('',#5425,1.);
#5425 = DIRECTION('',(0.,1.,0.));
#5426 = ORIENTED_EDGE('',*,*,#5427,.T.);
#5427 = EDGE_CURVE('',#5418,#5428,#5430,.T.);
#5428 = VERTEX_POINT('',#5429);
#5429 = CARTESIAN_POINT('',(6.47000000065,10.5999999996,13.55));
#5430 = LINE('',#5431,#5432);
#5431 = CARTESIAN_POINT('',(5.82000000121,10.5999999996,13.55));
#5432 = VECTOR('',#5433,1.);
#5433 = DIRECTION('',(1.,0.,-1.36642833917E-15));
#5434 = ORIENTED_EDGE('',*,*,#5435,.F.);
#5435 = EDGE_CURVE('',#5436,#5428,#5438,.T.);
#5436 = VERTEX_POINT('',#5437);
#5437 = CARTESIAN_POINT('',(6.47000000065,12.9000000004,13.55));
#5438 = LINE('',#5439,#5440);
#5439 = CARTESIAN_POINT('',(6.47000000065,11.75,13.55));
#5440 = VECTOR('',#5441,1.);
#5441 = DIRECTION('',(0.,-1.,0.));
#5442 = ORIENTED_EDGE('',*,*,#5443,.T.);
#5443 = EDGE_CURVE('',#5436,#5420,#5444,.T.);
#5444 = LINE('',#5445,#5446);
#5445 = CARTESIAN_POINT('',(5.82000000121,12.9000000004,13.55));
#5446 = VECTOR('',#5447,1.);
#5447 = DIRECTION('',(-1.,0.,1.36642833917E-15));
#5448 = PLANE('',#5449);
#5449 = AXIS2_PLACEMENT_3D('',#5450,#5451,#5452);
#5450 = CARTESIAN_POINT('',(4.60000000147,14.,13.55));
#5451 = DIRECTION('',(-5.55111512313E-16,-1.22464679915E-16,-1.));
#5452 = DIRECTION('',(1.,0.,-5.55111512313E-16));
#5453 = ADVANCED_FACE('',(#5454),#5472,.T.);
#5454 = FACE_BOUND('',#5455,.T.);
#5455 = EDGE_LOOP('',(#5456,#5464,#5470,#5471));
#5456 = ORIENTED_EDGE('',*,*,#5457,.T.);
#5457 = EDGE_CURVE('',#5400,#5458,#5460,.T.);
#5458 = VERTEX_POINT('',#5459);
#5459 = CARTESIAN_POINT('',(4.60000000147,9.5,14.0999999996));
#5460 = LINE('',#5461,#5462);
#5461 = CARTESIAN_POINT('',(4.60000000147,9.5,13.8250000002));
#5462 = VECTOR('',#5463,1.);
#5463 = DIRECTION('',(0.,0.,1.));
#5464 = ORIENTED_EDGE('',*,*,#5465,.F.);
#5465 = EDGE_CURVE('',#5003,#5458,#5466,.T.);
#5466 = LINE('',#5467,#5468);
#5467 = CARTESIAN_POINT('',(4.60000000147,11.75,14.0999999996));
#5468 = VECTOR('',#5469,1.);
#5469 = DIRECTION('',(0.,-1.,0.));
#5470 = ORIENTED_EDGE('',*,*,#5002,.F.);
#5471 = ORIENTED_EDGE('',*,*,#5399,.T.);
#5472 = PLANE('',#5473);
#5473 = AXIS2_PLACEMENT_3D('',#5474,#5475,#5476);
#5474 = CARTESIAN_POINT('',(4.60000000147,14.,3.75000000002));
#5475 = DIRECTION('',(-1.,6.79815536723E-32,5.55111512313E-16));
#5476 = DIRECTION('',(-5.55111512313E-16,-1.22464679915E-16,-1.));
#5477 = ADVANCED_FACE('',(#5478,#5590),#5624,.F.);
#5478 = FACE_BOUND('',#5479,.T.);
#5479 = EDGE_LOOP('',(#5480,#5490,#5498,#5506,#5514,#5520,#5521,#5522,
    #5528,#5529,#5535,#5536,#5544,#5552,#5560,#5568,#5576,#5584));
#5480 = ORIENTED_EDGE('',*,*,#5481,.T.);
#5481 = EDGE_CURVE('',#5482,#5484,#5486,.T.);
#5482 = VERTEX_POINT('',#5483);
#5483 = CARTESIAN_POINT('',(11.545000002,1.25710986182,14.1));
#5484 = VERTEX_POINT('',#5485);
#5485 = CARTESIAN_POINT('',(11.7581538299,0.800000000745,14.1));
#5486 = LINE('',#5487,#5488);
#5487 = CARTESIAN_POINT('',(11.6515769159,1.02855493128,14.1));
#5488 = VECTOR('',#5489,1.);
#5489 = DIRECTION('',(0.422618260271,-0.906307787722,0.));
#5490 = ORIENTED_EDGE('',*,*,#5491,.F.);
#5491 = EDGE_CURVE('',#5492,#5484,#5494,.T.);
#5492 = VERTEX_POINT('',#5493);
#5493 = CARTESIAN_POINT('',(12.9860359488,0.800000000745,14.1));
#5494 = LINE('',#5495,#5496);
#5495 = CARTESIAN_POINT('',(12.3720948894,0.800000000745,14.1));
#5496 = VECTOR('',#5497,1.);
#5497 = DIRECTION('',(-1.,0.,0.));
#5498 = ORIENTED_EDGE('',*,*,#5499,.T.);
#5499 = EDGE_CURVE('',#5492,#5500,#5502,.T.);
#5500 = VERTEX_POINT('',#5501);
#5501 = CARTESIAN_POINT('',(13.000000002,0.,14.1));
#5502 = LINE('',#5503,#5504);
#5503 = CARTESIAN_POINT('',(12.9930179754,0.400000000373,14.1));
#5504 = VECTOR('',#5505,1.);
#5505 = DIRECTION('',(1.745240804631E-02,-0.999847695128,0.));
#5506 = ORIENTED_EDGE('',*,*,#5507,.F.);
#5507 = EDGE_CURVE('',#5508,#5500,#5510,.T.);
#5508 = VERTEX_POINT('',#5509);
#5509 = CARTESIAN_POINT('',(13.880000001,0.,14.1));
#5510 = LINE('',#5511,#5512);
#5511 = CARTESIAN_POINT('',(13.4400000015,0.,14.1));
#5512 = VECTOR('',#5513,1.);
#5513 = DIRECTION('',(-1.,0.,0.));
#5514 = ORIENTED_EDGE('',*,*,#5515,.F.);
#5515 = EDGE_CURVE('',#5011,#5508,#5516,.T.);
#5516 = LINE('',#5517,#5518);
#5517 = CARTESIAN_POINT('',(13.880000001,7.,14.1));
#5518 = VECTOR('',#5519,1.);
#5519 = DIRECTION('',(0.,-1.,1.26882631386E-16));
#5520 = ORIENTED_EDGE('',*,*,#5010,.F.);
#5521 = ORIENTED_EDGE('',*,*,#5465,.T.);
#5522 = ORIENTED_EDGE('',*,*,#5523,.F.);
#5523 = EDGE_CURVE('',#5362,#5458,#5524,.T.);
#5524 = LINE('',#5525,#5526);
#5525 = CARTESIAN_POINT('',(5.60507026706,9.5,14.1));
#5526 = VECTOR('',#5527,1.);
#5527 = DIRECTION('',(-1.,0.,8.83697837148E-16));
#5528 = ORIENTED_EDGE('',*,*,#5385,.T.);
#5529 = ORIENTED_EDGE('',*,*,#5530,.F.);
#5530 = EDGE_CURVE('',#5242,#5378,#5531,.T.);
#5531 = LINE('',#5532,#5533);
#5532 = CARTESIAN_POINT('',(7.55507026724,4.05000000075,14.1));
#5533 = VECTOR('',#5534,1.);
#5534 = DIRECTION('',(-1.,0.,9.39941232651E-16));
#5535 = ORIENTED_EDGE('',*,*,#5241,.F.);
#5536 = ORIENTED_EDGE('',*,*,#5537,.T.);
#5537 = EDGE_CURVE('',#5234,#5538,#5540,.T.);
#5538 = VERTEX_POINT('',#5539);
#5539 = CARTESIAN_POINT('',(9.00000000205,0.,14.1));
#5540 = LINE('',#5541,#5542);
#5541 = CARTESIAN_POINT('',(8.75000000205,0.,14.1));
#5542 = VECTOR('',#5543,1.);
#5543 = DIRECTION('',(1.,0.,0.));
#5544 = ORIENTED_EDGE('',*,*,#5545,.F.);
#5545 = EDGE_CURVE('',#5546,#5538,#5548,.T.);
#5546 = VERTEX_POINT('',#5547);
#5547 = CARTESIAN_POINT('',(9.01396405343,0.800000000745,14.1));
#5548 = LINE('',#5549,#5550);
#5549 = CARTESIAN_POINT('',(9.00698202774,0.400000000373,14.1));
#5550 = VECTOR('',#5551,1.);
#5551 = DIRECTION('',(-1.74524057191E-02,-0.999847695169,0.));
#5552 = ORIENTED_EDGE('',*,*,#5553,.F.);
#5553 = EDGE_CURVE('',#5554,#5546,#5556,.T.);
#5554 = VERTEX_POINT('',#5555);
#5555 = CARTESIAN_POINT('',(10.2418461723,0.800000000745,14.1));
#5556 = LINE('',#5557,#5558);
#5557 = CARTESIAN_POINT('',(9.62790511288,0.800000000745,14.1));
#5558 = VECTOR('',#5559,1.);
#5559 = DIRECTION('',(-1.,0.,0.));
#5560 = ORIENTED_EDGE('',*,*,#5561,.F.);
#5561 = EDGE_CURVE('',#5562,#5554,#5564,.T.);
#5562 = VERTEX_POINT('',#5563);
#5563 = CARTESIAN_POINT('',(10.4550000021,1.25710986182,14.1));
#5564 = LINE('',#5565,#5566);
#5565 = CARTESIAN_POINT('',(10.3484230872,1.02855493128,14.1));
#5566 = VECTOR('',#5567,1.);
#5567 = DIRECTION('',(-0.422618263305,-0.906307786307,0.));
#5568 = ORIENTED_EDGE('',*,*,#5569,.F.);
#5569 = EDGE_CURVE('',#5570,#5562,#5572,.T.);
#5570 = VERTEX_POINT('',#5571);
#5571 = CARTESIAN_POINT('',(10.4550000021,2.34999999963,14.1));
#5572 = LINE('',#5573,#5574);
#5573 = CARTESIAN_POINT('',(10.4550000021,1.80355493072,14.1));
#5574 = VECTOR('',#5575,1.);
#5575 = DIRECTION('',(0.,-1.,0.));
#5576 = ORIENTED_EDGE('',*,*,#5577,.F.);
#5577 = EDGE_CURVE('',#5578,#5570,#5580,.T.);
#5578 = VERTEX_POINT('',#5579);
#5579 = CARTESIAN_POINT('',(11.545000002,2.34999999963,14.1));
#5580 = LINE('',#5581,#5582);
#5581 = CARTESIAN_POINT('',(11.000000002,2.34999999963,14.1));
#5582 = VECTOR('',#5583,1.);
#5583 = DIRECTION('',(-1.,0.,1.62968517398E-15));
#5584 = ORIENTED_EDGE('',*,*,#5585,.T.);
#5585 = EDGE_CURVE('',#5578,#5482,#5586,.T.);
#5586 = LINE('',#5587,#5588);
#5587 = CARTESIAN_POINT('',(11.545000002,1.80355493072,14.1));
#5588 = VECTOR('',#5589,1.);
#5589 = DIRECTION('',(0.,-1.,0.));
#5590 = FACE_BOUND('',#5591,.T.);
#5591 = EDGE_LOOP('',(#5592,#5602,#5610,#5618));
#5592 = ORIENTED_EDGE('',*,*,#5593,.T.);
#5593 = EDGE_CURVE('',#5594,#5596,#5598,.T.);
#5594 = VERTEX_POINT('',#5595);
#5595 = CARTESIAN_POINT('',(6.47000000086,12.9000000004,14.1));
#5596 = VERTEX_POINT('',#5597);
#5597 = CARTESIAN_POINT('',(6.47000000272,10.5999999996,14.1));
#5598 = LINE('',#5599,#5600);
#5599 = CARTESIAN_POINT('',(6.47000000179,11.75,14.1));
#5600 = VECTOR('',#5601,1.);
#5601 = DIRECTION('',(8.09845716795E-10,-1.,0.));
#5602 = ORIENTED_EDGE('',*,*,#5603,.F.);
#5603 = EDGE_CURVE('',#5604,#5596,#5606,.T.);
#5604 = VERTEX_POINT('',#5605);
#5605 = CARTESIAN_POINT('',(5.17000000197,10.5999999996,14.1));
#5606 = LINE('',#5607,#5608);
#5607 = CARTESIAN_POINT('',(5.82000000235,10.5999999996,14.1));
#5608 = VECTOR('',#5609,1.);
#5609 = DIRECTION('',(1.,0.,0.));
#5610 = ORIENTED_EDGE('',*,*,#5611,.T.);
#5611 = EDGE_CURVE('',#5604,#5612,#5614,.T.);
#5612 = VERTEX_POINT('',#5613);
#5613 = CARTESIAN_POINT('',(5.17000000011,12.9000000004,14.1));
#5614 = LINE('',#5615,#5616);
#5615 = CARTESIAN_POINT('',(5.17000000104,11.75,14.1));
#5616 = VECTOR('',#5617,1.);
#5617 = DIRECTION('',(-8.09845716795E-10,1.,0.));
#5618 = ORIENTED_EDGE('',*,*,#5619,.F.);
#5619 = EDGE_CURVE('',#5594,#5612,#5620,.T.);
#5620 = LINE('',#5621,#5622);
#5621 = CARTESIAN_POINT('',(5.82000000048,12.9000000004,14.1));
#5622 = VECTOR('',#5623,1.);
#5623 = DIRECTION('',(-1.,0.,0.));
#5624 = PLANE('',#5625);
#5625 = AXIS2_PLACEMENT_3D('',#5626,#5627,#5628);
#5626 = CARTESIAN_POINT('',(6.61014053244,14.,14.1));
#5627 = DIRECTION('',(-5.55111512313E-16,-1.22464679915E-16,-1.));
#5628 = DIRECTION('',(1.,0.,-5.55111512313E-16));
#5629 = ADVANCED_FACE('',(#5630),#5656,.T.);
#5630 = FACE_BOUND('',#5631,.T.);
#5631 = EDGE_LOOP('',(#5632,#5640,#5648,#5654,#5655));
#5632 = ORIENTED_EDGE('',*,*,#5633,.T.);
#5633 = EDGE_CURVE('',#5508,#5634,#5636,.T.);
#5634 = VERTEX_POINT('',#5635);
#5635 = CARTESIAN_POINT('',(13.8800000015,-1.33486501112E-15,
    3.19999999963));
#5636 = LINE('',#5637,#5638);
#5637 = CARTESIAN_POINT('',(13.8800000015,-6.6743250556E-16,
    8.64999999981));
#5638 = VECTOR('',#5639,1.);
#5639 = DIRECTION('',(-4.88905552112E-16,-1.22464679915E-16,-1.));
#5640 = ORIENTED_EDGE('',*,*,#5641,.F.);
#5641 = EDGE_CURVE('',#5642,#5634,#5644,.T.);
#5642 = VERTEX_POINT('',#5643);
#5643 = CARTESIAN_POINT('',(13.8800000015,12.9000000004,3.19999999963));
#5644 = LINE('',#5645,#5646);
#5645 = CARTESIAN_POINT('',(13.8800000015,6.45000000019,3.19999999963));
#5646 = VECTOR('',#5647,1.);
#5647 = DIRECTION('',(0.,-1.,1.3770208057E-16));
#5648 = ORIENTED_EDGE('',*,*,#5649,.F.);
#5649 = EDGE_CURVE('',#5019,#5642,#5650,.T.);
#5650 = LINE('',#5651,#5652);
#5651 = CARTESIAN_POINT('',(13.8800000015,13.4500000002,3.19999999963));
#5652 = VECTOR('',#5653,1.);
#5653 = DIRECTION('',(0.,-1.,0.));
#5654 = ORIENTED_EDGE('',*,*,#5018,.F.);
#5655 = ORIENTED_EDGE('',*,*,#5515,.T.);
#5656 = PLANE('',#5657);
#5657 = AXIS2_PLACEMENT_3D('',#5658,#5659,#5660);
#5658 = CARTESIAN_POINT('',(13.8800000015,14.,14.1));
#5659 = DIRECTION('',(1.,-6.79815536723E-32,-5.55111512313E-16));
#5660 = DIRECTION('',(2.431362312046E-43,-1.,1.22464679915E-16));
#5661 = ADVANCED_FACE('',(#5662),#5680,.T.);
#5662 = FACE_BOUND('',#5663,.T.);
#5663 = EDGE_LOOP('',(#5664,#5672,#5678,#5679));
#5664 = ORIENTED_EDGE('',*,*,#5665,.T.);
#5665 = EDGE_CURVE('',#5642,#5666,#5668,.T.);
#5666 = VERTEX_POINT('',#5667);
#5667 = CARTESIAN_POINT('',(13.9000000019,12.9000000004,3.20000000002));
#5668 = LINE('',#5669,#5670);
#5669 = CARTESIAN_POINT('',(13.8900000021,12.9000000004,3.20000000002));
#5670 = VECTOR('',#5671,1.);
#5671 = DIRECTION('',(1.,0.,0.));
#5672 = ORIENTED_EDGE('',*,*,#5673,.F.);
#5673 = EDGE_CURVE('',#5027,#5666,#5674,.T.);
#5674 = LINE('',#5675,#5676);
#5675 = CARTESIAN_POINT('',(13.9000000019,13.4500000002,3.20000000002));
#5676 = VECTOR('',#5677,1.);
#5677 = DIRECTION('',(0.,-1.,0.));
#5678 = ORIENTED_EDGE('',*,*,#5026,.T.);
#5679 = ORIENTED_EDGE('',*,*,#5649,.T.);
#5680 = PLANE('',#5681);
#5681 = AXIS2_PLACEMENT_3D('',#5682,#5683,#5684);
#5682 = CARTESIAN_POINT('',(11.5475158725,14.,3.20000000002));
#5683 = DIRECTION('',(5.55111512313E-16,1.22464679915E-16,1.));
#5684 = DIRECTION('',(-1.,0.,5.55111512313E-16));
#5685 = ADVANCED_FACE('',(#5686),#5704,.F.);
#5686 = FACE_BOUND('',#5687,.T.);
#5687 = EDGE_LOOP('',(#5688,#5689,#5697,#5703));
#5688 = ORIENTED_EDGE('',*,*,#5673,.T.);
#5689 = ORIENTED_EDGE('',*,*,#5690,.T.);
#5690 = EDGE_CURVE('',#5666,#5691,#5693,.T.);
#5691 = VERTEX_POINT('',#5692);
#5692 = CARTESIAN_POINT('',(13.9000000015,12.9000000004,2.20000000039));
#5693 = LINE('',#5694,#5695);
#5694 = CARTESIAN_POINT('',(13.9000000015,12.9000000004,2.70000000039));
#5695 = VECTOR('',#5696,1.);
#5696 = DIRECTION('',(0.,0.,-1.));
#5697 = ORIENTED_EDGE('',*,*,#5698,.F.);
#5698 = EDGE_CURVE('',#5035,#5691,#5699,.T.);
#5699 = LINE('',#5700,#5701);
#5700 = CARTESIAN_POINT('',(13.9000000015,13.4500000002,2.20000000039));
#5701 = VECTOR('',#5702,1.);
#5702 = DIRECTION('',(0.,-1.,0.));
#5703 = ORIENTED_EDGE('',*,*,#5034,.F.);
#5704 = PLANE('',#5705);
#5705 = AXIS2_PLACEMENT_3D('',#5706,#5707,#5708);
#5706 = CARTESIAN_POINT('',(13.9000000015,14.,3.80000000002));
#5707 = DIRECTION('',(-1.,6.79815536723E-32,5.55111512313E-16));
#5708 = DIRECTION('',(-5.55111512313E-16,-1.22464679915E-16,-1.));
#5709 = ADVANCED_FACE('',(#5710),#5728,.F.);
#5710 = FACE_BOUND('',#5711,.T.);
#5711 = EDGE_LOOP('',(#5712,#5720,#5726,#5727));
#5712 = ORIENTED_EDGE('',*,*,#5713,.F.);
#5713 = EDGE_CURVE('',#5714,#5691,#5716,.T.);
#5714 = VERTEX_POINT('',#5715);
#5715 = CARTESIAN_POINT('',(4.60000000222,12.9000000004,2.20000000002));
#5716 = LINE('',#5717,#5718);
#5717 = CARTESIAN_POINT('',(9.25000000166,12.9000000004,2.20000000002));
#5718 = VECTOR('',#5719,1.);
#5719 = DIRECTION('',(1.,0.,-5.73018335359E-16));
#5720 = ORIENTED_EDGE('',*,*,#5721,.T.);
#5721 = EDGE_CURVE('',#5714,#5043,#5722,.T.);
#5722 = LINE('',#5723,#5724);
#5723 = CARTESIAN_POINT('',(4.60000000222,13.4500000002,2.20000000002));
#5724 = VECTOR('',#5725,1.);
#5725 = DIRECTION('',(0.,1.,0.));
#5726 = ORIENTED_EDGE('',*,*,#5042,.T.);
#5727 = ORIENTED_EDGE('',*,*,#5698,.T.);
#5728 = PLANE('',#5729);
#5729 = AXIS2_PLACEMENT_3D('',#5730,#5731,#5732);
#5730 = CARTESIAN_POINT('',(3.80000000147,13.5,2.20000000002));
#5731 = DIRECTION('',(5.55111512313E-16,1.22464679915E-16,1.));
#5732 = DIRECTION('',(0.,-1.,1.22464679915E-16));
#5733 = ADVANCED_FACE('',(#5734),#5768,.T.);
#5734 = FACE_BOUND('',#5735,.T.);
#5735 = EDGE_LOOP('',(#5736,#5737,#5738,#5746,#5754,#5762));
#5736 = ORIENTED_EDGE('',*,*,#5050,.T.);
#5737 = ORIENTED_EDGE('',*,*,#5721,.F.);
#5738 = ORIENTED_EDGE('',*,*,#5739,.F.);
#5739 = EDGE_CURVE('',#5740,#5714,#5742,.T.);
#5740 = VERTEX_POINT('',#5741);
#5741 = CARTESIAN_POINT('',(4.60000000147,12.9000000004,3.19999999927));
#5742 = LINE('',#5743,#5744);
#5743 = CARTESIAN_POINT('',(4.60000000147,12.9000000004,2.69999999927));
#5744 = VECTOR('',#5745,1.);
#5745 = DIRECTION('',(-8.881784197E-16,0.,-1.));
#5746 = ORIENTED_EDGE('',*,*,#5747,.T.);
#5747 = EDGE_CURVE('',#5740,#5748,#5750,.T.);
#5748 = VERTEX_POINT('',#5749);
#5749 = CARTESIAN_POINT('',(4.60000000147,9.5,3.19999999927));
#5750 = LINE('',#5751,#5752);
#5751 = CARTESIAN_POINT('',(4.60000000147,11.2000000002,3.19999999927));
#5752 = VECTOR('',#5753,1.);
#5753 = DIRECTION('',(0.,-1.,1.30614473471E-16));
#5754 = ORIENTED_EDGE('',*,*,#5755,.F.);
#5755 = EDGE_CURVE('',#5756,#5748,#5758,.T.);
#5756 = VERTEX_POINT('',#5757);
#5757 = CARTESIAN_POINT('',(4.60000000147,9.5,3.75000000002));
#5758 = LINE('',#5759,#5760);
#5759 = CARTESIAN_POINT('',(4.60000000147,9.5,3.47499999965));
#5760 = VECTOR('',#5761,1.);
#5761 = DIRECTION('',(0.,0.,-1.));
#5762 = ORIENTED_EDGE('',*,*,#5763,.F.);
#5763 = EDGE_CURVE('',#5051,#5756,#5764,.T.);
#5764 = LINE('',#5765,#5766);
#5765 = CARTESIAN_POINT('',(4.60000000147,11.75,3.75000000002));
#5766 = VECTOR('',#5767,1.);
#5767 = DIRECTION('',(0.,-1.,9.86864910778E-17));
#5768 = PLANE('',#5769);
#5769 = AXIS2_PLACEMENT_3D('',#5770,#5771,#5772);
#5770 = CARTESIAN_POINT('',(4.60000000147,14.,3.75000000002));
#5771 = DIRECTION('',(-1.,6.79815536723E-32,5.55111512313E-16));
#5772 = DIRECTION('',(-5.55111512313E-16,-1.22464679915E-16,-1.));
#5773 = ADVANCED_FACE('',(#5774,#5792),#5826,.F.);
#5774 = FACE_BOUND('',#5775,.T.);
#5775 = EDGE_LOOP('',(#5776,#5784,#5790,#5791));
#5776 = ORIENTED_EDGE('',*,*,#5777,.F.);
#5777 = EDGE_CURVE('',#5778,#5756,#5780,.T.);
#5778 = VERTEX_POINT('',#5779);
#5779 = CARTESIAN_POINT('',(6.65825929677,9.5,3.75000000002));
#5780 = LINE('',#5781,#5782);
#5781 = CARTESIAN_POINT('',(5.62912964912,9.5,3.75000000002));
#5782 = VECTOR('',#5783,1.);
#5783 = DIRECTION('',(-1.,0.,6.47278811077E-16));
#5784 = ORIENTED_EDGE('',*,*,#5785,.F.);
#5785 = EDGE_CURVE('',#5059,#5778,#5786,.T.);
#5786 = LINE('',#5787,#5788);
#5787 = CARTESIAN_POINT('',(6.65825929677,11.75,3.75000000002));
#5788 = VECTOR('',#5789,1.);
#5789 = DIRECTION('',(0.,-1.,9.86864910778E-17));
#5790 = ORIENTED_EDGE('',*,*,#5058,.F.);
#5791 = ORIENTED_EDGE('',*,*,#5763,.T.);
#5792 = FACE_BOUND('',#5793,.T.);
#5793 = EDGE_LOOP('',(#5794,#5804,#5812,#5820));
#5794 = ORIENTED_EDGE('',*,*,#5795,.F.);
#5795 = EDGE_CURVE('',#5796,#5798,#5800,.T.);
#5796 = VERTEX_POINT('',#5797);
#5797 = CARTESIAN_POINT('',(6.47000000065,12.9000000004,3.75000000002));
#5798 = VERTEX_POINT('',#5799);
#5799 = CARTESIAN_POINT('',(5.17000000177,12.9000000004,3.75000000002));
#5800 = LINE('',#5801,#5802);
#5801 = CARTESIAN_POINT('',(5.82000000121,12.9000000004,3.75000000002));
#5802 = VECTOR('',#5803,1.);
#5803 = DIRECTION('',(-1.,0.,3.41607084794E-16));
#5804 = ORIENTED_EDGE('',*,*,#5805,.T.);
#5805 = EDGE_CURVE('',#5796,#5806,#5808,.T.);
#5806 = VERTEX_POINT('',#5807);
#5807 = CARTESIAN_POINT('',(6.47000000065,10.5999999996,3.75000000002));
#5808 = LINE('',#5809,#5810);
#5809 = CARTESIAN_POINT('',(6.47000000065,11.75,3.75000000002));
#5810 = VECTOR('',#5811,1.);
#5811 = DIRECTION('',(0.,-1.,1.9308226509E-16));
#5812 = ORIENTED_EDGE('',*,*,#5813,.F.);
#5813 = EDGE_CURVE('',#5814,#5806,#5816,.T.);
#5814 = VERTEX_POINT('',#5815);
#5815 = CARTESIAN_POINT('',(5.17000000177,10.5999999996,3.75000000002));
#5816 = LINE('',#5817,#5818);
#5817 = CARTESIAN_POINT('',(5.82000000121,10.5999999996,3.75000000002));
#5818 = VECTOR('',#5819,1.);
#5819 = DIRECTION('',(1.,0.,-3.41607084794E-16));
#5820 = ORIENTED_EDGE('',*,*,#5821,.T.);
#5821 = EDGE_CURVE('',#5814,#5798,#5822,.T.);
#5822 = LINE('',#5823,#5824);
#5823 = CARTESIAN_POINT('',(5.17000000177,11.75,3.75000000002));
#5824 = VECTOR('',#5825,1.);
#5825 = DIRECTION('',(0.,1.,-1.9308226509E-16));
#5826 = PLANE('',#5827);
#5827 = AXIS2_PLACEMENT_3D('',#5828,#5829,#5830);
#5828 = CARTESIAN_POINT('',(4.60000000147,14.,3.75000000002));
#5829 = DIRECTION('',(-5.55111512313E-16,-1.22464679915E-16,-1.));
#5830 = DIRECTION('',(1.,0.,-5.55111512313E-16));
#5831 = ADVANCED_FACE('',(#5832),#5866,.T.);
#5832 = FACE_BOUND('',#5833,.T.);
#5833 = EDGE_LOOP('',(#5834,#5844,#5852,#5858,#5859,#5860));
#5834 = ORIENTED_EDGE('',*,*,#5835,.T.);
#5835 = EDGE_CURVE('',#5836,#5838,#5840,.T.);
#5836 = VERTEX_POINT('',#5837);
#5837 = CARTESIAN_POINT('',(6.61014053247,9.5,3.20000000036));
#5838 = VERTEX_POINT('',#5839);
#5839 = CARTESIAN_POINT('',(6.61014053247,4.05000000075,3.20000000036));
#5840 = LINE('',#5841,#5842);
#5841 = CARTESIAN_POINT('',(6.61014053247,6.77500000037,3.20000000036));
#5842 = VECTOR('',#5843,1.);
#5843 = DIRECTION('',(0.,-1.,1.62968517398E-16));
#5844 = ORIENTED_EDGE('',*,*,#5845,.T.);
#5845 = EDGE_CURVE('',#5838,#5846,#5848,.T.);
#5846 = VERTEX_POINT('',#5847);
#5847 = CARTESIAN_POINT('',(6.73000000147,4.05000000075,4.57000000002));
#5848 = LINE('',#5849,#5850);
#5849 = CARTESIAN_POINT('',(6.67007026697,4.05000000075,3.88500000019));
#5850 = VECTOR('',#5851,1.);
#5851 = DIRECTION('',(8.715574274768E-02,0.,0.996194698092));
#5852 = ORIENTED_EDGE('',*,*,#5853,.T.);
#5853 = EDGE_CURVE('',#5846,#5067,#5854,.T.);
#5854 = LINE('',#5855,#5856);
#5855 = CARTESIAN_POINT('',(6.73000000147,9.02500000037,4.57000000002));
#5856 = VECTOR('',#5857,1.);
#5857 = DIRECTION('',(0.,1.,-8.92641627906E-17));
#5858 = ORIENTED_EDGE('',*,*,#5066,.T.);
#5859 = ORIENTED_EDGE('',*,*,#5785,.T.);
#5860 = ORIENTED_EDGE('',*,*,#5861,.T.);
#5861 = EDGE_CURVE('',#5778,#5836,#5862,.T.);
#5862 = LINE('',#5863,#5864);
#5863 = CARTESIAN_POINT('',(6.6341999149,9.5,3.47499999997));
#5864 = VECTOR('',#5865,1.);
#5865 = DIRECTION('',(-8.715574274768E-02,0.,-0.996194698092));
#5866 = PLANE('',#5867);
#5867 = AXIS2_PLACEMENT_3D('',#5868,#5869,#5870);
#5868 = CARTESIAN_POINT('',(6.73000000147,14.,4.57000000002));
#5869 = DIRECTION('',(-0.996194698092,1.06735001383E-17,
    8.715574274768E-02));
#5870 = DIRECTION('',(-8.715574274768E-02,-1.21998664835E-16,
    -0.996194698092));
#5871 = ADVANCED_FACE('',(#5872),#5890,.T.);
#5872 = FACE_BOUND('',#5873,.T.);
#5873 = EDGE_LOOP('',(#5874,#5875,#5883,#5889));
#5874 = ORIENTED_EDGE('',*,*,#5853,.F.);
#5875 = ORIENTED_EDGE('',*,*,#5876,.F.);
#5876 = EDGE_CURVE('',#5877,#5846,#5879,.T.);
#5877 = VERTEX_POINT('',#5878);
#5878 = CARTESIAN_POINT('',(7.51991453635,4.05000000075,4.57000000002));
#5879 = LINE('',#5880,#5881);
#5880 = CARTESIAN_POINT('',(7.12495726867,4.05000000075,4.57000000002));
#5881 = VECTOR('',#5882,1.);
#5882 = DIRECTION('',(-1.,0.,1.1243981215E-15));
#5883 = ORIENTED_EDGE('',*,*,#5884,.F.);
#5884 = EDGE_CURVE('',#5075,#5877,#5885,.T.);
#5885 = LINE('',#5886,#5887);
#5886 = CARTESIAN_POINT('',(7.51991453541,9.02500000037,4.57000000002));
#5887 = VECTOR('',#5888,1.);
#5888 = DIRECTION('',(1.87200517525E-10,-1.,8.92641627906E-17));
#5889 = ORIENTED_EDGE('',*,*,#5074,.T.);
#5890 = PLANE('',#5891);
#5891 = AXIS2_PLACEMENT_3D('',#5892,#5893,#5894);
#5892 = CARTESIAN_POINT('',(7.53999093229,14.,4.57000000002));
#5893 = DIRECTION('',(5.55111512313E-16,1.22464679915E-16,1.));
#5894 = DIRECTION('',(-1.,0.,5.55111512313E-16));
#5895 = ADVANCED_FACE('',(#5896),#5907,.T.);
#5896 = FACE_BOUND('',#5897,.T.);
#5897 = EDGE_LOOP('',(#5898,#5899,#5905,#5906));
#5898 = ORIENTED_EDGE('',*,*,#5884,.T.);
#5899 = ORIENTED_EDGE('',*,*,#5900,.F.);
#5900 = EDGE_CURVE('',#5185,#5877,#5901,.T.);
#5901 = LINE('',#5902,#5903);
#5902 = CARTESIAN_POINT('',(7.48491907016,4.05000000075,4.17000000045));
#5903 = VECTOR('',#5904,1.);
#5904 = DIRECTION('',(8.715574274768E-02,0.,0.996194698092));
#5905 = ORIENTED_EDGE('',*,*,#5184,.F.);
#5906 = ORIENTED_EDGE('',*,*,#5082,.T.);
#5907 = PLANE('',#5908);
#5908 = AXIS2_PLACEMENT_3D('',#5909,#5910,#5911);
#5909 = CARTESIAN_POINT('',(7.45007610751,14.,3.77174311492));
#5910 = DIRECTION('',(0.996194698092,-1.06735001383E-17,
    -8.715574274768E-02));
#5911 = DIRECTION('',(8.715574274768E-02,1.21998664835E-16,
    0.996194698092));
#5912 = ADVANCED_FACE('',(#5913),#5946,.F.);
#5913 = FACE_BOUND('',#5914,.T.);
#5914 = EDGE_LOOP('',(#5915,#5925,#5933,#5939,#5940));
#5915 = ORIENTED_EDGE('',*,*,#5916,.F.);
#5916 = EDGE_CURVE('',#5917,#5919,#5921,.T.);
#5917 = VERTEX_POINT('',#5918);
#5918 = CARTESIAN_POINT('',(11.5450000015,3.46499999985,8.65000000062));
#5919 = VERTEX_POINT('',#5920);
#5920 = CARTESIAN_POINT('',(11.5450000015,2.93999999948,8.12500000024));
#5921 = LINE('',#5922,#5923);
#5922 = CARTESIAN_POINT('',(11.5450000015,3.20249999966,8.38750000043));
#5923 = VECTOR('',#5924,1.);
#5924 = DIRECTION('',(0.,-0.707106781187,-0.707106781187));
#5925 = ORIENTED_EDGE('',*,*,#5926,.F.);
#5926 = EDGE_CURVE('',#5927,#5917,#5929,.T.);
#5927 = VERTEX_POINT('',#5928);
#5928 = CARTESIAN_POINT('',(11.5450000015,2.93999999948,9.17499999913));
#5929 = LINE('',#5930,#5931);
#5930 = CARTESIAN_POINT('',(11.5450000015,3.20249999966,8.91249999987));
#5931 = VECTOR('',#5932,1.);
#5932 = DIRECTION('',(0.,0.707106782441,-0.707106779932));
#5933 = ORIENTED_EDGE('',*,*,#5934,.F.);
#5934 = EDGE_CURVE('',#5145,#5927,#5935,.T.);
#5935 = LINE('',#5936,#5937);
#5936 = CARTESIAN_POINT('',(11.5450000015,4.96999999974,9.17500000006));
#5937 = VECTOR('',#5938,1.);
#5938 = DIRECTION('',(0.,-1.,-4.58779155821E-10));
#5939 = ORIENTED_EDGE('',*,*,#5144,.T.);
#5940 = ORIENTED_EDGE('',*,*,#5941,.T.);
#5941 = EDGE_CURVE('',#5147,#5919,#5942,.T.);
#5942 = LINE('',#5943,#5944);
#5943 = CARTESIAN_POINT('',(11.5450000015,4.96999999974,8.12500000024));
#5944 = VECTOR('',#5945,1.);
#5945 = DIRECTION('',(0.,-1.,4.37526315067E-16));
#5946 = PLANE('',#5947);
#5947 = AXIS2_PLACEMENT_3D('',#5948,#5949,#5950);
#5948 = CARTESIAN_POINT('',(11.5450000015,14.,8.13500000002));
#5949 = DIRECTION('',(1.,-6.79815536723E-32,-5.55111512313E-16));
#5950 = DIRECTION('',(5.55111512313E-16,1.22464679915E-16,1.));
#5951 = ADVANCED_FACE('',(#5952),#5986,.T.);
#5952 = FACE_BOUND('',#5953,.T.);
#5953 = EDGE_LOOP('',(#5954,#5964,#5970,#5971,#5972,#5980));
#5954 = ORIENTED_EDGE('',*,*,#5955,.F.);
#5955 = EDGE_CURVE('',#5956,#5958,#5960,.T.);
#5956 = VERTEX_POINT('',#5957);
#5957 = CARTESIAN_POINT('',(10.4550000017,2.93999999948,9.17500000002));
#5958 = VERTEX_POINT('',#5959);
#5959 = CARTESIAN_POINT('',(10.4750000013,2.93999999948,9.17500000002));
#5960 = LINE('',#5961,#5962);
#5961 = CARTESIAN_POINT('',(10.4650000015,2.93999999948,9.17500000002));
#5962 = VECTOR('',#5963,1.);
#5963 = DIRECTION('',(1.,0.,0.));
#5964 = ORIENTED_EDGE('',*,*,#5965,.F.);
#5965 = EDGE_CURVE('',#5155,#5956,#5966,.T.);
#5966 = LINE('',#5967,#5968);
#5967 = CARTESIAN_POINT('',(10.4550000017,4.96999999974,9.17500000002));
#5968 = VECTOR('',#5969,1.);
#5969 = DIRECTION('',(0.,-1.,4.37526315067E-16));
#5970 = ORIENTED_EDGE('',*,*,#5154,.T.);
#5971 = ORIENTED_EDGE('',*,*,#5934,.T.);
#5972 = ORIENTED_EDGE('',*,*,#5973,.F.);
#5973 = EDGE_CURVE('',#5974,#5927,#5976,.T.);
#5974 = VERTEX_POINT('',#5975);
#5975 = CARTESIAN_POINT('',(11.525000002,2.93999999948,9.17500000002));
#5976 = LINE('',#5977,#5978);
#5977 = CARTESIAN_POINT('',(11.5350000018,2.93999999948,9.17500000002));
#5978 = VECTOR('',#5979,1.);
#5979 = DIRECTION('',(1.,0.,0.));
#5980 = ORIENTED_EDGE('',*,*,#5981,.F.);
#5981 = EDGE_CURVE('',#5958,#5974,#5982,.T.);
#5982 = LINE('',#5983,#5984);
#5983 = CARTESIAN_POINT('',(11.0000000016,2.93999999948,9.17500000002));
#5984 = VECTOR('',#5985,1.);
#5985 = DIRECTION('',(1.,0.,0.));
#5986 = PLANE('',#5987);
#5987 = AXIS2_PLACEMENT_3D('',#5988,#5989,#5990);
#5988 = CARTESIAN_POINT('',(10.4650000015,14.,9.17500000002));
#5989 = DIRECTION('',(-5.55111512313E-16,-1.22464679915E-16,-1.));
#5990 = DIRECTION('',(1.,0.,-5.55111512313E-16));
#5991 = ADVANCED_FACE('',(#5992),#6018,.F.);
#5992 = FACE_BOUND('',#5993,.T.);
#5993 = EDGE_LOOP('',(#5994,#6002,#6010,#6016,#6017));
#5994 = ORIENTED_EDGE('',*,*,#5995,.F.);
#5995 = EDGE_CURVE('',#5996,#5956,#5998,.T.);
#5996 = VERTEX_POINT('',#5997);
#5997 = CARTESIAN_POINT('',(10.4550000015,3.46499999985,8.64999999942));
#5998 = LINE('',#5999,#6000);
#5999 = CARTESIAN_POINT('',(10.4550000015,3.20249999966,8.91249999961));
#6000 = VECTOR('',#6001,1.);
#6001 = DIRECTION('',(0.,-0.707106781187,0.707106781187));
#6002 = ORIENTED_EDGE('',*,*,#6003,.T.);
#6003 = EDGE_CURVE('',#5996,#6004,#6006,.T.);
#6004 = VERTEX_POINT('',#6005);
#6005 = CARTESIAN_POINT('',(10.4550000015,2.93999999948,8.12500000091));
#6006 = LINE('',#6007,#6008);
#6007 = CARTESIAN_POINT('',(10.4550000015,3.20249999966,8.38750000017));
#6008 = VECTOR('',#6009,1.);
#6009 = DIRECTION('',(0.,-0.707106782441,-0.707106779932));
#6010 = ORIENTED_EDGE('',*,*,#6011,.F.);
#6011 = EDGE_CURVE('',#5163,#6004,#6012,.T.);
#6012 = LINE('',#6013,#6014);
#6013 = CARTESIAN_POINT('',(10.4550000015,4.96999999974,8.12500000091));
#6014 = VECTOR('',#6015,1.);
#6015 = DIRECTION('',(0.,-1.,4.37526315067E-16));
#6016 = ORIENTED_EDGE('',*,*,#5162,.F.);
#6017 = ORIENTED_EDGE('',*,*,#5965,.T.);
#6018 = PLANE('',#6019);
#6019 = AXIS2_PLACEMENT_3D('',#6020,#6021,#6022);
#6020 = CARTESIAN_POINT('',(10.4550000015,14.,9.16500000002));
#6021 = DIRECTION('',(-1.,6.79815536723E-32,5.55111512313E-16));
#6022 = DIRECTION('',(-5.55111512313E-16,-1.22464679915E-16,-1.));
#6023 = ADVANCED_FACE('',(#6024),#6051,.T.);
#6024 = FACE_BOUND('',#6025,.T.);
#6025 = EDGE_LOOP('',(#6026,#6036,#6042,#6043,#6044,#6045));
#6026 = ORIENTED_EDGE('',*,*,#6027,.F.);
#6027 = EDGE_CURVE('',#6028,#6030,#6032,.T.);
#6028 = VERTEX_POINT('',#6029);
#6029 = CARTESIAN_POINT('',(11.5250000017,2.93999999948,8.12500000002));
#6030 = VERTEX_POINT('',#6031);
#6031 = CARTESIAN_POINT('',(10.475000001,2.93999999948,8.12500000002));
#6032 = LINE('',#6033,#6034);
#6033 = CARTESIAN_POINT('',(11.0000000014,2.93999999948,8.12500000002));
#6034 = VECTOR('',#6035,1.);
#6035 = DIRECTION('',(-1.,0.,0.));
#6036 = ORIENTED_EDGE('',*,*,#6037,.F.);
#6037 = EDGE_CURVE('',#5919,#6028,#6038,.T.);
#6038 = LINE('',#6039,#6040);
#6039 = CARTESIAN_POINT('',(11.5350000015,2.93999999948,8.12500000002));
#6040 = VECTOR('',#6041,1.);
#6041 = DIRECTION('',(-1.,0.,0.));
#6042 = ORIENTED_EDGE('',*,*,#5941,.F.);
#6043 = ORIENTED_EDGE('',*,*,#5170,.T.);
#6044 = ORIENTED_EDGE('',*,*,#6011,.T.);
#6045 = ORIENTED_EDGE('',*,*,#6046,.F.);
#6046 = EDGE_CURVE('',#6030,#6004,#6047,.T.);
#6047 = LINE('',#6048,#6049);
#6048 = CARTESIAN_POINT('',(10.4650000012,2.93999999948,8.12500000002));
#6049 = VECTOR('',#6050,1.);
#6050 = DIRECTION('',(-1.,0.,0.));
#6051 = PLANE('',#6052);
#6052 = AXIS2_PLACEMENT_3D('',#6053,#6054,#6055);
#6053 = CARTESIAN_POINT('',(11.5350000015,14.,8.12500000002));
#6054 = DIRECTION('',(5.55111512313E-16,1.22464679915E-16,1.));
#6055 = DIRECTION('',(-1.,0.,5.55111512313E-16));
#6056 = ADVANCED_FACE('',(#6057),#6070,.T.);
#6057 = FACE_BOUND('',#6058,.T.);
#6058 = EDGE_LOOP('',(#6059,#6065,#6066,#6067,#6068,#6069));
#6059 = ORIENTED_EDGE('',*,*,#6060,.T.);
#6060 = EDGE_CURVE('',#5838,#5218,#6061,.T.);
#6061 = LINE('',#6062,#6063);
#6062 = CARTESIAN_POINT('',(7.55507026685,4.05,3.19999999963));
#6063 = VECTOR('',#6064,1.);
#6064 = DIRECTION('',(1.,0.,0.));
#6065 = ORIENTED_EDGE('',*,*,#5217,.F.);
#6066 = ORIENTED_EDGE('',*,*,#5192,.T.);
#6067 = ORIENTED_EDGE('',*,*,#5900,.T.);
#6068 = ORIENTED_EDGE('',*,*,#5876,.T.);
#6069 = ORIENTED_EDGE('',*,*,#5845,.F.);
#6070 = PLANE('',#6071);
#6071 = AXIS2_PLACEMENT_3D('',#6072,#6073,#6074);
#6072 = CARTESIAN_POINT('',(3.80000000147,4.05,14.1));
#6073 = DIRECTION('',(6.79815536723E-32,-1.,1.22464679915E-16));
#6074 = DIRECTION('',(-1.,2.431362312046E-43,5.55111512313E-16));
#6075 = ADVANCED_FACE('',(#6076),#6213,.F.);
#6076 = FACE_BOUND('',#6077,.T.);
#6077 = EDGE_LOOP('',(#6078,#6086,#6094,#6102,#6110,#6118,#6126,#6134,
    #6142,#6150,#6158,#6164,#6165,#6166,#6167,#6173,#6174,#6182,#6190,
    #6198,#6206,#6212));
#6078 = ORIENTED_EDGE('',*,*,#6079,.F.);
#6079 = EDGE_CURVE('',#6080,#5634,#6082,.T.);
#6080 = VERTEX_POINT('',#6081);
#6081 = CARTESIAN_POINT('',(13.0000000015,0.,3.20000000002));
#6082 = LINE('',#6083,#6084);
#6083 = CARTESIAN_POINT('',(13.4400000019,0.,3.20000000002));
#6084 = VECTOR('',#6085,1.);
#6085 = DIRECTION('',(1.,0.,-5.04646828905E-16));
#6086 = ORIENTED_EDGE('',*,*,#6087,.T.);
#6087 = EDGE_CURVE('',#6080,#6088,#6090,.T.);
#6088 = VERTEX_POINT('',#6089);
#6089 = CARTESIAN_POINT('',(12.9860359501,0.800000000745,3.20000000002)
  );
#6090 = LINE('',#6091,#6092);
#6091 = CARTESIAN_POINT('',(12.9930179758,0.400000000373,3.20000000002)
  );
#6092 = VECTOR('',#6093,1.);
#6093 = DIRECTION('',(-1.74524057191E-02,0.999847695169,0.));
#6094 = ORIENTED_EDGE('',*,*,#6095,.F.);
#6095 = EDGE_CURVE('',#6096,#6088,#6098,.T.);
#6096 = VERTEX_POINT('',#6097);
#6097 = CARTESIAN_POINT('',(11.7581538312,0.800000000745,3.20000000002)
  );
#6098 = LINE('',#6099,#6100);
#6099 = CARTESIAN_POINT('',(12.3720948907,0.800000000745,3.20000000002)
  );
#6100 = VECTOR('',#6101,1.);
#6101 = DIRECTION('',(1.,0.,-7.23341765494E-16));
#6102 = ORIENTED_EDGE('',*,*,#6103,.F.);
#6103 = EDGE_CURVE('',#6104,#6096,#6106,.T.);
#6104 = VERTEX_POINT('',#6105);
#6105 = CARTESIAN_POINT('',(11.5450000014,1.25710986182,3.20000000002));
#6106 = LINE('',#6107,#6108);
#6107 = CARTESIAN_POINT('',(11.6515769163,1.02855493128,3.20000000002));
#6108 = VECTOR('',#6109,1.);
#6109 = DIRECTION('',(0.422618263305,-0.906307786307,0.));
#6110 = ORIENTED_EDGE('',*,*,#6111,.F.);
#6111 = EDGE_CURVE('',#6112,#6104,#6114,.T.);
#6112 = VERTEX_POINT('',#6113);
#6113 = CARTESIAN_POINT('',(11.5450000014,2.34999999963,3.20000000002));
#6114 = LINE('',#6115,#6116);
#6115 = CARTESIAN_POINT('',(11.5450000014,1.80355493072,3.20000000002));
#6116 = VECTOR('',#6117,1.);
#6117 = DIRECTION('',(0.,-1.,4.06343871619E-16));
#6118 = ORIENTED_EDGE('',*,*,#6119,.T.);
#6119 = EDGE_CURVE('',#6112,#6120,#6122,.T.);
#6120 = VERTEX_POINT('',#6121);
#6121 = CARTESIAN_POINT('',(10.4550000016,2.34999999963,3.20000000002));
#6122 = LINE('',#6123,#6124);
#6123 = CARTESIAN_POINT('',(11.0000000015,2.34999999963,3.20000000002));
#6124 = VECTOR('',#6125,1.);
#6125 = DIRECTION('',(-1.,0.,4.07421293496E-16));
#6126 = ORIENTED_EDGE('',*,*,#6127,.T.);
#6127 = EDGE_CURVE('',#6120,#6128,#6130,.T.);
#6128 = VERTEX_POINT('',#6129);
#6129 = CARTESIAN_POINT('',(10.4550000016,1.25710986182,3.20000000002));
#6130 = LINE('',#6131,#6132);
#6131 = CARTESIAN_POINT('',(10.4550000016,1.80355493072,3.20000000002));
#6132 = VECTOR('',#6133,1.);
#6133 = DIRECTION('',(0.,-1.,4.06343871619E-16));
#6134 = ORIENTED_EDGE('',*,*,#6135,.T.);
#6135 = EDGE_CURVE('',#6128,#6136,#6138,.T.);
#6136 = VERTEX_POINT('',#6137);
#6137 = CARTESIAN_POINT('',(10.2418461718,0.799999998882,3.20000000002)
  );
#6138 = LINE('',#6139,#6140);
#6139 = CARTESIAN_POINT('',(10.3484230867,1.02855493035,3.20000000002));
#6140 = VECTOR('',#6141,1.);
#6141 = DIRECTION('',(-0.42261826189,-0.906307786967,8.80491850269E-16)
  );
#6142 = ORIENTED_EDGE('',*,*,#6143,.F.);
#6143 = EDGE_CURVE('',#6144,#6136,#6146,.T.);
#6144 = VERTEX_POINT('',#6145);
#6145 = CARTESIAN_POINT('',(9.01396405474,0.800000000745,3.20000000002)
  );
#6146 = LINE('',#6147,#6148);
#6147 = CARTESIAN_POINT('',(9.62790511326,0.799999999814,3.20000000002)
  );
#6148 = VECTOR('',#6149,1.);
#6149 = DIRECTION('',(1.,-1.51695763249E-09,-3.61670883295E-16));
#6150 = ORIENTED_EDGE('',*,*,#6151,.F.);
#6151 = EDGE_CURVE('',#6152,#6144,#6154,.T.);
#6152 = VERTEX_POINT('',#6153);
#6153 = CARTESIAN_POINT('',(9.0000000015,0.,3.20000000002));
#6154 = LINE('',#6155,#6156);
#6155 = CARTESIAN_POINT('',(9.00698202812,0.400000000373,3.20000000002)
  );
#6156 = VECTOR('',#6157,1.);
#6157 = DIRECTION('',(1.745240804631E-02,0.999847695128,0.));
#6158 = ORIENTED_EDGE('',*,*,#6159,.T.);
#6159 = EDGE_CURVE('',#6152,#5226,#6160,.T.);
#6160 = LINE('',#6161,#6162);
#6161 = CARTESIAN_POINT('',(8.7500000015,0.,3.20000000002));
#6162 = VECTOR('',#6163,1.);
#6163 = DIRECTION('',(-1.,0.,8.881784197E-16));
#6164 = ORIENTED_EDGE('',*,*,#5225,.F.);
#6165 = ORIENTED_EDGE('',*,*,#6060,.F.);
#6166 = ORIENTED_EDGE('',*,*,#5835,.F.);
#6167 = ORIENTED_EDGE('',*,*,#6168,.T.);
#6168 = EDGE_CURVE('',#5836,#5748,#6169,.T.);
#6169 = LINE('',#6170,#6171);
#6170 = CARTESIAN_POINT('',(5.60507026651,9.5,3.20000000002));
#6171 = VECTOR('',#6172,1.);
#6172 = DIRECTION('',(-1.,0.,6.62773377861E-16));
#6173 = ORIENTED_EDGE('',*,*,#5747,.F.);
#6174 = ORIENTED_EDGE('',*,*,#6175,.T.);
#6175 = EDGE_CURVE('',#5740,#6176,#6178,.T.);
#6176 = VERTEX_POINT('',#6177);
#6177 = CARTESIAN_POINT('',(5.17000000142,12.9000000004,3.20000000002));
#6178 = LINE('',#6179,#6180);
#6179 = CARTESIAN_POINT('',(4.88500000127,12.9000000004,3.20000000002));
#6180 = VECTOR('',#6181,1.);
#6181 = DIRECTION('',(1.,0.,-7.79103876523E-16));
#6182 = ORIENTED_EDGE('',*,*,#6183,.F.);
#6183 = EDGE_CURVE('',#6184,#6176,#6186,.T.);
#6184 = VERTEX_POINT('',#6185);
#6185 = CARTESIAN_POINT('',(5.17000000142,10.5999999996,3.20000000002));
#6186 = LINE('',#6187,#6188);
#6187 = CARTESIAN_POINT('',(5.17000000142,11.75,3.20000000002));
#6188 = VECTOR('',#6189,1.);
#6189 = DIRECTION('',(0.,1.,-1.9308226509E-16));
#6190 = ORIENTED_EDGE('',*,*,#6191,.T.);
#6191 = EDGE_CURVE('',#6184,#6192,#6194,.T.);
#6192 = VERTEX_POINT('',#6193);
#6193 = CARTESIAN_POINT('',(6.47000000217,10.5999999996,3.20000000002));
#6194 = LINE('',#6195,#6196);
#6195 = CARTESIAN_POINT('',(5.82000000179,10.5999999996,3.20000000002));
#6196 = VECTOR('',#6197,1.);
#6197 = DIRECTION('',(1.,0.,-6.83214168609E-16));
#6198 = ORIENTED_EDGE('',*,*,#6199,.F.);
#6199 = EDGE_CURVE('',#6200,#6192,#6202,.T.);
#6200 = VERTEX_POINT('',#6201);
#6201 = CARTESIAN_POINT('',(6.47000000217,12.9000000004,3.20000000002));
#6202 = LINE('',#6203,#6204);
#6203 = CARTESIAN_POINT('',(6.47000000217,11.75,3.20000000002));
#6204 = VECTOR('',#6205,1.);
#6205 = DIRECTION('',(0.,-1.,1.9308226509E-16));
#6206 = ORIENTED_EDGE('',*,*,#6207,.T.);
#6207 = EDGE_CURVE('',#6200,#5642,#6208,.T.);
#6208 = LINE('',#6209,#6210);
#6209 = CARTESIAN_POINT('',(10.1750000022,12.9000000004,3.20000000002));
#6210 = VECTOR('',#6211,1.);
#6211 = DIRECTION('',(1.,0.,-5.39379607094E-16));
#6212 = ORIENTED_EDGE('',*,*,#5641,.T.);
#6213 = PLANE('',#6214);
#6214 = AXIS2_PLACEMENT_3D('',#6215,#6216,#6217);
#6215 = CARTESIAN_POINT('',(11.5475158725,14.,3.20000000002));
#6216 = DIRECTION('',(5.55111512313E-16,1.22464679915E-16,1.));
#6217 = DIRECTION('',(-1.,0.,5.55111512313E-16));
#6218 = ADVANCED_FACE('',(#6219),#6230,.T.);
#6219 = FACE_BOUND('',#6220,.T.);
#6220 = EDGE_LOOP('',(#6221,#6222,#6223,#6224));
#6221 = ORIENTED_EDGE('',*,*,#5537,.F.);
#6222 = ORIENTED_EDGE('',*,*,#5233,.T.);
#6223 = ORIENTED_EDGE('',*,*,#6159,.F.);
#6224 = ORIENTED_EDGE('',*,*,#6225,.F.);
#6225 = EDGE_CURVE('',#5538,#6152,#6226,.T.);
#6226 = LINE('',#6227,#6228);
#6227 = CARTESIAN_POINT('',(9.00000000166,-6.67432505562E-16,
    8.64999999981));
#6228 = VECTOR('',#6229,1.);
#6229 = DIRECTION('',(-1.70885364976E-10,-1.22464679915E-16,-1.));
#6230 = PLANE('',#6231);
#6231 = AXIS2_PLACEMENT_3D('',#6232,#6233,#6234);
#6232 = CARTESIAN_POINT('',(3.80000000147,-2.19427237127E-27,14.1));
#6233 = DIRECTION('',(6.79815536723E-32,-1.,1.22464679915E-16));
#6234 = DIRECTION('',(-1.,2.431362312046E-43,5.55111512313E-16));
#6235 = ADVANCED_FACE('',(#6236),#6249,.T.);
#6236 = FACE_BOUND('',#6237,.T.);
#6237 = EDGE_LOOP('',(#6238,#6239,#6240,#6246,#6247,#6248));
#6238 = ORIENTED_EDGE('',*,*,#5377,.F.);
#6239 = ORIENTED_EDGE('',*,*,#5335,.F.);
#6240 = ORIENTED_EDGE('',*,*,#6241,.T.);
#6241 = EDGE_CURVE('',#5328,#5272,#6242,.T.);
#6242 = LINE('',#6243,#6244);
#6243 = CARTESIAN_POINT('',(7.36456880325,4.05,13.1300000003));
#6244 = VECTOR('',#6245,1.);
#6245 = DIRECTION('',(-8.715574318742E-02,0.,0.996194698053));
#6246 = ORIENTED_EDGE('',*,*,#5271,.F.);
#6247 = ORIENTED_EDGE('',*,*,#5249,.F.);
#6248 = ORIENTED_EDGE('',*,*,#5530,.T.);
#6249 = PLANE('',#6250);
#6250 = AXIS2_PLACEMENT_3D('',#6251,#6252,#6253);
#6251 = CARTESIAN_POINT('',(3.80000000147,4.05,14.1));
#6252 = DIRECTION('',(6.79815536723E-32,-1.,1.22464679915E-16));
#6253 = DIRECTION('',(-1.,2.431362312046E-43,5.55111512313E-16));
#6254 = ADVANCED_FACE('',(#6255),#6261,.T.);
#6255 = FACE_BOUND('',#6256,.T.);
#6256 = EDGE_LOOP('',(#6257,#6258,#6259,#6260));
#6257 = ORIENTED_EDGE('',*,*,#6241,.F.);
#6258 = ORIENTED_EDGE('',*,*,#5327,.T.);
#6259 = ORIENTED_EDGE('',*,*,#5303,.F.);
#6260 = ORIENTED_EDGE('',*,*,#5279,.F.);
#6261 = PLANE('',#6262);
#6262 = AXIS2_PLACEMENT_3D('',#6263,#6264,#6265);
#6263 = CARTESIAN_POINT('',(7.47891542799,4.35,13.4280962085));
#6264 = DIRECTION('',(0.902859012285,-0.422618261741,7.89899283372E-02)
  );
#6265 = DIRECTION('',(-8.715574274769E-02,5.616340725823E-14,
    0.996194698092));
#6266 = ADVANCED_FACE('',(#6267),#6273,.T.);
#6267 = FACE_BOUND('',#6268,.T.);
#6268 = EDGE_LOOP('',(#6269,#6270,#6271,#6272));
#6269 = ORIENTED_EDGE('',*,*,#5409,.T.);
#6270 = ORIENTED_EDGE('',*,*,#5359,.T.);
#6271 = ORIENTED_EDGE('',*,*,#5523,.T.);
#6272 = ORIENTED_EDGE('',*,*,#5457,.F.);
#6273 = PLANE('',#6274);
#6274 = AXIS2_PLACEMENT_3D('',#6275,#6276,#6277);
#6275 = CARTESIAN_POINT('',(3.80000000147,9.5,14.1));
#6276 = DIRECTION('',(6.79815536723E-32,-1.,1.22464679915E-16));
#6277 = DIRECTION('',(-1.,2.431362312046E-43,5.55111512313E-16));
#6278 = ADVANCED_FACE('',(#6279),#6295,.F.);
#6279 = FACE_BOUND('',#6280,.T.);
#6280 = EDGE_LOOP('',(#6281,#6282,#6288,#6289));
#6281 = ORIENTED_EDGE('',*,*,#5417,.T.);
#6282 = ORIENTED_EDGE('',*,*,#6283,.F.);
#6283 = EDGE_CURVE('',#5612,#5420,#6284,.T.);
#6284 = LINE('',#6285,#6286);
#6285 = CARTESIAN_POINT('',(5.17000000147,12.9000000007,13.8249999996));
#6286 = VECTOR('',#6287,1.);
#6287 = DIRECTION('',(0.,0.,-1.));
#6288 = ORIENTED_EDGE('',*,*,#5611,.F.);
#6289 = ORIENTED_EDGE('',*,*,#6290,.T.);
#6290 = EDGE_CURVE('',#5604,#5418,#6291,.T.);
#6291 = LINE('',#6292,#6293);
#6292 = CARTESIAN_POINT('',(5.17000000147,10.6,13.8249999996));
#6293 = VECTOR('',#6294,1.);
#6294 = DIRECTION('',(0.,0.,-1.));
#6295 = PLANE('',#6296);
#6296 = AXIS2_PLACEMENT_3D('',#6297,#6298,#6299);
#6297 = CARTESIAN_POINT('',(5.17000000147,10.6,14.1));
#6298 = DIRECTION('',(-1.,6.79815536723E-32,5.55111512313E-16));
#6299 = DIRECTION('',(-2.431362312046E-43,1.,-1.22464679915E-16));
#6300 = ADVANCED_FACE('',(#6301),#6312,.T.);
#6301 = FACE_BOUND('',#6302,.T.);
#6302 = EDGE_LOOP('',(#6303,#6304,#6305,#6311));
#6303 = ORIENTED_EDGE('',*,*,#6290,.F.);
#6304 = ORIENTED_EDGE('',*,*,#5603,.T.);
#6305 = ORIENTED_EDGE('',*,*,#6306,.T.);
#6306 = EDGE_CURVE('',#5596,#5428,#6307,.T.);
#6307 = LINE('',#6308,#6309);
#6308 = CARTESIAN_POINT('',(6.47000000128,10.6,13.8249999996));
#6309 = VECTOR('',#6310,1.);
#6310 = DIRECTION('',(-3.38662753947E-09,0.,-1.));
#6311 = ORIENTED_EDGE('',*,*,#5427,.F.);
#6312 = PLANE('',#6313);
#6313 = AXIS2_PLACEMENT_3D('',#6314,#6315,#6316);
#6314 = CARTESIAN_POINT('',(5.17000000147,10.6,14.1));
#6315 = DIRECTION('',(-6.79815536723E-32,1.,-1.22464679915E-16));
#6316 = DIRECTION('',(1.,-2.431362312046E-43,-5.55111512313E-16));
#6317 = ADVANCED_FACE('',(#6318),#6329,.F.);
#6318 = FACE_BOUND('',#6319,.T.);
#6319 = EDGE_LOOP('',(#6320,#6321,#6322,#6323));
#6320 = ORIENTED_EDGE('',*,*,#5435,.T.);
#6321 = ORIENTED_EDGE('',*,*,#6306,.F.);
#6322 = ORIENTED_EDGE('',*,*,#5593,.F.);
#6323 = ORIENTED_EDGE('',*,*,#6324,.T.);
#6324 = EDGE_CURVE('',#5594,#5436,#6325,.T.);
#6325 = LINE('',#6326,#6327);
#6326 = CARTESIAN_POINT('',(6.47000000147,12.9,13.8249999996));
#6327 = VECTOR('',#6328,1.);
#6328 = DIRECTION('',(0.,0.,-1.));
#6329 = PLANE('',#6330);
#6330 = AXIS2_PLACEMENT_3D('',#6331,#6332,#6333);
#6331 = CARTESIAN_POINT('',(6.47000000147,12.9,14.1));
#6332 = DIRECTION('',(1.,-6.79815536723E-32,-5.55111512313E-16));
#6333 = DIRECTION('',(2.431362312046E-43,-1.,1.22464679915E-16));
#6334 = ADVANCED_FACE('',(#6335),#6341,.T.);
#6335 = FACE_BOUND('',#6336,.T.);
#6336 = EDGE_LOOP('',(#6337,#6338,#6339,#6340));
#6337 = ORIENTED_EDGE('',*,*,#6324,.F.);
#6338 = ORIENTED_EDGE('',*,*,#5619,.T.);
#6339 = ORIENTED_EDGE('',*,*,#6283,.T.);
#6340 = ORIENTED_EDGE('',*,*,#5443,.F.);
#6341 = PLANE('',#6342);
#6342 = AXIS2_PLACEMENT_3D('',#6343,#6344,#6345);
#6343 = CARTESIAN_POINT('',(6.47000000147,12.9,14.1));
#6344 = DIRECTION('',(6.79815536723E-32,-1.,1.22464679915E-16));
#6345 = DIRECTION('',(-1.,2.431362312046E-43,5.55111512313E-16));
#6346 = ADVANCED_FACE('',(#6347),#6363,.T.);
#6347 = FACE_BOUND('',#6348,.T.);
#6348 = EDGE_LOOP('',(#6349,#6355,#6356,#6362));
#6349 = ORIENTED_EDGE('',*,*,#6350,.F.);
#6350 = EDGE_CURVE('',#5484,#6096,#6351,.T.);
#6351 = LINE('',#6352,#6353);
#6352 = CARTESIAN_POINT('',(11.7581538303,0.800000000535,8.65000000002)
  );
#6353 = VECTOR('',#6354,1.);
#6354 = DIRECTION('',(7.2218520674E-11,-1.54874421158E-10,-1.));
#6355 = ORIENTED_EDGE('',*,*,#5481,.F.);
#6356 = ORIENTED_EDGE('',*,*,#6357,.T.);
#6357 = EDGE_CURVE('',#5482,#6104,#6358,.T.);
#6358 = LINE('',#6359,#6360);
#6359 = CARTESIAN_POINT('',(11.5450000015,1.25710986165,8.65000000002));
#6360 = VECTOR('',#6361,1.);
#6361 = DIRECTION('',(-6.51874069594E-16,-1.22226388049E-16,-1.));
#6362 = ORIENTED_EDGE('',*,*,#6103,.T.);
#6363 = PLANE('',#6364);
#6364 = AXIS2_PLACEMENT_3D('',#6365,#6366,#6367);
#6365 = CARTESIAN_POINT('',(11.5250000015,1.3,8.65000000002));
#6366 = DIRECTION('',(-0.906307787037,-0.422618261741,5.548576964318E-16
    ));
#6367 = DIRECTION('',(-5.551115123115E-16,-1.224646799147E-16,-1.));
#6368 = ADVANCED_FACE('',(#6369),#6380,.T.);
#6369 = FACE_BOUND('',#6370,.T.);
#6370 = EDGE_LOOP('',(#6371,#6372,#6373,#6379));
#6371 = ORIENTED_EDGE('',*,*,#6350,.T.);
#6372 = ORIENTED_EDGE('',*,*,#6095,.T.);
#6373 = ORIENTED_EDGE('',*,*,#6374,.F.);
#6374 = EDGE_CURVE('',#5492,#6088,#6375,.T.);
#6375 = LINE('',#6376,#6377);
#6376 = CARTESIAN_POINT('',(12.9860359493,0.8,8.64999999981));
#6377 = VECTOR('',#6378,1.);
#6378 = DIRECTION('',(-4.88905552112E-16,-1.22226388028E-16,-1.));
#6379 = ORIENTED_EDGE('',*,*,#5491,.T.);
#6380 = PLANE('',#6381);
#6381 = AXIS2_PLACEMENT_3D('',#6382,#6383,#6384);
#6382 = CARTESIAN_POINT('',(3.80000000147,0.8,14.1));
#6383 = DIRECTION('',(6.79815536723E-32,-1.,1.22464679915E-16));
#6384 = DIRECTION('',(-1.,2.431362312046E-43,5.55111512313E-16));
#6385 = ADVANCED_FACE('',(#6386),#6397,.F.);
#6386 = FACE_BOUND('',#6387,.T.);
#6387 = EDGE_LOOP('',(#6388,#6389,#6395,#6396));
#6388 = ORIENTED_EDGE('',*,*,#6087,.F.);
#6389 = ORIENTED_EDGE('',*,*,#6390,.F.);
#6390 = EDGE_CURVE('',#5500,#6080,#6391,.T.);
#6391 = LINE('',#6392,#6393);
#6392 = CARTESIAN_POINT('',(13.0000000015,-6.67432505562E-16,
    8.64999999981));
#6393 = VECTOR('',#6394,1.);
#6394 = DIRECTION('',(-4.88905552112E-16,-1.22464679915E-16,-1.));
#6395 = ORIENTED_EDGE('',*,*,#5499,.F.);
#6396 = ORIENTED_EDGE('',*,*,#6374,.T.);
#6397 = PLANE('',#6398);
#6398 = AXIS2_PLACEMENT_3D('',#6399,#6400,#6401);
#6399 = CARTESIAN_POINT('',(13.0000000015,-2.19427237127E-27,14.1));
#6400 = DIRECTION('',(0.999847695156,1.745240643731E-02,
    -5.571642695092E-16));
#6401 = DIRECTION('',(-5.551115123132E-16,-1.22464679915E-16,-1.));
#6402 = ADVANCED_FACE('',(#6403),#6409,.T.);
#6403 = FACE_BOUND('',#6404,.T.);
#6404 = EDGE_LOOP('',(#6405,#6406,#6407,#6408));
#6405 = ORIENTED_EDGE('',*,*,#5507,.T.);
#6406 = ORIENTED_EDGE('',*,*,#6390,.T.);
#6407 = ORIENTED_EDGE('',*,*,#6079,.T.);
#6408 = ORIENTED_EDGE('',*,*,#5633,.F.);
#6409 = PLANE('',#6410);
#6410 = AXIS2_PLACEMENT_3D('',#6411,#6412,#6413);
#6411 = CARTESIAN_POINT('',(3.80000000147,-2.19427237127E-27,14.1));
#6412 = DIRECTION('',(6.79815536723E-32,-1.,1.22464679915E-16));
#6413 = DIRECTION('',(-1.,2.431362312046E-43,5.55111512313E-16));
#6414 = ADVANCED_FACE('',(#6415),#6426,.T.);
#6415 = FACE_BOUND('',#6416,.T.);
#6416 = EDGE_LOOP('',(#6417,#6423,#6424,#6425));
#6417 = ORIENTED_EDGE('',*,*,#6418,.T.);
#6418 = EDGE_CURVE('',#6144,#5546,#6419,.T.);
#6419 = LINE('',#6420,#6421);
#6420 = CARTESIAN_POINT('',(9.01396405339,0.800000000006,8.64999999981)
  );
#6421 = VECTOR('',#6422,1.);
#6422 = DIRECTION('',(4.88905552112E-16,1.22226388028E-16,1.));
#6423 = ORIENTED_EDGE('',*,*,#5545,.T.);
#6424 = ORIENTED_EDGE('',*,*,#6225,.T.);
#6425 = ORIENTED_EDGE('',*,*,#6151,.T.);
#6426 = PLANE('',#6427);
#6427 = AXIS2_PLACEMENT_3D('',#6428,#6429,#6430);
#6428 = CARTESIAN_POINT('',(9.00000000145,-2.19427237127E-27,14.1));
#6429 = DIRECTION('',(0.999847695156,-1.745240643731E-02,
    -5.528896627722E-16));
#6430 = DIRECTION('',(-5.551115123124E-16,-1.22464679915E-16,-1.));
#6431 = ADVANCED_FACE('',(#6432),#6443,.T.);
#6432 = FACE_BOUND('',#6433,.T.);
#6433 = EDGE_LOOP('',(#6434,#6435,#6436,#6442));
#6434 = ORIENTED_EDGE('',*,*,#6418,.F.);
#6435 = ORIENTED_EDGE('',*,*,#6143,.T.);
#6436 = ORIENTED_EDGE('',*,*,#6437,.T.);
#6437 = EDGE_CURVE('',#6136,#5554,#6438,.T.);
#6438 = LINE('',#6439,#6440);
#6439 = CARTESIAN_POINT('',(10.2418461719,0.8,8.64999999981));
#6440 = VECTOR('',#6441,1.);
#6441 = DIRECTION('',(1.70885364976E-10,1.22226388028E-16,1.));
#6442 = ORIENTED_EDGE('',*,*,#5553,.T.);
#6443 = PLANE('',#6444);
#6444 = AXIS2_PLACEMENT_3D('',#6445,#6446,#6447);
#6445 = CARTESIAN_POINT('',(3.80000000147,0.8,14.1));
#6446 = DIRECTION('',(6.79815536723E-32,-1.,1.22464679915E-16));
#6447 = DIRECTION('',(-1.,2.431362312046E-43,5.55111512313E-16));
#6448 = ADVANCED_FACE('',(#6449),#6460,.T.);
#6449 = FACE_BOUND('',#6450,.T.);
#6450 = EDGE_LOOP('',(#6451,#6452,#6458,#6459));
#6451 = ORIENTED_EDGE('',*,*,#6135,.F.);
#6452 = ORIENTED_EDGE('',*,*,#6453,.T.);
#6453 = EDGE_CURVE('',#6128,#5562,#6454,.T.);
#6454 = LINE('',#6455,#6456);
#6455 = CARTESIAN_POINT('',(10.4550000015,1.25710986165,8.65000000002));
#6456 = VECTOR('',#6457,1.);
#6457 = DIRECTION('',(6.51874069594E-16,1.22226388049E-16,1.));
#6458 = ORIENTED_EDGE('',*,*,#5561,.T.);
#6459 = ORIENTED_EDGE('',*,*,#6437,.F.);
#6460 = PLANE('',#6461);
#6461 = AXIS2_PLACEMENT_3D('',#6462,#6463,#6464);
#6462 = CARTESIAN_POINT('',(10.4750000015,1.3,8.65000000002));
#6463 = DIRECTION('',(0.906307787037,-0.422618261741,-4.513460761318E-16
    ));
#6464 = DIRECTION('',(5.551115123121E-16,1.22464679915E-16,1.));
#6465 = ADVANCED_FACE('',(#6466),#6501,.F.);
#6466 = FACE_BOUND('',#6467,.T.);
#6467 = EDGE_LOOP('',(#6468,#6476,#6482,#6483,#6484,#6492,#6498,#6499,
    #6500));
#6468 = ORIENTED_EDGE('',*,*,#6469,.F.);
#6469 = EDGE_CURVE('',#6470,#6120,#6472,.T.);
#6470 = VERTEX_POINT('',#6471);
#6471 = CARTESIAN_POINT('',(10.4550000015,2.34999999963,7.53499999978));
#6472 = LINE('',#6473,#6474);
#6473 = CARTESIAN_POINT('',(10.4550000015,2.34999999963,5.36750000026));
#6474 = VECTOR('',#6475,1.);
#6475 = DIRECTION('',(-4.097708973E-16,-4.097708973E-16,-1.));
#6476 = ORIENTED_EDGE('',*,*,#6477,.T.);
#6477 = EDGE_CURVE('',#6470,#6004,#6478,.T.);
#6478 = LINE('',#6479,#6480);
#6479 = CARTESIAN_POINT('',(10.4550000015,2.64499999955,7.83000000063));
#6480 = VECTOR('',#6481,1.);
#6481 = DIRECTION('',(0.,0.70710678007,0.707106782303));
#6482 = ORIENTED_EDGE('',*,*,#6003,.F.);
#6483 = ORIENTED_EDGE('',*,*,#5995,.T.);
#6484 = ORIENTED_EDGE('',*,*,#6485,.F.);
#6485 = EDGE_CURVE('',#6486,#5956,#6488,.T.);
#6486 = VERTEX_POINT('',#6487);
#6487 = CARTESIAN_POINT('',(10.4550000015,2.34999999963,9.76500000022));
#6488 = LINE('',#6489,#6490);
#6489 = CARTESIAN_POINT('',(10.4550000015,2.64499999955,9.4700000003));
#6490 = VECTOR('',#6491,1.);
#6491 = DIRECTION('',(0.,0.707106781187,-0.707106781187));
#6492 = ORIENTED_EDGE('',*,*,#6493,.F.);
#6493 = EDGE_CURVE('',#5570,#6486,#6494,.T.);
#6494 = LINE('',#6495,#6496);
#6495 = CARTESIAN_POINT('',(10.4550000015,2.34999999963,11.9324999997));
#6496 = VECTOR('',#6497,1.);
#6497 = DIRECTION('',(-4.097708973E-16,0.,-1.));
#6498 = ORIENTED_EDGE('',*,*,#5569,.T.);
#6499 = ORIENTED_EDGE('',*,*,#6453,.F.);
#6500 = ORIENTED_EDGE('',*,*,#6127,.F.);
#6501 = PLANE('',#6502);
#6502 = AXIS2_PLACEMENT_3D('',#6503,#6504,#6505);
#6503 = CARTESIAN_POINT('',(10.4550000015,14.,13.65));
#6504 = DIRECTION('',(-1.,6.79815536723E-32,5.55111512313E-16));
#6505 = DIRECTION('',(-5.55111512313E-16,-1.22464679915E-16,-1.));
#6506 = ADVANCED_FACE('',(#6507),#6525,.T.);
#6507 = FACE_BOUND('',#6508,.T.);
#6508 = EDGE_LOOP('',(#6509,#6510,#6511,#6519));
#6509 = ORIENTED_EDGE('',*,*,#5577,.T.);
#6510 = ORIENTED_EDGE('',*,*,#6493,.T.);
#6511 = ORIENTED_EDGE('',*,*,#6512,.F.);
#6512 = EDGE_CURVE('',#6513,#6486,#6515,.T.);
#6513 = VERTEX_POINT('',#6514);
#6514 = CARTESIAN_POINT('',(11.5450000007,2.35,9.76499999911));
#6515 = LINE('',#6516,#6517);
#6516 = CARTESIAN_POINT('',(11.0000000007,2.35,9.76500000004));
#6517 = VECTOR('',#6518,1.);
#6518 = DIRECTION('',(-1.,0.,1.708848761E-09));
#6519 = ORIENTED_EDGE('',*,*,#6520,.T.);
#6520 = EDGE_CURVE('',#6513,#5578,#6521,.T.);
#6521 = LINE('',#6522,#6523);
#6522 = CARTESIAN_POINT('',(11.5450000016,2.35,11.9324999996));
#6523 = VECTOR('',#6524,1.);
#6524 = DIRECTION('',(4.29676337994E-10,1.02442724281E-16,1.));
#6525 = PLANE('',#6526);
#6526 = AXIS2_PLACEMENT_3D('',#6527,#6528,#6529);
#6527 = CARTESIAN_POINT('',(3.80000000147,2.35,14.1));
#6528 = DIRECTION('',(6.79815536723E-32,-1.,1.22464679915E-16));
#6529 = DIRECTION('',(-1.,2.431362312046E-43,5.55111512313E-16));
#6530 = ADVANCED_FACE('',(#6531),#6559,.F.);
#6531 = FACE_BOUND('',#6532,.T.);
#6532 = EDGE_LOOP('',(#6533,#6534,#6540,#6541,#6542,#6550,#6556,#6557,
    #6558));
#6533 = ORIENTED_EDGE('',*,*,#6520,.F.);
#6534 = ORIENTED_EDGE('',*,*,#6535,.F.);
#6535 = EDGE_CURVE('',#5927,#6513,#6536,.T.);
#6536 = LINE('',#6537,#6538);
#6537 = CARTESIAN_POINT('',(11.5450000015,2.64499999955,9.46999999846));
#6538 = VECTOR('',#6539,1.);
#6539 = DIRECTION('',(0.,-0.707106781187,0.707106781187));
#6540 = ORIENTED_EDGE('',*,*,#5926,.T.);
#6541 = ORIENTED_EDGE('',*,*,#5916,.T.);
#6542 = ORIENTED_EDGE('',*,*,#6543,.T.);
#6543 = EDGE_CURVE('',#5919,#6544,#6546,.T.);
#6544 = VERTEX_POINT('',#6545);
#6545 = CARTESIAN_POINT('',(11.5450000015,2.34999999963,7.5349999998));
#6546 = LINE('',#6547,#6548);
#6547 = CARTESIAN_POINT('',(11.5450000015,2.64499999955,7.82999999972));
#6548 = VECTOR('',#6549,1.);
#6549 = DIRECTION('',(0.,-0.707106781187,-0.707106781187));
#6550 = ORIENTED_EDGE('',*,*,#6551,.F.);
#6551 = EDGE_CURVE('',#6112,#6544,#6552,.T.);
#6552 = LINE('',#6553,#6554);
#6553 = CARTESIAN_POINT('',(11.5450000015,2.34999999963,5.36750000028));
#6554 = VECTOR('',#6555,1.);
#6555 = DIRECTION('',(4.097708973E-16,0.,1.));
#6556 = ORIENTED_EDGE('',*,*,#6111,.T.);
#6557 = ORIENTED_EDGE('',*,*,#6357,.F.);
#6558 = ORIENTED_EDGE('',*,*,#5585,.F.);
#6559 = PLANE('',#6560);
#6560 = AXIS2_PLACEMENT_3D('',#6561,#6562,#6563);
#6561 = CARTESIAN_POINT('',(11.5450000015,14.,3.65000000002));
#6562 = DIRECTION('',(1.,-6.79815536723E-32,-5.55111512313E-16));
#6563 = DIRECTION('',(5.55111512313E-16,1.22464679915E-16,1.));
#6564 = ADVANCED_FACE('',(#6565),#6586,.T.);
#6565 = FACE_BOUND('',#6566,.T.);
#6566 = EDGE_LOOP('',(#6567,#6573,#6574,#6575,#6576,#6577,#6578,#6579,
    #6585));
#6567 = ORIENTED_EDGE('',*,*,#6568,.T.);
#6568 = EDGE_CURVE('',#5798,#6176,#6569,.T.);
#6569 = LINE('',#6570,#6571);
#6570 = CARTESIAN_POINT('',(5.17000000166,12.9,3.475));
#6571 = VECTOR('',#6572,1.);
#6572 = DIRECTION('',(-3.38662915434E-09,0.,-1.));
#6573 = ORIENTED_EDGE('',*,*,#6175,.F.);
#6574 = ORIENTED_EDGE('',*,*,#5739,.T.);
#6575 = ORIENTED_EDGE('',*,*,#5713,.T.);
#6576 = ORIENTED_EDGE('',*,*,#5690,.F.);
#6577 = ORIENTED_EDGE('',*,*,#5665,.F.);
#6578 = ORIENTED_EDGE('',*,*,#6207,.F.);
#6579 = ORIENTED_EDGE('',*,*,#6580,.F.);
#6580 = EDGE_CURVE('',#5796,#6200,#6581,.T.);
#6581 = LINE('',#6582,#6583);
#6582 = CARTESIAN_POINT('',(6.47000000147,12.9,3.475));
#6583 = VECTOR('',#6584,1.);
#6584 = DIRECTION('',(-1.61486985181E-15,0.,-1.));
#6585 = ORIENTED_EDGE('',*,*,#5795,.T.);
#6586 = PLANE('',#6587);
#6587 = AXIS2_PLACEMENT_3D('',#6588,#6589,#6590);
#6588 = CARTESIAN_POINT('',(6.47000000147,12.9,14.1));
#6589 = DIRECTION('',(6.79815536723E-32,-1.,1.22464679915E-16));
#6590 = DIRECTION('',(-1.,2.431362312046E-43,5.55111512313E-16));
#6591 = ADVANCED_FACE('',(#6592),#6598,.T.);
#6592 = FACE_BOUND('',#6593,.T.);
#6593 = EDGE_LOOP('',(#6594,#6595,#6596,#6597));
#6594 = ORIENTED_EDGE('',*,*,#6168,.F.);
#6595 = ORIENTED_EDGE('',*,*,#5861,.F.);
#6596 = ORIENTED_EDGE('',*,*,#5777,.T.);
#6597 = ORIENTED_EDGE('',*,*,#5755,.T.);
#6598 = PLANE('',#6599);
#6599 = AXIS2_PLACEMENT_3D('',#6600,#6601,#6602);
#6600 = CARTESIAN_POINT('',(3.80000000147,9.5,14.1));
#6601 = DIRECTION('',(6.79815536723E-32,-1.,1.22464679915E-16));
#6602 = DIRECTION('',(-1.,2.431362312046E-43,5.55111512313E-16));
#6603 = ADVANCED_FACE('',(#6604),#6615,.F.);
#6604 = FACE_BOUND('',#6605,.T.);
#6605 = EDGE_LOOP('',(#6606,#6607,#6608,#6614));
#6606 = ORIENTED_EDGE('',*,*,#6580,.T.);
#6607 = ORIENTED_EDGE('',*,*,#6199,.T.);
#6608 = ORIENTED_EDGE('',*,*,#6609,.F.);
#6609 = EDGE_CURVE('',#5806,#6192,#6610,.T.);
#6610 = LINE('',#6611,#6612);
#6611 = CARTESIAN_POINT('',(6.47000000147,10.5999999993,3.475));
#6612 = VECTOR('',#6613,1.);
#6613 = DIRECTION('',(-1.61486985181E-15,0.,-1.));
#6614 = ORIENTED_EDGE('',*,*,#5805,.F.);
#6615 = PLANE('',#6616);
#6616 = AXIS2_PLACEMENT_3D('',#6617,#6618,#6619);
#6617 = CARTESIAN_POINT('',(6.47000000147,12.9,14.1));
#6618 = DIRECTION('',(1.,-6.79815536723E-32,-5.55111512313E-16));
#6619 = DIRECTION('',(2.431362312046E-43,-1.,1.22464679915E-16));
#6620 = ADVANCED_FACE('',(#6621),#6632,.T.);
#6621 = FACE_BOUND('',#6622,.T.);
#6622 = EDGE_LOOP('',(#6623,#6624,#6625,#6626));
#6623 = ORIENTED_EDGE('',*,*,#5813,.T.);
#6624 = ORIENTED_EDGE('',*,*,#6609,.T.);
#6625 = ORIENTED_EDGE('',*,*,#6191,.F.);
#6626 = ORIENTED_EDGE('',*,*,#6627,.F.);
#6627 = EDGE_CURVE('',#5814,#6184,#6628,.T.);
#6628 = LINE('',#6629,#6630);
#6629 = CARTESIAN_POINT('',(5.17000000147,10.6,3.475));
#6630 = VECTOR('',#6631,1.);
#6631 = DIRECTION('',(-1.61486985181E-15,0.,-1.));
#6632 = PLANE('',#6633);
#6633 = AXIS2_PLACEMENT_3D('',#6634,#6635,#6636);
#6634 = CARTESIAN_POINT('',(5.17000000147,10.6,14.1));
#6635 = DIRECTION('',(-6.79815536723E-32,1.,-1.22464679915E-16));
#6636 = DIRECTION('',(1.,-2.431362312046E-43,-5.55111512313E-16));
#6637 = ADVANCED_FACE('',(#6638),#6644,.F.);
#6638 = FACE_BOUND('',#6639,.T.);
#6639 = EDGE_LOOP('',(#6640,#6641,#6642,#6643));
#6640 = ORIENTED_EDGE('',*,*,#6627,.T.);
#6641 = ORIENTED_EDGE('',*,*,#6183,.T.);
#6642 = ORIENTED_EDGE('',*,*,#6568,.F.);
#6643 = ORIENTED_EDGE('',*,*,#5821,.F.);
#6644 = PLANE('',#6645);
#6645 = AXIS2_PLACEMENT_3D('',#6646,#6647,#6648);
#6646 = CARTESIAN_POINT('',(5.17000000147,10.6,14.1));
#6647 = DIRECTION('',(-1.,6.79815536723E-32,5.55111512313E-16));
#6648 = DIRECTION('',(-2.431362312046E-43,1.,-1.22464679915E-16));
#6649 = ADVANCED_FACE('',(#6650),#6658,.T.);
#6650 = FACE_BOUND('',#6651,.T.);
#6651 = EDGE_LOOP('',(#6652,#6653,#6654,#6655,#6656,#6657));
#6652 = ORIENTED_EDGE('',*,*,#6485,.T.);
#6653 = ORIENTED_EDGE('',*,*,#5955,.T.);
#6654 = ORIENTED_EDGE('',*,*,#5981,.T.);
#6655 = ORIENTED_EDGE('',*,*,#5973,.T.);
#6656 = ORIENTED_EDGE('',*,*,#6535,.T.);
#6657 = ORIENTED_EDGE('',*,*,#6512,.T.);
#6658 = PLANE('',#6659);
#6659 = AXIS2_PLACEMENT_3D('',#6660,#6661,#6662);
#6660 = CARTESIAN_POINT('',(11.0000000015,3.,9.11500000002));
#6661 = DIRECTION('',(-3.925231146697E-16,-0.707106781187,
    -0.707106781187));
#6662 = DIRECTION('',(3.925231146697E-16,-0.707106781187,0.707106781187)
  );
#6663 = ADVANCED_FACE('',(#6664),#6677,.F.);
#6664 = FACE_BOUND('',#6665,.T.);
#6665 = EDGE_LOOP('',(#6666,#6667,#6668,#6669,#6675,#6676));
#6666 = ORIENTED_EDGE('',*,*,#6027,.T.);
#6667 = ORIENTED_EDGE('',*,*,#6046,.T.);
#6668 = ORIENTED_EDGE('',*,*,#6477,.F.);
#6669 = ORIENTED_EDGE('',*,*,#6670,.F.);
#6670 = EDGE_CURVE('',#6544,#6470,#6671,.T.);
#6671 = LINE('',#6672,#6673);
#6672 = CARTESIAN_POINT('',(11.0000000015,2.35000000032,7.53500000034));
#6673 = VECTOR('',#6674,1.);
#6674 = DIRECTION('',(-1.,0.,0.));
#6675 = ORIENTED_EDGE('',*,*,#6543,.F.);
#6676 = ORIENTED_EDGE('',*,*,#6037,.T.);
#6677 = PLANE('',#6678);
#6678 = AXIS2_PLACEMENT_3D('',#6679,#6680,#6681);
#6679 = CARTESIAN_POINT('',(11.0000000015,3.,8.18500000002));
#6680 = DIRECTION('',(-3.925231146697E-16,0.707106781187,-0.707106781187
    ));
#6681 = DIRECTION('',(-3.925231146697E-16,-0.707106781187,
    -0.707106781187));
#6682 = ADVANCED_FACE('',(#6683),#6689,.T.);
#6683 = FACE_BOUND('',#6684,.T.);
#6684 = EDGE_LOOP('',(#6685,#6686,#6687,#6688));
#6685 = ORIENTED_EDGE('',*,*,#6670,.T.);
#6686 = ORIENTED_EDGE('',*,*,#6469,.T.);
#6687 = ORIENTED_EDGE('',*,*,#6119,.F.);
#6688 = ORIENTED_EDGE('',*,*,#6551,.T.);
#6689 = PLANE('',#6690);
#6690 = AXIS2_PLACEMENT_3D('',#6691,#6692,#6693);
#6691 = CARTESIAN_POINT('',(3.80000000147,2.35,14.1));
#6692 = DIRECTION('',(6.79815536723E-32,-1.,1.22464679915E-16));
#6693 = DIRECTION('',(-1.,2.431362312046E-43,5.55111512313E-16));
#6694 = ( GEOMETRIC_REPRESENTATION_CONTEXT(3) 
GLOBAL_UNCERTAINTY_ASSIGNED_CONTEXT((#6698)) 
GLOBAL_UNIT_ASSIGNED_CONTEXT((#6695,#6696,#6697)) REPRESENTATION_CONTEXT
('Context #1','3D Context with UNIT and UNCERTAINTY') );
#6695 = ( LENGTH_UNIT() NAMED_UNIT(*) SI_UNIT(.MILLI.,.METRE.) );
#6696 = ( NAMED_UNIT(*) PLANE_ANGLE_UNIT() SI_UNIT($,.RADIAN.) );
#6697 = ( NAMED_UNIT(*) SI_UNIT($,.STERADIAN.) SOLID_ANGLE_UNIT() );
#6698 = UNCERTAINTY_MEASURE_WITH_UNIT(LENGTH_MEASURE(5.E-05),#6695,
  'distance_accuracy_value','confusion accuracy');
#6699 = CONTEXT_DEPENDENT_SHAPE_REPRESENTATION(#6700,#6702);
#6700 = ( REPRESENTATION_RELATIONSHIP('','',#3971,#10) 
REPRESENTATION_RELATIONSHIP_WITH_TRANSFORMATION(#6701) 
SHAPE_REPRESENTATION_RELATIONSHIP() );
#6701 = ITEM_DEFINED_TRANSFORMATION('','',#11,#23);
#6702 = PRODUCT_DEFINITION_SHAPE('Placement','Placement of an item',
  #6703);
#6703 = NEXT_ASSEMBLY_USAGE_OCCURRENCE('965','8000078323','',#5,#3966,$
  );
#6704 = PRODUCT_RELATED_PRODUCT_CATEGORY('part',$,(#3968));
#6705 = SHAPE_DEFINITION_REPRESENTATION(#6706,#6712);
#6706 = PRODUCT_DEFINITION_SHAPE('','',#6707);
#6707 = PRODUCT_DEFINITION('design','',#6708,#6711);
#6708 = PRODUCT_DEFINITION_FORMATION('','',#6709);
#6709 = PRODUCT('8000078324','8000078324','',(#6710));
#6710 = PRODUCT_CONTEXT('',#2,'mechanical');
#6711 = PRODUCT_DEFINITION_CONTEXT('part definition',#2,'design');
#6712 = ADVANCED_BREP_SHAPE_REPRESENTATION('',(#11,#6713),#7421);
#6713 = MANIFOLD_SOLID_BREP('',#6714);
#6714 = CLOSED_SHELL('',(#6715,#6755,#6786,#6825,#6856,#6873,#6890,#6956
    ,#7010,#7103,#7141,#7166,#7212,#7235,#7266,#7292,#7305,#7336,#7360,
    #7389,#7409));
#6715 = ADVANCED_FACE('',(#6716),#6750,.T.);
#6716 = FACE_BOUND('',#6717,.T.);
#6717 = EDGE_LOOP('',(#6718,#6728,#6736,#6744));
#6718 = ORIENTED_EDGE('',*,*,#6719,.T.);
#6719 = EDGE_CURVE('',#6720,#6722,#6724,.T.);
#6720 = VERTEX_POINT('',#6721);
#6721 = CARTESIAN_POINT('',(10.8000000013,2.05000000028,
    6.95996135724E-10));
#6722 = VERTEX_POINT('',#6723);
#6723 = CARTESIAN_POINT('',(10.5000000009,2.34999999984,0.724264069641)
  );
#6724 = LINE('',#6725,#6726);
#6725 = CARTESIAN_POINT('',(10.6500000011,2.20000000006,0.362132035168)
  );
#6726 = VECTOR('',#6727,1.);
#6727 = DIRECTION('',(-0.357406744724,0.357406743737,0.862856209549));
#6728 = ORIENTED_EDGE('',*,*,#6729,.F.);
#6729 = EDGE_CURVE('',#6730,#6722,#6732,.T.);
#6730 = VERTEX_POINT('',#6731);
#6731 = CARTESIAN_POINT('',(11.5000000016,2.35000000035,0.724264070862)
  );
#6732 = LINE('',#6733,#6734);
#6733 = CARTESIAN_POINT('',(11.0000000012,2.3500000001,0.724264070251));
#6734 = VECTOR('',#6735,1.);
#6735 = DIRECTION('',(-1.,-5.05743002671E-10,-1.22093424173E-09));
#6736 = ORIENTED_EDGE('',*,*,#6737,.F.);
#6737 = EDGE_CURVE('',#6738,#6730,#6740,.T.);
#6738 = VERTEX_POINT('',#6739);
#6739 = CARTESIAN_POINT('',(11.2000000018,2.05000000021,
    5.24246025063E-10));
#6740 = LINE('',#6741,#6742);
#6741 = CARTESIAN_POINT('',(11.3500000017,2.20000000028,0.362132035693)
  );
#6742 = VECTOR('',#6743,1.);
#6743 = DIRECTION('',(0.357406743537,0.357406743911,0.862856209968));
#6744 = ORIENTED_EDGE('',*,*,#6745,.F.);
#6745 = EDGE_CURVE('',#6720,#6738,#6746,.T.);
#6746 = LINE('',#6747,#6748);
#6747 = CARTESIAN_POINT('',(11.0000000015,2.05000000025,
    6.10121076924E-10));
#6748 = VECTOR('',#6749,1.);
#6749 = DIRECTION('',(1.,-1.7783774431E-10,-4.29375293468E-10));
#6750 = PLANE('',#6751);
#6751 = AXIS2_PLACEMENT_3D('',#6752,#6753,#6754);
#6752 = CARTESIAN_POINT('',(11.0000000015,2.2,0.362132035018));
#6753 = DIRECTION('',(-1.41137102005E-14,0.923879532752,-0.382683431784)
  );
#6754 = DIRECTION('',(-0.283396205999,0.366994526493,0.886003164752));
#6755 = ADVANCED_FACE('',(#6756),#6781,.T.);
#6756 = FACE_BOUND('',#6757,.T.);
#6757 = EDGE_LOOP('',(#6758,#6766,#6774,#6780));
#6758 = ORIENTED_EDGE('',*,*,#6759,.F.);
#6759 = EDGE_CURVE('',#6760,#6720,#6762,.T.);
#6760 = VERTEX_POINT('',#6761);
#6761 = CARTESIAN_POINT('',(10.8000000019,1.65000000029,
    -9.54913259577E-10));
#6762 = LINE('',#6763,#6764);
#6763 = CARTESIAN_POINT('',(10.8000000016,1.85000000027,
    -2.15033638465E-10));
#6764 = VECTOR('',#6765,1.);
#6765 = DIRECTION('',(-1.53235202317E-09,1.,3.69939810585E-09));
#6766 = ORIENTED_EDGE('',*,*,#6767,.F.);
#6767 = EDGE_CURVE('',#6768,#6760,#6770,.T.);
#6768 = VERTEX_POINT('',#6769);
#6769 = CARTESIAN_POINT('',(10.500000001,1.34999999884,0.724264071289));
#6770 = LINE('',#6771,#6772);
#6771 = CARTESIAN_POINT('',(10.6500000014,1.49999999957,0.362132035167)
  );
#6772 = VECTOR('',#6773,1.);
#6773 = DIRECTION('',(0.357406743784,0.357406744403,-0.862856209662));
#6774 = ORIENTED_EDGE('',*,*,#6775,.F.);
#6775 = EDGE_CURVE('',#6722,#6768,#6776,.T.);
#6776 = LINE('',#6777,#6778);
#6777 = CARTESIAN_POINT('',(10.5000000011,1.84999999946,0.724264071076)
  );
#6778 = VECTOR('',#6779,1.);
#6779 = DIRECTION('',(-1.76592962256E-10,-1.,4.26375711985E-10));
#6780 = ORIENTED_EDGE('',*,*,#6719,.F.);
#6781 = PLANE('',#6782);
#6782 = AXIS2_PLACEMENT_3D('',#6783,#6784,#6785);
#6783 = CARTESIAN_POINT('',(10.6500000015,1.85,0.362132035018));
#6784 = DIRECTION('',(-0.923879532752,-1.52516888008E-14,-0.382683431784
    ));
#6785 = DIRECTION('',(-0.366994526492,-0.283396206002,0.886003164751));
#6786 = ADVANCED_FACE('',(#6787),#6820,.T.);
#6787 = FACE_BOUND('',#6788,.T.);
#6788 = EDGE_LOOP('',(#6789,#6799,#6805,#6806,#6814));
#6789 = ORIENTED_EDGE('',*,*,#6790,.F.);
#6790 = EDGE_CURVE('',#6791,#6793,#6795,.T.);
#6791 = VERTEX_POINT('',#6792);
#6792 = CARTESIAN_POINT('',(11.5000000022,2.35,7.65000000039));
#6793 = VERTEX_POINT('',#6794);
#6794 = CARTESIAN_POINT('',(11.0000000022,2.35,7.65000000039));
#6795 = LINE('',#6796,#6797);
#6796 = CARTESIAN_POINT('',(11.2500000022,2.35,7.65000000039));
#6797 = VECTOR('',#6798,1.);
#6798 = DIRECTION('',(-1.,-1.59872115546E-14,-3.5527136788E-15));
#6799 = ORIENTED_EDGE('',*,*,#6800,.T.);
#6800 = EDGE_CURVE('',#6791,#6730,#6801,.T.);
#6801 = LINE('',#6802,#6803);
#6802 = CARTESIAN_POINT('',(11.5000000022,2.35,4.1871320354));
#6803 = VECTOR('',#6804,1.);
#6804 = DIRECTION('',(1.538918195E-15,2.56486365833E-16,-1.));
#6805 = ORIENTED_EDGE('',*,*,#6729,.T.);
#6806 = ORIENTED_EDGE('',*,*,#6807,.F.);
#6807 = EDGE_CURVE('',#6808,#6722,#6810,.T.);
#6808 = VERTEX_POINT('',#6809);
#6809 = CARTESIAN_POINT('',(10.5000000022,2.35,7.65000003392));
#6810 = LINE('',#6811,#6812);
#6811 = CARTESIAN_POINT('',(10.5000000013,2.35,4.18713205217));
#6812 = VECTOR('',#6813,1.);
#6813 = DIRECTION('',(-2.6894390732E-10,2.56486364591E-16,-1.));
#6814 = ORIENTED_EDGE('',*,*,#6815,.F.);
#6815 = EDGE_CURVE('',#6793,#6808,#6816,.T.);
#6816 = LINE('',#6817,#6818);
#6817 = CARTESIAN_POINT('',(10.7500000022,2.35,7.65000001716));
#6818 = VECTOR('',#6819,1.);
#6819 = DIRECTION('',(-1.,-1.59872115546E-14,6.70552253723E-08));
#6820 = PLANE('',#6821);
#6821 = AXIS2_PLACEMENT_3D('',#6822,#6823,#6824);
#6822 = CARTESIAN_POINT('',(10.6683375224,2.35,1.50000000002));
#6823 = DIRECTION('',(-1.59042158783E-14,1.,2.64895673526E-16));
#6824 = DIRECTION('',(1.,1.59042158783E-14,1.52186950673E-15));
#6825 = ADVANCED_FACE('',(#6826),#6851,.T.);
#6826 = FACE_BOUND('',#6827,.T.);
#6827 = EDGE_LOOP('',(#6828,#6829,#6837,#6845));
#6828 = ORIENTED_EDGE('',*,*,#6737,.T.);
#6829 = ORIENTED_EDGE('',*,*,#6830,.F.);
#6830 = EDGE_CURVE('',#6831,#6730,#6833,.T.);
#6831 = VERTEX_POINT('',#6832);
#6832 = CARTESIAN_POINT('',(11.5000000018,1.34999999992,0.724264070862)
  );
#6833 = LINE('',#6834,#6835);
#6834 = CARTESIAN_POINT('',(11.5000000019,1.85000000054,0.724264071076)
  );
#6835 = VECTOR('',#6836,1.);
#6836 = DIRECTION('',(1.77838188399E-10,1.,4.29375645617E-10));
#6837 = ORIENTED_EDGE('',*,*,#6838,.F.);
#6838 = EDGE_CURVE('',#6839,#6831,#6841,.T.);
#6839 = VERTEX_POINT('',#6840);
#6840 = CARTESIAN_POINT('',(11.2000000015,1.65000000153,
    3.65608134045E-11));
#6841 = LINE('',#6842,#6843);
#6842 = CARTESIAN_POINT('',(11.3500000017,1.50000000072,0.362132035449)
  );
#6843 = VECTOR('',#6844,1.);
#6844 = DIRECTION('',(0.35740674367,-0.357406745184,0.862856209386));
#6845 = ORIENTED_EDGE('',*,*,#6846,.F.);
#6846 = EDGE_CURVE('',#6738,#6839,#6847,.T.);
#6847 = LINE('',#6848,#6849);
#6848 = CARTESIAN_POINT('',(11.2000000016,1.85000000088,3.6627850579E-10
    ));
#6849 = VECTOR('',#6850,1.);
#6850 = DIRECTION('',(-6.82849334836E-10,-1.,-1.64858850194E-09));
#6851 = PLANE('',#6852);
#6852 = AXIS2_PLACEMENT_3D('',#6853,#6854,#6855);
#6853 = CARTESIAN_POINT('',(11.3500000015,1.85,0.362132035018));
#6854 = DIRECTION('',(0.923879532752,1.52794443764E-14,-0.382683431784)
  );
#6855 = DIRECTION('',(0.366994526493,0.283396205999,0.886003164752));
#6856 = ADVANCED_FACE('',(#6857),#6868,.T.);
#6857 = FACE_BOUND('',#6858,.T.);
#6858 = EDGE_LOOP('',(#6859,#6860,#6861,#6867));
#6859 = ORIENTED_EDGE('',*,*,#6745,.T.);
#6860 = ORIENTED_EDGE('',*,*,#6846,.T.);
#6861 = ORIENTED_EDGE('',*,*,#6862,.T.);
#6862 = EDGE_CURVE('',#6839,#6760,#6863,.T.);
#6863 = LINE('',#6864,#6865);
#6864 = CARTESIAN_POINT('',(11.0000000015,1.65000000075,
    1.79037191108E-11));
#6865 = VECTOR('',#6866,1.);
#6866 = DIRECTION('',(-1.,-1.66533454314E-14,-1.52186950674E-15));
#6867 = ORIENTED_EDGE('',*,*,#6759,.T.);
#6868 = PLANE('',#6869);
#6869 = AXIS2_PLACEMENT_3D('',#6870,#6871,#6872);
#6870 = CARTESIAN_POINT('',(11.0000000015,1.85,1.79037512732E-11));
#6871 = DIRECTION('',(1.52186950673E-15,1.60812264967E-16,-1.));
#6872 = DIRECTION('',(1.65278489679E-14,-1.,-1.60812264967E-16));
#6873 = ADVANCED_FACE('',(#6874),#6885,.T.);
#6874 = FACE_BOUND('',#6875,.T.);
#6875 = EDGE_LOOP('',(#6876,#6877,#6883,#6884));
#6876 = ORIENTED_EDGE('',*,*,#6838,.T.);
#6877 = ORIENTED_EDGE('',*,*,#6878,.F.);
#6878 = EDGE_CURVE('',#6768,#6831,#6879,.T.);
#6879 = LINE('',#6880,#6881);
#6880 = CARTESIAN_POINT('',(11.000000002,1.34999999956,0.724264071076));
#6881 = VECTOR('',#6882,1.);
#6882 = DIRECTION('',(1.,-1.76960890166E-10,4.27261447913E-10));
#6883 = ORIENTED_EDGE('',*,*,#6767,.T.);
#6884 = ORIENTED_EDGE('',*,*,#6862,.F.);
#6885 = PLANE('',#6886);
#6886 = AXIS2_PLACEMENT_3D('',#6887,#6888,#6889);
#6887 = CARTESIAN_POINT('',(11.0000000015,1.5,0.362132035018));
#6888 = DIRECTION('',(1.52655665886E-14,-0.923879532752,-0.382683431784)
  );
#6889 = DIRECTION('',(0.283396206001,-0.366994526492,0.886003164751));
#6890 = ADVANCED_FACE('',(#6891),#6951,.F.);
#6891 = FACE_BOUND('',#6892,.T.);
#6892 = EDGE_LOOP('',(#6893,#6910,#6911,#6912,#6920,#6929,#6937,#6945));
#6893 = ORIENTED_EDGE('',*,*,#6894,.F.);
#6894 = EDGE_CURVE('',#6808,#6895,#6897,.T.);
#6895 = VERTEX_POINT('',#6896);
#6896 = CARTESIAN_POINT('',(10.5000000015,2.84999999927,8.15000000039));
#6897 = B_SPLINE_CURVE_WITH_KNOTS('',5,(#6898,#6899,#6900,#6901,#6902,
    #6903,#6904,#6905,#6906,#6907,#6908,#6909),.UNSPECIFIED.,.F.,.F.,(6,
    3,3,6),(0.,0.445599061526,0.891200718382,1.11399801306),
  .UNSPECIFIED.);
#6898 = CARTESIAN_POINT('',(10.5000000015,2.34999999927,7.65000003392));
#6899 = CARTESIAN_POINT('',(10.5000000015,2.35000000347,7.71276457902));
#6900 = CARTESIAN_POINT('',(10.5000000015,2.35984851273,7.77552776957));
#6901 = CARTESIAN_POINT('',(10.5000000015,2.3795867307,7.83632698447));
#6902 = CARTESIAN_POINT('',(10.5000000015,2.43738437905,7.94948940498));
#6903 = CARTESIAN_POINT('',(10.5000000015,2.5270602873,8.03950702196));
#6904 = CARTESIAN_POINT('',(10.5000000015,2.57874671885,8.07711539056));
#6905 = CARTESIAN_POINT('',(10.5000000015,2.66368070649,8.12033887452));
#6906 = CARTESIAN_POINT('',(10.5000000015,2.75548106852,8.14249300118));
#6907 = CARTESIAN_POINT('',(10.5000000015,2.78723602836,8.14753760225));
#6908 = CARTESIAN_POINT('',(10.5000000015,2.81861804168,8.15000000039));
#6909 = CARTESIAN_POINT('',(10.5000000015,2.84999999927,8.15000000039));
#6910 = ORIENTED_EDGE('',*,*,#6807,.T.);
#6911 = ORIENTED_EDGE('',*,*,#6775,.T.);
#6912 = ORIENTED_EDGE('',*,*,#6913,.T.);
#6913 = EDGE_CURVE('',#6768,#6914,#6916,.T.);
#6914 = VERTEX_POINT('',#6915);
#6915 = CARTESIAN_POINT('',(10.5000000015,1.34999999927,7.65000000039));
#6916 = LINE('',#6917,#6918);
#6917 = CARTESIAN_POINT('',(10.5000000015,1.34999999927,4.1871320354));
#6918 = VECTOR('',#6919,1.);
#6919 = DIRECTION('',(-2.56486365833E-16,-2.56486365833E-16,1.));
#6920 = ORIENTED_EDGE('',*,*,#6921,.F.);
#6921 = EDGE_CURVE('',#6922,#6914,#6924,.T.);
#6922 = VERTEX_POINT('',#6923);
#6923 = CARTESIAN_POINT('',(10.5000000015,2.84999999927,9.15000000039));
#6924 = CIRCLE('',#6925,1.49999999838);
#6925 = AXIS2_PLACEMENT_3D('',#6926,#6927,#6928);
#6926 = CARTESIAN_POINT('',(10.5000000015,2.84999999765,7.65000000201));
#6927 = DIRECTION('',(1.,1.65278489679E-14,3.50931160446E-16));
#6928 = DIRECTION('',(-1.65278489679E-14,1.,0.));
#6929 = ORIENTED_EDGE('',*,*,#6930,.F.);
#6930 = EDGE_CURVE('',#6931,#6922,#6933,.T.);
#6931 = VERTEX_POINT('',#6932);
#6932 = CARTESIAN_POINT('',(10.5000000015,10.8240816292,9.15000000039));
#6933 = LINE('',#6934,#6935);
#6934 = CARTESIAN_POINT('',(10.5000000015,6.83704081421,9.15000000039));
#6935 = VECTOR('',#6936,1.);
#6936 = DIRECTION('',(1.64847078594E-14,-1.,-2.22766322424E-16));
#6937 = ORIENTED_EDGE('',*,*,#6938,.F.);
#6938 = EDGE_CURVE('',#6939,#6931,#6941,.T.);
#6939 = VERTEX_POINT('',#6940);
#6940 = CARTESIAN_POINT('',(10.5000000015,10.8240816292,8.15000000039));
#6941 = LINE('',#6942,#6943);
#6942 = CARTESIAN_POINT('',(10.5000000015,10.8240816292,8.65000000039));
#6943 = VECTOR('',#6944,1.);
#6944 = DIRECTION('',(0.,-1.7763568394E-15,1.));
#6945 = ORIENTED_EDGE('',*,*,#6946,.F.);
#6946 = EDGE_CURVE('',#6895,#6939,#6947,.T.);
#6947 = LINE('',#6948,#6949);
#6948 = CARTESIAN_POINT('',(10.5000000015,6.83704081421,8.15000000039));
#6949 = VECTOR('',#6950,1.);
#6950 = DIRECTION('',(-1.64847078594E-14,1.,2.22766322424E-16));
#6951 = PLANE('',#6952);
#6952 = AXIS2_PLACEMENT_3D('',#6953,#6954,#6955);
#6953 = CARTESIAN_POINT('',(10.5000000015,-2.0932684861,8.03166247906));
#6954 = DIRECTION('',(1.,1.65278489679E-14,3.50931160446E-16));
#6955 = DIRECTION('',(3.50931160446E-16,2.64895673526E-16,-1.));
#6956 = ADVANCED_FACE('',(#6957),#6993,.F.);
#6957 = FACE_BOUND('',#6958,.F.);
#6958 = EDGE_LOOP('',(#6959,#6978,#6985,#6986));
#6959 = ORIENTED_EDGE('',*,*,#6960,.T.);
#6960 = EDGE_CURVE('',#6961,#6963,#6965,.T.);
#6961 = VERTEX_POINT('',#6962);
#6962 = CARTESIAN_POINT('',(11.5000000007,2.84999999927,8.15000000002));
#6963 = VERTEX_POINT('',#6964);
#6964 = CARTESIAN_POINT('',(11.0000000015,2.85,8.15000000002));
#6965 = B_SPLINE_CURVE_WITH_KNOTS('',5,(#6966,#6967,#6968,#6969,#6970,
    #6971,#6972,#6973,#6974,#6975,#6976,#6977),.UNSPECIFIED.,.F.,.F.,(6,
    3,3,6),(1.06799649385,1.0705027753,1.23633401481,1.56799649385),
  .UNSPECIFIED.);
#6966 = CARTESIAN_POINT('',(11.5000000015,2.85,8.15000000002));
#6967 = CARTESIAN_POINT('',(11.4994987452,2.85,8.15000000002));
#6968 = CARTESIAN_POINT('',(11.4989974889,2.85,8.15000000002));
#6969 = CARTESIAN_POINT('',(11.4984962326,2.85,8.15000000002));
#6970 = CARTESIAN_POINT('',(11.4648287284,2.85,8.15000000002));
#6971 = CARTESIAN_POINT('',(11.4311612242,2.85,8.15000000002));
#6972 = CARTESIAN_POINT('',(11.3979949763,2.85,8.15000000002));
#6973 = CARTESIAN_POINT('',(11.2984962326,2.85,8.15000000002));
#6974 = CARTESIAN_POINT('',(11.1989974889,2.85,8.15000000002));
#6975 = CARTESIAN_POINT('',(11.1326649931,2.85,8.15000000002));
#6976 = CARTESIAN_POINT('',(11.0663324973,2.85,8.15000000002));
#6977 = CARTESIAN_POINT('',(11.0000000015,2.85,8.15000000002));
#6978 = ORIENTED_EDGE('',*,*,#6979,.F.);
#6979 = EDGE_CURVE('',#6793,#6963,#6980,.T.);
#6980 = CIRCLE('',#6981,0.5);
#6981 = AXIS2_PLACEMENT_3D('',#6982,#6983,#6984);
#6982 = CARTESIAN_POINT('',(11.0000000015,2.85,7.65000000002));
#6983 = DIRECTION('',(-1.,-1.65278489679E-14,-3.50931160446E-16));
#6984 = DIRECTION('',(1.65278489679E-14,-1.,0.));
#6985 = ORIENTED_EDGE('',*,*,#6790,.F.);
#6986 = ORIENTED_EDGE('',*,*,#6987,.T.);
#6987 = EDGE_CURVE('',#6791,#6961,#6988,.T.);
#6988 = CIRCLE('',#6989,0.5);
#6989 = AXIS2_PLACEMENT_3D('',#6990,#6991,#6992);
#6990 = CARTESIAN_POINT('',(11.5000000015,2.85,7.65000000002));
#6991 = DIRECTION('',(-1.,-1.65278489679E-14,-3.50931160446E-16));
#6992 = DIRECTION('',(1.65278489679E-14,-1.,0.));
#6993 = SURFACE_OF_REVOLUTION('',#6994,#7007);
#6994 = B_SPLINE_CURVE_WITH_KNOTS('',5,(#6995,#6996,#6997,#6998,#6999,
    #7000,#7001,#7002,#7003,#7004,#7005,#7006),.UNSPECIFIED.,.F.,.F.,(6,
    3,3,6),(1.06799649385,1.0705027753,1.23633401481,1.56799649385),
  .UNSPECIFIED.);
#6995 = CARTESIAN_POINT('',(11.5000000015,2.35,7.65000000002));
#6996 = CARTESIAN_POINT('',(11.4994987452,2.35,7.65000000002));
#6997 = CARTESIAN_POINT('',(11.4989974889,2.35,7.65000000002));
#6998 = CARTESIAN_POINT('',(11.4984962326,2.35,7.65000000002));
#6999 = CARTESIAN_POINT('',(11.4648287284,2.35,7.65000000002));
#7000 = CARTESIAN_POINT('',(11.4311612242,2.35,7.65000000002));
#7001 = CARTESIAN_POINT('',(11.3979949763,2.35,7.65000000002));
#7002 = CARTESIAN_POINT('',(11.2984962326,2.35,7.65000000002));
#7003 = CARTESIAN_POINT('',(11.1989974889,2.35,7.65000000002));
#7004 = CARTESIAN_POINT('',(11.1326649931,2.35,7.65000000002));
#7005 = CARTESIAN_POINT('',(11.0663324973,2.35,7.65000000002));
#7006 = CARTESIAN_POINT('',(11.0000000015,2.35,7.65000000002));
#7007 = AXIS1_PLACEMENT('',#7008,#7009);
#7008 = CARTESIAN_POINT('',(11.0000000015,2.85,7.65000000002));
#7009 = DIRECTION('',(-1.,-1.65278489679E-14,-3.50931160446E-16));
#7010 = ADVANCED_FACE('',(#7011),#7098,.F.);
#7011 = FACE_BOUND('',#7012,.T.);
#7012 = EDGE_LOOP('',(#7013,#7021,#7029,#7037,#7048,#7056,#7064,#7072,
    #7080,#7089,#7095,#7096,#7097));
#7013 = ORIENTED_EDGE('',*,*,#7014,.F.);
#7014 = EDGE_CURVE('',#7015,#6961,#7017,.T.);
#7015 = VERTEX_POINT('',#7016);
#7016 = CARTESIAN_POINT('',(11.5000000015,5.31535924376,8.15000000002));
#7017 = LINE('',#7018,#7019);
#7018 = CARTESIAN_POINT('',(11.5000000015,4.08267962152,8.15000000002));
#7019 = VECTOR('',#7020,1.);
#7020 = DIRECTION('',(1.6572111102E-14,-1.,0.));
#7021 = ORIENTED_EDGE('',*,*,#7022,.T.);
#7022 = EDGE_CURVE('',#7015,#7023,#7025,.T.);
#7023 = VERTEX_POINT('',#7024);
#7024 = CARTESIAN_POINT('',(11.5000000015,5.3153586235,8.31820945779));
#7025 = LINE('',#7026,#7027);
#7026 = CARTESIAN_POINT('',(11.5000000015,5.31535893363,8.23410472891));
#7027 = VECTOR('',#7028,1.);
#7028 = DIRECTION('',(0.,-3.687431395361E-06,0.999999999993));
#7029 = ORIENTED_EDGE('',*,*,#7030,.T.);
#7030 = EDGE_CURVE('',#7023,#7031,#7033,.T.);
#7031 = VERTEX_POINT('',#7032);
#7032 = CARTESIAN_POINT('',(11.5000000015,5.31470807792,8.9816625301));
#7033 = LINE('',#7034,#7035);
#7034 = CARTESIAN_POINT('',(11.5000000015,5.31503335071,8.64993599395));
#7035 = VECTOR('',#7036,1.);
#7036 = DIRECTION('',(0.,-9.805445126231E-04,0.999999519266));
#7037 = ORIENTED_EDGE('',*,*,#7038,.T.);
#7038 = EDGE_CURVE('',#7031,#7039,#7041,.T.);
#7039 = VERTEX_POINT('',#7040);
#7040 = CARTESIAN_POINT('',(11.5000000015,5.34999998623,8.98276249843));
#7041 = B_SPLINE_CURVE_WITH_KNOTS('',5,(#7042,#7043,#7044,#7045,#7046,
    #7047),.UNSPECIFIED.,.F.,.F.,(6,6),(0.,4.99345315879E-02),
  .PIECEWISE_BEZIER_KNOTS.);
#7042 = CARTESIAN_POINT('',(11.5000000015,5.31470807792,8.9816625301));
#7043 = CARTESIAN_POINT('',(11.5000000015,5.32176644509,8.98188255061));
#7044 = CARTESIAN_POINT('',(11.5000000015,5.32882482306,8.98210255113));
#7045 = CARTESIAN_POINT('',(11.5000000015,5.3358832085,8.98232253767));
#7046 = CARTESIAN_POINT('',(11.5000000015,5.34294159733,8.9825425181));
#7047 = CARTESIAN_POINT('',(11.5000000015,5.34999998623,8.98276249843));
#7048 = ORIENTED_EDGE('',*,*,#7049,.F.);
#7049 = EDGE_CURVE('',#7050,#7039,#7052,.T.);
#7050 = VERTEX_POINT('',#7051);
#7051 = CARTESIAN_POINT('',(11.5000000015,5.34999999927,8.15000000002));
#7052 = LINE('',#7053,#7054);
#7053 = CARTESIAN_POINT('',(11.5000000015,5.34999999275,8.56638124923));
#7054 = VECTOR('',#7055,1.);
#7055 = DIRECTION('',(0.,-1.56569453568E-08,1.));
#7056 = ORIENTED_EDGE('',*,*,#7057,.F.);
#7057 = EDGE_CURVE('',#7058,#7050,#7060,.T.);
#7058 = VERTEX_POINT('',#7059);
#7059 = CARTESIAN_POINT('',(11.5000000015,10.8240816292,8.15000000002));
#7060 = LINE('',#7061,#7062);
#7061 = CARTESIAN_POINT('',(11.5000000015,8.08704081421,8.15000000002));
#7062 = VECTOR('',#7063,1.);
#7063 = DIRECTION('',(1.65496616482E-14,-1.,-3.24503169573E-16));
#7064 = ORIENTED_EDGE('',*,*,#7065,.T.);
#7065 = EDGE_CURVE('',#7058,#7066,#7068,.T.);
#7066 = VERTEX_POINT('',#7067);
#7067 = CARTESIAN_POINT('',(11.5000000015,10.8240816292,9.15000000002));
#7068 = LINE('',#7069,#7070);
#7069 = CARTESIAN_POINT('',(11.5000000015,10.8240816292,8.65000000002));
#7070 = VECTOR('',#7071,1.);
#7071 = DIRECTION('',(0.,-1.7763568394E-15,1.));
#7072 = ORIENTED_EDGE('',*,*,#7073,.F.);
#7073 = EDGE_CURVE('',#7074,#7066,#7076,.T.);
#7074 = VERTEX_POINT('',#7075);
#7075 = CARTESIAN_POINT('',(11.5000000015,2.84999999927,9.15000000002));
#7076 = LINE('',#7077,#7078);
#7077 = CARTESIAN_POINT('',(11.5000000015,6.83704081421,9.15000000002));
#7078 = VECTOR('',#7079,1.);
#7079 = DIRECTION('',(-1.64847078594E-14,1.,2.22766322424E-16));
#7080 = ORIENTED_EDGE('',*,*,#7081,.F.);
#7081 = EDGE_CURVE('',#7082,#7074,#7084,.T.);
#7082 = VERTEX_POINT('',#7083);
#7083 = CARTESIAN_POINT('',(11.5000000015,1.34999999927,7.65000000002));
#7084 = CIRCLE('',#7085,1.49999999838);
#7085 = AXIS2_PLACEMENT_3D('',#7086,#7087,#7088);
#7086 = CARTESIAN_POINT('',(11.5000000015,2.84999999765,7.65000000164));
#7087 = DIRECTION('',(-1.,-1.65278489679E-14,-3.50931160446E-16));
#7088 = DIRECTION('',(1.65278489679E-14,-1.,0.));
#7089 = ORIENTED_EDGE('',*,*,#7090,.T.);
#7090 = EDGE_CURVE('',#7082,#6831,#7091,.T.);
#7091 = LINE('',#7092,#7093);
#7092 = CARTESIAN_POINT('',(11.5000000015,1.34999999927,4.18713203503));
#7093 = VECTOR('',#7094,1.);
#7094 = DIRECTION('',(2.56486365833E-16,2.56486365833E-16,-1.));
#7095 = ORIENTED_EDGE('',*,*,#6830,.T.);
#7096 = ORIENTED_EDGE('',*,*,#6800,.F.);
#7097 = ORIENTED_EDGE('',*,*,#6987,.T.);
#7098 = PLANE('',#7099);
#7099 = AXIS2_PLACEMENT_3D('',#7100,#7101,#7102);
#7100 = CARTESIAN_POINT('',(11.5000000015,-2.0932684861,7.36833752098));
#7101 = DIRECTION('',(-1.,-1.65278489679E-14,-3.50931160446E-16));
#7102 = DIRECTION('',(-3.50931160446E-16,-2.64895673526E-16,1.));
#7103 = ADVANCED_FACE('',(#7104),#7124,.F.);
#7104 = FACE_BOUND('',#7105,.F.);
#7105 = EDGE_LOOP('',(#7106,#7121,#7122,#7123));
#7106 = ORIENTED_EDGE('',*,*,#7107,.T.);
#7107 = EDGE_CURVE('',#6963,#6895,#7108,.T.);
#7108 = B_SPLINE_CURVE_WITH_KNOTS('',5,(#7109,#7110,#7111,#7112,#7113,
    #7114,#7115,#7116,#7117,#7118,#7119,#7120),.UNSPECIFIED.,.F.,.F.,(6,
    3,3,6),(1.56799649385,1.89965897288,2.0654902124,2.06799649385),
  .UNSPECIFIED.);
#7109 = CARTESIAN_POINT('',(11.0000000015,2.85,8.15000000002));
#7110 = CARTESIAN_POINT('',(10.9336675057,2.85,8.15000000002));
#7111 = CARTESIAN_POINT('',(10.8673350099,2.85,8.15000000002));
#7112 = CARTESIAN_POINT('',(10.8010025141,2.85,8.15000000002));
#7113 = CARTESIAN_POINT('',(10.7015037703,2.85,8.15000000002));
#7114 = CARTESIAN_POINT('',(10.6020050266,2.85,8.15000000002));
#7115 = CARTESIAN_POINT('',(10.5688387787,2.85,8.15000000002));
#7116 = CARTESIAN_POINT('',(10.5351712745,2.85,8.15000000002));
#7117 = CARTESIAN_POINT('',(10.5015037703,2.85,8.15000000002));
#7118 = CARTESIAN_POINT('',(10.5010025141,2.85,8.15000000002));
#7119 = CARTESIAN_POINT('',(10.5005012578,2.85,8.15000000002));
#7120 = CARTESIAN_POINT('',(10.5000000015,2.85,8.15000000002));
#7121 = ORIENTED_EDGE('',*,*,#6894,.F.);
#7122 = ORIENTED_EDGE('',*,*,#6815,.F.);
#7123 = ORIENTED_EDGE('',*,*,#6979,.T.);
#7124 = SURFACE_OF_REVOLUTION('',#7125,#7138);
#7125 = B_SPLINE_CURVE_WITH_KNOTS('',5,(#7126,#7127,#7128,#7129,#7130,
    #7131,#7132,#7133,#7134,#7135,#7136,#7137),.UNSPECIFIED.,.F.,.F.,(6,
    3,3,6),(1.56799649385,1.89965897288,2.0654902124,2.06799649385),
  .UNSPECIFIED.);
#7126 = CARTESIAN_POINT('',(11.0000000015,2.35,7.65000000002));
#7127 = CARTESIAN_POINT('',(10.9336675057,2.35,7.65000000002));
#7128 = CARTESIAN_POINT('',(10.8673350099,2.35,7.65000000002));
#7129 = CARTESIAN_POINT('',(10.8010025141,2.35,7.65000000002));
#7130 = CARTESIAN_POINT('',(10.7015037703,2.35,7.65000000002));
#7131 = CARTESIAN_POINT('',(10.6020050266,2.35,7.65000000002));
#7132 = CARTESIAN_POINT('',(10.5688387787,2.35,7.65000000002));
#7133 = CARTESIAN_POINT('',(10.5351712745,2.35,7.65000000002));
#7134 = CARTESIAN_POINT('',(10.5015037703,2.35,7.65000000002));
#7135 = CARTESIAN_POINT('',(10.5010025141,2.35,7.65000000002));
#7136 = CARTESIAN_POINT('',(10.5005012578,2.35,7.65000000002));
#7137 = CARTESIAN_POINT('',(10.5000000015,2.35,7.65000000002));
#7138 = AXIS1_PLACEMENT('',#7139,#7140);
#7139 = CARTESIAN_POINT('',(11.0000000015,2.85,7.65000000002));
#7140 = DIRECTION('',(-1.,-1.65278489679E-14,-3.50931160446E-16));
#7141 = ADVANCED_FACE('',(#7142),#7161,.T.);
#7142 = FACE_BOUND('',#7143,.T.);
#7143 = EDGE_LOOP('',(#7144,#7152,#7153,#7154,#7155));
#7144 = ORIENTED_EDGE('',*,*,#7145,.F.);
#7145 = EDGE_CURVE('',#6914,#7146,#7148,.T.);
#7146 = VERTEX_POINT('',#7147);
#7147 = CARTESIAN_POINT('',(11.0000000007,1.35,7.65000000039));
#7148 = LINE('',#7149,#7150);
#7149 = CARTESIAN_POINT('',(10.7500000007,1.35,7.65000000039));
#7150 = VECTOR('',#7151,1.);
#7151 = DIRECTION('',(1.,1.59872115546E-14,3.5527136788E-15));
#7152 = ORIENTED_EDGE('',*,*,#6913,.F.);
#7153 = ORIENTED_EDGE('',*,*,#6878,.T.);
#7154 = ORIENTED_EDGE('',*,*,#7090,.F.);
#7155 = ORIENTED_EDGE('',*,*,#7156,.F.);
#7156 = EDGE_CURVE('',#7146,#7082,#7157,.T.);
#7157 = LINE('',#7158,#7159);
#7158 = CARTESIAN_POINT('',(11.2500000007,1.35,7.65000000039));
#7159 = VECTOR('',#7160,1.);
#7160 = DIRECTION('',(1.,1.59872115546E-14,0.));
#7161 = PLANE('',#7162);
#7162 = AXIS2_PLACEMENT_3D('',#7163,#7164,#7165);
#7163 = CARTESIAN_POINT('',(11.3316624805,1.35,1.50000000002));
#7164 = DIRECTION('',(1.59042158783E-14,-1.,-2.64895673526E-16));
#7165 = DIRECTION('',(-1.,-1.59042158783E-14,-1.52186950673E-15));
#7166 = ADVANCED_FACE('',(#7167),#7195,.F.);
#7167 = FACE_BOUND('',#7168,.F.);
#7168 = EDGE_LOOP('',(#7169,#7170,#7171,#7188));
#7169 = ORIENTED_EDGE('',*,*,#7145,.F.);
#7170 = ORIENTED_EDGE('',*,*,#6921,.F.);
#7171 = ORIENTED_EDGE('',*,*,#7172,.T.);
#7172 = EDGE_CURVE('',#6922,#7173,#7175,.T.);
#7173 = VERTEX_POINT('',#7174);
#7174 = CARTESIAN_POINT('',(11.0000000015,2.85,9.15000000002));
#7175 = B_SPLINE_CURVE_WITH_KNOTS('',5,(#7176,#7177,#7178,#7179,#7180,
    #7181,#7182,#7183,#7184,#7185,#7186,#7187),.UNSPECIFIED.,.F.,.F.,(6,
    3,3,6),(2.96765546673,2.97016174818,3.1359929877,3.46765546673),
  .UNSPECIFIED.);
#7176 = CARTESIAN_POINT('',(10.5000000015,2.85,9.15000000002));
#7177 = CARTESIAN_POINT('',(10.5005012578,2.85,9.15000000002));
#7178 = CARTESIAN_POINT('',(10.5010025141,2.85,9.15000000002));
#7179 = CARTESIAN_POINT('',(10.5015037703,2.85,9.15000000002));
#7180 = CARTESIAN_POINT('',(10.5351712745,2.85,9.15000000002));
#7181 = CARTESIAN_POINT('',(10.5688387787,2.85,9.15000000002));
#7182 = CARTESIAN_POINT('',(10.6020050266,2.85,9.15000000002));
#7183 = CARTESIAN_POINT('',(10.7015037703,2.85,9.15000000002));
#7184 = CARTESIAN_POINT('',(10.8010025141,2.85,9.15000000002));
#7185 = CARTESIAN_POINT('',(10.8673350099,2.85,9.15000000002));
#7186 = CARTESIAN_POINT('',(10.9336675057,2.85,9.15000000002));
#7187 = CARTESIAN_POINT('',(11.0000000015,2.85,9.15000000002));
#7188 = ORIENTED_EDGE('',*,*,#7189,.F.);
#7189 = EDGE_CURVE('',#7146,#7173,#7190,.T.);
#7190 = CIRCLE('',#7191,1.5);
#7191 = AXIS2_PLACEMENT_3D('',#7192,#7193,#7194);
#7192 = CARTESIAN_POINT('',(11.0000000015,2.85,7.65000000002));
#7193 = DIRECTION('',(-1.,-1.65278489679E-14,-3.50931160446E-16));
#7194 = DIRECTION('',(1.65278489679E-14,-1.,0.));
#7195 = SURFACE_OF_REVOLUTION('',#7196,#7209);
#7196 = B_SPLINE_CURVE_WITH_KNOTS('',5,(#7197,#7198,#7199,#7200,#7201,
    #7202,#7203,#7204,#7205,#7206,#7207,#7208),.UNSPECIFIED.,.F.,.F.,(6,
    3,3,6),(2.96765546673,2.97016174818,3.1359929877,3.46765546673),
  .UNSPECIFIED.);
#7197 = CARTESIAN_POINT('',(10.5000000015,1.35,7.65000000002));
#7198 = CARTESIAN_POINT('',(10.5005012578,1.35,7.65000000002));
#7199 = CARTESIAN_POINT('',(10.5010025141,1.35,7.65000000002));
#7200 = CARTESIAN_POINT('',(10.5015037703,1.35,7.65000000002));
#7201 = CARTESIAN_POINT('',(10.5351712745,1.35,7.65000000002));
#7202 = CARTESIAN_POINT('',(10.5688387787,1.35,7.65000000002));
#7203 = CARTESIAN_POINT('',(10.6020050266,1.35,7.65000000002));
#7204 = CARTESIAN_POINT('',(10.7015037703,1.35,7.65000000002));
#7205 = CARTESIAN_POINT('',(10.8010025141,1.35,7.65000000002));
#7206 = CARTESIAN_POINT('',(10.8673350099,1.35,7.65000000002));
#7207 = CARTESIAN_POINT('',(10.9336675057,1.35,7.65000000002));
#7208 = CARTESIAN_POINT('',(11.0000000015,1.35,7.65000000002));
#7209 = AXIS1_PLACEMENT('',#7210,#7211);
#7210 = CARTESIAN_POINT('',(11.0000000015,2.85,7.65000000002));
#7211 = DIRECTION('',(-1.,-1.65278489679E-14,-3.50931160446E-16));
#7212 = ADVANCED_FACE('',(#7213),#7230,.T.);
#7213 = FACE_BOUND('',#7214,.T.);
#7214 = EDGE_LOOP('',(#7215,#7221,#7222,#7223,#7229));
#7215 = ORIENTED_EDGE('',*,*,#7216,.F.);
#7216 = EDGE_CURVE('',#6931,#7066,#7217,.T.);
#7217 = LINE('',#7218,#7219);
#7218 = CARTESIAN_POINT('',(11.0000000022,10.8240816292,9.15000000002));
#7219 = VECTOR('',#7220,1.);
#7220 = DIRECTION('',(1.,1.59872115546E-14,1.7763568394E-15));
#7221 = ORIENTED_EDGE('',*,*,#6930,.T.);
#7222 = ORIENTED_EDGE('',*,*,#7172,.T.);
#7223 = ORIENTED_EDGE('',*,*,#7224,.T.);
#7224 = EDGE_CURVE('',#7173,#7074,#7225,.T.);
#7225 = LINE('',#7226,#7227);
#7226 = CARTESIAN_POINT('',(11.2500000022,2.84999999927,9.15000000002));
#7227 = VECTOR('',#7228,1.);
#7228 = DIRECTION('',(1.,1.59872115546E-14,3.5527136788E-15));
#7229 = ORIENTED_EDGE('',*,*,#7073,.T.);
#7230 = PLANE('',#7231);
#7231 = AXIS2_PLACEMENT_3D('',#7232,#7233,#7234);
#7232 = CARTESIAN_POINT('',(10.6683375224,-2.0932684861,9.15000000002));
#7233 = DIRECTION('',(-1.52186950673E-15,-1.60812264967E-16,1.));
#7234 = DIRECTION('',(1.,1.59042158783E-14,1.52186950673E-15));
#7235 = ADVANCED_FACE('',(#7236),#7261,.T.);
#7236 = FACE_BOUND('',#7237,.T.);
#7237 = EDGE_LOOP('',(#7238,#7239,#7247,#7255));
#7238 = ORIENTED_EDGE('',*,*,#6938,.T.);
#7239 = ORIENTED_EDGE('',*,*,#7240,.T.);
#7240 = EDGE_CURVE('',#6931,#7241,#7243,.T.);
#7241 = VERTEX_POINT('',#7242);
#7242 = CARTESIAN_POINT('',(10.8055260174,12.0966890728,8.84447398374));
#7243 = LINE('',#7244,#7245);
#7244 = CARTESIAN_POINT('',(10.6527630094,11.4603853507,8.99723699188));
#7245 = VECTOR('',#7246,1.);
#7246 = DIRECTION('',(0.227333078498,0.9469104196,-0.227333078705));
#7247 = ORIENTED_EDGE('',*,*,#7248,.T.);
#7248 = EDGE_CURVE('',#7241,#7249,#7251,.T.);
#7249 = VERTEX_POINT('',#7250);
#7250 = CARTESIAN_POINT('',(10.8055260174,12.0966890728,8.45552601444));
#7251 = LINE('',#7252,#7253);
#7252 = CARTESIAN_POINT('',(10.8055260174,12.0966890728,8.64999999909));
#7253 = VECTOR('',#7254,1.);
#7254 = DIRECTION('',(0.,0.,-1.));
#7255 = ORIENTED_EDGE('',*,*,#7256,.T.);
#7256 = EDGE_CURVE('',#7249,#6939,#7257,.T.);
#7257 = LINE('',#7258,#7259);
#7258 = CARTESIAN_POINT('',(10.6527630094,11.4603853507,8.30276300723));
#7259 = VECTOR('',#7260,1.);
#7260 = DIRECTION('',(-0.227333078569,-0.946910419898,-0.227333077391));
#7261 = PLANE('',#7262);
#7262 = AXIS2_PLACEMENT_3D('',#7263,#7264,#7265);
#7263 = CARTESIAN_POINT('',(10.8055260174,12.0966890728,8.15000000002));
#7264 = DIRECTION('',(-0.972369920398,0.233445363856,-2.793962376569E-16
    ));
#7265 = DIRECTION('',(-0.233445363856,-0.972369920398,
    -5.116423900248E-16));
#7266 = ADVANCED_FACE('',(#7267),#7287,.T.);
#7267 = FACE_BOUND('',#7268,.T.);
#7268 = EDGE_LOOP('',(#7269,#7270,#7271,#7277,#7278,#7285,#7286));
#7269 = ORIENTED_EDGE('',*,*,#7107,.T.);
#7270 = ORIENTED_EDGE('',*,*,#6946,.T.);
#7271 = ORIENTED_EDGE('',*,*,#7272,.T.);
#7272 = EDGE_CURVE('',#6939,#7058,#7273,.T.);
#7273 = LINE('',#7274,#7275);
#7274 = CARTESIAN_POINT('',(11.0000000007,10.8240816292,8.15000000002));
#7275 = VECTOR('',#7276,1.);
#7276 = DIRECTION('',(1.,1.59872115546E-14,1.7763568394E-15));
#7277 = ORIENTED_EDGE('',*,*,#7057,.T.);
#7278 = ORIENTED_EDGE('',*,*,#7279,.F.);
#7279 = EDGE_CURVE('',#7015,#7050,#7280,.T.);
#7280 = CIRCLE('',#7281,1.83168072694);
#7281 = AXIS2_PLACEMENT_3D('',#7282,#7283,#7284);
#7282 = CARTESIAN_POINT('',(13.3316807277,5.35000020353,8.15000000002));
#7283 = DIRECTION('',(1.52186950673E-15,1.60812264967E-16,-1.));
#7284 = DIRECTION('',(-1.,0.,-1.52186950673E-15));
#7285 = ORIENTED_EDGE('',*,*,#7014,.T.);
#7286 = ORIENTED_EDGE('',*,*,#6960,.T.);
#7287 = PLANE('',#7288);
#7288 = AXIS2_PLACEMENT_3D('',#7289,#7290,#7291);
#7289 = CARTESIAN_POINT('',(11.3316624805,-2.0932684861,8.15000000002));
#7290 = DIRECTION('',(1.52186950673E-15,1.60812264967E-16,-1.));
#7291 = DIRECTION('',(-1.,-1.59042158783E-14,-1.52186950673E-15));
#7292 = ADVANCED_FACE('',(#7293),#7300,.F.);
#7293 = FACE_BOUND('',#7294,.F.);
#7294 = EDGE_LOOP('',(#7295,#7296,#7297,#7298,#7299));
#7295 = ORIENTED_EDGE('',*,*,#7022,.T.);
#7296 = ORIENTED_EDGE('',*,*,#7030,.T.);
#7297 = ORIENTED_EDGE('',*,*,#7038,.T.);
#7298 = ORIENTED_EDGE('',*,*,#7049,.F.);
#7299 = ORIENTED_EDGE('',*,*,#7279,.F.);
#7300 = CYLINDRICAL_SURFACE('',#7301,1.83166247904);
#7301 = AXIS2_PLACEMENT_3D('',#7302,#7303,#7304);
#7302 = CARTESIAN_POINT('',(13.3316624805,5.35,8.65000000002));
#7303 = DIRECTION('',(-1.52186950673E-15,-1.60812264967E-16,1.));
#7304 = DIRECTION('',(-1.,-1.58429835383E-14,-1.52186950673E-15));
#7305 = ADVANCED_FACE('',(#7306),#7331,.F.);
#7306 = FACE_BOUND('',#7307,.T.);
#7307 = EDGE_LOOP('',(#7308,#7316,#7317,#7325));
#7308 = ORIENTED_EDGE('',*,*,#7309,.F.);
#7309 = EDGE_CURVE('',#7066,#7310,#7312,.T.);
#7310 = VERTEX_POINT('',#7311);
#7311 = CARTESIAN_POINT('',(11.1944739856,12.0966890728,8.84447398374));
#7312 = LINE('',#7313,#7314);
#7313 = CARTESIAN_POINT('',(11.3472369936,11.4603853507,8.99723699188));
#7314 = VECTOR('',#7315,1.);
#7315 = DIRECTION('',(-0.227333078498,0.9469104196,-0.227333078705));
#7316 = ORIENTED_EDGE('',*,*,#7065,.F.);
#7317 = ORIENTED_EDGE('',*,*,#7318,.T.);
#7318 = EDGE_CURVE('',#7058,#7319,#7321,.T.);
#7319 = VERTEX_POINT('',#7320);
#7320 = CARTESIAN_POINT('',(11.1944739856,12.0966890728,8.45552601444));
#7321 = LINE('',#7322,#7323);
#7322 = CARTESIAN_POINT('',(11.3472369936,11.4603853507,8.30276300723));
#7323 = VECTOR('',#7324,1.);
#7324 = DIRECTION('',(-0.227333078569,0.946910419898,0.227333077391));
#7325 = ORIENTED_EDGE('',*,*,#7326,.F.);
#7326 = EDGE_CURVE('',#7310,#7319,#7327,.T.);
#7327 = LINE('',#7328,#7329);
#7328 = CARTESIAN_POINT('',(11.1944739856,12.0966890728,8.64999999909));
#7329 = VECTOR('',#7330,1.);
#7330 = DIRECTION('',(0.,0.,-1.));
#7331 = PLANE('',#7332);
#7332 = AXIS2_PLACEMENT_3D('',#7333,#7334,#7335);
#7333 = CARTESIAN_POINT('',(11.1944739856,12.0966890728,8.15000000002));
#7334 = DIRECTION('',(-0.972369920398,-0.233445363856,
    -4.030735714369E-16));
#7335 = DIRECTION('',(0.233445363856,-0.972369920398,1.989043714539E-16)
  );
#7336 = ADVANCED_FACE('',(#7337),#7343,.F.);
#7337 = FACE_BOUND('',#7338,.F.);
#7338 = EDGE_LOOP('',(#7339,#7340,#7341,#7342));
#7339 = ORIENTED_EDGE('',*,*,#7156,.F.);
#7340 = ORIENTED_EDGE('',*,*,#7189,.T.);
#7341 = ORIENTED_EDGE('',*,*,#7224,.T.);
#7342 = ORIENTED_EDGE('',*,*,#7081,.F.);
#7343 = SURFACE_OF_REVOLUTION('',#7344,#7357);
#7344 = B_SPLINE_CURVE_WITH_KNOTS('',5,(#7345,#7346,#7347,#7348,#7349,
    #7350,#7351,#7352,#7353,#7354,#7355,#7356),.UNSPECIFIED.,.F.,.F.,(6,
    3,3,6),(3.46765546673,3.79931794577,3.96514918529,3.96765546673),
  .UNSPECIFIED.);
#7345 = CARTESIAN_POINT('',(11.0000000015,1.35,7.65000000002));
#7346 = CARTESIAN_POINT('',(11.0663324973,1.35,7.65000000002));
#7347 = CARTESIAN_POINT('',(11.1326649931,1.35,7.65000000002));
#7348 = CARTESIAN_POINT('',(11.1989974889,1.35,7.65000000002));
#7349 = CARTESIAN_POINT('',(11.2984962326,1.35,7.65000000002));
#7350 = CARTESIAN_POINT('',(11.3979949763,1.35,7.65000000002));
#7351 = CARTESIAN_POINT('',(11.4311612242,1.35,7.65000000002));
#7352 = CARTESIAN_POINT('',(11.4648287284,1.35,7.65000000002));
#7353 = CARTESIAN_POINT('',(11.4984962326,1.35,7.65000000002));
#7354 = CARTESIAN_POINT('',(11.4989974889,1.35,7.65000000002));
#7355 = CARTESIAN_POINT('',(11.4994987452,1.35,7.65000000002));
#7356 = CARTESIAN_POINT('',(11.5000000015,1.35,7.65000000002));
#7357 = AXIS1_PLACEMENT('',#7358,#7359);
#7358 = CARTESIAN_POINT('',(11.0000000015,2.85,7.65000000002));
#7359 = DIRECTION('',(-1.,-1.65278489679E-14,-3.50931160446E-16));
#7360 = ADVANCED_FACE('',(#7361),#7384,.T.);
#7361 = FACE_BOUND('',#7362,.T.);
#7362 = EDGE_LOOP('',(#7363,#7364,#7382,#7383));
#7363 = ORIENTED_EDGE('',*,*,#7309,.T.);
#7364 = ORIENTED_EDGE('',*,*,#7365,.T.);
#7365 = EDGE_CURVE('',#7310,#7241,#7366,.T.);
#7366 = B_SPLINE_CURVE_WITH_KNOTS('',5,(#7367,#7368,#7369,#7370,#7371,
    #7372,#7373,#7374,#7375,#7376,#7377,#7378,#7379,#7380,#7381),
  .UNSPECIFIED.,.F.,.F.,(6,3,3,3,6),(0.,0.199172406568,0.398298407432,
    0.597115860925,0.760743125974),.UNSPECIFIED.);
#7367 = CARTESIAN_POINT('',(11.1944739852,12.096689073,8.84447398405));
#7368 = CARTESIAN_POINT('',(11.1881606739,12.1229859073,8.8381606727));
#7369 = CARTESIAN_POINT('',(11.1775177158,12.1483065262,8.83208172994));
#7370 = CARTESIAN_POINT('',(11.1609484888,12.1739052478,8.82593602062));
#7371 = CARTESIAN_POINT('',(11.1227104975,12.214209386,8.81625985314));
#7372 = CARTESIAN_POINT('',(11.0726334011,12.2394092091,8.81020991087));
#7373 = CARTESIAN_POINT('',(11.0425993815,12.248157568,8.80810961573));
#7374 = CARTESIAN_POINT('',(10.9865925772,12.2540356885,8.80669840385));
#7375 = CARTESIAN_POINT('',(10.9318704416,12.2410151805,8.80982435125));
#7376 = CARTESIAN_POINT('',(10.9033437962,12.2284885103,8.8128317387));
#7377 = CARTESIAN_POINT('',(10.8613050601,12.1998995072,8.81969535107));
#7378 = CARTESIAN_POINT('',(10.8306029696,12.1602274883,8.82921976014));
#7379 = CARTESIAN_POINT('',(10.8188205584,12.139237915,8.83425891086));
#7380 = CARTESIAN_POINT('',(10.8107126291,12.1182928641,8.83928737268));
#7381 = CARTESIAN_POINT('',(10.8055260178,12.096689073,8.84447398405));
#7382 = ORIENTED_EDGE('',*,*,#7240,.F.);
#7383 = ORIENTED_EDGE('',*,*,#7216,.T.);
#7384 = PLANE('',#7385);
#7385 = AXIS2_PLACEMENT_3D('',#7386,#7387,#7388);
#7386 = CARTESIAN_POINT('',(10.5000000015,12.25,8.80766728694));
#7387 = DIRECTION('',(-5.192585593668E-15,0.233445363856,0.972369920398)
  );
#7388 = DIRECTION('',(1.598925993279E-14,-0.972369920398,0.233445363856)
  );
#7389 = ADVANCED_FACE('',(#7390),#7404,.T.);
#7390 = FACE_BOUND('',#7391,.T.);
#7391 = EDGE_LOOP('',(#7392,#7393,#7394,#7403));
#7392 = ORIENTED_EDGE('',*,*,#7365,.F.);
#7393 = ORIENTED_EDGE('',*,*,#7326,.T.);
#7394 = ORIENTED_EDGE('',*,*,#7395,.T.);
#7395 = EDGE_CURVE('',#7319,#7249,#7396,.T.);
#7396 = B_SPLINE_CURVE_WITH_KNOTS('',5,(#7397,#7398,#7399,#7400,#7401,
    #7402),.UNSPECIFIED.,.F.,.F.,(6,6),(0.,0.833856993065),
  .PIECEWISE_BEZIER_KNOTS.);
#7397 = CARTESIAN_POINT('',(11.1944739856,12.0966890728,8.45552601506));
#7398 = CARTESIAN_POINT('',(11.1699424795,12.1988701493,8.48005752107));
#7399 = CARTESIAN_POINT('',(11.0792645497,12.2904896252,8.50198606477));
#7400 = CARTESIAN_POINT('',(10.9208143115,12.2904147512,8.50179239396));
#7401 = CARTESIAN_POINT('',(10.8300575235,12.1988701492,8.48005752109));
#7402 = CARTESIAN_POINT('',(10.8055260174,12.0966890728,8.45552601506));
#7403 = ORIENTED_EDGE('',*,*,#7248,.F.);
#7404 = CYLINDRICAL_SURFACE('',#7405,0.2);
#7405 = AXIS2_PLACEMENT_3D('',#7406,#7407,#7408);
#7406 = CARTESIAN_POINT('',(11.0000000015,12.05,9.31000000079));
#7407 = DIRECTION('',(1.52186950673E-15,1.60812264967E-16,-1.));
#7408 = DIRECTION('',(-0.972369920398,0.233445363856,-1.442279253407E-15
    ));
#7409 = ADVANCED_FACE('',(#7410),#7416,.F.);
#7410 = FACE_BOUND('',#7411,.T.);
#7411 = EDGE_LOOP('',(#7412,#7413,#7414,#7415));
#7412 = ORIENTED_EDGE('',*,*,#7395,.F.);
#7413 = ORIENTED_EDGE('',*,*,#7318,.F.);
#7414 = ORIENTED_EDGE('',*,*,#7272,.F.);
#7415 = ORIENTED_EDGE('',*,*,#7256,.F.);
#7416 = PLANE('',#7417);
#7417 = AXIS2_PLACEMENT_3D('',#7418,#7419,#7420);
#7418 = CARTESIAN_POINT('',(10.5000000015,12.25,8.4923327131));
#7419 = DIRECTION('',(2.232945331439E-15,-0.233445363856,0.972369920398)
  );
#7420 = DIRECTION('',(1.615310643769E-14,-0.972369920398,-0.233445363856
    ));
#7421 = ( GEOMETRIC_REPRESENTATION_CONTEXT(3) 
GLOBAL_UNCERTAINTY_ASSIGNED_CONTEXT((#7425)) 
GLOBAL_UNIT_ASSIGNED_CONTEXT((#7422,#7423,#7424)) REPRESENTATION_CONTEXT
('Context #1','3D Context with UNIT and UNCERTAINTY') );
#7422 = ( LENGTH_UNIT() NAMED_UNIT(*) SI_UNIT(.MILLI.,.METRE.) );
#7423 = ( NAMED_UNIT(*) PLANE_ANGLE_UNIT() SI_UNIT($,.RADIAN.) );
#7424 = ( NAMED_UNIT(*) SI_UNIT($,.STERADIAN.) SOLID_ANGLE_UNIT() );
#7425 = UNCERTAINTY_MEASURE_WITH_UNIT(LENGTH_MEASURE(1.E-04),#7422,
  'distance_accuracy_value','confusion accuracy');
#7426 = CONTEXT_DEPENDENT_SHAPE_REPRESENTATION(#7427,#7429);
#7427 = ( REPRESENTATION_RELATIONSHIP('','',#6712,#10) 
REPRESENTATION_RELATIONSHIP_WITH_TRANSFORMATION(#7428) 
SHAPE_REPRESENTATION_RELATIONSHIP() );
#7428 = ITEM_DEFINED_TRANSFORMATION('','',#11,#27);
#7429 = PRODUCT_DEFINITION_SHAPE('Placement','Placement of an item',
  #7430);
#7430 = NEXT_ASSEMBLY_USAGE_OCCURRENCE('966','8000078324','',#5,#6707,$
  );
#7431 = PRODUCT_RELATED_PRODUCT_CATEGORY('part',$,(#6709));
#7432 = SHAPE_DEFINITION_REPRESENTATION(#7433,#7439);
#7433 = PRODUCT_DEFINITION_SHAPE('','',#7434);
#7434 = PRODUCT_DEFINITION('design','',#7435,#7438);
#7435 = PRODUCT_DEFINITION_FORMATION('','',#7436);
#7436 = PRODUCT('X-axis','X-axis','',(#7437));
#7437 = PRODUCT_CONTEXT('',#2,'mechanical');
#7438 = PRODUCT_DEFINITION_CONTEXT('part definition',#2,'design');
#7439 = GEOMETRICALLY_BOUNDED_WIREFRAME_SHAPE_REPRESENTATION('',(#11,
    #7440),#7445);
#7440 = GEOMETRIC_CURVE_SET('',(#7441));
#7441 = LINE('',#7442,#7443);
#7442 = CARTESIAN_POINT('',(0.,0.,0.));
#7443 = VECTOR('',#7444,1.);
#7444 = DIRECTION('',(1.,0.,0.));
#7445 = ( GEOMETRIC_REPRESENTATION_CONTEXT(3) 
GLOBAL_UNCERTAINTY_ASSIGNED_CONTEXT((#7449)) 
GLOBAL_UNIT_ASSIGNED_CONTEXT((#7446,#7447,#7448)) REPRESENTATION_CONTEXT
('Context #1','3D Context with UNIT and UNCERTAINTY') );
#7446 = ( LENGTH_UNIT() NAMED_UNIT(*) SI_UNIT(.MILLI.,.METRE.) );
#7447 = ( NAMED_UNIT(*) PLANE_ANGLE_UNIT() SI_UNIT($,.RADIAN.) );
#7448 = ( NAMED_UNIT(*) SI_UNIT($,.STERADIAN.) SOLID_ANGLE_UNIT() );
#7449 = UNCERTAINTY_MEASURE_WITH_UNIT(LENGTH_MEASURE(1.E-07),#7446,
  'distance_accuracy_value','confusion accuracy');
#7450 = CONTEXT_DEPENDENT_SHAPE_REPRESENTATION(#7451,#7453);
#7451 = ( REPRESENTATION_RELATIONSHIP('','',#7439,#10) 
REPRESENTATION_RELATIONSHIP_WITH_TRANSFORMATION(#7452) 
SHAPE_REPRESENTATION_RELATIONSHIP() );
#7452 = ITEM_DEFINED_TRANSFORMATION('','',#11,#31);
#7453 = PRODUCT_DEFINITION_SHAPE('Placement','Placement of an item',
  #7454);
#7454 = NEXT_ASSEMBLY_USAGE_OCCURRENCE('967','X-axis','',#5,#7434,$);
#7455 = PRODUCT_RELATED_PRODUCT_CATEGORY('part',$,(#7436));
#7456 = CONTEXT_DEPENDENT_SHAPE_REPRESENTATION(#7457,#7459);
#7457 = ( REPRESENTATION_RELATIONSHIP('','',#7439,#10) 
REPRESENTATION_RELATIONSHIP_WITH_TRANSFORMATION(#7458) 
SHAPE_REPRESENTATION_RELATIONSHIP() );
#7458 = ITEM_DEFINED_TRANSFORMATION('','',#11,#35);
#7459 = PRODUCT_DEFINITION_SHAPE('Placement','Placement of an item',
  #7460);
#7460 = NEXT_ASSEMBLY_USAGE_OCCURRENCE('968','Y-axis','',#5,#7434,$);
#7461 = CONTEXT_DEPENDENT_SHAPE_REPRESENTATION(#7462,#7464);
#7462 = ( REPRESENTATION_RELATIONSHIP('','',#7439,#10) 
REPRESENTATION_RELATIONSHIP_WITH_TRANSFORMATION(#7463) 
SHAPE_REPRESENTATION_RELATIONSHIP() );
#7463 = ITEM_DEFINED_TRANSFORMATION('','',#11,#39);
#7464 = PRODUCT_DEFINITION_SHAPE('Placement','Placement of an item',
  #7465);
#7465 = NEXT_ASSEMBLY_USAGE_OCCURRENCE('969','Z-axis','',#5,#7434,$);
#7466 = SHAPE_DEFINITION_REPRESENTATION(#7467,#7473);
#7467 = PRODUCT_DEFINITION_SHAPE('','',#7468);
#7468 = PRODUCT_DEFINITION('design','',#7469,#7472);
#7469 = PRODUCT_DEFINITION_FORMATION('','',#7470);
#7470 = PRODUCT('XY-plane','XY-plane','',(#7471));
#7471 = PRODUCT_CONTEXT('',#2,'mechanical');
#7472 = PRODUCT_DEFINITION_CONTEXT('part definition',#2,'design');
#7473 = MANIFOLD_SURFACE_SHAPE_REPRESENTATION('',(#11),#7474);
#7474 = ( GEOMETRIC_REPRESENTATION_CONTEXT(3) 
GLOBAL_UNCERTAINTY_ASSIGNED_CONTEXT((#7478)) 
GLOBAL_UNIT_ASSIGNED_CONTEXT((#7475,#7476,#7477)) REPRESENTATION_CONTEXT
('Context #1','3D Context with UNIT and UNCERTAINTY') );
#7475 = ( LENGTH_UNIT() NAMED_UNIT(*) SI_UNIT(.MILLI.,.METRE.) );
#7476 = ( NAMED_UNIT(*) PLANE_ANGLE_UNIT() SI_UNIT($,.RADIAN.) );
#7477 = ( NAMED_UNIT(*) SI_UNIT($,.STERADIAN.) SOLID_ANGLE_UNIT() );
#7478 = UNCERTAINTY_MEASURE_WITH_UNIT(LENGTH_MEASURE(1.E-07),#7475,
  'distance_accuracy_value','confusion accuracy');
#7479 = CONTEXT_DEPENDENT_SHAPE_REPRESENTATION(#7480,#7482);
#7480 = ( REPRESENTATION_RELATIONSHIP('','',#7473,#10) 
REPRESENTATION_RELATIONSHIP_WITH_TRANSFORMATION(#7481) 
SHAPE_REPRESENTATION_RELATIONSHIP() );
#7481 = ITEM_DEFINED_TRANSFORMATION('','',#11,#43);
#7482 = PRODUCT_DEFINITION_SHAPE('Placement','Placement of an item',
  #7483);
#7483 = NEXT_ASSEMBLY_USAGE_OCCURRENCE('970','XY-plane','',#5,#7468,$);
#7484 = PRODUCT_RELATED_PRODUCT_CATEGORY('part',$,(#7470));
#7485 = CONTEXT_DEPENDENT_SHAPE_REPRESENTATION(#7486,#7488);
#7486 = ( REPRESENTATION_RELATIONSHIP('','',#7473,#10) 
REPRESENTATION_RELATIONSHIP_WITH_TRANSFORMATION(#7487) 
SHAPE_REPRESENTATION_RELATIONSHIP() );
#7487 = ITEM_DEFINED_TRANSFORMATION('','',#11,#47);
#7488 = PRODUCT_DEFINITION_SHAPE('Placement','Placement of an item',
  #7489);
#7489 = NEXT_ASSEMBLY_USAGE_OCCURRENCE('971','XZ-plane','',#5,#7468,$);
#7490 = CONTEXT_DEPENDENT_SHAPE_REPRESENTATION(#7491,#7493);
#7491 = ( REPRESENTATION_RELATIONSHIP('','',#7473,#10) 
REPRESENTATION_RELATIONSHIP_WITH_TRANSFORMATION(#7492) 
SHAPE_REPRESENTATION_RELATIONSHIP() );
#7492 = ITEM_DEFINED_TRANSFORMATION('','',#11,#51);
#7493 = PRODUCT_DEFINITION_SHAPE('Placement','Placement of an item',
  #7494);
#7494 = NEXT_ASSEMBLY_USAGE_OCCURRENCE('972','YZ-plane','',#5,#7468,$);
#7495 = MECHANICAL_DESIGN_GEOMETRIC_PRESENTATION_REPRESENTATION('',(
    #7496),#3953);
#7496 = STYLED_ITEM('color',(#7497),#3245);
#7497 = PRESENTATION_STYLE_ASSIGNMENT((#7498,#7504));
#7498 = SURFACE_STYLE_USAGE(.BOTH.,#7499);
#7499 = SURFACE_SIDE_STYLE('',(#7500));
#7500 = SURFACE_STYLE_FILL_AREA(#7501);
#7501 = FILL_AREA_STYLE('',(#7502));
#7502 = FILL_AREA_STYLE_COLOUR('',#7503);
#7503 = COLOUR_RGB('',0.823529417451,0.823529417451,1.);
#7504 = CURVE_STYLE('',#7505,POSITIVE_LENGTH_MEASURE(0.1),#7506);
#7505 = DRAUGHTING_PRE_DEFINED_CURVE_FONT('continuous');
#7506 = COLOUR_RGB('',9.803921802644E-02,9.803921802644E-02,
  9.803921802644E-02);
#7507 = MECHANICAL_DESIGN_GEOMETRIC_PRESENTATION_REPRESENTATION('',(
    #7508),#3226);
#7508 = STYLED_ITEM('color',(#7509),#69);
#7509 = PRESENTATION_STYLE_ASSIGNMENT((#7510,#7516));
#7510 = SURFACE_STYLE_USAGE(.BOTH.,#7511);
#7511 = SURFACE_SIDE_STYLE('',(#7512));
#7512 = SURFACE_STYLE_FILL_AREA(#7513);
#7513 = FILL_AREA_STYLE('',(#7514));
#7514 = FILL_AREA_STYLE_COLOUR('',#7515);
#7515 = COLOUR_RGB('',0.27450979143,0.235294113866,0.270588215309);
#7516 = CURVE_STYLE('',#7517,POSITIVE_LENGTH_MEASURE(0.1),#7506);
#7517 = DRAUGHTING_PRE_DEFINED_CURVE_FONT('continuous');
#7518 = MECHANICAL_DESIGN_GEOMETRIC_PRESENTATION_REPRESENTATION('',(
    #7519),#7421);
#7519 = STYLED_ITEM('color',(#7520),#6713);
#7520 = PRESENTATION_STYLE_ASSIGNMENT((#7521,#7526));
#7521 = SURFACE_STYLE_USAGE(.BOTH.,#7522);
#7522 = SURFACE_SIDE_STYLE('',(#7523));
#7523 = SURFACE_STYLE_FILL_AREA(#7524);
#7524 = FILL_AREA_STYLE('',(#7525));
#7525 = FILL_AREA_STYLE_COLOUR('',#7503);
#7526 = CURVE_STYLE('',#7527,POSITIVE_LENGTH_MEASURE(0.1),#7506);
#7527 = DRAUGHTING_PRE_DEFINED_CURVE_FONT('continuous');
#7528 = MECHANICAL_DESIGN_GEOMETRIC_PRESENTATION_REPRESENTATION('',(
    #7529),#6694);
#7529 = STYLED_ITEM('color',(#7530),#3972);
#7530 = PRESENTATION_STYLE_ASSIGNMENT((#7531,#7536));
#7531 = SURFACE_STYLE_USAGE(.BOTH.,#7532);
#7532 = SURFACE_SIDE_STYLE('',(#7533));
#7533 = SURFACE_STYLE_FILL_AREA(#7534);
#7534 = FILL_AREA_STYLE('',(#7535));
#7535 = FILL_AREA_STYLE_COLOUR('',#7515);
#7536 = CURVE_STYLE('',#7537,POSITIVE_LENGTH_MEASURE(0.1),#7506);
#7537 = DRAUGHTING_PRE_DEFINED_CURVE_FONT('continuous');
ENDSEC;
END-ISO-10303-21;
