ISO-10303-21;
HEADER;
/* Generated by software containing ST-Developer
 * from STEP Tools, Inc. (www.steptools.com) 
 */

FILE_DESCRIPTION(
/* description */ ('STEP AP214'),
/* implementation_level */ '2;1');

FILE_NAME(
/* name */ 'PTS815SJM250SMTRLFS.step',
/* time_stamp */ '2025-11-30T20:01:47+02:00',
/* author */ (''),
/* organization */ (''),
/* preprocessor_version */ 'ST-DEVELOPER v20.1',
/* originating_system */ 'Autodesk Translation Framework v14.21.0.0',
/* authorisation */ '');

FILE_SCHEMA (('AUTOMOTIVE_DESIGN { 1 0 10303 214 3 1 1 }'));
ENDSEC;

DATA;
#10=MECHANICAL_DESIGN_GEOMETRIC_PRESENTATION_REPRESENTATION('',(#34,#35,
#36,#37,#38,#39,#40,#41,#42,#43,#44,#45,#46,#47,#48,#49,#50,#51,#52,#53,
#54,#55,#56,#57,#58),#6953);
#11=ITEM_DEFINED_TRANSFORMATION($,$,#4264,#4586);
#12=ITEM_DEFINED_TRANSFORMATION($,$,#4315,#4587);
#13=ITEM_DEFINED_TRANSFORMATION($,$,#4401,#4588);
#14=(
REPRESENTATION_RELATIONSHIP($,$,#6970,#6969)
REPRESENTATION_RELATIONSHIP_WITH_TRANSFORMATION(#11)
SHAPE_REPRESENTATION_RELATIONSHIP()
);
#15=(
REPRESENTATION_RELATIONSHIP($,$,#6971,#6969)
REPRESENTATION_RELATIONSHIP_WITH_TRANSFORMATION(#12)
SHAPE_REPRESENTATION_RELATIONSHIP()
);
#16=(
REPRESENTATION_RELATIONSHIP($,$,#6972,#6969)
REPRESENTATION_RELATIONSHIP_WITH_TRANSFORMATION(#13)
SHAPE_REPRESENTATION_RELATIONSHIP()
);
#17=CONTEXT_DEPENDENT_SHAPE_REPRESENTATION(#14,#6966);
#18=CONTEXT_DEPENDENT_SHAPE_REPRESENTATION(#15,#6967);
#19=CONTEXT_DEPENDENT_SHAPE_REPRESENTATION(#16,#6968);
#20=NEXT_ASSEMBLY_USAGE_OCCURRENCE('PTS815SJM250SMTRLFS_PART1:1',
'PTS815SJM250SMTRLFS_PART1:1','PTS815SJM250SMTRLFS_PART1:1',#6974,#6975,
'PTS815SJM250SMTRLFS_PART1:1');
#21=NEXT_ASSEMBLY_USAGE_OCCURRENCE('PTS815SJM250SMTRLFS_PART2:1',
'PTS815SJM250SMTRLFS_PART2:1','PTS815SJM250SMTRLFS_PART2:1',#6974,#6976,
'PTS815SJM250SMTRLFS_PART2:1');
#22=NEXT_ASSEMBLY_USAGE_OCCURRENCE('PTS815SJM250SMTRLFS_PART3:1',
'PTS815SJM250SMTRLFS_PART3:1','PTS815SJM250SMTRLFS_PART3:1',#6974,#6977,
'PTS815SJM250SMTRLFS_PART3:1');
#23=CONICAL_SURFACE('',#4327,0.5335137,0.0876536104);
#24=TOROIDAL_SURFACE('',#4323,0.3176037,0.15);
#25=SHAPE_REPRESENTATION_RELATIONSHIP('SRR','None',#6970,#28);
#26=SHAPE_REPRESENTATION_RELATIONSHIP('SRR','None',#6971,#29);
#27=SHAPE_REPRESENTATION_RELATIONSHIP('SRR','None',#6972,#30);
#28=ADVANCED_BREP_SHAPE_REPRESENTATION('',(#31),#6950);
#29=ADVANCED_BREP_SHAPE_REPRESENTATION('',(#32),#6951);
#30=ADVANCED_BREP_SHAPE_REPRESENTATION('',(#33),#6952);
#31=MANIFOLD_SOLID_BREP('Body1',#4226);
#32=MANIFOLD_SOLID_BREP('Body3',#4227);
#33=MANIFOLD_SOLID_BREP('Body6',#4228);
#34=STYLED_ITEM('',(#6995),#4016);
#35=STYLED_ITEM('',(#6994),#31);
#36=STYLED_ITEM('',(#6995),#4042);
#37=STYLED_ITEM('',(#6996),#32);
#38=STYLED_ITEM('',(#6994),#4089);
#39=STYLED_ITEM('',(#6994),#4090);
#40=STYLED_ITEM('',(#6994),#4091);
#41=STYLED_ITEM('',(#6994),#4093);
#42=STYLED_ITEM('',(#6994),#4095);
#43=STYLED_ITEM('',(#6994),#4150);
#44=STYLED_ITEM('',(#6994),#4151);
#45=STYLED_ITEM('',(#6994),#4152);
#46=STYLED_ITEM('',(#6994),#4154);
#47=STYLED_ITEM('',(#6994),#4156);
#48=STYLED_ITEM('',(#6994),#4161);
#49=STYLED_ITEM('',(#6994),#4162);
#50=STYLED_ITEM('',(#6994),#4164);
#51=STYLED_ITEM('',(#6994),#4165);
#52=STYLED_ITEM('',(#6994),#4166);
#53=STYLED_ITEM('',(#6994),#4174);
#54=STYLED_ITEM('',(#6994),#4175);
#55=STYLED_ITEM('',(#6994),#4176);
#56=STYLED_ITEM('',(#6994),#4177);
#57=STYLED_ITEM('',(#6994),#4178);
#58=STYLED_ITEM('',(#6996),#33);
#59=FACE_BOUND('',#442,.T.);
#60=FACE_BOUND('',#459,.T.);
#61=FACE_BOUND('',#476,.T.);
#62=FACE_BOUND('',#485,.T.);
#63=FACE_BOUND('',#496,.T.);
#64=FACE_BOUND('',#510,.T.);
#65=FACE_BOUND('',#549,.T.);
#66=FACE_BOUND('',#569,.T.);
#67=FACE_BOUND('',#570,.T.);
#68=FACE_BOUND('',#571,.T.);
#69=FACE_BOUND('',#572,.T.);
#70=FACE_BOUND('',#573,.T.);
#71=FACE_BOUND('',#637,.T.);
#72=FACE_BOUND('',#656,.T.);
#73=CIRCLE('',#4267,1.25);
#74=CIRCLE('',#4268,1.25);
#75=CIRCLE('',#4272,0.2);
#76=CIRCLE('',#4273,0.2);
#77=CIRCLE('',#4274,0.2);
#78=CIRCLE('',#4275,0.2);
#79=CIRCLE('',#4276,0.2);
#80=CIRCLE('',#4277,0.2);
#81=CIRCLE('',#4278,0.2);
#82=CIRCLE('',#4279,0.2);
#83=CIRCLE('',#4280,1.25);
#84=CIRCLE('',#4282,0.2);
#85=CIRCLE('',#4284,0.2);
#86=CIRCLE('',#4286,0.2);
#87=CIRCLE('',#4288,0.2);
#88=CIRCLE('',#4297,0.2);
#89=CIRCLE('',#4299,0.2);
#90=CIRCLE('',#4303,0.2);
#91=CIRCLE('',#4304,0.2);
#92=CIRCLE('',#4305,1.25);
#93=CIRCLE('',#4319,1.2);
#94=CIRCLE('',#4320,1.2);
#95=CIRCLE('',#4322,0.3176037);
#96=CIRCLE('',#4324,0.15);
#97=CIRCLE('',#4325,0.467027764326971);
#98=CIRCLE('',#4326,0.467027832431208);
#99=CIRCLE('',#4328,0.600000005730306);
#100=CIRCLE('',#4330,0.3);
#101=CIRCLE('',#4331,0.3);
#102=CIRCLE('',#4332,0.3);
#103=CIRCLE('',#4333,1.2);
#104=CIRCLE('',#4334,0.3);
#105=CIRCLE('',#4336,1.2);
#106=CIRCLE('',#4338,0.3);
#107=CIRCLE('',#4340,0.3);
#108=CIRCLE('',#4342,0.3);
#109=CIRCLE('',#4345,0.3);
#110=CIRCLE('',#4355,0.13);
#111=CIRCLE('',#4356,0.130000000000002);
#112=CIRCLE('',#4358,1.1);
#113=CIRCLE('',#4359,1.1);
#114=CIRCLE('',#4362,0.130000000000002);
#115=CIRCLE('',#4363,0.13);
#116=CIRCLE('',#4364,0.13);
#117=CIRCLE('',#4365,0.13);
#118=CIRCLE('',#4366,0.13);
#119=CIRCLE('',#4367,0.13);
#120=CIRCLE('',#4368,0.13);
#121=CIRCLE('',#4369,1.1);
#122=CIRCLE('',#4372,1.1);
#123=CIRCLE('',#4384,0.13);
#124=CIRCLE('',#4385,0.13);
#125=CIRCLE('',#4386,0.13);
#126=CIRCLE('',#4387,0.13);
#127=CIRCLE('',#4388,0.13);
#128=CIRCLE('',#4389,0.13);
#129=CIRCLE('',#4390,0.13);
#130=CIRCLE('',#4413,0.1);
#131=CIRCLE('',#4430,1.47500000000006);
#132=CIRCLE('',#4431,1.47500000000008);
#133=CIRCLE('',#4433,1.47499999999992);
#134=CIRCLE('',#4434,0.85);
#135=CIRCLE('',#4454,0.15);
#136=CIRCLE('',#4455,0.15);
#137=CIRCLE('',#4456,0.15);
#138=CIRCLE('',#4457,0.15);
#139=CIRCLE('',#4479,0.15);
#140=CIRCLE('',#4484,0.1);
#141=CIRCLE('',#4485,0.1);
#142=CIRCLE('',#4488,0.15);
#143=CIRCLE('',#4497,0.1);
#144=CIRCLE('',#4498,0.1);
#145=CIRCLE('',#4501,0.15);
#146=CIRCLE('',#4510,0.15);
#147=CIRCLE('',#4514,0.1);
#148=CIRCLE('',#4521,0.45);
#149=CIRCLE('',#4523,0.45);
#150=CIRCLE('',#4525,0.85);
#151=CIRCLE('',#4526,0.85);
#152=CIRCLE('',#4528,1.475);
#153=CIRCLE('',#4529,1.47500000000006);
#154=CIRCLE('',#4536,1.475);
#155=CIRCLE('',#4539,1.475);
#156=CIRCLE('',#4549,1.475);
#157=CIRCLE('',#4552,1.475);
#158=CIRCLE('',#4554,1.475);
#159=CIRCLE('',#4558,0.85);
#160=CIRCLE('',#4559,0.85);
#161=CIRCLE('',#4561,0.85);
#162=CIRCLE('',#4562,0.85);
#163=CIRCLE('',#4564,1.475);
#164=CIRCLE('',#4566,1.475);
#165=CIRCLE('',#4569,0.85);
#166=CIRCLE('',#4571,1.475);
#167=CIRCLE('',#4582,1.47500000000007);
#168=CYLINDRICAL_SURFACE('',#4266,1.25);
#169=CYLINDRICAL_SURFACE('',#4281,0.2);
#170=CYLINDRICAL_SURFACE('',#4283,0.2);
#171=CYLINDRICAL_SURFACE('',#4285,0.2);
#172=CYLINDRICAL_SURFACE('',#4287,0.2);
#173=CYLINDRICAL_SURFACE('',#4296,0.2);
#174=CYLINDRICAL_SURFACE('',#4298,0.2);
#175=CYLINDRICAL_SURFACE('',#4307,1.25);
#176=CYLINDRICAL_SURFACE('',#4309,0.2);
#177=CYLINDRICAL_SURFACE('',#4310,0.2);
#178=CYLINDRICAL_SURFACE('',#4318,1.2);
#179=CYLINDRICAL_SURFACE('',#4335,1.2);
#180=CYLINDRICAL_SURFACE('',#4337,0.3);
#181=CYLINDRICAL_SURFACE('',#4339,0.3);
#182=CYLINDRICAL_SURFACE('',#4341,0.3);
#183=CYLINDRICAL_SURFACE('',#4344,0.3);
#184=CYLINDRICAL_SURFACE('',#4354,0.13);
#185=CYLINDRICAL_SURFACE('',#4357,1.1);
#186=CYLINDRICAL_SURFACE('',#4371,1.1);
#187=CYLINDRICAL_SURFACE('',#4393,0.13);
#188=CYLINDRICAL_SURFACE('',#4394,0.13);
#189=CYLINDRICAL_SURFACE('',#4395,0.13);
#190=CYLINDRICAL_SURFACE('',#4396,0.13);
#191=CYLINDRICAL_SURFACE('',#4397,0.13);
#192=CYLINDRICAL_SURFACE('',#4398,0.13);
#193=CYLINDRICAL_SURFACE('',#4399,0.13);
#194=CYLINDRICAL_SURFACE('',#4412,0.1);
#195=CYLINDRICAL_SURFACE('',#4429,1.475);
#196=CYLINDRICAL_SURFACE('',#4480,0.15);
#197=CYLINDRICAL_SURFACE('',#4483,0.1);
#198=CYLINDRICAL_SURFACE('',#4493,0.15);
#199=CYLINDRICAL_SURFACE('',#4496,0.1);
#200=CYLINDRICAL_SURFACE('',#4507,0.15);
#201=CYLINDRICAL_SURFACE('',#4512,0.15);
#202=CYLINDRICAL_SURFACE('',#4513,0.1);
#203=CYLINDRICAL_SURFACE('',#4522,0.45);
#204=CYLINDRICAL_SURFACE('',#4524,0.85);
#205=CYLINDRICAL_SURFACE('',#4527,1.475);
#206=CYLINDRICAL_SURFACE('',#4538,1.475);
#207=CYLINDRICAL_SURFACE('',#4553,1.475);
#208=CYLINDRICAL_SURFACE('',#4557,0.85);
#209=CYLINDRICAL_SURFACE('',#4568,0.85);
#210=CYLINDRICAL_SURFACE('',#4572,1.475);
#211=CYLINDRICAL_SURFACE('',#4577,0.85);
#212=CYLINDRICAL_SURFACE('',#4584,1.475);
#213=FACE_OUTER_BOUND('',#437,.T.);
#214=FACE_OUTER_BOUND('',#438,.T.);
#215=FACE_OUTER_BOUND('',#439,.T.);
#216=FACE_OUTER_BOUND('',#440,.T.);
#217=FACE_OUTER_BOUND('',#441,.T.);
#218=FACE_OUTER_BOUND('',#443,.T.);
#219=FACE_OUTER_BOUND('',#444,.T.);
#220=FACE_OUTER_BOUND('',#445,.T.);
#221=FACE_OUTER_BOUND('',#446,.T.);
#222=FACE_OUTER_BOUND('',#447,.T.);
#223=FACE_OUTER_BOUND('',#448,.T.);
#224=FACE_OUTER_BOUND('',#449,.T.);
#225=FACE_OUTER_BOUND('',#450,.T.);
#226=FACE_OUTER_BOUND('',#451,.T.);
#227=FACE_OUTER_BOUND('',#452,.T.);
#228=FACE_OUTER_BOUND('',#453,.T.);
#229=FACE_OUTER_BOUND('',#454,.T.);
#230=FACE_OUTER_BOUND('',#455,.T.);
#231=FACE_OUTER_BOUND('',#456,.T.);
#232=FACE_OUTER_BOUND('',#457,.T.);
#233=FACE_OUTER_BOUND('',#458,.T.);
#234=FACE_OUTER_BOUND('',#460,.T.);
#235=FACE_OUTER_BOUND('',#461,.T.);
#236=FACE_OUTER_BOUND('',#462,.T.);
#237=FACE_OUTER_BOUND('',#463,.T.);
#238=FACE_OUTER_BOUND('',#464,.T.);
#239=FACE_OUTER_BOUND('',#465,.T.);
#240=FACE_OUTER_BOUND('',#466,.T.);
#241=FACE_OUTER_BOUND('',#467,.T.);
#242=FACE_OUTER_BOUND('',#468,.T.);
#243=FACE_OUTER_BOUND('',#469,.T.);
#244=FACE_OUTER_BOUND('',#470,.T.);
#245=FACE_OUTER_BOUND('',#471,.T.);
#246=FACE_OUTER_BOUND('',#472,.T.);
#247=FACE_OUTER_BOUND('',#473,.T.);
#248=FACE_OUTER_BOUND('',#474,.T.);
#249=FACE_OUTER_BOUND('',#475,.T.);
#250=FACE_OUTER_BOUND('',#477,.T.);
#251=FACE_OUTER_BOUND('',#478,.T.);
#252=FACE_OUTER_BOUND('',#479,.T.);
#253=FACE_OUTER_BOUND('',#480,.T.);
#254=FACE_OUTER_BOUND('',#481,.T.);
#255=FACE_OUTER_BOUND('',#482,.T.);
#256=FACE_OUTER_BOUND('',#483,.T.);
#257=FACE_OUTER_BOUND('',#484,.T.);
#258=FACE_OUTER_BOUND('',#486,.T.);
#259=FACE_OUTER_BOUND('',#487,.T.);
#260=FACE_OUTER_BOUND('',#488,.T.);
#261=FACE_OUTER_BOUND('',#489,.T.);
#262=FACE_OUTER_BOUND('',#490,.T.);
#263=FACE_OUTER_BOUND('',#491,.T.);
#264=FACE_OUTER_BOUND('',#492,.T.);
#265=FACE_OUTER_BOUND('',#493,.T.);
#266=FACE_OUTER_BOUND('',#494,.T.);
#267=FACE_OUTER_BOUND('',#495,.T.);
#268=FACE_OUTER_BOUND('',#497,.T.);
#269=FACE_OUTER_BOUND('',#498,.T.);
#270=FACE_OUTER_BOUND('',#499,.T.);
#271=FACE_OUTER_BOUND('',#500,.T.);
#272=FACE_OUTER_BOUND('',#501,.T.);
#273=FACE_OUTER_BOUND('',#502,.T.);
#274=FACE_OUTER_BOUND('',#503,.T.);
#275=FACE_OUTER_BOUND('',#504,.T.);
#276=FACE_OUTER_BOUND('',#505,.T.);
#277=FACE_OUTER_BOUND('',#506,.T.);
#278=FACE_OUTER_BOUND('',#507,.T.);
#279=FACE_OUTER_BOUND('',#508,.T.);
#280=FACE_OUTER_BOUND('',#509,.T.);
#281=FACE_OUTER_BOUND('',#511,.T.);
#282=FACE_OUTER_BOUND('',#512,.T.);
#283=FACE_OUTER_BOUND('',#513,.T.);
#284=FACE_OUTER_BOUND('',#514,.T.);
#285=FACE_OUTER_BOUND('',#515,.T.);
#286=FACE_OUTER_BOUND('',#516,.T.);
#287=FACE_OUTER_BOUND('',#517,.T.);
#288=FACE_OUTER_BOUND('',#518,.T.);
#289=FACE_OUTER_BOUND('',#519,.T.);
#290=FACE_OUTER_BOUND('',#520,.T.);
#291=FACE_OUTER_BOUND('',#521,.T.);
#292=FACE_OUTER_BOUND('',#522,.T.);
#293=FACE_OUTER_BOUND('',#523,.T.);
#294=FACE_OUTER_BOUND('',#524,.T.);
#295=FACE_OUTER_BOUND('',#525,.T.);
#296=FACE_OUTER_BOUND('',#526,.T.);
#297=FACE_OUTER_BOUND('',#527,.T.);
#298=FACE_OUTER_BOUND('',#528,.T.);
#299=FACE_OUTER_BOUND('',#529,.T.);
#300=FACE_OUTER_BOUND('',#530,.T.);
#301=FACE_OUTER_BOUND('',#531,.T.);
#302=FACE_OUTER_BOUND('',#532,.T.);
#303=FACE_OUTER_BOUND('',#533,.T.);
#304=FACE_OUTER_BOUND('',#534,.T.);
#305=FACE_OUTER_BOUND('',#535,.T.);
#306=FACE_OUTER_BOUND('',#536,.T.);
#307=FACE_OUTER_BOUND('',#537,.T.);
#308=FACE_OUTER_BOUND('',#538,.T.);
#309=FACE_OUTER_BOUND('',#539,.T.);
#310=FACE_OUTER_BOUND('',#540,.T.);
#311=FACE_OUTER_BOUND('',#541,.T.);
#312=FACE_OUTER_BOUND('',#542,.T.);
#313=FACE_OUTER_BOUND('',#543,.T.);
#314=FACE_OUTER_BOUND('',#544,.T.);
#315=FACE_OUTER_BOUND('',#545,.T.);
#316=FACE_OUTER_BOUND('',#546,.T.);
#317=FACE_OUTER_BOUND('',#547,.T.);
#318=FACE_OUTER_BOUND('',#548,.T.);
#319=FACE_OUTER_BOUND('',#550,.T.);
#320=FACE_OUTER_BOUND('',#551,.T.);
#321=FACE_OUTER_BOUND('',#552,.T.);
#322=FACE_OUTER_BOUND('',#553,.T.);
#323=FACE_OUTER_BOUND('',#554,.T.);
#324=FACE_OUTER_BOUND('',#555,.T.);
#325=FACE_OUTER_BOUND('',#556,.T.);
#326=FACE_OUTER_BOUND('',#557,.T.);
#327=FACE_OUTER_BOUND('',#558,.T.);
#328=FACE_OUTER_BOUND('',#559,.T.);
#329=FACE_OUTER_BOUND('',#560,.T.);
#330=FACE_OUTER_BOUND('',#561,.T.);
#331=FACE_OUTER_BOUND('',#562,.T.);
#332=FACE_OUTER_BOUND('',#563,.T.);
#333=FACE_OUTER_BOUND('',#564,.T.);
#334=FACE_OUTER_BOUND('',#565,.T.);
#335=FACE_OUTER_BOUND('',#566,.T.);
#336=FACE_OUTER_BOUND('',#567,.T.);
#337=FACE_OUTER_BOUND('',#568,.T.);
#338=FACE_OUTER_BOUND('',#574,.T.);
#339=FACE_OUTER_BOUND('',#575,.T.);
#340=FACE_OUTER_BOUND('',#576,.T.);
#341=FACE_OUTER_BOUND('',#577,.T.);
#342=FACE_OUTER_BOUND('',#578,.T.);
#343=FACE_OUTER_BOUND('',#579,.T.);
#344=FACE_OUTER_BOUND('',#580,.T.);
#345=FACE_OUTER_BOUND('',#581,.T.);
#346=FACE_OUTER_BOUND('',#582,.T.);
#347=FACE_OUTER_BOUND('',#583,.T.);
#348=FACE_OUTER_BOUND('',#584,.T.);
#349=FACE_OUTER_BOUND('',#585,.T.);
#350=FACE_OUTER_BOUND('',#586,.T.);
#351=FACE_OUTER_BOUND('',#587,.T.);
#352=FACE_OUTER_BOUND('',#588,.T.);
#353=FACE_OUTER_BOUND('',#589,.T.);
#354=FACE_OUTER_BOUND('',#590,.T.);
#355=FACE_OUTER_BOUND('',#591,.T.);
#356=FACE_OUTER_BOUND('',#592,.T.);
#357=FACE_OUTER_BOUND('',#593,.T.);
#358=FACE_OUTER_BOUND('',#594,.T.);
#359=FACE_OUTER_BOUND('',#595,.T.);
#360=FACE_OUTER_BOUND('',#596,.T.);
#361=FACE_OUTER_BOUND('',#597,.T.);
#362=FACE_OUTER_BOUND('',#598,.T.);
#363=FACE_OUTER_BOUND('',#599,.T.);
#364=FACE_OUTER_BOUND('',#600,.T.);
#365=FACE_OUTER_BOUND('',#601,.T.);
#366=FACE_OUTER_BOUND('',#602,.T.);
#367=FACE_OUTER_BOUND('',#603,.T.);
#368=FACE_OUTER_BOUND('',#604,.T.);
#369=FACE_OUTER_BOUND('',#605,.T.);
#370=FACE_OUTER_BOUND('',#606,.T.);
#371=FACE_OUTER_BOUND('',#607,.T.);
#372=FACE_OUTER_BOUND('',#608,.T.);
#373=FACE_OUTER_BOUND('',#609,.T.);
#374=FACE_OUTER_BOUND('',#610,.T.);
#375=FACE_OUTER_BOUND('',#611,.T.);
#376=FACE_OUTER_BOUND('',#612,.T.);
#377=FACE_OUTER_BOUND('',#613,.T.);
#378=FACE_OUTER_BOUND('',#614,.T.);
#379=FACE_OUTER_BOUND('',#615,.T.);
#380=FACE_OUTER_BOUND('',#616,.T.);
#381=FACE_OUTER_BOUND('',#617,.T.);
#382=FACE_OUTER_BOUND('',#618,.T.);
#383=FACE_OUTER_BOUND('',#619,.T.);
#384=FACE_OUTER_BOUND('',#620,.T.);
#385=FACE_OUTER_BOUND('',#621,.T.);
#386=FACE_OUTER_BOUND('',#622,.T.);
#387=FACE_OUTER_BOUND('',#623,.T.);
#388=FACE_OUTER_BOUND('',#624,.T.);
#389=FACE_OUTER_BOUND('',#625,.T.);
#390=FACE_OUTER_BOUND('',#626,.T.);
#391=FACE_OUTER_BOUND('',#627,.T.);
#392=FACE_OUTER_BOUND('',#628,.T.);
#393=FACE_OUTER_BOUND('',#629,.T.);
#394=FACE_OUTER_BOUND('',#630,.T.);
#395=FACE_OUTER_BOUND('',#631,.T.);
#396=FACE_OUTER_BOUND('',#632,.T.);
#397=FACE_OUTER_BOUND('',#633,.T.);
#398=FACE_OUTER_BOUND('',#634,.T.);
#399=FACE_OUTER_BOUND('',#635,.T.);
#400=FACE_OUTER_BOUND('',#636,.T.);
#401=FACE_OUTER_BOUND('',#638,.T.);
#402=FACE_OUTER_BOUND('',#639,.T.);
#403=FACE_OUTER_BOUND('',#640,.T.);
#404=FACE_OUTER_BOUND('',#641,.T.);
#405=FACE_OUTER_BOUND('',#642,.T.);
#406=FACE_OUTER_BOUND('',#643,.T.);
#407=FACE_OUTER_BOUND('',#644,.T.);
#408=FACE_OUTER_BOUND('',#645,.T.);
#409=FACE_OUTER_BOUND('',#646,.T.);
#410=FACE_OUTER_BOUND('',#647,.T.);
#411=FACE_OUTER_BOUND('',#648,.T.);
#412=FACE_OUTER_BOUND('',#649,.T.);
#413=FACE_OUTER_BOUND('',#650,.T.);
#414=FACE_OUTER_BOUND('',#651,.T.);
#415=FACE_OUTER_BOUND('',#652,.T.);
#416=FACE_OUTER_BOUND('',#653,.T.);
#417=FACE_OUTER_BOUND('',#654,.T.);
#418=FACE_OUTER_BOUND('',#655,.T.);
#419=FACE_OUTER_BOUND('',#657,.T.);
#420=FACE_OUTER_BOUND('',#658,.T.);
#421=FACE_OUTER_BOUND('',#659,.T.);
#422=FACE_OUTER_BOUND('',#660,.T.);
#423=FACE_OUTER_BOUND('',#661,.T.);
#424=FACE_OUTER_BOUND('',#662,.T.);
#425=FACE_OUTER_BOUND('',#663,.T.);
#426=FACE_OUTER_BOUND('',#664,.T.);
#427=FACE_OUTER_BOUND('',#665,.T.);
#428=FACE_OUTER_BOUND('',#666,.T.);
#429=FACE_OUTER_BOUND('',#667,.T.);
#430=FACE_OUTER_BOUND('',#668,.T.);
#431=FACE_OUTER_BOUND('',#669,.T.);
#432=FACE_OUTER_BOUND('',#670,.T.);
#433=FACE_OUTER_BOUND('',#671,.T.);
#434=FACE_OUTER_BOUND('',#672,.T.);
#435=FACE_OUTER_BOUND('',#673,.T.);
#436=FACE_OUTER_BOUND('',#674,.T.);
#437=EDGE_LOOP('',(#2643,#2644,#2645,#2646));
#438=EDGE_LOOP('',(#2647,#2648,#2649,#2650));
#439=EDGE_LOOP('',(#2651,#2652,#2653,#2654));
#440=EDGE_LOOP('',(#2655,#2656,#2657,#2658));
#441=EDGE_LOOP('',(#2659,#2660,#2661,#2662,#2663,#2664,#2665,#2666,#2667,
#2668,#2669,#2670,#2671,#2672,#2673,#2674,#2675,#2676,#2677,#2678,#2679,
#2680,#2681,#2682));
#442=EDGE_LOOP('',(#2683,#2684,#2685,#2686));
#443=EDGE_LOOP('',(#2687,#2688,#2689,#2690));
#444=EDGE_LOOP('',(#2691,#2692,#2693,#2694));
#445=EDGE_LOOP('',(#2695,#2696,#2697,#2698));
#446=EDGE_LOOP('',(#2699,#2700,#2701,#2702));
#447=EDGE_LOOP('',(#2703,#2704,#2705,#2706));
#448=EDGE_LOOP('',(#2707,#2708,#2709,#2710));
#449=EDGE_LOOP('',(#2711,#2712,#2713,#2714));
#450=EDGE_LOOP('',(#2715,#2716,#2717,#2718));
#451=EDGE_LOOP('',(#2719,#2720,#2721,#2722));
#452=EDGE_LOOP('',(#2723,#2724,#2725,#2726));
#453=EDGE_LOOP('',(#2727,#2728,#2729,#2730));
#454=EDGE_LOOP('',(#2731,#2732,#2733,#2734));
#455=EDGE_LOOP('',(#2735,#2736,#2737,#2738));
#456=EDGE_LOOP('',(#2739,#2740,#2741,#2742));
#457=EDGE_LOOP('',(#2743,#2744,#2745,#2746));
#458=EDGE_LOOP('',(#2747,#2748,#2749,#2750,#2751,#2752,#2753,#2754,#2755,
#2756,#2757,#2758,#2759,#2760,#2761,#2762,#2763,#2764,#2765,#2766,#2767,
#2768,#2769,#2770));
#459=EDGE_LOOP('',(#2771,#2772,#2773,#2774));
#460=EDGE_LOOP('',(#2775,#2776,#2777,#2778));
#461=EDGE_LOOP('',(#2779,#2780,#2781,#2782));
#462=EDGE_LOOP('',(#2783,#2784,#2785,#2786));
#463=EDGE_LOOP('',(#2787,#2788,#2789,#2790));
#464=EDGE_LOOP('',(#2791,#2792,#2793,#2794));
#465=EDGE_LOOP('',(#2795,#2796,#2797,#2798));
#466=EDGE_LOOP('',(#2799,#2800,#2801,#2802));
#467=EDGE_LOOP('',(#2803,#2804,#2805,#2806));
#468=EDGE_LOOP('',(#2807,#2808,#2809,#2810));
#469=EDGE_LOOP('',(#2811,#2812,#2813,#2814));
#470=EDGE_LOOP('',(#2815,#2816,#2817,#2818));
#471=EDGE_LOOP('',(#2819,#2820,#2821,#2822));
#472=EDGE_LOOP('',(#2823));
#473=EDGE_LOOP('',(#2824,#2825,#2826,#2827,#2828));
#474=EDGE_LOOP('',(#2829,#2830,#2831,#2832,#2833));
#475=EDGE_LOOP('',(#2834,#2835,#2836,#2837,#2838,#2839,#2840,#2841));
#476=EDGE_LOOP('',(#2842));
#477=EDGE_LOOP('',(#2843,#2844,#2845,#2846));
#478=EDGE_LOOP('',(#2847,#2848,#2849,#2850));
#479=EDGE_LOOP('',(#2851,#2852,#2853,#2854));
#480=EDGE_LOOP('',(#2855,#2856,#2857,#2858));
#481=EDGE_LOOP('',(#2859,#2860,#2861,#2862));
#482=EDGE_LOOP('',(#2863,#2864,#2865,#2866));
#483=EDGE_LOOP('',(#2867,#2868,#2869,#2870));
#484=EDGE_LOOP('',(#2871,#2872,#2873,#2874,#2875,#2876,#2877,#2878));
#485=EDGE_LOOP('',(#2879,#2880,#2881,#2882,#2883,#2884,#2885,#2886));
#486=EDGE_LOOP('',(#2887,#2888,#2889,#2890));
#487=EDGE_LOOP('',(#2891,#2892,#2893,#2894));
#488=EDGE_LOOP('',(#2895,#2896,#2897,#2898));
#489=EDGE_LOOP('',(#2899,#2900,#2901,#2902));
#490=EDGE_LOOP('',(#2903,#2904,#2905,#2906));
#491=EDGE_LOOP('',(#2907,#2908,#2909,#2910));
#492=EDGE_LOOP('',(#2911,#2912,#2913,#2914));
#493=EDGE_LOOP('',(#2915,#2916,#2917,#2918));
#494=EDGE_LOOP('',(#2919,#2920,#2921,#2922));
#495=EDGE_LOOP('',(#2923,#2924,#2925,#2926,#2927,#2928,#2929,#2930,#2931,
#2932,#2933,#2934,#2935,#2936,#2937,#2938,#2939,#2940,#2941,#2942));
#496=EDGE_LOOP('',(#2943,#2944,#2945,#2946));
#497=EDGE_LOOP('',(#2947,#2948,#2949,#2950));
#498=EDGE_LOOP('',(#2951,#2952,#2953,#2954));
#499=EDGE_LOOP('',(#2955,#2956,#2957,#2958));
#500=EDGE_LOOP('',(#2959,#2960,#2961,#2962));
#501=EDGE_LOOP('',(#2963,#2964,#2965,#2966));
#502=EDGE_LOOP('',(#2967,#2968,#2969,#2970));
#503=EDGE_LOOP('',(#2971,#2972,#2973,#2974));
#504=EDGE_LOOP('',(#2975,#2976,#2977,#2978));
#505=EDGE_LOOP('',(#2979,#2980,#2981,#2982));
#506=EDGE_LOOP('',(#2983,#2984,#2985,#2986));
#507=EDGE_LOOP('',(#2987,#2988,#2989,#2990));
#508=EDGE_LOOP('',(#2991,#2992,#2993,#2994));
#509=EDGE_LOOP('',(#2995,#2996,#2997,#2998,#2999,#3000,#3001,#3002,#3003,
#3004,#3005,#3006,#3007,#3008,#3009,#3010,#3011,#3012,#3013,#3014));
#510=EDGE_LOOP('',(#3015,#3016,#3017,#3018,#3019,#3020,#3021,#3022));
#511=EDGE_LOOP('',(#3023,#3024,#3025,#3026));
#512=EDGE_LOOP('',(#3027,#3028,#3029,#3030));
#513=EDGE_LOOP('',(#3031,#3032,#3033,#3034));
#514=EDGE_LOOP('',(#3035,#3036,#3037,#3038));
#515=EDGE_LOOP('',(#3039,#3040,#3041,#3042));
#516=EDGE_LOOP('',(#3043,#3044,#3045,#3046));
#517=EDGE_LOOP('',(#3047,#3048,#3049,#3050));
#518=EDGE_LOOP('',(#3051,#3052,#3053,#3054));
#519=EDGE_LOOP('',(#3055,#3056,#3057,#3058));
#520=EDGE_LOOP('',(#3059,#3060,#3061,#3062));
#521=EDGE_LOOP('',(#3063,#3064,#3065,#3066,#3067,#3068));
#522=EDGE_LOOP('',(#3069,#3070,#3071,#3072));
#523=EDGE_LOOP('',(#3073,#3074,#3075,#3076));
#524=EDGE_LOOP('',(#3077,#3078,#3079,#3080));
#525=EDGE_LOOP('',(#3081,#3082,#3083,#3084,#3085,#3086));
#526=EDGE_LOOP('',(#3087,#3088,#3089,#3090,#3091,#3092,#3093,#3094));
#527=EDGE_LOOP('',(#3095,#3096,#3097,#3098));
#528=EDGE_LOOP('',(#3099,#3100,#3101,#3102,#3103,#3104));
#529=EDGE_LOOP('',(#3105,#3106,#3107,#3108,#3109,#3110,#3111,#3112,#3113));
#530=EDGE_LOOP('',(#3114,#3115,#3116,#3117));
#531=EDGE_LOOP('',(#3118,#3119,#3120));
#532=EDGE_LOOP('',(#3121,#3122,#3123,#3124));
#533=EDGE_LOOP('',(#3125,#3126,#3127,#3128));
#534=EDGE_LOOP('',(#3129,#3130,#3131,#3132,#3133));
#535=EDGE_LOOP('',(#3134,#3135,#3136,#3137));
#536=EDGE_LOOP('',(#3138,#3139,#3140));
#537=EDGE_LOOP('',(#3141,#3142,#3143,#3144));
#538=EDGE_LOOP('',(#3145,#3146,#3147,#3148));
#539=EDGE_LOOP('',(#3149,#3150));
#540=EDGE_LOOP('',(#3151,#3152,#3153));
#541=EDGE_LOOP('',(#3154,#3155,#3156,#3157));
#542=EDGE_LOOP('',(#3158,#3159,#3160,#3161));
#543=EDGE_LOOP('',(#3162,#3163,#3164,#3165));
#544=EDGE_LOOP('',(#3166,#3167,#3168,#3169));
#545=EDGE_LOOP('',(#3170,#3171,#3172,#3173));
#546=EDGE_LOOP('',(#3174,#3175,#3176,#3177));
#547=EDGE_LOOP('',(#3178,#3179,#3180,#3181));
#548=EDGE_LOOP('',(#3182,#3183,#3184,#3185,#3186,#3187,#3188,#3189));
#549=EDGE_LOOP('',(#3190,#3191,#3192,#3193));
#550=EDGE_LOOP('',(#3194,#3195,#3196,#3197));
#551=EDGE_LOOP('',(#3198,#3199,#3200,#3201));
#552=EDGE_LOOP('',(#3202,#3203,#3204,#3205));
#553=EDGE_LOOP('',(#3206,#3207,#3208,#3209));
#554=EDGE_LOOP('',(#3210,#3211,#3212,#3213,#3214,#3215));
#555=EDGE_LOOP('',(#3216,#3217,#3218,#3219));
#556=EDGE_LOOP('',(#3220,#3221,#3222,#3223,#3224,#3225));
#557=EDGE_LOOP('',(#3226,#3227,#3228,#3229));
#558=EDGE_LOOP('',(#3230,#3231,#3232,#3233,#3234,#3235,#3236,#3237));
#559=EDGE_LOOP('',(#3238,#3239,#3240,#3241,#3242,#3243));
#560=EDGE_LOOP('',(#3244,#3245,#3246,#3247));
#561=EDGE_LOOP('',(#3248,#3249,#3250,#3251));
#562=EDGE_LOOP('',(#3252,#3253,#3254,#3255));
#563=EDGE_LOOP('',(#3256,#3257,#3258,#3259,#3260,#3261));
#564=EDGE_LOOP('',(#3262,#3263,#3264,#3265));
#565=EDGE_LOOP('',(#3266,#3267,#3268,#3269));
#566=EDGE_LOOP('',(#3270,#3271,#3272,#3273,#3274,#3275));
#567=EDGE_LOOP('',(#3276,#3277,#3278,#3279));
#568=EDGE_LOOP('',(#3280,#3281,#3282,#3283,#3284,#3285,#3286,#3287));
#569=EDGE_LOOP('',(#3288,#3289,#3290,#3291,#3292,#3293));
#570=EDGE_LOOP('',(#3294,#3295,#3296,#3297,#3298,#3299));
#571=EDGE_LOOP('',(#3300,#3301,#3302,#3303,#3304,#3305));
#572=EDGE_LOOP('',(#3306,#3307,#3308,#3309,#3310,#3311));
#573=EDGE_LOOP('',(#3312,#3313,#3314,#3315,#3316,#3317,#3318,#3319));
#574=EDGE_LOOP('',(#3320,#3321,#3322,#3323));
#575=EDGE_LOOP('',(#3324,#3325,#3326,#3327,#3328,#3329,#3330,#3331));
#576=EDGE_LOOP('',(#3332,#3333,#3334,#3335));
#577=EDGE_LOOP('',(#3336,#3337,#3338,#3339,#3340,#3341));
#578=EDGE_LOOP('',(#3342,#3343,#3344,#3345));
#579=EDGE_LOOP('',(#3346,#3347,#3348,#3349,#3350,#3351));
#580=EDGE_LOOP('',(#3352,#3353,#3354,#3355));
#581=EDGE_LOOP('',(#3356,#3357,#3358,#3359));
#582=EDGE_LOOP('',(#3360,#3361,#3362,#3363));
#583=EDGE_LOOP('',(#3364,#3365,#3366,#3367));
#584=EDGE_LOOP('',(#3368,#3369,#3370,#3371));
#585=EDGE_LOOP('',(#3372,#3373,#3374,#3375,#3376,#3377,#3378,#3379));
#586=EDGE_LOOP('',(#3380,#3381,#3382,#3383,#3384,#3385));
#587=EDGE_LOOP('',(#3386,#3387,#3388,#3389));
#588=EDGE_LOOP('',(#3390,#3391,#3392,#3393));
#589=EDGE_LOOP('',(#3394,#3395,#3396,#3397,#3398,#3399));
#590=EDGE_LOOP('',(#3400,#3401,#3402,#3403));
#591=EDGE_LOOP('',(#3404,#3405,#3406,#3407));
#592=EDGE_LOOP('',(#3408,#3409,#3410,#3411));
#593=EDGE_LOOP('',(#3412,#3413,#3414,#3415,#3416,#3417));
#594=EDGE_LOOP('',(#3418,#3419,#3420,#3421));
#595=EDGE_LOOP('',(#3422,#3423,#3424,#3425));
#596=EDGE_LOOP('',(#3426,#3427,#3428,#3429,#3430,#3431,#3432,#3433));
#597=EDGE_LOOP('',(#3434,#3435,#3436,#3437));
#598=EDGE_LOOP('',(#3438,#3439,#3440,#3441));
#599=EDGE_LOOP('',(#3442,#3443,#3444,#3445));
#600=EDGE_LOOP('',(#3446,#3447,#3448,#3449,#3450,#3451));
#601=EDGE_LOOP('',(#3452,#3453,#3454,#3455));
#602=EDGE_LOOP('',(#3456,#3457,#3458,#3459));
#603=EDGE_LOOP('',(#3460,#3461,#3462,#3463));
#604=EDGE_LOOP('',(#3464,#3465,#3466));
#605=EDGE_LOOP('',(#3467,#3468,#3469,#3470));
#606=EDGE_LOOP('',(#3471,#3472,#3473,#3474,#3475,#3476,#3477,#3478,#3479,
#3480,#3481,#3482,#3483,#3484,#3485));
#607=EDGE_LOOP('',(#3486,#3487,#3488,#3489,#3490,#3491,#3492,#3493,#3494,
#3495,#3496,#3497));
#608=EDGE_LOOP('',(#3498,#3499,#3500,#3501));
#609=EDGE_LOOP('',(#3502,#3503,#3504,#3505));
#610=EDGE_LOOP('',(#3506,#3507,#3508,#3509,#3510,#3511,#3512));
#611=EDGE_LOOP('',(#3513,#3514,#3515,#3516,#3517));
#612=EDGE_LOOP('',(#3518,#3519,#3520,#3521,#3522));
#613=EDGE_LOOP('',(#3523,#3524,#3525,#3526));
#614=EDGE_LOOP('',(#3527,#3528,#3529,#3530));
#615=EDGE_LOOP('',(#3531,#3532,#3533));
#616=EDGE_LOOP('',(#3534,#3535,#3536,#3537));
#617=EDGE_LOOP('',(#3538,#3539,#3540,#3541));
#618=EDGE_LOOP('',(#3542,#3543,#3544,#3545,#3546,#3547,#3548));
#619=EDGE_LOOP('',(#3549,#3550,#3551));
#620=EDGE_LOOP('',(#3552,#3553,#3554,#3555));
#621=EDGE_LOOP('',(#3556,#3557,#3558));
#622=EDGE_LOOP('',(#3559,#3560,#3561,#3562));
#623=EDGE_LOOP('',(#3563,#3564,#3565,#3566));
#624=EDGE_LOOP('',(#3567,#3568,#3569,#3570,#3571));
#625=EDGE_LOOP('',(#3572,#3573,#3574));
#626=EDGE_LOOP('',(#3575,#3576,#3577,#3578));
#627=EDGE_LOOP('',(#3579));
#628=EDGE_LOOP('',(#3580,#3581,#3582,#3583));
#629=EDGE_LOOP('',(#3584,#3585,#3586,#3587));
#630=EDGE_LOOP('',(#3588,#3589,#3590,#3591));
#631=EDGE_LOOP('',(#3592,#3593,#3594,#3595));
#632=EDGE_LOOP('',(#3596,#3597,#3598,#3599));
#633=EDGE_LOOP('',(#3600,#3601,#3602));
#634=EDGE_LOOP('',(#3603,#3604,#3605));
#635=EDGE_LOOP('',(#3606,#3607));
#636=EDGE_LOOP('',(#3608,#3609,#3610,#3611,#3612,#3613,#3614,#3615));
#637=EDGE_LOOP('',(#3616,#3617,#3618,#3619));
#638=EDGE_LOOP('',(#3620,#3621,#3622,#3623,#3624,#3625));
#639=EDGE_LOOP('',(#3626,#3627,#3628,#3629));
#640=EDGE_LOOP('',(#3630,#3631,#3632,#3633,#3634,#3635,#3636,#3637,#3638,
#3639));
#641=EDGE_LOOP('',(#3640,#3641,#3642,#3643));
#642=EDGE_LOOP('',(#3644,#3645,#3646,#3647));
#643=EDGE_LOOP('',(#3648,#3649,#3650,#3651));
#644=EDGE_LOOP('',(#3652,#3653,#3654,#3655,#3656,#3657));
#645=EDGE_LOOP('',(#3658,#3659,#3660,#3661));
#646=EDGE_LOOP('',(#3662,#3663,#3664,#3665,#3666,#3667));
#647=EDGE_LOOP('',(#3668,#3669,#3670,#3671,#3672,#3673));
#648=EDGE_LOOP('',(#3674,#3675,#3676));
#649=EDGE_LOOP('',(#3677,#3678,#3679,#3680,#3681,#3682));
#650=EDGE_LOOP('',(#3683,#3684,#3685));
#651=EDGE_LOOP('',(#3686,#3687,#3688,#3689,#3690));
#652=EDGE_LOOP('',(#3691,#3692,#3693,#3694,#3695,#3696));
#653=EDGE_LOOP('',(#3697,#3698,#3699,#3700,#3701,#3702,#3703,#3704,#3705));
#654=EDGE_LOOP('',(#3706,#3707,#3708,#3709));
#655=EDGE_LOOP('',(#3710,#3711,#3712,#3713,#3714,#3715,#3716,#3717,#3718,
#3719,#3720,#3721,#3722,#3723,#3724,#3725,#3726,#3727,#3728,#3729));
#656=EDGE_LOOP('',(#3730));
#657=EDGE_LOOP('',(#3731,#3732,#3733));
#658=EDGE_LOOP('',(#3734,#3735,#3736));
#659=EDGE_LOOP('',(#3737,#3738,#3739,#3740,#3741,#3742,#3743,#3744,#3745));
#660=EDGE_LOOP('',(#3746,#3747,#3748,#3749));
#661=EDGE_LOOP('',(#3750,#3751,#3752,#3753));
#662=EDGE_LOOP('',(#3754,#3755,#3756,#3757,#3758));
#663=EDGE_LOOP('',(#3759,#3760,#3761,#3762,#3763,#3764));
#664=EDGE_LOOP('',(#3765,#3766,#3767,#3768,#3769,#3770));
#665=EDGE_LOOP('',(#3771,#3772,#3773,#3774,#3775,#3776));
#666=EDGE_LOOP('',(#3777,#3778,#3779,#3780,#3781,#3782));
#667=EDGE_LOOP('',(#3783,#3784,#3785,#3786));
#668=EDGE_LOOP('',(#3787,#3788,#3789,#3790,#3791,#3792));
#669=EDGE_LOOP('',(#3793,#3794,#3795,#3796,#3797,#3798));
#670=EDGE_LOOP('',(#3799,#3800,#3801,#3802));
#671=EDGE_LOOP('',(#3803,#3804,#3805,#3806,#3807,#3808,#3809,#3810,#3811,
#3812));
#672=EDGE_LOOP('',(#3813,#3814,#3815,#3816));
#673=EDGE_LOOP('',(#3817,#3818,#3819,#3820));
#674=EDGE_LOOP('',(#3821,#3822,#3823,#3824));
#675=LINE('',#5742,#1171);
#676=LINE('',#5744,#1172);
#677=LINE('',#5746,#1173);
#678=LINE('',#5747,#1174);
#679=LINE('',#5752,#1175);
#680=LINE('',#5757,#1176);
#681=LINE('',#5759,#1177);
#682=LINE('',#5761,#1178);
#683=LINE('',#5762,#1179);
#684=LINE('',#5766,#1180);
#685=LINE('',#5768,#1181);
#686=LINE('',#5770,#1182);
#687=LINE('',#5771,#1183);
#688=LINE('',#5775,#1184);
#689=LINE('',#5777,#1185);
#690=LINE('',#5779,#1186);
#691=LINE('',#5783,#1187);
#692=LINE('',#5787,#1188);
#693=LINE('',#5789,#1189);
#694=LINE('',#5791,#1190);
#695=LINE('',#5795,#1191);
#696=LINE('',#5799,#1192);
#697=LINE('',#5801,#1193);
#698=LINE('',#5803,#1194);
#699=LINE('',#5808,#1195);
#700=LINE('',#5810,#1196);
#701=LINE('',#5812,#1197);
#702=LINE('',#5817,#1198);
#703=LINE('',#5820,#1199);
#704=LINE('',#5824,#1200);
#705=LINE('',#5828,#1201);
#706=LINE('',#5832,#1202);
#707=LINE('',#5836,#1203);
#708=LINE('',#5837,#1204);
#709=LINE('',#5840,#1205);
#710=LINE('',#5841,#1206);
#711=LINE('',#5844,#1207);
#712=LINE('',#5845,#1208);
#713=LINE('',#5848,#1209);
#714=LINE('',#5849,#1210);
#715=LINE('',#5851,#1211);
#716=LINE('',#5854,#1212);
#717=LINE('',#5855,#1213);
#718=LINE('',#5858,#1214);
#719=LINE('',#5860,#1215);
#720=LINE('',#5861,#1216);
#721=LINE('',#5864,#1217);
#722=LINE('',#5868,#1218);
#723=LINE('',#5871,#1219);
#724=LINE('',#5874,#1220);
#725=LINE('',#5875,#1221);
#726=LINE('',#5878,#1222);
#727=LINE('',#5880,#1223);
#728=LINE('',#5884,#1224);
#729=LINE('',#5888,#1225);
#730=LINE('',#5889,#1226);
#731=LINE('',#5892,#1227);
#732=LINE('',#5894,#1228);
#733=LINE('',#5896,#1229);
#734=LINE('',#5898,#1230);
#735=LINE('',#5899,#1231);
#736=LINE('',#5901,#1232);
#737=LINE('',#5903,#1233);
#738=LINE('',#5906,#1234);
#739=LINE('',#5913,#1235);
#740=LINE('',#5915,#1236);
#741=LINE('',#5917,#1237);
#742=LINE('',#5918,#1238);
#743=LINE('',#5921,#1239);
#744=LINE('',#5923,#1240);
#745=LINE('',#5924,#1241);
#746=LINE('',#5930,#1242);
#747=LINE('',#5933,#1243);
#748=LINE('',#5946,#1244);
#749=LINE('',#5950,#1245);
#750=LINE('',#5955,#1246);
#751=LINE('',#5963,#1247);
#752=LINE('',#5966,#1248);
#753=LINE('',#5970,#1249);
#754=LINE('',#5974,#1250);
#755=LINE('',#5978,#1251);
#756=LINE('',#5980,#1252);
#757=LINE('',#5984,#1253);
#758=LINE('',#5986,#1254);
#759=LINE('',#5989,#1255);
#760=LINE('',#5991,#1256);
#761=LINE('',#5993,#1257);
#762=LINE('',#5995,#1258);
#763=LINE('',#5997,#1259);
#764=LINE('',#5998,#1260);
#765=LINE('',#6001,#1261);
#766=LINE('',#6002,#1262);
#767=LINE('',#6005,#1263);
#768=LINE('',#6006,#1264);
#769=LINE('',#6009,#1265);
#770=LINE('',#6010,#1266);
#771=LINE('',#6013,#1267);
#772=LINE('',#6014,#1268);
#773=LINE('',#6017,#1269);
#774=LINE('',#6018,#1270);
#775=LINE('',#6020,#1271);
#776=LINE('',#6026,#1272);
#777=LINE('',#6029,#1273);
#778=LINE('',#6035,#1274);
#779=LINE('',#6038,#1275);
#780=LINE('',#6041,#1276);
#781=LINE('',#6043,#1277);
#782=LINE('',#6044,#1278);
#783=LINE('',#6047,#1279);
#784=LINE('',#6049,#1280);
#785=LINE('',#6051,#1281);
#786=LINE('',#6053,#1282);
#787=LINE('',#6055,#1283);
#788=LINE('',#6059,#1284);
#789=LINE('',#6063,#1285);
#790=LINE('',#6067,#1286);
#791=LINE('',#6071,#1287);
#792=LINE('',#6075,#1288);
#793=LINE('',#6079,#1289);
#794=LINE('',#6082,#1290);
#795=LINE('',#6085,#1291);
#796=LINE('',#6088,#1292);
#797=LINE('',#6089,#1293);
#798=LINE('',#6094,#1294);
#799=LINE('',#6095,#1295);
#800=LINE('',#6099,#1296);
#801=LINE('',#6100,#1297);
#802=LINE('',#6101,#1298);
#803=LINE('',#6105,#1299);
#804=LINE('',#6106,#1300);
#805=LINE('',#6107,#1301);
#806=LINE('',#6111,#1302);
#807=LINE('',#6112,#1303);
#808=LINE('',#6113,#1304);
#809=LINE('',#6117,#1305);
#810=LINE('',#6118,#1306);
#811=LINE('',#6119,#1307);
#812=LINE('',#6122,#1308);
#813=LINE('',#6123,#1309);
#814=LINE('',#6126,#1310);
#815=LINE('',#6128,#1311);
#816=LINE('',#6129,#1312);
#817=LINE('',#6132,#1313);
#818=LINE('',#6134,#1314);
#819=LINE('',#6135,#1315);
#820=LINE('',#6138,#1316);
#821=LINE('',#6140,#1317);
#822=LINE('',#6141,#1318);
#823=LINE('',#6144,#1319);
#824=LINE('',#6145,#1320);
#825=LINE('',#6155,#1321);
#826=LINE('',#6156,#1322);
#827=LINE('',#6158,#1323);
#828=LINE('',#6172,#1324);
#829=LINE('',#6174,#1325);
#830=LINE('',#6176,#1326);
#831=LINE('',#6178,#1327);
#832=LINE('',#6180,#1328);
#833=LINE('',#6181,#1329);
#834=LINE('',#6184,#1330);
#835=LINE('',#6186,#1331);
#836=LINE('',#6187,#1332);
#837=LINE('',#6191,#1333);
#838=LINE('',#6193,#1334);
#839=LINE('',#6195,#1335);
#840=LINE('',#6196,#1336);
#841=LINE('',#6199,#1337);
#842=LINE('',#6201,#1338);
#843=LINE('',#6202,#1339);
#844=LINE('',#6204,#1340);
#845=LINE('',#6205,#1341);
#846=LINE('',#6207,#1342);
#847=LINE('',#6209,#1343);
#848=LINE('',#6211,#1344);
#849=LINE('',#6213,#1345);
#850=LINE('',#6214,#1346);
#851=LINE('',#6218,#1347);
#852=LINE('',#6219,#1348);
#853=LINE('',#6223,#1349);
#854=LINE('',#6225,#1350);
#855=LINE('',#6227,#1351);
#856=LINE('',#6229,#1352);
#857=LINE('',#6231,#1353);
#858=LINE('',#6233,#1354);
#859=LINE('',#6235,#1355);
#860=LINE('',#6237,#1356);
#861=LINE('',#6238,#1357);
#862=LINE('',#6242,#1358);
#863=LINE('',#6244,#1359);
#864=LINE('',#6246,#1360);
#865=LINE('',#6247,#1361);
#866=LINE('',#6251,#1362);
#867=LINE('',#6252,#1363);
#868=LINE('',#6254,#1364);
#869=LINE('',#6255,#1365);
#870=LINE('',#6258,#1366);
#871=LINE('',#6260,#1367);
#872=LINE('',#6261,#1368);
#873=LINE('',#6263,#1369);
#874=LINE('',#6265,#1370);
#875=LINE('',#6269,#1371);
#876=LINE('',#6271,#1372);
#877=LINE('',#6272,#1373);
#878=LINE('',#6274,#1374);
#879=LINE('',#6276,#1375);
#880=LINE('',#6280,#1376);
#881=LINE('',#6282,#1377);
#882=LINE('',#6283,#1378);
#883=LINE('',#6287,#1379);
#884=LINE('',#6289,#1380);
#885=LINE('',#6291,#1381);
#886=LINE('',#6292,#1382);
#887=LINE('',#6296,#1383);
#888=LINE('',#6297,#1384);
#889=LINE('',#6298,#1385);
#890=LINE('',#6301,#1386);
#891=LINE('',#6302,#1387);
#892=LINE('',#6305,#1388);
#893=LINE('',#6306,#1389);
#894=LINE('',#6308,#1390);
#895=LINE('',#6312,#1391);
#896=LINE('',#6314,#1392);
#897=LINE('',#6316,#1393);
#898=LINE('',#6317,#1394);
#899=LINE('',#6322,#1395);
#900=LINE('',#6327,#1396);
#901=LINE('',#6331,#1397);
#902=LINE('',#6332,#1398);
#903=LINE('',#6334,#1399);
#904=LINE('',#6338,#1400);
#905=LINE('',#6339,#1401);
#906=LINE('',#6342,#1402);
#907=LINE('',#6343,#1403);
#908=LINE('',#6346,#1404);
#909=LINE('',#6347,#1405);
#910=LINE('',#6349,#1406);
#911=LINE('',#6353,#1407);
#912=LINE('',#6355,#1408);
#913=LINE('',#6357,#1409);
#914=LINE('',#6359,#1410);
#915=LINE('',#6361,#1411);
#916=LINE('',#6362,#1412);
#917=LINE('',#6365,#1413);
#918=LINE('',#6367,#1414);
#919=LINE('',#6368,#1415);
#920=LINE('',#6372,#1416);
#921=LINE('',#6374,#1417);
#922=LINE('',#6376,#1418);
#923=LINE('',#6378,#1419);
#924=LINE('',#6380,#1420);
#925=LINE('',#6381,#1421);
#926=LINE('',#6385,#1422);
#927=LINE('',#6387,#1423);
#928=LINE('',#6389,#1424);
#929=LINE('',#6390,#1425);
#930=LINE('',#6394,#1426);
#931=LINE('',#6395,#1427);
#932=LINE('',#6396,#1428);
#933=LINE('',#6398,#1429);
#934=LINE('',#6400,#1430);
#935=LINE('',#6401,#1431);
#936=LINE('',#6403,#1432);
#937=LINE('',#6405,#1433);
#938=LINE('',#6407,#1434);
#939=LINE('',#6408,#1435);
#940=LINE('',#6411,#1436);
#941=LINE('',#6414,#1437);
#942=LINE('',#6415,#1438);
#943=LINE('',#6418,#1439);
#944=LINE('',#6419,#1440);
#945=LINE('',#6422,#1441);
#946=LINE('',#6423,#1442);
#947=LINE('',#6426,#1443);
#948=LINE('',#6427,#1444);
#949=LINE('',#6431,#1445);
#950=LINE('',#6433,#1446);
#951=LINE('',#6435,#1447);
#952=LINE('',#6437,#1448);
#953=LINE('',#6439,#1449);
#954=LINE('',#6440,#1450);
#955=LINE('',#6443,#1451);
#956=LINE('',#6445,#1452);
#957=LINE('',#6446,#1453);
#958=LINE('',#6451,#1454);
#959=LINE('',#6455,#1455);
#960=LINE('',#6459,#1456);
#961=LINE('',#6463,#1457);
#962=LINE('',#6465,#1458);
#963=LINE('',#6466,#1459);
#964=LINE('',#6467,#1460);
#965=LINE('',#6468,#1461);
#966=LINE('',#6471,#1462);
#967=LINE('',#6472,#1463);
#968=LINE('',#6474,#1464);
#969=LINE('',#6475,#1465);
#970=LINE('',#6478,#1466);
#971=LINE('',#6480,#1467);
#972=LINE('',#6482,#1468);
#973=LINE('',#6484,#1469);
#974=LINE('',#6486,#1470);
#975=LINE('',#6488,#1471);
#976=LINE('',#6490,#1472);
#977=LINE('',#6491,#1473);
#978=LINE('',#6495,#1474);
#979=LINE('',#6497,#1475);
#980=LINE('',#6499,#1476);
#981=LINE('',#6500,#1477);
#982=LINE('',#6503,#1478);
#983=LINE('',#6504,#1479);
#984=LINE('',#6506,#1480);
#985=LINE('',#6508,#1481);
#986=LINE('',#6510,#1482);
#987=LINE('',#6511,#1483);
#988=LINE('',#6513,#1484);
#989=LINE('',#6516,#1485);
#990=LINE('',#6517,#1486);
#991=LINE('',#6519,#1487);
#992=LINE('',#6521,#1488);
#993=LINE('',#6523,#1489);
#994=LINE('',#6525,#1490);
#995=LINE('',#6531,#1491);
#996=LINE('',#6533,#1492);
#997=LINE('',#6535,#1493);
#998=LINE('',#6536,#1494);
#999=LINE('',#6540,#1495);
#1000=LINE('',#6541,#1496);
#1001=LINE('',#6542,#1497);
#1002=LINE('',#6544,#1498);
#1003=LINE('',#6546,#1499);
#1004=LINE('',#6547,#1500);
#1005=LINE('',#6549,#1501);
#1006=LINE('',#6551,#1502);
#1007=LINE('',#6552,#1503);
#1008=LINE('',#6554,#1504);
#1009=LINE('',#6557,#1505);
#1010=LINE('',#6559,#1506);
#1011=LINE('',#6561,#1507);
#1012=LINE('',#6565,#1508);
#1013=LINE('',#6567,#1509);
#1014=LINE('',#6568,#1510);
#1015=LINE('',#6570,#1511);
#1016=LINE('',#6571,#1512);
#1017=LINE('',#6577,#1513);
#1018=LINE('',#6578,#1514);
#1019=LINE('',#6580,#1515);
#1020=LINE('',#6582,#1516);
#1021=LINE('',#6584,#1517);
#1022=LINE('',#6585,#1518);
#1023=LINE('',#6589,#1519);
#1024=LINE('',#6591,#1520);
#1025=LINE('',#6593,#1521);
#1026=LINE('',#6594,#1522);
#1027=LINE('',#6598,#1523);
#1028=LINE('',#6601,#1524);
#1029=LINE('',#6603,#1525);
#1030=LINE('',#6604,#1526);
#1031=LINE('',#6608,#1527);
#1032=LINE('',#6609,#1528);
#1033=LINE('',#6611,#1529);
#1034=LINE('',#6613,#1530);
#1035=LINE('',#6616,#1531);
#1036=LINE('',#6620,#1532);
#1037=LINE('',#6622,#1533);
#1038=LINE('',#6624,#1534);
#1039=LINE('',#6626,#1535);
#1040=LINE('',#6628,#1536);
#1041=LINE('',#6630,#1537);
#1042=LINE('',#6632,#1538);
#1043=LINE('',#6634,#1539);
#1044=LINE('',#6636,#1540);
#1045=LINE('',#6638,#1541);
#1046=LINE('',#6640,#1542);
#1047=LINE('',#6642,#1543);
#1048=LINE('',#6644,#1544);
#1049=LINE('',#6645,#1545);
#1050=LINE('',#6647,#1546);
#1051=LINE('',#6649,#1547);
#1052=LINE('',#6650,#1548);
#1053=LINE('',#6654,#1549);
#1054=LINE('',#6657,#1550);
#1055=LINE('',#6660,#1551);
#1056=LINE('',#6662,#1552);
#1057=LINE('',#6663,#1553);
#1058=LINE('',#6666,#1554);
#1059=LINE('',#6667,#1555);
#1060=LINE('',#6671,#1556);
#1061=LINE('',#6672,#1557);
#1062=LINE('',#6675,#1558);
#1063=LINE('',#6676,#1559);
#1064=LINE('',#6678,#1560);
#1065=LINE('',#6681,#1561);
#1066=LINE('',#6685,#1562);
#1067=LINE('',#6687,#1563);
#1068=LINE('',#6693,#1564);
#1069=LINE('',#6697,#1565);
#1070=LINE('',#6698,#1566);
#1071=LINE('',#6699,#1567);
#1072=LINE('',#6703,#1568);
#1073=LINE('',#6704,#1569);
#1074=LINE('',#6705,#1570);
#1075=LINE('',#6707,#1571);
#1076=LINE('',#6709,#1572);
#1077=LINE('',#6717,#1573);
#1078=LINE('',#6723,#1574);
#1079=LINE('',#6726,#1575);
#1080=LINE('',#6732,#1576);
#1081=LINE('',#6735,#1577);
#1082=LINE('',#6739,#1578);
#1083=LINE('',#6741,#1579);
#1084=LINE('',#6743,#1580);
#1085=LINE('',#6744,#1581);
#1086=LINE('',#6748,#1582);
#1087=LINE('',#6749,#1583);
#1088=LINE('',#6750,#1584);
#1089=LINE('',#6752,#1585);
#1090=LINE('',#6754,#1586);
#1091=LINE('',#6756,#1587);
#1092=LINE('',#6759,#1588);
#1093=LINE('',#6763,#1589);
#1094=LINE('',#6765,#1590);
#1095=LINE('',#6766,#1591);
#1096=LINE('',#6767,#1592);
#1097=LINE('',#6771,#1593);
#1098=LINE('',#6772,#1594);
#1099=LINE('',#6773,#1595);
#1100=LINE('',#6778,#1596);
#1101=LINE('',#6779,#1597);
#1102=LINE('',#6782,#1598);
#1103=LINE('',#6784,#1599);
#1104=LINE('',#6786,#1600);
#1105=LINE('',#6788,#1601);
#1106=LINE('',#6789,#1602);
#1107=LINE('',#6791,#1603);
#1108=LINE('',#6792,#1604);
#1109=LINE('',#6794,#1605);
#1110=LINE('',#6796,#1606);
#1111=LINE('',#6800,#1607);
#1112=LINE('',#6801,#1608);
#1113=LINE('',#6803,#1609);
#1114=LINE('',#6804,#1610);
#1115=LINE('',#6807,#1611);
#1116=LINE('',#6808,#1612);
#1117=LINE('',#6811,#1613);
#1118=LINE('',#6812,#1614);
#1119=LINE('',#6816,#1615);
#1120=LINE('',#6818,#1616);
#1121=LINE('',#6823,#1617);
#1122=LINE('',#6824,#1618);
#1123=LINE('',#6826,#1619);
#1124=LINE('',#6828,#1620);
#1125=LINE('',#6829,#1621);
#1126=LINE('',#6832,#1622);
#1127=LINE('',#6835,#1623);
#1128=LINE('',#6839,#1624);
#1129=LINE('',#6842,#1625);
#1130=LINE('',#6844,#1626);
#1131=LINE('',#6846,#1627);
#1132=LINE('',#6847,#1628);
#1133=LINE('',#6849,#1629);
#1134=LINE('',#6851,#1630);
#1135=LINE('',#6852,#1631);
#1136=LINE('',#6859,#1632);
#1137=LINE('',#6863,#1633);
#1138=LINE('',#6864,#1634);
#1139=LINE('',#6866,#1635);
#1140=LINE('',#6868,#1636);
#1141=LINE('',#6872,#1637);
#1142=LINE('',#6874,#1638);
#1143=LINE('',#6875,#1639);
#1144=LINE('',#6879,#1640);
#1145=LINE('',#6881,#1641);
#1146=LINE('',#6885,#1642);
#1147=LINE('',#6888,#1643);
#1148=LINE('',#6890,#1644);
#1149=LINE('',#6891,#1645);
#1150=LINE('',#6892,#1646);
#1151=LINE('',#6895,#1647);
#1152=LINE('',#6898,#1648);
#1153=LINE('',#6901,#1649);
#1154=LINE('',#6904,#1650);
#1155=LINE('',#6906,#1651);
#1156=LINE('',#6907,#1652);
#1157=LINE('',#6912,#1653);
#1158=LINE('',#6914,#1654);
#1159=LINE('',#6915,#1655);
#1160=LINE('',#6918,#1656);
#1161=LINE('',#6920,#1657);
#1162=LINE('',#6921,#1658);
#1163=LINE('',#6923,#1659);
#1164=LINE('',#6924,#1660);
#1165=LINE('',#6927,#1661);
#1166=LINE('',#6928,#1662);
#1167=LINE('',#6930,#1663);
#1168=LINE('',#6932,#1664);
#1169=LINE('',#6935,#1665);
#1170=LINE('',#6938,#1666);
#1171=VECTOR('',#4595,1000.);
#1172=VECTOR('',#4596,1000.);
#1173=VECTOR('',#4597,1000.);
#1174=VECTOR('',#4598,1000.);
#1175=VECTOR('',#4603,1000.);
#1176=VECTOR('',#4608,1000.);
#1177=VECTOR('',#4609,1000.);
#1178=VECTOR('',#4610,1000.);
#1179=VECTOR('',#4611,1000.);
#1180=VECTOR('',#4614,1000.);
#1181=VECTOR('',#4615,1000.);
#1182=VECTOR('',#4616,1000.);
#1183=VECTOR('',#4617,1000.);
#1184=VECTOR('',#4620,1000.);
#1185=VECTOR('',#4621,1000.);
#1186=VECTOR('',#4622,1000.);
#1187=VECTOR('',#4625,1000.);
#1188=VECTOR('',#4628,1000.);
#1189=VECTOR('',#4629,1000.);
#1190=VECTOR('',#4630,1000.);
#1191=VECTOR('',#4633,1000.);
#1192=VECTOR('',#4636,1000.);
#1193=VECTOR('',#4637,1000.);
#1194=VECTOR('',#4638,1000.);
#1195=VECTOR('',#4643,1000.);
#1196=VECTOR('',#4644,1000.);
#1197=VECTOR('',#4645,1000.);
#1198=VECTOR('',#4652,1000.);
#1199=VECTOR('',#4655,1000.);
#1200=VECTOR('',#4660,1000.);
#1201=VECTOR('',#4665,1000.);
#1202=VECTOR('',#4670,1000.);
#1203=VECTOR('',#4675,1000.);
#1204=VECTOR('',#4676,1000.);
#1205=VECTOR('',#4679,1000.);
#1206=VECTOR('',#4680,1000.);
#1207=VECTOR('',#4683,1000.);
#1208=VECTOR('',#4684,1000.);
#1209=VECTOR('',#4687,1000.);
#1210=VECTOR('',#4688,1000.);
#1211=VECTOR('',#4691,1000.);
#1212=VECTOR('',#4694,1000.);
#1213=VECTOR('',#4695,1000.);
#1214=VECTOR('',#4698,1000.);
#1215=VECTOR('',#4699,1000.);
#1216=VECTOR('',#4700,1000.);
#1217=VECTOR('',#4703,1000.);
#1218=VECTOR('',#4708,1000.);
#1219=VECTOR('',#4713,1000.);
#1220=VECTOR('',#4716,1000.);
#1221=VECTOR('',#4717,1000.);
#1222=VECTOR('',#4720,1000.);
#1223=VECTOR('',#4721,1000.);
#1224=VECTOR('',#4724,1000.);
#1225=VECTOR('',#4727,1000.);
#1226=VECTOR('',#4728,1000.);
#1227=VECTOR('',#4731,1000.);
#1228=VECTOR('',#4734,1000.);
#1229=VECTOR('',#4737,1000.);
#1230=VECTOR('',#4740,1000.);
#1231=VECTOR('',#4741,1000.);
#1232=VECTOR('',#4744,1000.);
#1233=VECTOR('',#4747,1000.);
#1234=VECTOR('',#4752,1000.);
#1235=VECTOR('',#4761,1000.);
#1236=VECTOR('',#4762,10.);
#1237=VECTOR('',#4763,10.);
#1238=VECTOR('',#4764,10.);
#1239=VECTOR('',#4767,1000.);
#1240=VECTOR('',#4768,1000.);
#1241=VECTOR('',#4769,10.);
#1242=VECTOR('',#4774,10.);
#1243=VECTOR('',#4777,10.);
#1244=VECTOR('',#4794,0.5335137);
#1245=VECTOR('',#4797,10.);
#1246=VECTOR('',#4802,10.);
#1247=VECTOR('',#4811,10.);
#1248=VECTOR('',#4814,10.);
#1249=VECTOR('',#4819,10.);
#1250=VECTOR('',#4824,10.);
#1251=VECTOR('',#4829,10.);
#1252=VECTOR('',#4832,1000.);
#1253=VECTOR('',#4837,10.);
#1254=VECTOR('',#4840,10.);
#1255=VECTOR('',#4843,10.);
#1256=VECTOR('',#4844,10.);
#1257=VECTOR('',#4845,10.);
#1258=VECTOR('',#4846,10.);
#1259=VECTOR('',#4847,10.);
#1260=VECTOR('',#4848,10.);
#1261=VECTOR('',#4851,1000.);
#1262=VECTOR('',#4852,10.);
#1263=VECTOR('',#4855,1000.);
#1264=VECTOR('',#4856,10.);
#1265=VECTOR('',#4859,10.);
#1266=VECTOR('',#4860,10.);
#1267=VECTOR('',#4863,1000.);
#1268=VECTOR('',#4864,1000.);
#1269=VECTOR('',#4867,10.);
#1270=VECTOR('',#4868,1000.);
#1271=VECTOR('',#4871,10.);
#1272=VECTOR('',#4876,10.);
#1273=VECTOR('',#4879,10.);
#1274=VECTOR('',#4884,10.);
#1275=VECTOR('',#4887,10.);
#1276=VECTOR('',#4890,1000.);
#1277=VECTOR('',#4891,10.);
#1278=VECTOR('',#4892,10.);
#1279=VECTOR('',#4895,10.);
#1280=VECTOR('',#4896,10.);
#1281=VECTOR('',#4897,10.);
#1282=VECTOR('',#4898,10.);
#1283=VECTOR('',#4899,10.);
#1284=VECTOR('',#4902,10.);
#1285=VECTOR('',#4905,10.);
#1286=VECTOR('',#4908,10.);
#1287=VECTOR('',#4911,10.);
#1288=VECTOR('',#4914,10.);
#1289=VECTOR('',#4917,10.);
#1290=VECTOR('',#4920,10.);
#1291=VECTOR('',#4923,1000.);
#1292=VECTOR('',#4926,10.);
#1293=VECTOR('',#4927,10.);
#1294=VECTOR('',#4934,10.);
#1295=VECTOR('',#4935,10.);
#1296=VECTOR('',#4938,10.);
#1297=VECTOR('',#4939,10.);
#1298=VECTOR('',#4940,10.);
#1299=VECTOR('',#4943,1000.);
#1300=VECTOR('',#4944,10.);
#1301=VECTOR('',#4945,10.);
#1302=VECTOR('',#4948,10.);
#1303=VECTOR('',#4949,10.);
#1304=VECTOR('',#4950,10.);
#1305=VECTOR('',#4953,10.);
#1306=VECTOR('',#4954,10.);
#1307=VECTOR('',#4955,10.);
#1308=VECTOR('',#4958,10.);
#1309=VECTOR('',#4959,1000.);
#1310=VECTOR('',#4962,10.);
#1311=VECTOR('',#4963,10.);
#1312=VECTOR('',#4964,10.);
#1313=VECTOR('',#4967,10.);
#1314=VECTOR('',#4968,10.);
#1315=VECTOR('',#4969,10.);
#1316=VECTOR('',#4972,10.);
#1317=VECTOR('',#4973,10.);
#1318=VECTOR('',#4974,10.);
#1319=VECTOR('',#4977,10.);
#1320=VECTOR('',#4978,10.);
#1321=VECTOR('',#4995,10.);
#1322=VECTOR('',#4996,10.);
#1323=VECTOR('',#4999,10.);
#1324=VECTOR('',#5022,10.);
#1325=VECTOR('',#5023,10.);
#1326=VECTOR('',#5024,10.);
#1327=VECTOR('',#5025,10.);
#1328=VECTOR('',#5026,10.);
#1329=VECTOR('',#5027,10.);
#1330=VECTOR('',#5030,10.);
#1331=VECTOR('',#5031,10.);
#1332=VECTOR('',#5032,10.);
#1333=VECTOR('',#5035,10.);
#1334=VECTOR('',#5036,10.);
#1335=VECTOR('',#5037,10.);
#1336=VECTOR('',#5038,10.);
#1337=VECTOR('',#5041,10.);
#1338=VECTOR('',#5042,10.);
#1339=VECTOR('',#5043,10.);
#1340=VECTOR('',#5046,10.);
#1341=VECTOR('',#5047,10.);
#1342=VECTOR('',#5050,10.);
#1343=VECTOR('',#5051,10.);
#1344=VECTOR('',#5052,10.);
#1345=VECTOR('',#5053,10.);
#1346=VECTOR('',#5054,10.);
#1347=VECTOR('',#5059,10.);
#1348=VECTOR('',#5060,10.);
#1349=VECTOR('',#5063,10.);
#1350=VECTOR('',#5064,10.);
#1351=VECTOR('',#5065,10.);
#1352=VECTOR('',#5066,10.);
#1353=VECTOR('',#5067,10.);
#1354=VECTOR('',#5068,10.);
#1355=VECTOR('',#5069,10.);
#1356=VECTOR('',#5070,10.);
#1357=VECTOR('',#5071,10.);
#1358=VECTOR('',#5074,10.);
#1359=VECTOR('',#5075,10.);
#1360=VECTOR('',#5076,10.);
#1361=VECTOR('',#5077,1000.);
#1362=VECTOR('',#5082,10.);
#1363=VECTOR('',#5083,10.);
#1364=VECTOR('',#5086,10.);
#1365=VECTOR('',#5087,10.);
#1366=VECTOR('',#5090,10.);
#1367=VECTOR('',#5091,10.);
#1368=VECTOR('',#5092,10.);
#1369=VECTOR('',#5095,1000.);
#1370=VECTOR('',#5098,1000.);
#1371=VECTOR('',#5103,10.);
#1372=VECTOR('',#5104,10.);
#1373=VECTOR('',#5105,10.);
#1374=VECTOR('',#5108,10.);
#1375=VECTOR('',#5111,10.);
#1376=VECTOR('',#5114,10.);
#1377=VECTOR('',#5115,10.);
#1378=VECTOR('',#5116,10.);
#1379=VECTOR('',#5119,10.);
#1380=VECTOR('',#5120,10.);
#1381=VECTOR('',#5121,10.);
#1382=VECTOR('',#5122,10.);
#1383=VECTOR('',#5125,10.);
#1384=VECTOR('',#5126,10.);
#1385=VECTOR('',#5127,10.);
#1386=VECTOR('',#5130,10.);
#1387=VECTOR('',#5131,10.);
#1388=VECTOR('',#5134,10.);
#1389=VECTOR('',#5135,10.);
#1390=VECTOR('',#5138,10.);
#1391=VECTOR('',#5141,10.);
#1392=VECTOR('',#5142,10.);
#1393=VECTOR('',#5143,10.);
#1394=VECTOR('',#5144,10.);
#1395=VECTOR('',#5149,10.);
#1396=VECTOR('',#5154,10.);
#1397=VECTOR('',#5157,10.);
#1398=VECTOR('',#5158,10.);
#1399=VECTOR('',#5159,10.);
#1400=VECTOR('',#5164,10.);
#1401=VECTOR('',#5165,10.);
#1402=VECTOR('',#5168,10.);
#1403=VECTOR('',#5169,10.);
#1404=VECTOR('',#5172,10.);
#1405=VECTOR('',#5173,10.);
#1406=VECTOR('',#5176,10.);
#1407=VECTOR('',#5179,10.);
#1408=VECTOR('',#5180,10.);
#1409=VECTOR('',#5181,10.);
#1410=VECTOR('',#5182,10.);
#1411=VECTOR('',#5183,10.);
#1412=VECTOR('',#5184,10.);
#1413=VECTOR('',#5187,10.);
#1414=VECTOR('',#5188,10.);
#1415=VECTOR('',#5189,10.);
#1416=VECTOR('',#5192,10.);
#1417=VECTOR('',#5193,10.);
#1418=VECTOR('',#5194,1000.);
#1419=VECTOR('',#5195,10.);
#1420=VECTOR('',#5196,10.);
#1421=VECTOR('',#5197,10.);
#1422=VECTOR('',#5200,10.);
#1423=VECTOR('',#5201,10.);
#1424=VECTOR('',#5202,10.);
#1425=VECTOR('',#5203,10.);
#1426=VECTOR('',#5206,1000.);
#1427=VECTOR('',#5207,1000.);
#1428=VECTOR('',#5208,10.);
#1429=VECTOR('',#5209,10.);
#1430=VECTOR('',#5210,1000.);
#1431=VECTOR('',#5211,1000.);
#1432=VECTOR('',#5214,10.);
#1433=VECTOR('',#5215,10.);
#1434=VECTOR('',#5216,10.);
#1435=VECTOR('',#5217,10.);
#1436=VECTOR('',#5222,10.);
#1437=VECTOR('',#5225,10.);
#1438=VECTOR('',#5226,1000.);
#1439=VECTOR('',#5229,10.);
#1440=VECTOR('',#5230,1000.);
#1441=VECTOR('',#5233,10.);
#1442=VECTOR('',#5234,10.);
#1443=VECTOR('',#5237,10.);
#1444=VECTOR('',#5238,10.);
#1445=VECTOR('',#5241,10.);
#1446=VECTOR('',#5242,10.);
#1447=VECTOR('',#5243,10.);
#1448=VECTOR('',#5244,10.);
#1449=VECTOR('',#5245,10.);
#1450=VECTOR('',#5246,10.);
#1451=VECTOR('',#5249,10.);
#1452=VECTOR('',#5250,10.);
#1453=VECTOR('',#5251,10.);
#1454=VECTOR('',#5256,10.);
#1455=VECTOR('',#5259,10.);
#1456=VECTOR('',#5262,10.);
#1457=VECTOR('',#5265,10.);
#1458=VECTOR('',#5266,10.);
#1459=VECTOR('',#5267,10.);
#1460=VECTOR('',#5268,10.);
#1461=VECTOR('',#5269,1000.);
#1462=VECTOR('',#5270,10.);
#1463=VECTOR('',#5271,10.);
#1464=VECTOR('',#5272,10.);
#1465=VECTOR('',#5273,10.);
#1466=VECTOR('',#5274,10.);
#1467=VECTOR('',#5275,10.);
#1468=VECTOR('',#5276,10.);
#1469=VECTOR('',#5277,10.);
#1470=VECTOR('',#5278,10.);
#1471=VECTOR('',#5279,10.);
#1472=VECTOR('',#5280,10.);
#1473=VECTOR('',#5281,10.);
#1474=VECTOR('',#5284,10.);
#1475=VECTOR('',#5285,10.);
#1476=VECTOR('',#5286,10.);
#1477=VECTOR('',#5287,10.);
#1478=VECTOR('',#5290,10.);
#1479=VECTOR('',#5291,10.);
#1480=VECTOR('',#5292,10.);
#1481=VECTOR('',#5293,10.);
#1482=VECTOR('',#5294,10.);
#1483=VECTOR('',#5295,10.);
#1484=VECTOR('',#5298,10.);
#1485=VECTOR('',#5301,10.);
#1486=VECTOR('',#5302,10.);
#1487=VECTOR('',#5305,10.);
#1488=VECTOR('',#5308,10.);
#1489=VECTOR('',#5311,10.);
#1490=VECTOR('',#5314,10.);
#1491=VECTOR('',#5321,10.);
#1492=VECTOR('',#5322,10.);
#1493=VECTOR('',#5323,10.);
#1494=VECTOR('',#5324,10.);
#1495=VECTOR('',#5327,10.);
#1496=VECTOR('',#5328,10.);
#1497=VECTOR('',#5329,10.);
#1498=VECTOR('',#5330,10.);
#1499=VECTOR('',#5331,10.);
#1500=VECTOR('',#5332,10.);
#1501=VECTOR('',#5335,10.);
#1502=VECTOR('',#5336,10.);
#1503=VECTOR('',#5337,10.);
#1504=VECTOR('',#5340,10.);
#1505=VECTOR('',#5345,10.);
#1506=VECTOR('',#5348,10.);
#1507=VECTOR('',#5351,10.);
#1508=VECTOR('',#5356,10.);
#1509=VECTOR('',#5357,10.);
#1510=VECTOR('',#5358,10.);
#1511=VECTOR('',#5359,10.);
#1512=VECTOR('',#5360,10.);
#1513=VECTOR('',#5369,10.);
#1514=VECTOR('',#5370,1000.);
#1515=VECTOR('',#5371,10.);
#1516=VECTOR('',#5372,10.);
#1517=VECTOR('',#5373,10.);
#1518=VECTOR('',#5374,10.);
#1519=VECTOR('',#5377,10.);
#1520=VECTOR('',#5378,10.);
#1521=VECTOR('',#5379,1000.);
#1522=VECTOR('',#5380,10.);
#1523=VECTOR('',#5385,10.);
#1524=VECTOR('',#5388,10.);
#1525=VECTOR('',#5391,10.);
#1526=VECTOR('',#5392,10.);
#1527=VECTOR('',#5397,10.);
#1528=VECTOR('',#5398,10.);
#1529=VECTOR('',#5401,10.);
#1530=VECTOR('',#5404,10.);
#1531=VECTOR('',#5409,10.);
#1532=VECTOR('',#5414,10.);
#1533=VECTOR('',#5415,10.);
#1534=VECTOR('',#5416,10.);
#1535=VECTOR('',#5417,10.);
#1536=VECTOR('',#5418,10.);
#1537=VECTOR('',#5419,10.);
#1538=VECTOR('',#5420,10.);
#1539=VECTOR('',#5421,10.);
#1540=VECTOR('',#5422,10.);
#1541=VECTOR('',#5423,10.);
#1542=VECTOR('',#5424,10.);
#1543=VECTOR('',#5425,10.);
#1544=VECTOR('',#5426,10.);
#1545=VECTOR('',#5427,10.);
#1546=VECTOR('',#5430,10.);
#1547=VECTOR('',#5431,10.);
#1548=VECTOR('',#5432,10.);
#1549=VECTOR('',#5437,10.);
#1550=VECTOR('',#5440,10.);
#1551=VECTOR('',#5443,10.);
#1552=VECTOR('',#5444,10.);
#1553=VECTOR('',#5445,10.);
#1554=VECTOR('',#5448,10.);
#1555=VECTOR('',#5449,10.);
#1556=VECTOR('',#5454,10.);
#1557=VECTOR('',#5455,10.);
#1558=VECTOR('',#5458,10.);
#1559=VECTOR('',#5459,10.);
#1560=VECTOR('',#5462,1000.);
#1561=VECTOR('',#5467,10.);
#1562=VECTOR('',#5474,10.);
#1563=VECTOR('',#5477,10.);
#1564=VECTOR('',#5486,10.);
#1565=VECTOR('',#5489,10.);
#1566=VECTOR('',#5490,10.);
#1567=VECTOR('',#5491,10.);
#1568=VECTOR('',#5494,1000.);
#1569=VECTOR('',#5495,10.);
#1570=VECTOR('',#5496,10.);
#1571=VECTOR('',#5499,10.);
#1572=VECTOR('',#5502,10.);
#1573=VECTOR('',#5513,0.45);
#1574=VECTOR('',#5518,10.);
#1575=VECTOR('',#5521,10.);
#1576=VECTOR('',#5526,10.);
#1577=VECTOR('',#5529,10.);
#1578=VECTOR('',#5532,10.);
#1579=VECTOR('',#5533,10.);
#1580=VECTOR('',#5534,10.);
#1581=VECTOR('',#5535,10.);
#1582=VECTOR('',#5538,10.);
#1583=VECTOR('',#5539,10.);
#1584=VECTOR('',#5540,10.);
#1585=VECTOR('',#5543,1000.);
#1586=VECTOR('',#5546,1000.);
#1587=VECTOR('',#5549,1000.);
#1588=VECTOR('',#5552,10.);
#1589=VECTOR('',#5555,10.);
#1590=VECTOR('',#5556,10.);
#1591=VECTOR('',#5557,10.);
#1592=VECTOR('',#5558,10.);
#1593=VECTOR('',#5561,10.);
#1594=VECTOR('',#5562,10.);
#1595=VECTOR('',#5563,10.);
#1596=VECTOR('',#5568,10.);
#1597=VECTOR('',#5569,10.);
#1598=VECTOR('',#5572,10.);
#1599=VECTOR('',#5573,10.);
#1600=VECTOR('',#5574,10.);
#1601=VECTOR('',#5575,10.);
#1602=VECTOR('',#5576,10.);
#1603=VECTOR('',#5577,1000.);
#1604=VECTOR('',#5578,1000.);
#1605=VECTOR('',#5581,10.);
#1606=VECTOR('',#5584,10.);
#1607=VECTOR('',#5589,10.);
#1608=VECTOR('',#5590,10.);
#1609=VECTOR('',#5593,10.);
#1610=VECTOR('',#5594,10.);
#1611=VECTOR('',#5597,10.);
#1612=VECTOR('',#5598,10.);
#1613=VECTOR('',#5601,10.);
#1614=VECTOR('',#5602,10.);
#1615=VECTOR('',#5605,10.);
#1616=VECTOR('',#5606,10.);
#1617=VECTOR('',#5611,10.);
#1618=VECTOR('',#5612,10.);
#1619=VECTOR('',#5613,10.);
#1620=VECTOR('',#5614,10.);
#1621=VECTOR('',#5615,10.);
#1622=VECTOR('',#5618,10.);
#1623=VECTOR('',#5621,10.);
#1624=VECTOR('',#5626,10.);
#1625=VECTOR('',#5629,10.);
#1626=VECTOR('',#5630,10.);
#1627=VECTOR('',#5631,10.);
#1628=VECTOR('',#5632,10.);
#1629=VECTOR('',#5635,10.);
#1630=VECTOR('',#5636,10.);
#1631=VECTOR('',#5637,10.);
#1632=VECTOR('',#5646,10.);
#1633=VECTOR('',#5649,10.);
#1634=VECTOR('',#5650,10.);
#1635=VECTOR('',#5651,1000.);
#1636=VECTOR('',#5652,10.);
#1637=VECTOR('',#5655,10.);
#1638=VECTOR('',#5656,1000.);
#1639=VECTOR('',#5657,1000.);
#1640=VECTOR('',#5660,10.);
#1641=VECTOR('',#5661,10.);
#1642=VECTOR('',#5666,10.);
#1643=VECTOR('',#5669,10.);
#1644=VECTOR('',#5672,10.);
#1645=VECTOR('',#5673,10.);
#1646=VECTOR('',#5674,10.);
#1647=VECTOR('',#5677,10.);
#1648=VECTOR('',#5680,10.);
#1649=VECTOR('',#5683,10.);
#1650=VECTOR('',#5686,10.);
#1651=VECTOR('',#5689,10.);
#1652=VECTOR('',#5690,10.);
#1653=VECTOR('',#5697,10.);
#1654=VECTOR('',#5698,1000.);
#1655=VECTOR('',#5699,10.);
#1656=VECTOR('',#5702,1000.);
#1657=VECTOR('',#5703,10.);
#1658=VECTOR('',#5704,10.);
#1659=VECTOR('',#5707,10.);
#1660=VECTOR('',#5708,10.);
#1661=VECTOR('',#5711,1000.);
#1662=VECTOR('',#5712,10.);
#1663=VECTOR('',#5715,1000.);
#1664=VECTOR('',#5718,10.);
#1665=VECTOR('',#5721,10.);
#1666=VECTOR('',#5726,10.);
#1667=VERTEX_POINT('',#5740);
#1668=VERTEX_POINT('',#5741);
#1669=VERTEX_POINT('',#5743);
#1670=VERTEX_POINT('',#5745);
#1671=VERTEX_POINT('',#5749);
#1672=VERTEX_POINT('',#5751);
#1673=VERTEX_POINT('',#5755);
#1674=VERTEX_POINT('',#5756);
#1675=VERTEX_POINT('',#5758);
#1676=VERTEX_POINT('',#5760);
#1677=VERTEX_POINT('',#5764);
#1678=VERTEX_POINT('',#5765);
#1679=VERTEX_POINT('',#5767);
#1680=VERTEX_POINT('',#5769);
#1681=VERTEX_POINT('',#5773);
#1682=VERTEX_POINT('',#5774);
#1683=VERTEX_POINT('',#5776);
#1684=VERTEX_POINT('',#5778);
#1685=VERTEX_POINT('',#5780);
#1686=VERTEX_POINT('',#5782);
#1687=VERTEX_POINT('',#5784);
#1688=VERTEX_POINT('',#5786);
#1689=VERTEX_POINT('',#5788);
#1690=VERTEX_POINT('',#5790);
#1691=VERTEX_POINT('',#5792);
#1692=VERTEX_POINT('',#5794);
#1693=VERTEX_POINT('',#5796);
#1694=VERTEX_POINT('',#5798);
#1695=VERTEX_POINT('',#5800);
#1696=VERTEX_POINT('',#5802);
#1697=VERTEX_POINT('',#5805);
#1698=VERTEX_POINT('',#5807);
#1699=VERTEX_POINT('',#5809);
#1700=VERTEX_POINT('',#5811);
#1701=VERTEX_POINT('',#5815);
#1702=VERTEX_POINT('',#5819);
#1703=VERTEX_POINT('',#5823);
#1704=VERTEX_POINT('',#5827);
#1705=VERTEX_POINT('',#5831);
#1706=VERTEX_POINT('',#5835);
#1707=VERTEX_POINT('',#5839);
#1708=VERTEX_POINT('',#5843);
#1709=VERTEX_POINT('',#5847);
#1710=VERTEX_POINT('',#5853);
#1711=VERTEX_POINT('',#5857);
#1712=VERTEX_POINT('',#5859);
#1713=VERTEX_POINT('',#5863);
#1714=VERTEX_POINT('',#5867);
#1715=VERTEX_POINT('',#5873);
#1716=VERTEX_POINT('',#5877);
#1717=VERTEX_POINT('',#5879);
#1718=VERTEX_POINT('',#5881);
#1719=VERTEX_POINT('',#5883);
#1720=VERTEX_POINT('',#5885);
#1721=VERTEX_POINT('',#5887);
#1722=VERTEX_POINT('',#5890);
#1723=VERTEX_POINT('',#5911);
#1724=VERTEX_POINT('',#5912);
#1725=VERTEX_POINT('',#5914);
#1726=VERTEX_POINT('',#5916);
#1727=VERTEX_POINT('',#5920);
#1728=VERTEX_POINT('',#5922);
#1729=VERTEX_POINT('',#5926);
#1730=VERTEX_POINT('',#5927);
#1731=VERTEX_POINT('',#5929);
#1732=VERTEX_POINT('',#5931);
#1733=VERTEX_POINT('',#5935);
#1734=VERTEX_POINT('',#5938);
#1735=VERTEX_POINT('',#5940);
#1736=VERTEX_POINT('',#5944);
#1737=VERTEX_POINT('',#5948);
#1738=VERTEX_POINT('',#5949);
#1739=VERTEX_POINT('',#5952);
#1740=VERTEX_POINT('',#5954);
#1741=VERTEX_POINT('',#5956);
#1742=VERTEX_POINT('',#5958);
#1743=VERTEX_POINT('',#5962);
#1744=VERTEX_POINT('',#5964);
#1745=VERTEX_POINT('',#5968);
#1746=VERTEX_POINT('',#5972);
#1747=VERTEX_POINT('',#5976);
#1748=VERTEX_POINT('',#5982);
#1749=VERTEX_POINT('',#5988);
#1750=VERTEX_POINT('',#5990);
#1751=VERTEX_POINT('',#5992);
#1752=VERTEX_POINT('',#5994);
#1753=VERTEX_POINT('',#5996);
#1754=VERTEX_POINT('',#6000);
#1755=VERTEX_POINT('',#6004);
#1756=VERTEX_POINT('',#6008);
#1757=VERTEX_POINT('',#6012);
#1758=VERTEX_POINT('',#6016);
#1759=VERTEX_POINT('',#6022);
#1760=VERTEX_POINT('',#6023);
#1761=VERTEX_POINT('',#6025);
#1762=VERTEX_POINT('',#6027);
#1763=VERTEX_POINT('',#6031);
#1764=VERTEX_POINT('',#6032);
#1765=VERTEX_POINT('',#6034);
#1766=VERTEX_POINT('',#6036);
#1767=VERTEX_POINT('',#6040);
#1768=VERTEX_POINT('',#6042);
#1769=VERTEX_POINT('',#6046);
#1770=VERTEX_POINT('',#6048);
#1771=VERTEX_POINT('',#6050);
#1772=VERTEX_POINT('',#6052);
#1773=VERTEX_POINT('',#6054);
#1774=VERTEX_POINT('',#6056);
#1775=VERTEX_POINT('',#6058);
#1776=VERTEX_POINT('',#6060);
#1777=VERTEX_POINT('',#6062);
#1778=VERTEX_POINT('',#6064);
#1779=VERTEX_POINT('',#6066);
#1780=VERTEX_POINT('',#6068);
#1781=VERTEX_POINT('',#6070);
#1782=VERTEX_POINT('',#6072);
#1783=VERTEX_POINT('',#6074);
#1784=VERTEX_POINT('',#6076);
#1785=VERTEX_POINT('',#6078);
#1786=VERTEX_POINT('',#6080);
#1787=VERTEX_POINT('',#6083);
#1788=VERTEX_POINT('',#6087);
#1789=VERTEX_POINT('',#6093);
#1790=VERTEX_POINT('',#6097);
#1791=VERTEX_POINT('',#6098);
#1792=VERTEX_POINT('',#6103);
#1793=VERTEX_POINT('',#6104);
#1794=VERTEX_POINT('',#6109);
#1795=VERTEX_POINT('',#6110);
#1796=VERTEX_POINT('',#6115);
#1797=VERTEX_POINT('',#6116);
#1798=VERTEX_POINT('',#6121);
#1799=VERTEX_POINT('',#6125);
#1800=VERTEX_POINT('',#6127);
#1801=VERTEX_POINT('',#6131);
#1802=VERTEX_POINT('',#6133);
#1803=VERTEX_POINT('',#6137);
#1804=VERTEX_POINT('',#6139);
#1805=VERTEX_POINT('',#6143);
#1806=VERTEX_POINT('',#6154);
#1807=VERTEX_POINT('',#6170);
#1808=VERTEX_POINT('',#6171);
#1809=VERTEX_POINT('',#6173);
#1810=VERTEX_POINT('',#6175);
#1811=VERTEX_POINT('',#6177);
#1812=VERTEX_POINT('',#6179);
#1813=VERTEX_POINT('',#6183);
#1814=VERTEX_POINT('',#6185);
#1815=VERTEX_POINT('',#6189);
#1816=VERTEX_POINT('',#6190);
#1817=VERTEX_POINT('',#6192);
#1818=VERTEX_POINT('',#6194);
#1819=VERTEX_POINT('',#6198);
#1820=VERTEX_POINT('',#6200);
#1821=VERTEX_POINT('',#6208);
#1822=VERTEX_POINT('',#6210);
#1823=VERTEX_POINT('',#6212);
#1824=VERTEX_POINT('',#6217);
#1825=VERTEX_POINT('',#6221);
#1826=VERTEX_POINT('',#6222);
#1827=VERTEX_POINT('',#6224);
#1828=VERTEX_POINT('',#6226);
#1829=VERTEX_POINT('',#6228);
#1830=VERTEX_POINT('',#6230);
#1831=VERTEX_POINT('',#6232);
#1832=VERTEX_POINT('',#6234);
#1833=VERTEX_POINT('',#6236);
#1834=VERTEX_POINT('',#6240);
#1835=VERTEX_POINT('',#6241);
#1836=VERTEX_POINT('',#6243);
#1837=VERTEX_POINT('',#6245);
#1838=VERTEX_POINT('',#6249);
#1839=VERTEX_POINT('',#6257);
#1840=VERTEX_POINT('',#6259);
#1841=VERTEX_POINT('',#6268);
#1842=VERTEX_POINT('',#6270);
#1843=VERTEX_POINT('',#6278);
#1844=VERTEX_POINT('',#6279);
#1845=VERTEX_POINT('',#6281);
#1846=VERTEX_POINT('',#6285);
#1847=VERTEX_POINT('',#6286);
#1848=VERTEX_POINT('',#6288);
#1849=VERTEX_POINT('',#6290);
#1850=VERTEX_POINT('',#6294);
#1851=VERTEX_POINT('',#6295);
#1852=VERTEX_POINT('',#6300);
#1853=VERTEX_POINT('',#6304);
#1854=VERTEX_POINT('',#6310);
#1855=VERTEX_POINT('',#6311);
#1856=VERTEX_POINT('',#6313);
#1857=VERTEX_POINT('',#6315);
#1858=VERTEX_POINT('',#6319);
#1859=VERTEX_POINT('',#6321);
#1860=VERTEX_POINT('',#6325);
#1861=VERTEX_POINT('',#6326);
#1862=VERTEX_POINT('',#6328);
#1863=VERTEX_POINT('',#6330);
#1864=VERTEX_POINT('',#6333);
#1865=VERTEX_POINT('',#6337);
#1866=VERTEX_POINT('',#6341);
#1867=VERTEX_POINT('',#6345);
#1868=VERTEX_POINT('',#6351);
#1869=VERTEX_POINT('',#6352);
#1870=VERTEX_POINT('',#6354);
#1871=VERTEX_POINT('',#6356);
#1872=VERTEX_POINT('',#6358);
#1873=VERTEX_POINT('',#6360);
#1874=VERTEX_POINT('',#6364);
#1875=VERTEX_POINT('',#6366);
#1876=VERTEX_POINT('',#6370);
#1877=VERTEX_POINT('',#6371);
#1878=VERTEX_POINT('',#6373);
#1879=VERTEX_POINT('',#6375);
#1880=VERTEX_POINT('',#6377);
#1881=VERTEX_POINT('',#6379);
#1882=VERTEX_POINT('',#6383);
#1883=VERTEX_POINT('',#6384);
#1884=VERTEX_POINT('',#6386);
#1885=VERTEX_POINT('',#6388);
#1886=VERTEX_POINT('',#6392);
#1887=VERTEX_POINT('',#6393);
#1888=VERTEX_POINT('',#6397);
#1889=VERTEX_POINT('',#6399);
#1890=VERTEX_POINT('',#6404);
#1891=VERTEX_POINT('',#6406);
#1892=VERTEX_POINT('',#6413);
#1893=VERTEX_POINT('',#6417);
#1894=VERTEX_POINT('',#6421);
#1895=VERTEX_POINT('',#6425);
#1896=VERTEX_POINT('',#6429);
#1897=VERTEX_POINT('',#6430);
#1898=VERTEX_POINT('',#6432);
#1899=VERTEX_POINT('',#6434);
#1900=VERTEX_POINT('',#6436);
#1901=VERTEX_POINT('',#6438);
#1902=VERTEX_POINT('',#6442);
#1903=VERTEX_POINT('',#6444);
#1904=VERTEX_POINT('',#6448);
#1905=VERTEX_POINT('',#6450);
#1906=VERTEX_POINT('',#6452);
#1907=VERTEX_POINT('',#6454);
#1908=VERTEX_POINT('',#6456);
#1909=VERTEX_POINT('',#6458);
#1910=VERTEX_POINT('',#6461);
#1911=VERTEX_POINT('',#6462);
#1912=VERTEX_POINT('',#6464);
#1913=VERTEX_POINT('',#6469);
#1914=VERTEX_POINT('',#6470);
#1915=VERTEX_POINT('',#6473);
#1916=VERTEX_POINT('',#6476);
#1917=VERTEX_POINT('',#6477);
#1918=VERTEX_POINT('',#6479);
#1919=VERTEX_POINT('',#6481);
#1920=VERTEX_POINT('',#6483);
#1921=VERTEX_POINT('',#6485);
#1922=VERTEX_POINT('',#6487);
#1923=VERTEX_POINT('',#6489);
#1924=VERTEX_POINT('',#6493);
#1925=VERTEX_POINT('',#6494);
#1926=VERTEX_POINT('',#6496);
#1927=VERTEX_POINT('',#6498);
#1928=VERTEX_POINT('',#6502);
#1929=VERTEX_POINT('',#6505);
#1930=VERTEX_POINT('',#6507);
#1931=VERTEX_POINT('',#6509);
#1932=VERTEX_POINT('',#6515);
#1933=VERTEX_POINT('',#6529);
#1934=VERTEX_POINT('',#6530);
#1935=VERTEX_POINT('',#6532);
#1936=VERTEX_POINT('',#6534);
#1937=VERTEX_POINT('',#6538);
#1938=VERTEX_POINT('',#6539);
#1939=VERTEX_POINT('',#6543);
#1940=VERTEX_POINT('',#6545);
#1941=VERTEX_POINT('',#6550);
#1942=VERTEX_POINT('',#6564);
#1943=VERTEX_POINT('',#6566);
#1944=VERTEX_POINT('',#6569);
#1945=VERTEX_POINT('',#6576);
#1946=VERTEX_POINT('',#6579);
#1947=VERTEX_POINT('',#6581);
#1948=VERTEX_POINT('',#6583);
#1949=VERTEX_POINT('',#6587);
#1950=VERTEX_POINT('',#6588);
#1951=VERTEX_POINT('',#6590);
#1952=VERTEX_POINT('',#6592);
#1953=VERTEX_POINT('',#6596);
#1954=VERTEX_POINT('',#6599);
#1955=VERTEX_POINT('',#6607);
#1956=VERTEX_POINT('',#6619);
#1957=VERTEX_POINT('',#6621);
#1958=VERTEX_POINT('',#6623);
#1959=VERTEX_POINT('',#6625);
#1960=VERTEX_POINT('',#6627);
#1961=VERTEX_POINT('',#6629);
#1962=VERTEX_POINT('',#6631);
#1963=VERTEX_POINT('',#6633);
#1964=VERTEX_POINT('',#6635);
#1965=VERTEX_POINT('',#6637);
#1966=VERTEX_POINT('',#6639);
#1967=VERTEX_POINT('',#6641);
#1968=VERTEX_POINT('',#6643);
#1969=VERTEX_POINT('',#6648);
#1970=VERTEX_POINT('',#6652);
#1971=VERTEX_POINT('',#6655);
#1972=VERTEX_POINT('',#6659);
#1973=VERTEX_POINT('',#6661);
#1974=VERTEX_POINT('',#6665);
#1975=VERTEX_POINT('',#6670);
#1976=VERTEX_POINT('',#6674);
#1977=VERTEX_POINT('',#6691);
#1978=VERTEX_POINT('',#6695);
#1979=VERTEX_POINT('',#6696);
#1980=VERTEX_POINT('',#6701);
#1981=VERTEX_POINT('',#6702);
#1982=VERTEX_POINT('',#6712);
#1983=VERTEX_POINT('',#6715);
#1984=VERTEX_POINT('',#6719);
#1985=VERTEX_POINT('',#6720);
#1986=VERTEX_POINT('',#6722);
#1987=VERTEX_POINT('',#6724);
#1988=VERTEX_POINT('',#6728);
#1989=VERTEX_POINT('',#6729);
#1990=VERTEX_POINT('',#6731);
#1991=VERTEX_POINT('',#6733);
#1992=VERTEX_POINT('',#6737);
#1993=VERTEX_POINT('',#6738);
#1994=VERTEX_POINT('',#6740);
#1995=VERTEX_POINT('',#6742);
#1996=VERTEX_POINT('',#6746);
#1997=VERTEX_POINT('',#6747);
#1998=VERTEX_POINT('',#6758);
#1999=VERTEX_POINT('',#6760);
#2000=VERTEX_POINT('',#6762);
#2001=VERTEX_POINT('',#6764);
#2002=VERTEX_POINT('',#6769);
#2003=VERTEX_POINT('',#6770);
#2004=VERTEX_POINT('',#6775);
#2005=VERTEX_POINT('',#6776);
#2006=VERTEX_POINT('',#6781);
#2007=VERTEX_POINT('',#6783);
#2008=VERTEX_POINT('',#6785);
#2009=VERTEX_POINT('',#6787);
#2010=VERTEX_POINT('',#6790);
#2011=VERTEX_POINT('',#6799);
#2012=VERTEX_POINT('',#6806);
#2013=VERTEX_POINT('',#6810);
#2014=VERTEX_POINT('',#6814);
#2015=VERTEX_POINT('',#6815);
#2016=VERTEX_POINT('',#6817);
#2017=VERTEX_POINT('',#6821);
#2018=VERTEX_POINT('',#6822);
#2019=VERTEX_POINT('',#6825);
#2020=VERTEX_POINT('',#6827);
#2021=VERTEX_POINT('',#6831);
#2022=VERTEX_POINT('',#6833);
#2023=VERTEX_POINT('',#6837);
#2024=VERTEX_POINT('',#6841);
#2025=VERTEX_POINT('',#6843);
#2026=VERTEX_POINT('',#6845);
#2027=VERTEX_POINT('',#6850);
#2028=VERTEX_POINT('',#6857);
#2029=VERTEX_POINT('',#6858);
#2030=VERTEX_POINT('',#6860);
#2031=VERTEX_POINT('',#6862);
#2032=VERTEX_POINT('',#6865);
#2033=VERTEX_POINT('',#6867);
#2034=VERTEX_POINT('',#6869);
#2035=VERTEX_POINT('',#6871);
#2036=VERTEX_POINT('',#6873);
#2037=VERTEX_POINT('',#6877);
#2038=VERTEX_POINT('',#6878);
#2039=VERTEX_POINT('',#6880);
#2040=VERTEX_POINT('',#6884);
#2041=VERTEX_POINT('',#6886);
#2042=VERTEX_POINT('',#6894);
#2043=VERTEX_POINT('',#6896);
#2044=VERTEX_POINT('',#6900);
#2045=VERTEX_POINT('',#6902);
#2046=VERTEX_POINT('',#6911);
#2047=VERTEX_POINT('',#6913);
#2048=VERTEX_POINT('',#6917);
#2049=VERTEX_POINT('',#6919);
#2050=VERTEX_POINT('',#6926);
#2051=VERTEX_POINT('',#6934);
#2052=EDGE_CURVE('',#1667,#1668,#675,.T.);
#2053=EDGE_CURVE('',#1669,#1668,#676,.T.);
#2054=EDGE_CURVE('',#1670,#1669,#677,.T.);
#2055=EDGE_CURVE('',#1670,#1667,#678,.T.);
#2056=EDGE_CURVE('',#1671,#1669,#73,.F.);
#2057=EDGE_CURVE('',#1672,#1671,#679,.F.);
#2058=EDGE_CURVE('',#1672,#1670,#74,.F.);
#2059=EDGE_CURVE('',#1673,#1674,#680,.T.);
#2060=EDGE_CURVE('',#1675,#1673,#681,.T.);
#2061=EDGE_CURVE('',#1676,#1675,#682,.T.);
#2062=EDGE_CURVE('',#1674,#1676,#683,.T.);
#2063=EDGE_CURVE('',#1677,#1678,#684,.T.);
#2064=EDGE_CURVE('',#1679,#1677,#685,.T.);
#2065=EDGE_CURVE('',#1680,#1679,#686,.T.);
#2066=EDGE_CURVE('',#1678,#1680,#687,.T.);
#2067=EDGE_CURVE('',#1681,#1682,#688,.T.);
#2068=EDGE_CURVE('',#1683,#1682,#689,.T.);
#2069=EDGE_CURVE('',#1684,#1683,#690,.T.);
#2070=EDGE_CURVE('',#1685,#1684,#75,.T.);
#2071=EDGE_CURVE('',#1686,#1685,#691,.T.);
#2072=EDGE_CURVE('',#1687,#1686,#76,.T.);
#2073=EDGE_CURVE('',#1688,#1687,#692,.T.);
#2074=EDGE_CURVE('',#1689,#1688,#693,.T.);
#2075=EDGE_CURVE('',#1689,#1690,#694,.F.);
#2076=EDGE_CURVE('',#1691,#1690,#77,.T.);
#2077=EDGE_CURVE('',#1692,#1691,#695,.T.);
#2078=EDGE_CURVE('',#1693,#1692,#78,.T.);
#2079=EDGE_CURVE('',#1694,#1693,#696,.T.);
#2080=EDGE_CURVE('',#1694,#1695,#697,.T.);
#2081=EDGE_CURVE('',#1695,#1696,#698,.T.);
#2082=EDGE_CURVE('',#1677,#1696,#79,.T.);
#2083=EDGE_CURVE('',#1678,#1697,#80,.T.);
#2084=EDGE_CURVE('',#1697,#1698,#699,.T.);
#2085=EDGE_CURVE('',#1698,#1699,#700,.T.);
#2086=EDGE_CURVE('',#1700,#1699,#701,.F.);
#2087=EDGE_CURVE('',#1673,#1700,#81,.T.);
#2088=EDGE_CURVE('',#1674,#1681,#82,.T.);
#2089=EDGE_CURVE('',#1701,#1667,#83,.F.);
#2090=EDGE_CURVE('',#1701,#1672,#702,.T.);
#2091=EDGE_CURVE('',#1702,#1696,#703,.T.);
#2092=EDGE_CURVE('',#1679,#1702,#84,.F.);
#2093=EDGE_CURVE('',#1697,#1703,#704,.T.);
#2094=EDGE_CURVE('',#1703,#1680,#85,.F.);
#2095=EDGE_CURVE('',#1704,#1700,#705,.T.);
#2096=EDGE_CURVE('',#1675,#1704,#86,.F.);
#2097=EDGE_CURVE('',#1681,#1705,#706,.T.);
#2098=EDGE_CURVE('',#1705,#1676,#87,.F.);
#2099=EDGE_CURVE('',#1706,#1703,#707,.T.);
#2100=EDGE_CURVE('',#1698,#1706,#708,.T.);
#2101=EDGE_CURVE('',#1707,#1695,#709,.T.);
#2102=EDGE_CURVE('',#1702,#1707,#710,.T.);
#2103=EDGE_CURVE('',#1708,#1705,#711,.F.);
#2104=EDGE_CURVE('',#1682,#1708,#712,.T.);
#2105=EDGE_CURVE('',#1699,#1709,#713,.T.);
#2106=EDGE_CURVE('',#1704,#1709,#714,.F.);
#2107=EDGE_CURVE('',#1709,#1706,#715,.F.);
#2108=EDGE_CURVE('',#1710,#1694,#716,.T.);
#2109=EDGE_CURVE('',#1707,#1710,#717,.T.);
#2110=EDGE_CURVE('',#1691,#1711,#718,.T.);
#2111=EDGE_CURVE('',#1711,#1712,#719,.F.);
#2112=EDGE_CURVE('',#1712,#1692,#720,.T.);
#2113=EDGE_CURVE('',#1713,#1690,#721,.T.);
#2114=EDGE_CURVE('',#1711,#1713,#88,.F.);
#2115=EDGE_CURVE('',#1693,#1714,#722,.T.);
#2116=EDGE_CURVE('',#1714,#1712,#89,.F.);
#2117=EDGE_CURVE('',#1710,#1714,#723,.T.);
#2118=EDGE_CURVE('',#1715,#1689,#724,.T.);
#2119=EDGE_CURVE('',#1713,#1715,#725,.T.);
#2120=EDGE_CURVE('',#1715,#1716,#726,.T.);
#2121=EDGE_CURVE('',#1716,#1717,#727,.T.);
#2122=EDGE_CURVE('',#1717,#1718,#90,.F.);
#2123=EDGE_CURVE('',#1719,#1718,#728,.F.);
#2124=EDGE_CURVE('',#1719,#1720,#91,.F.);
#2125=EDGE_CURVE('',#1720,#1721,#729,.T.);
#2126=EDGE_CURVE('',#1721,#1708,#730,.T.);
#2127=EDGE_CURVE('',#1668,#1722,#92,.T.);
#2128=EDGE_CURVE('',#1722,#1671,#731,.T.);
#2129=EDGE_CURVE('',#1716,#1688,#732,.T.);
#2130=EDGE_CURVE('',#1722,#1701,#733,.T.);
#2131=EDGE_CURVE('',#1685,#1719,#734,.T.);
#2132=EDGE_CURVE('',#1718,#1686,#735,.T.);
#2133=EDGE_CURVE('',#1720,#1684,#736,.T.);
#2134=EDGE_CURVE('',#1687,#1717,#737,.T.);
#2135=EDGE_CURVE('',#1721,#1683,#738,.T.);
#2136=EDGE_CURVE('',#1723,#1724,#739,.T.);
#2137=EDGE_CURVE('',#1724,#1725,#740,.T.);
#2138=EDGE_CURVE('',#1725,#1726,#741,.T.);
#2139=EDGE_CURVE('',#1723,#1726,#742,.T.);
#2140=EDGE_CURVE('',#1724,#1727,#743,.T.);
#2141=EDGE_CURVE('',#1728,#1727,#744,.T.);
#2142=EDGE_CURVE('',#1725,#1728,#745,.T.);
#2143=EDGE_CURVE('',#1729,#1730,#93,.F.);
#2144=EDGE_CURVE('',#1731,#1729,#746,.T.);
#2145=EDGE_CURVE('',#1732,#1731,#94,.T.);
#2146=EDGE_CURVE('',#1730,#1732,#747,.T.);
#2147=EDGE_CURVE('',#1733,#1733,#95,.F.);
#2148=EDGE_CURVE('',#1733,#1734,#96,.T.);
#2149=EDGE_CURVE('',#1735,#1734,#97,.F.);
#2150=EDGE_CURVE('',#1734,#1735,#98,.F.);
#2151=EDGE_CURVE('',#1736,#1736,#99,.F.);
#2152=EDGE_CURVE('',#1736,#1735,#748,.T.);
#2153=EDGE_CURVE('',#1737,#1738,#749,.T.);
#2154=EDGE_CURVE('',#1729,#1737,#100,.F.);
#2155=EDGE_CURVE('',#1739,#1730,#101,.F.);
#2156=EDGE_CURVE('',#1740,#1739,#750,.T.);
#2157=EDGE_CURVE('',#1741,#1740,#102,.F.);
#2158=EDGE_CURVE('',#1741,#1742,#103,.F.);
#2159=EDGE_CURVE('',#1738,#1742,#104,.F.);
#2160=EDGE_CURVE('',#1743,#1741,#751,.T.);
#2161=EDGE_CURVE('',#1744,#1743,#105,.T.);
#2162=EDGE_CURVE('',#1742,#1744,#752,.T.);
#2163=EDGE_CURVE('',#1745,#1743,#106,.T.);
#2164=EDGE_CURVE('',#1740,#1745,#753,.T.);
#2165=EDGE_CURVE('',#1744,#1746,#107,.T.);
#2166=EDGE_CURVE('',#1746,#1738,#754,.T.);
#2167=EDGE_CURVE('',#1732,#1747,#108,.T.);
#2168=EDGE_CURVE('',#1747,#1739,#755,.T.);
#2169=EDGE_CURVE('',#1747,#1745,#756,.F.);
#2170=EDGE_CURVE('',#1748,#1731,#109,.T.);
#2171=EDGE_CURVE('',#1737,#1748,#757,.T.);
#2172=EDGE_CURVE('',#1748,#1746,#758,.T.);
#2173=EDGE_CURVE('',#1749,#1728,#759,.T.);
#2174=EDGE_CURVE('',#1749,#1750,#760,.T.);
#2175=EDGE_CURVE('',#1750,#1751,#761,.T.);
#2176=EDGE_CURVE('',#1752,#1751,#762,.T.);
#2177=EDGE_CURVE('',#1753,#1752,#763,.T.);
#2178=EDGE_CURVE('',#1726,#1753,#764,.T.);
#2179=EDGE_CURVE('',#1754,#1723,#765,.T.);
#2180=EDGE_CURVE('',#1754,#1753,#766,.T.);
#2181=EDGE_CURVE('',#1755,#1754,#767,.T.);
#2182=EDGE_CURVE('',#1755,#1752,#768,.T.);
#2183=EDGE_CURVE('',#1756,#1755,#769,.T.);
#2184=EDGE_CURVE('',#1751,#1756,#770,.T.);
#2185=EDGE_CURVE('',#1757,#1750,#771,.T.);
#2186=EDGE_CURVE('',#1756,#1757,#772,.T.);
#2187=EDGE_CURVE('',#1727,#1758,#773,.T.);
#2188=EDGE_CURVE('',#1758,#1749,#774,.F.);
#2189=EDGE_CURVE('',#1757,#1758,#775,.T.);
#2190=EDGE_CURVE('',#1759,#1760,#110,.T.);
#2191=EDGE_CURVE('',#1760,#1761,#776,.T.);
#2192=EDGE_CURVE('',#1761,#1762,#111,.F.);
#2193=EDGE_CURVE('',#1759,#1762,#777,.T.);
#2194=EDGE_CURVE('',#1763,#1764,#112,.T.);
#2195=EDGE_CURVE('',#1765,#1763,#778,.T.);
#2196=EDGE_CURVE('',#1765,#1766,#113,.T.);
#2197=EDGE_CURVE('',#1766,#1764,#779,.T.);
#2198=EDGE_CURVE('',#1764,#1767,#780,.F.);
#2199=EDGE_CURVE('',#1768,#1766,#781,.T.);
#2200=EDGE_CURVE('',#1767,#1768,#782,.T.);
#2201=EDGE_CURVE('',#1761,#1769,#783,.T.);
#2202=EDGE_CURVE('',#1769,#1770,#784,.T.);
#2203=EDGE_CURVE('',#1770,#1771,#785,.T.);
#2204=EDGE_CURVE('',#1772,#1771,#786,.T.);
#2205=EDGE_CURVE('',#1772,#1773,#787,.T.);
#2206=EDGE_CURVE('',#1774,#1773,#114,.F.);
#2207=EDGE_CURVE('',#1774,#1775,#788,.T.);
#2208=EDGE_CURVE('',#1776,#1775,#115,.T.);
#2209=EDGE_CURVE('',#1776,#1777,#789,.T.);
#2210=EDGE_CURVE('',#1778,#1777,#116,.T.);
#2211=EDGE_CURVE('',#1778,#1779,#790,.T.);
#2212=EDGE_CURVE('',#1780,#1779,#117,.T.);
#2213=EDGE_CURVE('',#1781,#1780,#791,.T.);
#2214=EDGE_CURVE('',#1782,#1781,#118,.T.);
#2215=EDGE_CURVE('',#1783,#1782,#792,.T.);
#2216=EDGE_CURVE('',#1784,#1783,#119,.T.);
#2217=EDGE_CURVE('',#1785,#1784,#793,.T.);
#2218=EDGE_CURVE('',#1786,#1785,#120,.T.);
#2219=EDGE_CURVE('',#1762,#1786,#794,.T.);
#2220=EDGE_CURVE('',#1767,#1787,#121,.T.);
#2221=EDGE_CURVE('',#1787,#1763,#795,.T.);
#2222=EDGE_CURVE('',#1787,#1788,#796,.T.);
#2223=EDGE_CURVE('',#1788,#1765,#797,.T.);
#2224=EDGE_CURVE('',#1768,#1788,#122,.T.);
#2225=EDGE_CURVE('',#1789,#1760,#798,.T.);
#2226=EDGE_CURVE('',#1769,#1789,#799,.T.);
#2227=EDGE_CURVE('',#1790,#1791,#800,.T.);
#2228=EDGE_CURVE('',#1773,#1790,#801,.T.);
#2229=EDGE_CURVE('',#1791,#1772,#802,.T.);
#2230=EDGE_CURVE('',#1792,#1793,#803,.T.);
#2231=EDGE_CURVE('',#1775,#1792,#804,.T.);
#2232=EDGE_CURVE('',#1793,#1774,#805,.T.);
#2233=EDGE_CURVE('',#1794,#1795,#806,.T.);
#2234=EDGE_CURVE('',#1777,#1794,#807,.T.);
#2235=EDGE_CURVE('',#1795,#1776,#808,.T.);
#2236=EDGE_CURVE('',#1796,#1797,#809,.T.);
#2237=EDGE_CURVE('',#1779,#1796,#810,.T.);
#2238=EDGE_CURVE('',#1797,#1778,#811,.T.);
#2239=EDGE_CURVE('',#1786,#1798,#812,.T.);
#2240=EDGE_CURVE('',#1798,#1759,#813,.F.);
#2241=EDGE_CURVE('',#1783,#1799,#814,.T.);
#2242=EDGE_CURVE('',#1782,#1800,#815,.T.);
#2243=EDGE_CURVE('',#1800,#1799,#816,.T.);
#2244=EDGE_CURVE('',#1781,#1801,#817,.T.);
#2245=EDGE_CURVE('',#1780,#1802,#818,.T.);
#2246=EDGE_CURVE('',#1802,#1801,#819,.T.);
#2247=EDGE_CURVE('',#1785,#1803,#820,.T.);
#2248=EDGE_CURVE('',#1784,#1804,#821,.T.);
#2249=EDGE_CURVE('',#1804,#1803,#822,.T.);
#2250=EDGE_CURVE('',#1770,#1805,#823,.T.);
#2251=EDGE_CURVE('',#1805,#1789,#824,.T.);
#2252=EDGE_CURVE('',#1803,#1798,#123,.T.);
#2253=EDGE_CURVE('',#1799,#1804,#124,.T.);
#2254=EDGE_CURVE('',#1801,#1800,#125,.T.);
#2255=EDGE_CURVE('',#1796,#1802,#126,.T.);
#2256=EDGE_CURVE('',#1794,#1797,#127,.T.);
#2257=EDGE_CURVE('',#1792,#1795,#128,.T.);
#2258=EDGE_CURVE('',#1790,#1793,#129,.T.);
#2259=EDGE_CURVE('',#1806,#1791,#825,.T.);
#2260=EDGE_CURVE('',#1806,#1805,#826,.T.);
#2261=EDGE_CURVE('',#1771,#1806,#827,.T.);
#2262=EDGE_CURVE('',#1807,#1808,#828,.T.);
#2263=EDGE_CURVE('',#1809,#1808,#829,.T.);
#2264=EDGE_CURVE('',#1810,#1809,#830,.T.);
#2265=EDGE_CURVE('',#1810,#1811,#831,.T.);
#2266=EDGE_CURVE('',#1811,#1812,#832,.T.);
#2267=EDGE_CURVE('',#1812,#1807,#833,.T.);
#2268=EDGE_CURVE('',#1808,#1813,#834,.T.);
#2269=EDGE_CURVE('',#1813,#1814,#835,.T.);
#2270=EDGE_CURVE('',#1809,#1814,#836,.T.);
#2271=EDGE_CURVE('',#1815,#1816,#837,.T.);
#2272=EDGE_CURVE('',#1817,#1815,#838,.T.);
#2273=EDGE_CURVE('',#1818,#1817,#839,.T.);
#2274=EDGE_CURVE('',#1816,#1818,#840,.T.);
#2275=EDGE_CURVE('',#1819,#1815,#841,.T.);
#2276=EDGE_CURVE('',#1820,#1819,#842,.T.);
#2277=EDGE_CURVE('',#1817,#1820,#843,.T.);
#2278=EDGE_CURVE('',#1807,#1818,#844,.T.);
#2279=EDGE_CURVE('',#1820,#1813,#845,.T.);
#2280=EDGE_CURVE('',#1812,#1816,#846,.T.);
#2281=EDGE_CURVE('',#1821,#1811,#847,.T.);
#2282=EDGE_CURVE('',#1822,#1821,#848,.T.);
#2283=EDGE_CURVE('',#1823,#1822,#849,.T.);
#2284=EDGE_CURVE('',#1819,#1823,#850,.T.);
#2285=EDGE_CURVE('',#1824,#1823,#851,.T.);
#2286=EDGE_CURVE('',#1814,#1824,#852,.T.);
#2287=EDGE_CURVE('',#1825,#1826,#853,.T.);
#2288=EDGE_CURVE('',#1827,#1825,#854,.T.);
#2289=EDGE_CURVE('',#1828,#1827,#855,.T.);
#2290=EDGE_CURVE('',#1829,#1828,#856,.T.);
#2291=EDGE_CURVE('',#1829,#1830,#857,.T.);
#2292=EDGE_CURVE('',#1830,#1831,#858,.T.);
#2293=EDGE_CURVE('',#1831,#1832,#859,.T.);
#2294=EDGE_CURVE('',#1833,#1832,#860,.T.);
#2295=EDGE_CURVE('',#1833,#1826,#861,.T.);
#2296=EDGE_CURVE('',#1834,#1835,#862,.T.);
#2297=EDGE_CURVE('',#1835,#1836,#863,.T.);
#2298=EDGE_CURVE('',#1836,#1837,#864,.T.);
#2299=EDGE_CURVE('',#1834,#1837,#865,.T.);
#2300=EDGE_CURVE('',#1826,#1838,#130,.T.);
#2301=EDGE_CURVE('',#1838,#1832,#866,.T.);
#2302=EDGE_CURVE('',#1832,#1826,#867,.T.);
#2303=EDGE_CURVE('',#1832,#1835,#868,.T.);
#2304=EDGE_CURVE('',#1838,#1836,#869,.T.);
#2305=EDGE_CURVE('',#1839,#1832,#870,.T.);
#2306=EDGE_CURVE('',#1840,#1839,#871,.T.);
#2307=EDGE_CURVE('',#1826,#1840,#872,.T.);
#2308=EDGE_CURVE('',#1837,#1833,#873,.T.);
#2309=EDGE_CURVE('',#1832,#1834,#874,.F.);
#2310=EDGE_CURVE('',#1839,#1841,#875,.T.);
#2311=EDGE_CURVE('',#1841,#1842,#876,.T.);
#2312=EDGE_CURVE('',#1842,#1840,#877,.T.);
#2313=EDGE_CURVE('',#1841,#1831,#878,.T.);
#2314=EDGE_CURVE('',#1841,#1831,#879,.T.);
#2315=EDGE_CURVE('',#1843,#1844,#880,.T.);
#2316=EDGE_CURVE('',#1845,#1844,#881,.T.);
#2317=EDGE_CURVE('',#1845,#1843,#882,.T.);
#2318=EDGE_CURVE('',#1846,#1847,#883,.T.);
#2319=EDGE_CURVE('',#1848,#1846,#884,.T.);
#2320=EDGE_CURVE('',#1848,#1849,#885,.T.);
#2321=EDGE_CURVE('',#1849,#1847,#886,.T.);
#2322=EDGE_CURVE('',#1850,#1851,#887,.T.);
#2323=EDGE_CURVE('',#1850,#1849,#888,.T.);
#2324=EDGE_CURVE('',#1851,#1848,#889,.T.);
#2325=EDGE_CURVE('',#1852,#1850,#890,.T.);
#2326=EDGE_CURVE('',#1847,#1852,#891,.T.);
#2327=EDGE_CURVE('',#1846,#1853,#892,.T.);
#2328=EDGE_CURVE('',#1853,#1852,#893,.T.);
#2329=EDGE_CURVE('',#1851,#1853,#894,.T.);
#2330=EDGE_CURVE('',#1854,#1855,#895,.T.);
#2331=EDGE_CURVE('',#1854,#1856,#896,.T.);
#2332=EDGE_CURVE('',#1857,#1856,#897,.T.);
#2333=EDGE_CURVE('',#1855,#1857,#898,.T.);
#2334=EDGE_CURVE('',#1858,#1854,#131,.T.);
#2335=EDGE_CURVE('',#1859,#1858,#899,.T.);
#2336=EDGE_CURVE('',#1856,#1859,#132,.T.);
#2337=EDGE_CURVE('',#1860,#1861,#900,.T.);
#2338=EDGE_CURVE('',#1861,#1862,#133,.T.);
#2339=EDGE_CURVE('',#1862,#1863,#901,.T.);
#2340=EDGE_CURVE('',#1863,#1857,#902,.T.);
#2341=EDGE_CURVE('',#1859,#1864,#903,.T.);
#2342=EDGE_CURVE('',#1864,#1860,#134,.T.);
#2343=EDGE_CURVE('',#1855,#1865,#904,.T.);
#2344=EDGE_CURVE('',#1863,#1865,#905,.T.);
#2345=EDGE_CURVE('',#1824,#1866,#906,.T.);
#2346=EDGE_CURVE('',#1866,#1822,#907,.T.);
#2347=EDGE_CURVE('',#1867,#1821,#908,.T.);
#2348=EDGE_CURVE('',#1810,#1867,#909,.T.);
#2349=EDGE_CURVE('',#1866,#1867,#910,.T.);
#2350=EDGE_CURVE('',#1868,#1869,#911,.T.);
#2351=EDGE_CURVE('',#1868,#1870,#912,.T.);
#2352=EDGE_CURVE('',#1871,#1870,#913,.T.);
#2353=EDGE_CURVE('',#1872,#1871,#914,.T.);
#2354=EDGE_CURVE('',#1873,#1872,#915,.T.);
#2355=EDGE_CURVE('',#1869,#1873,#916,.T.);
#2356=EDGE_CURVE('',#1873,#1874,#917,.T.);
#2357=EDGE_CURVE('',#1875,#1872,#918,.T.);
#2358=EDGE_CURVE('',#1874,#1875,#919,.T.);
#2359=EDGE_CURVE('',#1876,#1877,#920,.T.);
#2360=EDGE_CURVE('',#1878,#1877,#921,.T.);
#2361=EDGE_CURVE('',#1879,#1878,#922,.T.);
#2362=EDGE_CURVE('',#1879,#1880,#923,.T.);
#2363=EDGE_CURVE('',#1880,#1881,#924,.T.);
#2364=EDGE_CURVE('',#1881,#1876,#925,.T.);
#2365=EDGE_CURVE('',#1882,#1883,#926,.T.);
#2366=EDGE_CURVE('',#1884,#1882,#927,.T.);
#2367=EDGE_CURVE('',#1885,#1884,#928,.T.);
#2368=EDGE_CURVE('',#1883,#1885,#929,.T.);
#2369=EDGE_CURVE('',#1886,#1887,#930,.T.);
#2370=EDGE_CURVE('',#1886,#1882,#931,.F.);
#2371=EDGE_CURVE('',#1883,#1881,#932,.T.);
#2372=EDGE_CURVE('',#1880,#1888,#933,.T.);
#2373=EDGE_CURVE('',#1889,#1888,#934,.T.);
#2374=EDGE_CURVE('',#1887,#1889,#935,.F.);
#2375=EDGE_CURVE('',#1876,#1885,#936,.T.);
#2376=EDGE_CURVE('',#1884,#1890,#937,.T.);
#2377=EDGE_CURVE('',#1891,#1890,#938,.T.);
#2378=EDGE_CURVE('',#1877,#1891,#939,.T.);
#2379=EDGE_CURVE('',#1890,#1886,#940,.T.);
#2380=EDGE_CURVE('',#1892,#1891,#941,.T.);
#2381=EDGE_CURVE('',#1878,#1892,#942,.T.);
#2382=EDGE_CURVE('',#1887,#1893,#943,.T.);
#2383=EDGE_CURVE('',#1892,#1893,#944,.F.);
#2384=EDGE_CURVE('',#1893,#1894,#945,.T.);
#2385=EDGE_CURVE('',#1894,#1889,#946,.T.);
#2386=EDGE_CURVE('',#1894,#1895,#947,.T.);
#2387=EDGE_CURVE('',#1895,#1888,#948,.T.);
#2388=EDGE_CURVE('',#1896,#1897,#949,.T.);
#2389=EDGE_CURVE('',#1897,#1898,#950,.T.);
#2390=EDGE_CURVE('',#1898,#1899,#951,.T.);
#2391=EDGE_CURVE('',#1900,#1899,#952,.T.);
#2392=EDGE_CURVE('',#1901,#1900,#953,.T.);
#2393=EDGE_CURVE('',#1896,#1901,#954,.T.);
#2394=EDGE_CURVE('',#1901,#1902,#955,.T.);
#2395=EDGE_CURVE('',#1903,#1900,#956,.T.);
#2396=EDGE_CURVE('',#1902,#1903,#957,.T.);
#2397=EDGE_CURVE('',#1825,#1904,#135,.T.);
#2398=EDGE_CURVE('',#1904,#1905,#958,.T.);
#2399=EDGE_CURVE('',#1906,#1905,#136,.F.);
#2400=EDGE_CURVE('',#1906,#1907,#959,.T.);
#2401=EDGE_CURVE('',#1908,#1907,#137,.F.);
#2402=EDGE_CURVE('',#1908,#1909,#960,.T.);
#2403=EDGE_CURVE('',#1827,#1909,#138,.F.);
#2404=EDGE_CURVE('',#1910,#1911,#961,.T.);
#2405=EDGE_CURVE('',#1911,#1912,#962,.T.);
#2406=EDGE_CURVE('',#1912,#1896,#963,.T.);
#2407=EDGE_CURVE('',#1902,#1910,#964,.T.);
#2408=EDGE_CURVE('',#1895,#1879,#965,.T.);
#2409=EDGE_CURVE('',#1913,#1914,#966,.T.);
#2410=EDGE_CURVE('',#1914,#1869,#967,.T.);
#2411=EDGE_CURVE('',#1874,#1915,#968,.T.);
#2412=EDGE_CURVE('',#1913,#1915,#969,.T.);
#2413=EDGE_CURVE('',#1916,#1917,#970,.T.);
#2414=EDGE_CURVE('',#1916,#1918,#971,.T.);
#2415=EDGE_CURVE('',#1918,#1919,#972,.T.);
#2416=EDGE_CURVE('',#1919,#1920,#973,.T.);
#2417=EDGE_CURVE('',#1920,#1921,#974,.T.);
#2418=EDGE_CURVE('',#1922,#1921,#975,.T.);
#2419=EDGE_CURVE('',#1923,#1922,#976,.T.);
#2420=EDGE_CURVE('',#1917,#1923,#977,.T.);
#2421=EDGE_CURVE('',#1924,#1925,#978,.T.);
#2422=EDGE_CURVE('',#1926,#1924,#979,.T.);
#2423=EDGE_CURVE('',#1926,#1927,#980,.T.);
#2424=EDGE_CURVE('',#1927,#1925,#981,.T.);
#2425=EDGE_CURVE('',#1925,#1928,#982,.T.);
#2426=EDGE_CURVE('',#1927,#1898,#983,.T.);
#2427=EDGE_CURVE('',#1929,#1897,#984,.T.);
#2428=EDGE_CURVE('',#1930,#1929,#985,.T.);
#2429=EDGE_CURVE('',#1931,#1930,#986,.T.);
#2430=EDGE_CURVE('',#1928,#1931,#987,.T.);
#2431=EDGE_CURVE('',#1899,#1926,#988,.T.);
#2432=EDGE_CURVE('',#1932,#1924,#989,.T.);
#2433=EDGE_CURVE('',#1903,#1932,#990,.T.);
#2434=EDGE_CURVE('',#1932,#1928,#991,.T.);
#2435=EDGE_CURVE('',#1910,#1931,#992,.T.);
#2436=EDGE_CURVE('',#1911,#1930,#993,.T.);
#2437=EDGE_CURVE('',#1929,#1912,#994,.T.);
#2438=EDGE_CURVE('',#1933,#1934,#995,.T.);
#2439=EDGE_CURVE('',#1935,#1933,#996,.T.);
#2440=EDGE_CURVE('',#1936,#1935,#997,.T.);
#2441=EDGE_CURVE('',#1936,#1934,#998,.T.);
#2442=EDGE_CURVE('',#1937,#1938,#999,.T.);
#2443=EDGE_CURVE('',#1934,#1937,#1000,.T.);
#2444=EDGE_CURVE('',#1870,#1936,#1001,.T.);
#2445=EDGE_CURVE('',#1939,#1868,#1002,.T.);
#2446=EDGE_CURVE('',#1940,#1939,#1003,.T.);
#2447=EDGE_CURVE('',#1938,#1940,#1004,.T.);
#2448=EDGE_CURVE('',#1871,#1935,#1005,.T.);
#2449=EDGE_CURVE('',#1933,#1941,#1006,.T.);
#2450=EDGE_CURVE('',#1941,#1875,#1007,.T.);
#2451=EDGE_CURVE('',#1937,#1941,#1008,.T.);
#2452=EDGE_CURVE('',#1915,#1938,#1009,.T.);
#2453=EDGE_CURVE('',#1913,#1940,#1010,.T.);
#2454=EDGE_CURVE('',#1914,#1939,#1011,.T.);
#2455=EDGE_CURVE('',#1842,#1942,#1012,.T.);
#2456=EDGE_CURVE('',#1942,#1943,#1013,.T.);
#2457=EDGE_CURVE('',#1905,#1943,#1014,.T.);
#2458=EDGE_CURVE('',#1944,#1904,#1015,.T.);
#2459=EDGE_CURVE('',#1944,#1842,#1016,.T.);
#2460=EDGE_CURVE('',#1826,#1944,#139,.T.);
#2461=EDGE_CURVE('',#1908,#1945,#1017,.T.);
#2462=EDGE_CURVE('',#1945,#1845,#1018,.F.);
#2463=EDGE_CURVE('',#1844,#1946,#1019,.T.);
#2464=EDGE_CURVE('',#1946,#1947,#1020,.T.);
#2465=EDGE_CURVE('',#1947,#1948,#1021,.T.);
#2466=EDGE_CURVE('',#1948,#1909,#1022,.T.);
#2467=EDGE_CURVE('',#1949,#1950,#1023,.T.);
#2468=EDGE_CURVE('',#1950,#1951,#1024,.T.);
#2469=EDGE_CURVE('',#1952,#1951,#1025,.T.);
#2470=EDGE_CURVE('',#1952,#1949,#1026,.T.);
#2471=EDGE_CURVE('',#1953,#1828,#140,.F.);
#2472=EDGE_CURVE('',#1828,#1829,#1027,.F.);
#2473=EDGE_CURVE('',#1829,#1954,#141,.T.);
#2474=EDGE_CURVE('',#1954,#1953,#1028,.T.);
#2475=EDGE_CURVE('',#1953,#1949,#1029,.T.);
#2476=EDGE_CURVE('',#1954,#1950,#1030,.T.);
#2477=EDGE_CURVE('',#1948,#1828,#142,.T.);
#2478=EDGE_CURVE('',#1947,#1955,#1031,.T.);
#2479=EDGE_CURVE('',#1830,#1955,#1032,.T.);
#2480=EDGE_CURVE('',#1951,#1829,#1033,.F.);
#2481=EDGE_CURVE('',#1828,#1952,#1034,.T.);
#2482=EDGE_CURVE('',#1955,#1946,#1035,.T.);
#2483=EDGE_CURVE('',#1906,#1956,#1036,.T.);
#2484=EDGE_CURVE('',#1956,#1957,#1037,.T.);
#2485=EDGE_CURVE('',#1957,#1958,#1038,.T.);
#2486=EDGE_CURVE('',#1958,#1959,#1039,.T.);
#2487=EDGE_CURVE('',#1959,#1960,#1040,.T.);
#2488=EDGE_CURVE('',#1960,#1961,#1041,.T.);
#2489=EDGE_CURVE('',#1961,#1962,#1042,.T.);
#2490=EDGE_CURVE('',#1962,#1963,#1043,.T.);
#2491=EDGE_CURVE('',#1963,#1964,#1044,.T.);
#2492=EDGE_CURVE('',#1964,#1965,#1045,.T.);
#2493=EDGE_CURVE('',#1965,#1966,#1046,.T.);
#2494=EDGE_CURVE('',#1966,#1967,#1047,.T.);
#2495=EDGE_CURVE('',#1967,#1968,#1048,.T.);
#2496=EDGE_CURVE('',#1968,#1907,#1049,.T.);
#2497=EDGE_CURVE('',#1963,#1843,#1050,.T.);
#2498=EDGE_CURVE('',#1962,#1969,#1051,.T.);
#2499=EDGE_CURVE('',#1942,#1969,#1052,.T.);
#2500=EDGE_CURVE('',#1970,#1957,#143,.T.);
#2501=EDGE_CURVE('',#1957,#1960,#1053,.F.);
#2502=EDGE_CURVE('',#1960,#1971,#144,.F.);
#2503=EDGE_CURVE('',#1970,#1971,#1054,.T.);
#2504=EDGE_CURVE('',#1971,#1972,#1055,.T.);
#2505=EDGE_CURVE('',#1973,#1972,#1056,.T.);
#2506=EDGE_CURVE('',#1973,#1970,#1057,.T.);
#2507=EDGE_CURVE('',#1974,#1942,#1058,.F.);
#2508=EDGE_CURVE('',#1961,#1974,#1059,.T.);
#2509=EDGE_CURVE('',#1943,#1956,#145,.T.);
#2510=EDGE_CURVE('',#1959,#1975,#1060,.T.);
#2511=EDGE_CURVE('',#1972,#1975,#1061,.T.);
#2512=EDGE_CURVE('',#1976,#1973,#1062,.T.);
#2513=EDGE_CURVE('',#1958,#1976,#1063,.F.);
#2514=EDGE_CURVE('',#1975,#1976,#1064,.T.);
#2515=EDGE_CURVE('',#1969,#1974,#1065,.T.);
#2516=EDGE_CURVE('',#1843,#1964,#1066,.T.);
#2517=EDGE_CURVE('',#1968,#1945,#146,.T.);
#2518=EDGE_CURVE('',#1965,#1967,#1067,.F.);
#2519=EDGE_CURVE('',#1967,#1977,#147,.F.);
#2520=EDGE_CURVE('',#1965,#1977,#1068,.T.);
#2521=EDGE_CURVE('',#1978,#1979,#1069,.T.);
#2522=EDGE_CURVE('',#1978,#1965,#1070,.T.);
#2523=EDGE_CURVE('',#1977,#1979,#1071,.T.);
#2524=EDGE_CURVE('',#1980,#1981,#1072,.T.);
#2525=EDGE_CURVE('',#1981,#1978,#1073,.T.);
#2526=EDGE_CURVE('',#1979,#1980,#1074,.T.);
#2527=EDGE_CURVE('',#1966,#1980,#1075,.T.);
#2528=EDGE_CURVE('',#1965,#1981,#1076,.F.);
#2529=EDGE_CURVE('',#1982,#1982,#148,.T.);
#2530=EDGE_CURVE('',#1983,#1983,#149,.T.);
#2531=EDGE_CURVE('',#1983,#1982,#1077,.T.);
#2532=EDGE_CURVE('',#1984,#1985,#150,.F.);
#2533=EDGE_CURVE('',#1986,#1984,#1078,.T.);
#2534=EDGE_CURVE('',#1987,#1986,#151,.T.);
#2535=EDGE_CURVE('',#1985,#1987,#1079,.T.);
#2536=EDGE_CURVE('',#1988,#1989,#152,.T.);
#2537=EDGE_CURVE('',#1990,#1988,#1080,.T.);
#2538=EDGE_CURVE('',#1991,#1990,#153,.T.);
#2539=EDGE_CURVE('',#1991,#1989,#1081,.T.);
#2540=EDGE_CURVE('',#1992,#1993,#1082,.T.);
#2541=EDGE_CURVE('',#1994,#1992,#1083,.T.);
#2542=EDGE_CURVE('',#1994,#1995,#1084,.T.);
#2543=EDGE_CURVE('',#1995,#1993,#1085,.T.);
#2544=EDGE_CURVE('',#1996,#1997,#1086,.T.);
#2545=EDGE_CURVE('',#1993,#1996,#1087,.T.);
#2546=EDGE_CURVE('',#1997,#1995,#1088,.T.);
#2547=EDGE_CURVE('',#1997,#1994,#1089,.T.);
#2548=EDGE_CURVE('',#1992,#1996,#1090,.F.);
#2549=EDGE_CURVE('',#1994,#1992,#1091,.T.);
#2550=EDGE_CURVE('',#1986,#1998,#1092,.T.);
#2551=EDGE_CURVE('',#1998,#1999,#154,.T.);
#2552=EDGE_CURVE('',#1999,#2000,#1093,.T.);
#2553=EDGE_CURVE('',#2000,#2001,#1094,.T.);
#2554=EDGE_CURVE('',#2001,#1991,#1095,.T.);
#2555=EDGE_CURVE('',#1990,#1987,#1096,.T.);
#2556=EDGE_CURVE('',#2002,#2003,#1097,.T.);
#2557=EDGE_CURVE('',#1985,#2002,#1098,.T.);
#2558=EDGE_CURVE('',#2003,#1988,#1099,.T.);
#2559=EDGE_CURVE('',#2004,#2005,#155,.T.);
#2560=EDGE_CURVE('',#1999,#2004,#1100,.T.);
#2561=EDGE_CURVE('',#2005,#1998,#1101,.T.);
#2562=EDGE_CURVE('',#2006,#2004,#1102,.T.);
#2563=EDGE_CURVE('',#2005,#2007,#1103,.T.);
#2564=EDGE_CURVE('',#2007,#2008,#1104,.T.);
#2565=EDGE_CURVE('',#2008,#2009,#1105,.T.);
#2566=EDGE_CURVE('',#2009,#2003,#1106,.T.);
#2567=EDGE_CURVE('',#1989,#2010,#1107,.T.);
#2568=EDGE_CURVE('',#2010,#2006,#1108,.F.);
#2569=EDGE_CURVE('',#2006,#2000,#1109,.T.);
#2570=EDGE_CURVE('',#2010,#2001,#1110,.F.);
#2571=EDGE_CURVE('',#2011,#1984,#1111,.T.);
#2572=EDGE_CURVE('',#2011,#2007,#1112,.T.);
#2573=EDGE_CURVE('',#1920,#2008,#1113,.T.);
#2574=EDGE_CURVE('',#2009,#1919,#1114,.T.);
#2575=EDGE_CURVE('',#2012,#1918,#1115,.T.);
#2576=EDGE_CURVE('',#2002,#2012,#1116,.T.);
#2577=EDGE_CURVE('',#2013,#2011,#1117,.T.);
#2578=EDGE_CURVE('',#1921,#2013,#1118,.T.);
#2579=EDGE_CURVE('',#2014,#2015,#1119,.T.);
#2580=EDGE_CURVE('',#2016,#2014,#1120,.T.);
#2581=EDGE_CURVE('',#2016,#2015,#156,.T.);
#2582=EDGE_CURVE('',#2017,#2018,#1121,.T.);
#2583=EDGE_CURVE('',#2018,#2016,#1122,.T.);
#2584=EDGE_CURVE('',#2019,#2014,#1123,.T.);
#2585=EDGE_CURVE('',#2020,#2019,#1124,.T.);
#2586=EDGE_CURVE('',#2020,#2017,#1125,.T.);
#2587=EDGE_CURVE('',#2015,#2021,#1126,.T.);
#2588=EDGE_CURVE('',#2015,#2022,#157,.T.);
#2589=EDGE_CURVE('',#2022,#2021,#1127,.T.);
#2590=EDGE_CURVE('',#2023,#2018,#158,.F.);
#2591=EDGE_CURVE('',#2022,#2023,#1128,.T.);
#2592=EDGE_CURVE('',#2024,#2023,#1129,.T.);
#2593=EDGE_CURVE('',#2024,#2025,#1130,.T.);
#2594=EDGE_CURVE('',#2026,#2025,#1131,.T.);
#2595=EDGE_CURVE('',#2021,#2026,#1132,.T.);
#2596=EDGE_CURVE('',#2019,#2013,#1133,.T.);
#2597=EDGE_CURVE('',#2027,#2026,#1134,.T.);
#2598=EDGE_CURVE('',#1922,#2027,#1135,.T.);
#2599=EDGE_CURVE('',#2025,#2020,#159,.F.);
#2600=EDGE_CURVE('',#2017,#2024,#160,.T.);
#2601=EDGE_CURVE('',#2028,#2029,#1136,.T.);
#2602=EDGE_CURVE('',#2028,#2030,#161,.T.);
#2603=EDGE_CURVE('',#2031,#2030,#1137,.T.);
#2604=EDGE_CURVE('',#2027,#2031,#1138,.T.);
#2605=EDGE_CURVE('',#2012,#2032,#1139,.F.);
#2606=EDGE_CURVE('',#2032,#2033,#1140,.T.);
#2607=EDGE_CURVE('',#2033,#2034,#162,.T.);
#2608=EDGE_CURVE('',#2034,#2035,#1141,.T.);
#2609=EDGE_CURVE('',#2035,#2036,#1142,.F.);
#2610=EDGE_CURVE('',#2029,#2036,#1143,.T.);
#2611=EDGE_CURVE('',#2037,#2038,#1144,.T.);
#2612=EDGE_CURVE('',#2038,#2039,#1145,.T.);
#2613=EDGE_CURVE('',#2039,#2037,#163,.T.);
#2614=EDGE_CURVE('',#2040,#2037,#1146,.T.);
#2615=EDGE_CURVE('',#2037,#2041,#164,.T.);
#2616=EDGE_CURVE('',#2040,#2041,#1147,.T.);
#2617=EDGE_CURVE('',#2032,#2040,#1148,.T.);
#2618=EDGE_CURVE('',#2036,#1916,#1149,.T.);
#2619=EDGE_CURVE('',#2035,#2038,#1150,.T.);
#2620=EDGE_CURVE('',#2042,#2033,#1151,.T.);
#2621=EDGE_CURVE('',#2043,#2042,#165,.T.);
#2622=EDGE_CURVE('',#2034,#2043,#1152,.T.);
#2623=EDGE_CURVE('',#2044,#2042,#1153,.T.);
#2624=EDGE_CURVE('',#2044,#2045,#166,.F.);
#2625=EDGE_CURVE('',#2045,#2043,#1154,.T.);
#2626=EDGE_CURVE('',#2045,#2039,#1155,.T.);
#2627=EDGE_CURVE('',#2041,#2044,#1156,.T.);
#2628=EDGE_CURVE('',#2046,#1917,#1157,.T.);
#2629=EDGE_CURVE('',#2047,#2046,#1158,.T.);
#2630=EDGE_CURVE('',#2029,#2047,#1159,.T.);
#2631=EDGE_CURVE('',#2048,#2031,#1160,.T.);
#2632=EDGE_CURVE('',#2049,#2048,#1161,.T.);
#2633=EDGE_CURVE('',#2049,#1923,#1162,.T.);
#2634=EDGE_CURVE('',#1860,#2028,#1163,.T.);
#2635=EDGE_CURVE('',#2030,#1864,#1164,.T.);
#2636=EDGE_CURVE('',#2050,#2047,#1165,.T.);
#2637=EDGE_CURVE('',#2050,#1861,#1166,.T.);
#2638=EDGE_CURVE('',#2048,#1858,#1167,.T.);
#2639=EDGE_CURVE('',#2046,#2049,#1168,.T.);
#2640=EDGE_CURVE('',#1865,#2051,#1169,.T.);
#2641=EDGE_CURVE('',#2051,#2050,#167,.T.);
#2642=EDGE_CURVE('',#1862,#2051,#1170,.T.);
#2643=ORIENTED_EDGE('',*,*,#2052,.T.);
#2644=ORIENTED_EDGE('',*,*,#2053,.F.);
#2645=ORIENTED_EDGE('',*,*,#2054,.F.);
#2646=ORIENTED_EDGE('',*,*,#2055,.T.);
#2647=ORIENTED_EDGE('',*,*,#2056,.F.);
#2648=ORIENTED_EDGE('',*,*,#2057,.F.);
#2649=ORIENTED_EDGE('',*,*,#2058,.T.);
#2650=ORIENTED_EDGE('',*,*,#2054,.T.);
#2651=ORIENTED_EDGE('',*,*,#2059,.F.);
#2652=ORIENTED_EDGE('',*,*,#2060,.F.);
#2653=ORIENTED_EDGE('',*,*,#2061,.F.);
#2654=ORIENTED_EDGE('',*,*,#2062,.F.);
#2655=ORIENTED_EDGE('',*,*,#2063,.F.);
#2656=ORIENTED_EDGE('',*,*,#2064,.F.);
#2657=ORIENTED_EDGE('',*,*,#2065,.F.);
#2658=ORIENTED_EDGE('',*,*,#2066,.F.);
#2659=ORIENTED_EDGE('',*,*,#2067,.T.);
#2660=ORIENTED_EDGE('',*,*,#2068,.F.);
#2661=ORIENTED_EDGE('',*,*,#2069,.F.);
#2662=ORIENTED_EDGE('',*,*,#2070,.F.);
#2663=ORIENTED_EDGE('',*,*,#2071,.F.);
#2664=ORIENTED_EDGE('',*,*,#2072,.F.);
#2665=ORIENTED_EDGE('',*,*,#2073,.F.);
#2666=ORIENTED_EDGE('',*,*,#2074,.F.);
#2667=ORIENTED_EDGE('',*,*,#2075,.T.);
#2668=ORIENTED_EDGE('',*,*,#2076,.F.);
#2669=ORIENTED_EDGE('',*,*,#2077,.F.);
#2670=ORIENTED_EDGE('',*,*,#2078,.F.);
#2671=ORIENTED_EDGE('',*,*,#2079,.F.);
#2672=ORIENTED_EDGE('',*,*,#2080,.T.);
#2673=ORIENTED_EDGE('',*,*,#2081,.T.);
#2674=ORIENTED_EDGE('',*,*,#2082,.F.);
#2675=ORIENTED_EDGE('',*,*,#2063,.T.);
#2676=ORIENTED_EDGE('',*,*,#2083,.T.);
#2677=ORIENTED_EDGE('',*,*,#2084,.T.);
#2678=ORIENTED_EDGE('',*,*,#2085,.T.);
#2679=ORIENTED_EDGE('',*,*,#2086,.F.);
#2680=ORIENTED_EDGE('',*,*,#2087,.F.);
#2681=ORIENTED_EDGE('',*,*,#2059,.T.);
#2682=ORIENTED_EDGE('',*,*,#2088,.T.);
#2683=ORIENTED_EDGE('',*,*,#2089,.T.);
#2684=ORIENTED_EDGE('',*,*,#2055,.F.);
#2685=ORIENTED_EDGE('',*,*,#2058,.F.);
#2686=ORIENTED_EDGE('',*,*,#2090,.F.);
#2687=ORIENTED_EDGE('',*,*,#2064,.T.);
#2688=ORIENTED_EDGE('',*,*,#2082,.T.);
#2689=ORIENTED_EDGE('',*,*,#2091,.F.);
#2690=ORIENTED_EDGE('',*,*,#2092,.F.);
#2691=ORIENTED_EDGE('',*,*,#2093,.F.);
#2692=ORIENTED_EDGE('',*,*,#2083,.F.);
#2693=ORIENTED_EDGE('',*,*,#2066,.T.);
#2694=ORIENTED_EDGE('',*,*,#2094,.F.);
#2695=ORIENTED_EDGE('',*,*,#2060,.T.);
#2696=ORIENTED_EDGE('',*,*,#2087,.T.);
#2697=ORIENTED_EDGE('',*,*,#2095,.F.);
#2698=ORIENTED_EDGE('',*,*,#2096,.F.);
#2699=ORIENTED_EDGE('',*,*,#2097,.F.);
#2700=ORIENTED_EDGE('',*,*,#2088,.F.);
#2701=ORIENTED_EDGE('',*,*,#2062,.T.);
#2702=ORIENTED_EDGE('',*,*,#2098,.F.);
#2703=ORIENTED_EDGE('',*,*,#2084,.F.);
#2704=ORIENTED_EDGE('',*,*,#2093,.T.);
#2705=ORIENTED_EDGE('',*,*,#2099,.F.);
#2706=ORIENTED_EDGE('',*,*,#2100,.F.);
#2707=ORIENTED_EDGE('',*,*,#2091,.T.);
#2708=ORIENTED_EDGE('',*,*,#2081,.F.);
#2709=ORIENTED_EDGE('',*,*,#2101,.F.);
#2710=ORIENTED_EDGE('',*,*,#2102,.F.);
#2711=ORIENTED_EDGE('',*,*,#2067,.F.);
#2712=ORIENTED_EDGE('',*,*,#2097,.T.);
#2713=ORIENTED_EDGE('',*,*,#2103,.F.);
#2714=ORIENTED_EDGE('',*,*,#2104,.F.);
#2715=ORIENTED_EDGE('',*,*,#2105,.T.);
#2716=ORIENTED_EDGE('',*,*,#2106,.F.);
#2717=ORIENTED_EDGE('',*,*,#2095,.T.);
#2718=ORIENTED_EDGE('',*,*,#2086,.T.);
#2719=ORIENTED_EDGE('',*,*,#2085,.F.);
#2720=ORIENTED_EDGE('',*,*,#2100,.T.);
#2721=ORIENTED_EDGE('',*,*,#2107,.F.);
#2722=ORIENTED_EDGE('',*,*,#2105,.F.);
#2723=ORIENTED_EDGE('',*,*,#2080,.F.);
#2724=ORIENTED_EDGE('',*,*,#2108,.F.);
#2725=ORIENTED_EDGE('',*,*,#2109,.F.);
#2726=ORIENTED_EDGE('',*,*,#2101,.T.);
#2727=ORIENTED_EDGE('',*,*,#2110,.T.);
#2728=ORIENTED_EDGE('',*,*,#2111,.T.);
#2729=ORIENTED_EDGE('',*,*,#2112,.T.);
#2730=ORIENTED_EDGE('',*,*,#2077,.T.);
#2731=ORIENTED_EDGE('',*,*,#2110,.F.);
#2732=ORIENTED_EDGE('',*,*,#2076,.T.);
#2733=ORIENTED_EDGE('',*,*,#2113,.F.);
#2734=ORIENTED_EDGE('',*,*,#2114,.F.);
#2735=ORIENTED_EDGE('',*,*,#2115,.F.);
#2736=ORIENTED_EDGE('',*,*,#2078,.T.);
#2737=ORIENTED_EDGE('',*,*,#2112,.F.);
#2738=ORIENTED_EDGE('',*,*,#2116,.F.);
#2739=ORIENTED_EDGE('',*,*,#2115,.T.);
#2740=ORIENTED_EDGE('',*,*,#2117,.F.);
#2741=ORIENTED_EDGE('',*,*,#2108,.T.);
#2742=ORIENTED_EDGE('',*,*,#2079,.T.);
#2743=ORIENTED_EDGE('',*,*,#2113,.T.);
#2744=ORIENTED_EDGE('',*,*,#2075,.F.);
#2745=ORIENTED_EDGE('',*,*,#2118,.F.);
#2746=ORIENTED_EDGE('',*,*,#2119,.F.);
#2747=ORIENTED_EDGE('',*,*,#2106,.T.);
#2748=ORIENTED_EDGE('',*,*,#2107,.T.);
#2749=ORIENTED_EDGE('',*,*,#2099,.T.);
#2750=ORIENTED_EDGE('',*,*,#2094,.T.);
#2751=ORIENTED_EDGE('',*,*,#2065,.T.);
#2752=ORIENTED_EDGE('',*,*,#2092,.T.);
#2753=ORIENTED_EDGE('',*,*,#2102,.T.);
#2754=ORIENTED_EDGE('',*,*,#2109,.T.);
#2755=ORIENTED_EDGE('',*,*,#2117,.T.);
#2756=ORIENTED_EDGE('',*,*,#2116,.T.);
#2757=ORIENTED_EDGE('',*,*,#2111,.F.);
#2758=ORIENTED_EDGE('',*,*,#2114,.T.);
#2759=ORIENTED_EDGE('',*,*,#2119,.T.);
#2760=ORIENTED_EDGE('',*,*,#2120,.T.);
#2761=ORIENTED_EDGE('',*,*,#2121,.T.);
#2762=ORIENTED_EDGE('',*,*,#2122,.T.);
#2763=ORIENTED_EDGE('',*,*,#2123,.F.);
#2764=ORIENTED_EDGE('',*,*,#2124,.T.);
#2765=ORIENTED_EDGE('',*,*,#2125,.T.);
#2766=ORIENTED_EDGE('',*,*,#2126,.T.);
#2767=ORIENTED_EDGE('',*,*,#2103,.T.);
#2768=ORIENTED_EDGE('',*,*,#2098,.T.);
#2769=ORIENTED_EDGE('',*,*,#2061,.T.);
#2770=ORIENTED_EDGE('',*,*,#2096,.T.);
#2771=ORIENTED_EDGE('',*,*,#2056,.T.);
#2772=ORIENTED_EDGE('',*,*,#2053,.T.);
#2773=ORIENTED_EDGE('',*,*,#2127,.T.);
#2774=ORIENTED_EDGE('',*,*,#2128,.T.);
#2775=ORIENTED_EDGE('',*,*,#2129,.F.);
#2776=ORIENTED_EDGE('',*,*,#2120,.F.);
#2777=ORIENTED_EDGE('',*,*,#2118,.T.);
#2778=ORIENTED_EDGE('',*,*,#2074,.T.);
#2779=ORIENTED_EDGE('',*,*,#2127,.F.);
#2780=ORIENTED_EDGE('',*,*,#2052,.F.);
#2781=ORIENTED_EDGE('',*,*,#2089,.F.);
#2782=ORIENTED_EDGE('',*,*,#2130,.F.);
#2783=ORIENTED_EDGE('',*,*,#2131,.T.);
#2784=ORIENTED_EDGE('',*,*,#2123,.T.);
#2785=ORIENTED_EDGE('',*,*,#2132,.T.);
#2786=ORIENTED_EDGE('',*,*,#2071,.T.);
#2787=ORIENTED_EDGE('',*,*,#2131,.F.);
#2788=ORIENTED_EDGE('',*,*,#2070,.T.);
#2789=ORIENTED_EDGE('',*,*,#2133,.F.);
#2790=ORIENTED_EDGE('',*,*,#2124,.F.);
#2791=ORIENTED_EDGE('',*,*,#2134,.F.);
#2792=ORIENTED_EDGE('',*,*,#2072,.T.);
#2793=ORIENTED_EDGE('',*,*,#2132,.F.);
#2794=ORIENTED_EDGE('',*,*,#2122,.F.);
#2795=ORIENTED_EDGE('',*,*,#2134,.T.);
#2796=ORIENTED_EDGE('',*,*,#2121,.F.);
#2797=ORIENTED_EDGE('',*,*,#2129,.T.);
#2798=ORIENTED_EDGE('',*,*,#2073,.T.);
#2799=ORIENTED_EDGE('',*,*,#2135,.F.);
#2800=ORIENTED_EDGE('',*,*,#2125,.F.);
#2801=ORIENTED_EDGE('',*,*,#2133,.T.);
#2802=ORIENTED_EDGE('',*,*,#2069,.T.);
#2803=ORIENTED_EDGE('',*,*,#2104,.T.);
#2804=ORIENTED_EDGE('',*,*,#2126,.F.);
#2805=ORIENTED_EDGE('',*,*,#2135,.T.);
#2806=ORIENTED_EDGE('',*,*,#2068,.T.);
#2807=ORIENTED_EDGE('',*,*,#2128,.F.);
#2808=ORIENTED_EDGE('',*,*,#2130,.T.);
#2809=ORIENTED_EDGE('',*,*,#2090,.T.);
#2810=ORIENTED_EDGE('',*,*,#2057,.T.);
#2811=ORIENTED_EDGE('',*,*,#2136,.T.);
#2812=ORIENTED_EDGE('',*,*,#2137,.T.);
#2813=ORIENTED_EDGE('',*,*,#2138,.T.);
#2814=ORIENTED_EDGE('',*,*,#2139,.F.);
#2815=ORIENTED_EDGE('',*,*,#2137,.F.);
#2816=ORIENTED_EDGE('',*,*,#2140,.T.);
#2817=ORIENTED_EDGE('',*,*,#2141,.F.);
#2818=ORIENTED_EDGE('',*,*,#2142,.F.);
#2819=ORIENTED_EDGE('',*,*,#2143,.F.);
#2820=ORIENTED_EDGE('',*,*,#2144,.F.);
#2821=ORIENTED_EDGE('',*,*,#2145,.F.);
#2822=ORIENTED_EDGE('',*,*,#2146,.F.);
#2823=ORIENTED_EDGE('',*,*,#2147,.F.);
#2824=ORIENTED_EDGE('',*,*,#2147,.T.);
#2825=ORIENTED_EDGE('',*,*,#2148,.T.);
#2826=ORIENTED_EDGE('',*,*,#2149,.F.);
#2827=ORIENTED_EDGE('',*,*,#2150,.F.);
#2828=ORIENTED_EDGE('',*,*,#2148,.F.);
#2829=ORIENTED_EDGE('',*,*,#2151,.T.);
#2830=ORIENTED_EDGE('',*,*,#2152,.T.);
#2831=ORIENTED_EDGE('',*,*,#2149,.T.);
#2832=ORIENTED_EDGE('',*,*,#2150,.T.);
#2833=ORIENTED_EDGE('',*,*,#2152,.F.);
#2834=ORIENTED_EDGE('',*,*,#2153,.F.);
#2835=ORIENTED_EDGE('',*,*,#2154,.F.);
#2836=ORIENTED_EDGE('',*,*,#2143,.T.);
#2837=ORIENTED_EDGE('',*,*,#2155,.F.);
#2838=ORIENTED_EDGE('',*,*,#2156,.F.);
#2839=ORIENTED_EDGE('',*,*,#2157,.F.);
#2840=ORIENTED_EDGE('',*,*,#2158,.T.);
#2841=ORIENTED_EDGE('',*,*,#2159,.F.);
#2842=ORIENTED_EDGE('',*,*,#2151,.F.);
#2843=ORIENTED_EDGE('',*,*,#2158,.F.);
#2844=ORIENTED_EDGE('',*,*,#2160,.F.);
#2845=ORIENTED_EDGE('',*,*,#2161,.F.);
#2846=ORIENTED_EDGE('',*,*,#2162,.F.);
#2847=ORIENTED_EDGE('',*,*,#2163,.T.);
#2848=ORIENTED_EDGE('',*,*,#2160,.T.);
#2849=ORIENTED_EDGE('',*,*,#2157,.T.);
#2850=ORIENTED_EDGE('',*,*,#2164,.T.);
#2851=ORIENTED_EDGE('',*,*,#2165,.T.);
#2852=ORIENTED_EDGE('',*,*,#2166,.T.);
#2853=ORIENTED_EDGE('',*,*,#2159,.T.);
#2854=ORIENTED_EDGE('',*,*,#2162,.T.);
#2855=ORIENTED_EDGE('',*,*,#2167,.T.);
#2856=ORIENTED_EDGE('',*,*,#2168,.T.);
#2857=ORIENTED_EDGE('',*,*,#2155,.T.);
#2858=ORIENTED_EDGE('',*,*,#2146,.T.);
#2859=ORIENTED_EDGE('',*,*,#2169,.T.);
#2860=ORIENTED_EDGE('',*,*,#2164,.F.);
#2861=ORIENTED_EDGE('',*,*,#2156,.T.);
#2862=ORIENTED_EDGE('',*,*,#2168,.F.);
#2863=ORIENTED_EDGE('',*,*,#2170,.T.);
#2864=ORIENTED_EDGE('',*,*,#2144,.T.);
#2865=ORIENTED_EDGE('',*,*,#2154,.T.);
#2866=ORIENTED_EDGE('',*,*,#2171,.T.);
#2867=ORIENTED_EDGE('',*,*,#2166,.F.);
#2868=ORIENTED_EDGE('',*,*,#2172,.F.);
#2869=ORIENTED_EDGE('',*,*,#2171,.F.);
#2870=ORIENTED_EDGE('',*,*,#2153,.T.);
#2871=ORIENTED_EDGE('',*,*,#2173,.F.);
#2872=ORIENTED_EDGE('',*,*,#2174,.T.);
#2873=ORIENTED_EDGE('',*,*,#2175,.T.);
#2874=ORIENTED_EDGE('',*,*,#2176,.F.);
#2875=ORIENTED_EDGE('',*,*,#2177,.F.);
#2876=ORIENTED_EDGE('',*,*,#2178,.F.);
#2877=ORIENTED_EDGE('',*,*,#2138,.F.);
#2878=ORIENTED_EDGE('',*,*,#2142,.T.);
#2879=ORIENTED_EDGE('',*,*,#2145,.T.);
#2880=ORIENTED_EDGE('',*,*,#2170,.F.);
#2881=ORIENTED_EDGE('',*,*,#2172,.T.);
#2882=ORIENTED_EDGE('',*,*,#2165,.F.);
#2883=ORIENTED_EDGE('',*,*,#2161,.T.);
#2884=ORIENTED_EDGE('',*,*,#2163,.F.);
#2885=ORIENTED_EDGE('',*,*,#2169,.F.);
#2886=ORIENTED_EDGE('',*,*,#2167,.F.);
#2887=ORIENTED_EDGE('',*,*,#2179,.T.);
#2888=ORIENTED_EDGE('',*,*,#2139,.T.);
#2889=ORIENTED_EDGE('',*,*,#2178,.T.);
#2890=ORIENTED_EDGE('',*,*,#2180,.F.);
#2891=ORIENTED_EDGE('',*,*,#2181,.T.);
#2892=ORIENTED_EDGE('',*,*,#2180,.T.);
#2893=ORIENTED_EDGE('',*,*,#2177,.T.);
#2894=ORIENTED_EDGE('',*,*,#2182,.F.);
#2895=ORIENTED_EDGE('',*,*,#2183,.T.);
#2896=ORIENTED_EDGE('',*,*,#2182,.T.);
#2897=ORIENTED_EDGE('',*,*,#2176,.T.);
#2898=ORIENTED_EDGE('',*,*,#2184,.T.);
#2899=ORIENTED_EDGE('',*,*,#2185,.F.);
#2900=ORIENTED_EDGE('',*,*,#2186,.F.);
#2901=ORIENTED_EDGE('',*,*,#2184,.F.);
#2902=ORIENTED_EDGE('',*,*,#2175,.F.);
#2903=ORIENTED_EDGE('',*,*,#2141,.T.);
#2904=ORIENTED_EDGE('',*,*,#2187,.T.);
#2905=ORIENTED_EDGE('',*,*,#2188,.T.);
#2906=ORIENTED_EDGE('',*,*,#2173,.T.);
#2907=ORIENTED_EDGE('',*,*,#2188,.F.);
#2908=ORIENTED_EDGE('',*,*,#2189,.F.);
#2909=ORIENTED_EDGE('',*,*,#2185,.T.);
#2910=ORIENTED_EDGE('',*,*,#2174,.F.);
#2911=ORIENTED_EDGE('',*,*,#2190,.T.);
#2912=ORIENTED_EDGE('',*,*,#2191,.T.);
#2913=ORIENTED_EDGE('',*,*,#2192,.T.);
#2914=ORIENTED_EDGE('',*,*,#2193,.F.);
#2915=ORIENTED_EDGE('',*,*,#2194,.F.);
#2916=ORIENTED_EDGE('',*,*,#2195,.F.);
#2917=ORIENTED_EDGE('',*,*,#2196,.T.);
#2918=ORIENTED_EDGE('',*,*,#2197,.T.);
#2919=ORIENTED_EDGE('',*,*,#2198,.F.);
#2920=ORIENTED_EDGE('',*,*,#2197,.F.);
#2921=ORIENTED_EDGE('',*,*,#2199,.F.);
#2922=ORIENTED_EDGE('',*,*,#2200,.F.);
#2923=ORIENTED_EDGE('',*,*,#2192,.F.);
#2924=ORIENTED_EDGE('',*,*,#2201,.T.);
#2925=ORIENTED_EDGE('',*,*,#2202,.T.);
#2926=ORIENTED_EDGE('',*,*,#2203,.T.);
#2927=ORIENTED_EDGE('',*,*,#2204,.F.);
#2928=ORIENTED_EDGE('',*,*,#2205,.T.);
#2929=ORIENTED_EDGE('',*,*,#2206,.F.);
#2930=ORIENTED_EDGE('',*,*,#2207,.T.);
#2931=ORIENTED_EDGE('',*,*,#2208,.F.);
#2932=ORIENTED_EDGE('',*,*,#2209,.T.);
#2933=ORIENTED_EDGE('',*,*,#2210,.F.);
#2934=ORIENTED_EDGE('',*,*,#2211,.T.);
#2935=ORIENTED_EDGE('',*,*,#2212,.F.);
#2936=ORIENTED_EDGE('',*,*,#2213,.F.);
#2937=ORIENTED_EDGE('',*,*,#2214,.F.);
#2938=ORIENTED_EDGE('',*,*,#2215,.F.);
#2939=ORIENTED_EDGE('',*,*,#2216,.F.);
#2940=ORIENTED_EDGE('',*,*,#2217,.F.);
#2941=ORIENTED_EDGE('',*,*,#2218,.F.);
#2942=ORIENTED_EDGE('',*,*,#2219,.F.);
#2943=ORIENTED_EDGE('',*,*,#2220,.T.);
#2944=ORIENTED_EDGE('',*,*,#2221,.T.);
#2945=ORIENTED_EDGE('',*,*,#2194,.T.);
#2946=ORIENTED_EDGE('',*,*,#2198,.T.);
#2947=ORIENTED_EDGE('',*,*,#2222,.T.);
#2948=ORIENTED_EDGE('',*,*,#2223,.T.);
#2949=ORIENTED_EDGE('',*,*,#2195,.T.);
#2950=ORIENTED_EDGE('',*,*,#2221,.F.);
#2951=ORIENTED_EDGE('',*,*,#2220,.F.);
#2952=ORIENTED_EDGE('',*,*,#2200,.T.);
#2953=ORIENTED_EDGE('',*,*,#2224,.T.);
#2954=ORIENTED_EDGE('',*,*,#2222,.F.);
#2955=ORIENTED_EDGE('',*,*,#2225,.F.);
#2956=ORIENTED_EDGE('',*,*,#2226,.F.);
#2957=ORIENTED_EDGE('',*,*,#2201,.F.);
#2958=ORIENTED_EDGE('',*,*,#2191,.F.);
#2959=ORIENTED_EDGE('',*,*,#2227,.F.);
#2960=ORIENTED_EDGE('',*,*,#2228,.F.);
#2961=ORIENTED_EDGE('',*,*,#2205,.F.);
#2962=ORIENTED_EDGE('',*,*,#2229,.F.);
#2963=ORIENTED_EDGE('',*,*,#2230,.F.);
#2964=ORIENTED_EDGE('',*,*,#2231,.F.);
#2965=ORIENTED_EDGE('',*,*,#2207,.F.);
#2966=ORIENTED_EDGE('',*,*,#2232,.F.);
#2967=ORIENTED_EDGE('',*,*,#2233,.F.);
#2968=ORIENTED_EDGE('',*,*,#2234,.F.);
#2969=ORIENTED_EDGE('',*,*,#2209,.F.);
#2970=ORIENTED_EDGE('',*,*,#2235,.F.);
#2971=ORIENTED_EDGE('',*,*,#2236,.F.);
#2972=ORIENTED_EDGE('',*,*,#2237,.F.);
#2973=ORIENTED_EDGE('',*,*,#2211,.F.);
#2974=ORIENTED_EDGE('',*,*,#2238,.F.);
#2975=ORIENTED_EDGE('',*,*,#2193,.T.);
#2976=ORIENTED_EDGE('',*,*,#2219,.T.);
#2977=ORIENTED_EDGE('',*,*,#2239,.T.);
#2978=ORIENTED_EDGE('',*,*,#2240,.T.);
#2979=ORIENTED_EDGE('',*,*,#2241,.F.);
#2980=ORIENTED_EDGE('',*,*,#2215,.T.);
#2981=ORIENTED_EDGE('',*,*,#2242,.T.);
#2982=ORIENTED_EDGE('',*,*,#2243,.T.);
#2983=ORIENTED_EDGE('',*,*,#2244,.F.);
#2984=ORIENTED_EDGE('',*,*,#2213,.T.);
#2985=ORIENTED_EDGE('',*,*,#2245,.T.);
#2986=ORIENTED_EDGE('',*,*,#2246,.T.);
#2987=ORIENTED_EDGE('',*,*,#2247,.F.);
#2988=ORIENTED_EDGE('',*,*,#2217,.T.);
#2989=ORIENTED_EDGE('',*,*,#2248,.T.);
#2990=ORIENTED_EDGE('',*,*,#2249,.T.);
#2991=ORIENTED_EDGE('',*,*,#2250,.F.);
#2992=ORIENTED_EDGE('',*,*,#2202,.F.);
#2993=ORIENTED_EDGE('',*,*,#2226,.T.);
#2994=ORIENTED_EDGE('',*,*,#2251,.F.);
#2995=ORIENTED_EDGE('',*,*,#2252,.F.);
#2996=ORIENTED_EDGE('',*,*,#2249,.F.);
#2997=ORIENTED_EDGE('',*,*,#2253,.F.);
#2998=ORIENTED_EDGE('',*,*,#2243,.F.);
#2999=ORIENTED_EDGE('',*,*,#2254,.F.);
#3000=ORIENTED_EDGE('',*,*,#2246,.F.);
#3001=ORIENTED_EDGE('',*,*,#2255,.F.);
#3002=ORIENTED_EDGE('',*,*,#2236,.T.);
#3003=ORIENTED_EDGE('',*,*,#2256,.F.);
#3004=ORIENTED_EDGE('',*,*,#2233,.T.);
#3005=ORIENTED_EDGE('',*,*,#2257,.F.);
#3006=ORIENTED_EDGE('',*,*,#2230,.T.);
#3007=ORIENTED_EDGE('',*,*,#2258,.F.);
#3008=ORIENTED_EDGE('',*,*,#2227,.T.);
#3009=ORIENTED_EDGE('',*,*,#2259,.F.);
#3010=ORIENTED_EDGE('',*,*,#2260,.T.);
#3011=ORIENTED_EDGE('',*,*,#2251,.T.);
#3012=ORIENTED_EDGE('',*,*,#2225,.T.);
#3013=ORIENTED_EDGE('',*,*,#2190,.F.);
#3014=ORIENTED_EDGE('',*,*,#2240,.F.);
#3015=ORIENTED_EDGE('',*,*,#2183,.F.);
#3016=ORIENTED_EDGE('',*,*,#2186,.T.);
#3017=ORIENTED_EDGE('',*,*,#2189,.T.);
#3018=ORIENTED_EDGE('',*,*,#2187,.F.);
#3019=ORIENTED_EDGE('',*,*,#2140,.F.);
#3020=ORIENTED_EDGE('',*,*,#2136,.F.);
#3021=ORIENTED_EDGE('',*,*,#2179,.F.);
#3022=ORIENTED_EDGE('',*,*,#2181,.F.);
#3023=ORIENTED_EDGE('',*,*,#2261,.F.);
#3024=ORIENTED_EDGE('',*,*,#2203,.F.);
#3025=ORIENTED_EDGE('',*,*,#2250,.T.);
#3026=ORIENTED_EDGE('',*,*,#2260,.F.);
#3027=ORIENTED_EDGE('',*,*,#2204,.T.);
#3028=ORIENTED_EDGE('',*,*,#2261,.T.);
#3029=ORIENTED_EDGE('',*,*,#2259,.T.);
#3030=ORIENTED_EDGE('',*,*,#2229,.T.);
#3031=ORIENTED_EDGE('',*,*,#2258,.T.);
#3032=ORIENTED_EDGE('',*,*,#2232,.T.);
#3033=ORIENTED_EDGE('',*,*,#2206,.T.);
#3034=ORIENTED_EDGE('',*,*,#2228,.T.);
#3035=ORIENTED_EDGE('',*,*,#2257,.T.);
#3036=ORIENTED_EDGE('',*,*,#2235,.T.);
#3037=ORIENTED_EDGE('',*,*,#2208,.T.);
#3038=ORIENTED_EDGE('',*,*,#2231,.T.);
#3039=ORIENTED_EDGE('',*,*,#2256,.T.);
#3040=ORIENTED_EDGE('',*,*,#2238,.T.);
#3041=ORIENTED_EDGE('',*,*,#2210,.T.);
#3042=ORIENTED_EDGE('',*,*,#2234,.T.);
#3043=ORIENTED_EDGE('',*,*,#2255,.T.);
#3044=ORIENTED_EDGE('',*,*,#2245,.F.);
#3045=ORIENTED_EDGE('',*,*,#2212,.T.);
#3046=ORIENTED_EDGE('',*,*,#2237,.T.);
#3047=ORIENTED_EDGE('',*,*,#2254,.T.);
#3048=ORIENTED_EDGE('',*,*,#2242,.F.);
#3049=ORIENTED_EDGE('',*,*,#2214,.T.);
#3050=ORIENTED_EDGE('',*,*,#2244,.T.);
#3051=ORIENTED_EDGE('',*,*,#2253,.T.);
#3052=ORIENTED_EDGE('',*,*,#2248,.F.);
#3053=ORIENTED_EDGE('',*,*,#2216,.T.);
#3054=ORIENTED_EDGE('',*,*,#2241,.T.);
#3055=ORIENTED_EDGE('',*,*,#2252,.T.);
#3056=ORIENTED_EDGE('',*,*,#2239,.F.);
#3057=ORIENTED_EDGE('',*,*,#2218,.T.);
#3058=ORIENTED_EDGE('',*,*,#2247,.T.);
#3059=ORIENTED_EDGE('',*,*,#2224,.F.);
#3060=ORIENTED_EDGE('',*,*,#2199,.T.);
#3061=ORIENTED_EDGE('',*,*,#2196,.F.);
#3062=ORIENTED_EDGE('',*,*,#2223,.F.);
#3063=ORIENTED_EDGE('',*,*,#2262,.T.);
#3064=ORIENTED_EDGE('',*,*,#2263,.F.);
#3065=ORIENTED_EDGE('',*,*,#2264,.F.);
#3066=ORIENTED_EDGE('',*,*,#2265,.T.);
#3067=ORIENTED_EDGE('',*,*,#2266,.T.);
#3068=ORIENTED_EDGE('',*,*,#2267,.T.);
#3069=ORIENTED_EDGE('',*,*,#2263,.T.);
#3070=ORIENTED_EDGE('',*,*,#2268,.T.);
#3071=ORIENTED_EDGE('',*,*,#2269,.T.);
#3072=ORIENTED_EDGE('',*,*,#2270,.F.);
#3073=ORIENTED_EDGE('',*,*,#2271,.F.);
#3074=ORIENTED_EDGE('',*,*,#2272,.F.);
#3075=ORIENTED_EDGE('',*,*,#2273,.F.);
#3076=ORIENTED_EDGE('',*,*,#2274,.F.);
#3077=ORIENTED_EDGE('',*,*,#2275,.F.);
#3078=ORIENTED_EDGE('',*,*,#2276,.F.);
#3079=ORIENTED_EDGE('',*,*,#2277,.F.);
#3080=ORIENTED_EDGE('',*,*,#2272,.T.);
#3081=ORIENTED_EDGE('',*,*,#2268,.F.);
#3082=ORIENTED_EDGE('',*,*,#2262,.F.);
#3083=ORIENTED_EDGE('',*,*,#2278,.T.);
#3084=ORIENTED_EDGE('',*,*,#2273,.T.);
#3085=ORIENTED_EDGE('',*,*,#2277,.T.);
#3086=ORIENTED_EDGE('',*,*,#2279,.T.);
#3087=ORIENTED_EDGE('',*,*,#2275,.T.);
#3088=ORIENTED_EDGE('',*,*,#2271,.T.);
#3089=ORIENTED_EDGE('',*,*,#2280,.F.);
#3090=ORIENTED_EDGE('',*,*,#2266,.F.);
#3091=ORIENTED_EDGE('',*,*,#2281,.F.);
#3092=ORIENTED_EDGE('',*,*,#2282,.F.);
#3093=ORIENTED_EDGE('',*,*,#2283,.F.);
#3094=ORIENTED_EDGE('',*,*,#2284,.F.);
#3095=ORIENTED_EDGE('',*,*,#2274,.T.);
#3096=ORIENTED_EDGE('',*,*,#2278,.F.);
#3097=ORIENTED_EDGE('',*,*,#2267,.F.);
#3098=ORIENTED_EDGE('',*,*,#2280,.T.);
#3099=ORIENTED_EDGE('',*,*,#2279,.F.);
#3100=ORIENTED_EDGE('',*,*,#2276,.T.);
#3101=ORIENTED_EDGE('',*,*,#2284,.T.);
#3102=ORIENTED_EDGE('',*,*,#2285,.F.);
#3103=ORIENTED_EDGE('',*,*,#2286,.F.);
#3104=ORIENTED_EDGE('',*,*,#2269,.F.);
#3105=ORIENTED_EDGE('',*,*,#2287,.F.);
#3106=ORIENTED_EDGE('',*,*,#2288,.F.);
#3107=ORIENTED_EDGE('',*,*,#2289,.F.);
#3108=ORIENTED_EDGE('',*,*,#2290,.F.);
#3109=ORIENTED_EDGE('',*,*,#2291,.T.);
#3110=ORIENTED_EDGE('',*,*,#2292,.T.);
#3111=ORIENTED_EDGE('',*,*,#2293,.T.);
#3112=ORIENTED_EDGE('',*,*,#2294,.F.);
#3113=ORIENTED_EDGE('',*,*,#2295,.T.);
#3114=ORIENTED_EDGE('',*,*,#2296,.T.);
#3115=ORIENTED_EDGE('',*,*,#2297,.T.);
#3116=ORIENTED_EDGE('',*,*,#2298,.T.);
#3117=ORIENTED_EDGE('',*,*,#2299,.F.);
#3118=ORIENTED_EDGE('',*,*,#2300,.T.);
#3119=ORIENTED_EDGE('',*,*,#2301,.T.);
#3120=ORIENTED_EDGE('',*,*,#2302,.T.);
#3121=ORIENTED_EDGE('',*,*,#2297,.F.);
#3122=ORIENTED_EDGE('',*,*,#2303,.F.);
#3123=ORIENTED_EDGE('',*,*,#2301,.F.);
#3124=ORIENTED_EDGE('',*,*,#2304,.T.);
#3125=ORIENTED_EDGE('',*,*,#2302,.F.);
#3126=ORIENTED_EDGE('',*,*,#2305,.F.);
#3127=ORIENTED_EDGE('',*,*,#2306,.F.);
#3128=ORIENTED_EDGE('',*,*,#2307,.F.);
#3129=ORIENTED_EDGE('',*,*,#2300,.F.);
#3130=ORIENTED_EDGE('',*,*,#2295,.F.);
#3131=ORIENTED_EDGE('',*,*,#2308,.F.);
#3132=ORIENTED_EDGE('',*,*,#2298,.F.);
#3133=ORIENTED_EDGE('',*,*,#2304,.F.);
#3134=ORIENTED_EDGE('',*,*,#2309,.T.);
#3135=ORIENTED_EDGE('',*,*,#2299,.T.);
#3136=ORIENTED_EDGE('',*,*,#2308,.T.);
#3137=ORIENTED_EDGE('',*,*,#2294,.T.);
#3138=ORIENTED_EDGE('',*,*,#2309,.F.);
#3139=ORIENTED_EDGE('',*,*,#2303,.T.);
#3140=ORIENTED_EDGE('',*,*,#2296,.F.);
#3141=ORIENTED_EDGE('',*,*,#2310,.T.);
#3142=ORIENTED_EDGE('',*,*,#2311,.T.);
#3143=ORIENTED_EDGE('',*,*,#2312,.T.);
#3144=ORIENTED_EDGE('',*,*,#2306,.T.);
#3145=ORIENTED_EDGE('',*,*,#2313,.F.);
#3146=ORIENTED_EDGE('',*,*,#2310,.F.);
#3147=ORIENTED_EDGE('',*,*,#2305,.T.);
#3148=ORIENTED_EDGE('',*,*,#2293,.F.);
#3149=ORIENTED_EDGE('',*,*,#2313,.T.);
#3150=ORIENTED_EDGE('',*,*,#2314,.F.);
#3151=ORIENTED_EDGE('',*,*,#2315,.T.);
#3152=ORIENTED_EDGE('',*,*,#2316,.F.);
#3153=ORIENTED_EDGE('',*,*,#2317,.T.);
#3154=ORIENTED_EDGE('',*,*,#2318,.F.);
#3155=ORIENTED_EDGE('',*,*,#2319,.F.);
#3156=ORIENTED_EDGE('',*,*,#2320,.T.);
#3157=ORIENTED_EDGE('',*,*,#2321,.T.);
#3158=ORIENTED_EDGE('',*,*,#2322,.F.);
#3159=ORIENTED_EDGE('',*,*,#2323,.T.);
#3160=ORIENTED_EDGE('',*,*,#2320,.F.);
#3161=ORIENTED_EDGE('',*,*,#2324,.F.);
#3162=ORIENTED_EDGE('',*,*,#2325,.F.);
#3163=ORIENTED_EDGE('',*,*,#2326,.F.);
#3164=ORIENTED_EDGE('',*,*,#2321,.F.);
#3165=ORIENTED_EDGE('',*,*,#2323,.F.);
#3166=ORIENTED_EDGE('',*,*,#2327,.F.);
#3167=ORIENTED_EDGE('',*,*,#2318,.T.);
#3168=ORIENTED_EDGE('',*,*,#2326,.T.);
#3169=ORIENTED_EDGE('',*,*,#2328,.F.);
#3170=ORIENTED_EDGE('',*,*,#2324,.T.);
#3171=ORIENTED_EDGE('',*,*,#2319,.T.);
#3172=ORIENTED_EDGE('',*,*,#2327,.T.);
#3173=ORIENTED_EDGE('',*,*,#2329,.F.);
#3174=ORIENTED_EDGE('',*,*,#2330,.F.);
#3175=ORIENTED_EDGE('',*,*,#2331,.T.);
#3176=ORIENTED_EDGE('',*,*,#2332,.F.);
#3177=ORIENTED_EDGE('',*,*,#2333,.F.);
#3178=ORIENTED_EDGE('',*,*,#2334,.F.);
#3179=ORIENTED_EDGE('',*,*,#2335,.F.);
#3180=ORIENTED_EDGE('',*,*,#2336,.F.);
#3181=ORIENTED_EDGE('',*,*,#2331,.F.);
#3182=ORIENTED_EDGE('',*,*,#2337,.T.);
#3183=ORIENTED_EDGE('',*,*,#2338,.T.);
#3184=ORIENTED_EDGE('',*,*,#2339,.T.);
#3185=ORIENTED_EDGE('',*,*,#2340,.T.);
#3186=ORIENTED_EDGE('',*,*,#2332,.T.);
#3187=ORIENTED_EDGE('',*,*,#2336,.T.);
#3188=ORIENTED_EDGE('',*,*,#2341,.T.);
#3189=ORIENTED_EDGE('',*,*,#2342,.T.);
#3190=ORIENTED_EDGE('',*,*,#2322,.T.);
#3191=ORIENTED_EDGE('',*,*,#2329,.T.);
#3192=ORIENTED_EDGE('',*,*,#2328,.T.);
#3193=ORIENTED_EDGE('',*,*,#2325,.T.);
#3194=ORIENTED_EDGE('',*,*,#2343,.F.);
#3195=ORIENTED_EDGE('',*,*,#2333,.T.);
#3196=ORIENTED_EDGE('',*,*,#2340,.F.);
#3197=ORIENTED_EDGE('',*,*,#2344,.T.);
#3198=ORIENTED_EDGE('',*,*,#2345,.F.);
#3199=ORIENTED_EDGE('',*,*,#2285,.T.);
#3200=ORIENTED_EDGE('',*,*,#2283,.T.);
#3201=ORIENTED_EDGE('',*,*,#2346,.F.);
#3202=ORIENTED_EDGE('',*,*,#2347,.T.);
#3203=ORIENTED_EDGE('',*,*,#2281,.T.);
#3204=ORIENTED_EDGE('',*,*,#2265,.F.);
#3205=ORIENTED_EDGE('',*,*,#2348,.T.);
#3206=ORIENTED_EDGE('',*,*,#2349,.F.);
#3207=ORIENTED_EDGE('',*,*,#2346,.T.);
#3208=ORIENTED_EDGE('',*,*,#2282,.T.);
#3209=ORIENTED_EDGE('',*,*,#2347,.F.);
#3210=ORIENTED_EDGE('',*,*,#2350,.F.);
#3211=ORIENTED_EDGE('',*,*,#2351,.T.);
#3212=ORIENTED_EDGE('',*,*,#2352,.F.);
#3213=ORIENTED_EDGE('',*,*,#2353,.F.);
#3214=ORIENTED_EDGE('',*,*,#2354,.F.);
#3215=ORIENTED_EDGE('',*,*,#2355,.F.);
#3216=ORIENTED_EDGE('',*,*,#2356,.F.);
#3217=ORIENTED_EDGE('',*,*,#2354,.T.);
#3218=ORIENTED_EDGE('',*,*,#2357,.F.);
#3219=ORIENTED_EDGE('',*,*,#2358,.F.);
#3220=ORIENTED_EDGE('',*,*,#2359,.T.);
#3221=ORIENTED_EDGE('',*,*,#2360,.F.);
#3222=ORIENTED_EDGE('',*,*,#2361,.F.);
#3223=ORIENTED_EDGE('',*,*,#2362,.T.);
#3224=ORIENTED_EDGE('',*,*,#2363,.T.);
#3225=ORIENTED_EDGE('',*,*,#2364,.T.);
#3226=ORIENTED_EDGE('',*,*,#2365,.F.);
#3227=ORIENTED_EDGE('',*,*,#2366,.F.);
#3228=ORIENTED_EDGE('',*,*,#2367,.F.);
#3229=ORIENTED_EDGE('',*,*,#2368,.F.);
#3230=ORIENTED_EDGE('',*,*,#2369,.F.);
#3231=ORIENTED_EDGE('',*,*,#2370,.T.);
#3232=ORIENTED_EDGE('',*,*,#2365,.T.);
#3233=ORIENTED_EDGE('',*,*,#2371,.T.);
#3234=ORIENTED_EDGE('',*,*,#2363,.F.);
#3235=ORIENTED_EDGE('',*,*,#2372,.T.);
#3236=ORIENTED_EDGE('',*,*,#2373,.F.);
#3237=ORIENTED_EDGE('',*,*,#2374,.F.);
#3238=ORIENTED_EDGE('',*,*,#2359,.F.);
#3239=ORIENTED_EDGE('',*,*,#2375,.T.);
#3240=ORIENTED_EDGE('',*,*,#2367,.T.);
#3241=ORIENTED_EDGE('',*,*,#2376,.T.);
#3242=ORIENTED_EDGE('',*,*,#2377,.F.);
#3243=ORIENTED_EDGE('',*,*,#2378,.F.);
#3244=ORIENTED_EDGE('',*,*,#2371,.F.);
#3245=ORIENTED_EDGE('',*,*,#2368,.T.);
#3246=ORIENTED_EDGE('',*,*,#2375,.F.);
#3247=ORIENTED_EDGE('',*,*,#2364,.F.);
#3248=ORIENTED_EDGE('',*,*,#2370,.F.);
#3249=ORIENTED_EDGE('',*,*,#2379,.F.);
#3250=ORIENTED_EDGE('',*,*,#2376,.F.);
#3251=ORIENTED_EDGE('',*,*,#2366,.T.);
#3252=ORIENTED_EDGE('',*,*,#2360,.T.);
#3253=ORIENTED_EDGE('',*,*,#2378,.T.);
#3254=ORIENTED_EDGE('',*,*,#2380,.F.);
#3255=ORIENTED_EDGE('',*,*,#2381,.F.);
#3256=ORIENTED_EDGE('',*,*,#2382,.T.);
#3257=ORIENTED_EDGE('',*,*,#2383,.F.);
#3258=ORIENTED_EDGE('',*,*,#2380,.T.);
#3259=ORIENTED_EDGE('',*,*,#2377,.T.);
#3260=ORIENTED_EDGE('',*,*,#2379,.T.);
#3261=ORIENTED_EDGE('',*,*,#2369,.T.);
#3262=ORIENTED_EDGE('',*,*,#2384,.F.);
#3263=ORIENTED_EDGE('',*,*,#2382,.F.);
#3264=ORIENTED_EDGE('',*,*,#2374,.T.);
#3265=ORIENTED_EDGE('',*,*,#2385,.F.);
#3266=ORIENTED_EDGE('',*,*,#2386,.F.);
#3267=ORIENTED_EDGE('',*,*,#2385,.T.);
#3268=ORIENTED_EDGE('',*,*,#2373,.T.);
#3269=ORIENTED_EDGE('',*,*,#2387,.F.);
#3270=ORIENTED_EDGE('',*,*,#2388,.T.);
#3271=ORIENTED_EDGE('',*,*,#2389,.T.);
#3272=ORIENTED_EDGE('',*,*,#2390,.T.);
#3273=ORIENTED_EDGE('',*,*,#2391,.F.);
#3274=ORIENTED_EDGE('',*,*,#2392,.F.);
#3275=ORIENTED_EDGE('',*,*,#2393,.F.);
#3276=ORIENTED_EDGE('',*,*,#2394,.F.);
#3277=ORIENTED_EDGE('',*,*,#2392,.T.);
#3278=ORIENTED_EDGE('',*,*,#2395,.F.);
#3279=ORIENTED_EDGE('',*,*,#2396,.F.);
#3280=ORIENTED_EDGE('',*,*,#2397,.T.);
#3281=ORIENTED_EDGE('',*,*,#2398,.T.);
#3282=ORIENTED_EDGE('',*,*,#2399,.F.);
#3283=ORIENTED_EDGE('',*,*,#2400,.T.);
#3284=ORIENTED_EDGE('',*,*,#2401,.F.);
#3285=ORIENTED_EDGE('',*,*,#2402,.T.);
#3286=ORIENTED_EDGE('',*,*,#2403,.F.);
#3287=ORIENTED_EDGE('',*,*,#2288,.T.);
#3288=ORIENTED_EDGE('',*,*,#2404,.T.);
#3289=ORIENTED_EDGE('',*,*,#2405,.T.);
#3290=ORIENTED_EDGE('',*,*,#2406,.T.);
#3291=ORIENTED_EDGE('',*,*,#2393,.T.);
#3292=ORIENTED_EDGE('',*,*,#2394,.T.);
#3293=ORIENTED_EDGE('',*,*,#2407,.T.);
#3294=ORIENTED_EDGE('',*,*,#2386,.T.);
#3295=ORIENTED_EDGE('',*,*,#2408,.T.);
#3296=ORIENTED_EDGE('',*,*,#2361,.T.);
#3297=ORIENTED_EDGE('',*,*,#2381,.T.);
#3298=ORIENTED_EDGE('',*,*,#2383,.T.);
#3299=ORIENTED_EDGE('',*,*,#2384,.T.);
#3300=ORIENTED_EDGE('',*,*,#2409,.T.);
#3301=ORIENTED_EDGE('',*,*,#2410,.T.);
#3302=ORIENTED_EDGE('',*,*,#2355,.T.);
#3303=ORIENTED_EDGE('',*,*,#2356,.T.);
#3304=ORIENTED_EDGE('',*,*,#2411,.T.);
#3305=ORIENTED_EDGE('',*,*,#2412,.F.);
#3306=ORIENTED_EDGE('',*,*,#2345,.T.);
#3307=ORIENTED_EDGE('',*,*,#2349,.T.);
#3308=ORIENTED_EDGE('',*,*,#2348,.F.);
#3309=ORIENTED_EDGE('',*,*,#2264,.T.);
#3310=ORIENTED_EDGE('',*,*,#2270,.T.);
#3311=ORIENTED_EDGE('',*,*,#2286,.T.);
#3312=ORIENTED_EDGE('',*,*,#2413,.F.);
#3313=ORIENTED_EDGE('',*,*,#2414,.T.);
#3314=ORIENTED_EDGE('',*,*,#2415,.T.);
#3315=ORIENTED_EDGE('',*,*,#2416,.T.);
#3316=ORIENTED_EDGE('',*,*,#2417,.T.);
#3317=ORIENTED_EDGE('',*,*,#2418,.F.);
#3318=ORIENTED_EDGE('',*,*,#2419,.F.);
#3319=ORIENTED_EDGE('',*,*,#2420,.F.);
#3320=ORIENTED_EDGE('',*,*,#2421,.F.);
#3321=ORIENTED_EDGE('',*,*,#2422,.F.);
#3322=ORIENTED_EDGE('',*,*,#2423,.T.);
#3323=ORIENTED_EDGE('',*,*,#2424,.T.);
#3324=ORIENTED_EDGE('',*,*,#2425,.F.);
#3325=ORIENTED_EDGE('',*,*,#2424,.F.);
#3326=ORIENTED_EDGE('',*,*,#2426,.T.);
#3327=ORIENTED_EDGE('',*,*,#2389,.F.);
#3328=ORIENTED_EDGE('',*,*,#2427,.F.);
#3329=ORIENTED_EDGE('',*,*,#2428,.F.);
#3330=ORIENTED_EDGE('',*,*,#2429,.F.);
#3331=ORIENTED_EDGE('',*,*,#2430,.F.);
#3332=ORIENTED_EDGE('',*,*,#2426,.F.);
#3333=ORIENTED_EDGE('',*,*,#2423,.F.);
#3334=ORIENTED_EDGE('',*,*,#2431,.F.);
#3335=ORIENTED_EDGE('',*,*,#2390,.F.);
#3336=ORIENTED_EDGE('',*,*,#2395,.T.);
#3337=ORIENTED_EDGE('',*,*,#2391,.T.);
#3338=ORIENTED_EDGE('',*,*,#2431,.T.);
#3339=ORIENTED_EDGE('',*,*,#2422,.T.);
#3340=ORIENTED_EDGE('',*,*,#2432,.F.);
#3341=ORIENTED_EDGE('',*,*,#2433,.F.);
#3342=ORIENTED_EDGE('',*,*,#2434,.F.);
#3343=ORIENTED_EDGE('',*,*,#2432,.T.);
#3344=ORIENTED_EDGE('',*,*,#2421,.T.);
#3345=ORIENTED_EDGE('',*,*,#2425,.T.);
#3346=ORIENTED_EDGE('',*,*,#2435,.F.);
#3347=ORIENTED_EDGE('',*,*,#2407,.F.);
#3348=ORIENTED_EDGE('',*,*,#2396,.T.);
#3349=ORIENTED_EDGE('',*,*,#2433,.T.);
#3350=ORIENTED_EDGE('',*,*,#2434,.T.);
#3351=ORIENTED_EDGE('',*,*,#2430,.T.);
#3352=ORIENTED_EDGE('',*,*,#2435,.T.);
#3353=ORIENTED_EDGE('',*,*,#2429,.T.);
#3354=ORIENTED_EDGE('',*,*,#2436,.F.);
#3355=ORIENTED_EDGE('',*,*,#2404,.F.);
#3356=ORIENTED_EDGE('',*,*,#2406,.F.);
#3357=ORIENTED_EDGE('',*,*,#2437,.F.);
#3358=ORIENTED_EDGE('',*,*,#2427,.T.);
#3359=ORIENTED_EDGE('',*,*,#2388,.F.);
#3360=ORIENTED_EDGE('',*,*,#2436,.T.);
#3361=ORIENTED_EDGE('',*,*,#2428,.T.);
#3362=ORIENTED_EDGE('',*,*,#2437,.T.);
#3363=ORIENTED_EDGE('',*,*,#2405,.F.);
#3364=ORIENTED_EDGE('',*,*,#2408,.F.);
#3365=ORIENTED_EDGE('',*,*,#2387,.T.);
#3366=ORIENTED_EDGE('',*,*,#2372,.F.);
#3367=ORIENTED_EDGE('',*,*,#2362,.F.);
#3368=ORIENTED_EDGE('',*,*,#2438,.F.);
#3369=ORIENTED_EDGE('',*,*,#2439,.F.);
#3370=ORIENTED_EDGE('',*,*,#2440,.F.);
#3371=ORIENTED_EDGE('',*,*,#2441,.T.);
#3372=ORIENTED_EDGE('',*,*,#2442,.F.);
#3373=ORIENTED_EDGE('',*,*,#2443,.F.);
#3374=ORIENTED_EDGE('',*,*,#2441,.F.);
#3375=ORIENTED_EDGE('',*,*,#2444,.F.);
#3376=ORIENTED_EDGE('',*,*,#2351,.F.);
#3377=ORIENTED_EDGE('',*,*,#2445,.F.);
#3378=ORIENTED_EDGE('',*,*,#2446,.F.);
#3379=ORIENTED_EDGE('',*,*,#2447,.F.);
#3380=ORIENTED_EDGE('',*,*,#2353,.T.);
#3381=ORIENTED_EDGE('',*,*,#2448,.T.);
#3382=ORIENTED_EDGE('',*,*,#2439,.T.);
#3383=ORIENTED_EDGE('',*,*,#2449,.T.);
#3384=ORIENTED_EDGE('',*,*,#2450,.T.);
#3385=ORIENTED_EDGE('',*,*,#2357,.T.);
#3386=ORIENTED_EDGE('',*,*,#2451,.T.);
#3387=ORIENTED_EDGE('',*,*,#2449,.F.);
#3388=ORIENTED_EDGE('',*,*,#2438,.T.);
#3389=ORIENTED_EDGE('',*,*,#2443,.T.);
#3390=ORIENTED_EDGE('',*,*,#2440,.T.);
#3391=ORIENTED_EDGE('',*,*,#2448,.F.);
#3392=ORIENTED_EDGE('',*,*,#2352,.T.);
#3393=ORIENTED_EDGE('',*,*,#2444,.T.);
#3394=ORIENTED_EDGE('',*,*,#2450,.F.);
#3395=ORIENTED_EDGE('',*,*,#2451,.F.);
#3396=ORIENTED_EDGE('',*,*,#2442,.T.);
#3397=ORIENTED_EDGE('',*,*,#2452,.F.);
#3398=ORIENTED_EDGE('',*,*,#2411,.F.);
#3399=ORIENTED_EDGE('',*,*,#2358,.T.);
#3400=ORIENTED_EDGE('',*,*,#2452,.T.);
#3401=ORIENTED_EDGE('',*,*,#2447,.T.);
#3402=ORIENTED_EDGE('',*,*,#2453,.F.);
#3403=ORIENTED_EDGE('',*,*,#2412,.T.);
#3404=ORIENTED_EDGE('',*,*,#2453,.T.);
#3405=ORIENTED_EDGE('',*,*,#2446,.T.);
#3406=ORIENTED_EDGE('',*,*,#2454,.F.);
#3407=ORIENTED_EDGE('',*,*,#2409,.F.);
#3408=ORIENTED_EDGE('',*,*,#2454,.T.);
#3409=ORIENTED_EDGE('',*,*,#2445,.T.);
#3410=ORIENTED_EDGE('',*,*,#2350,.T.);
#3411=ORIENTED_EDGE('',*,*,#2410,.F.);
#3412=ORIENTED_EDGE('',*,*,#2455,.T.);
#3413=ORIENTED_EDGE('',*,*,#2456,.T.);
#3414=ORIENTED_EDGE('',*,*,#2457,.F.);
#3415=ORIENTED_EDGE('',*,*,#2398,.F.);
#3416=ORIENTED_EDGE('',*,*,#2458,.F.);
#3417=ORIENTED_EDGE('',*,*,#2459,.T.);
#3418=ORIENTED_EDGE('',*,*,#2307,.T.);
#3419=ORIENTED_EDGE('',*,*,#2312,.F.);
#3420=ORIENTED_EDGE('',*,*,#2459,.F.);
#3421=ORIENTED_EDGE('',*,*,#2460,.F.);
#3422=ORIENTED_EDGE('',*,*,#2460,.T.);
#3423=ORIENTED_EDGE('',*,*,#2458,.T.);
#3424=ORIENTED_EDGE('',*,*,#2397,.F.);
#3425=ORIENTED_EDGE('',*,*,#2287,.T.);
#3426=ORIENTED_EDGE('',*,*,#2461,.T.);
#3427=ORIENTED_EDGE('',*,*,#2462,.T.);
#3428=ORIENTED_EDGE('',*,*,#2316,.T.);
#3429=ORIENTED_EDGE('',*,*,#2463,.T.);
#3430=ORIENTED_EDGE('',*,*,#2464,.T.);
#3431=ORIENTED_EDGE('',*,*,#2465,.T.);
#3432=ORIENTED_EDGE('',*,*,#2466,.T.);
#3433=ORIENTED_EDGE('',*,*,#2402,.F.);
#3434=ORIENTED_EDGE('',*,*,#2467,.T.);
#3435=ORIENTED_EDGE('',*,*,#2468,.T.);
#3436=ORIENTED_EDGE('',*,*,#2469,.F.);
#3437=ORIENTED_EDGE('',*,*,#2470,.T.);
#3438=ORIENTED_EDGE('',*,*,#2471,.T.);
#3439=ORIENTED_EDGE('',*,*,#2472,.T.);
#3440=ORIENTED_EDGE('',*,*,#2473,.T.);
#3441=ORIENTED_EDGE('',*,*,#2474,.T.);
#3442=ORIENTED_EDGE('',*,*,#2475,.F.);
#3443=ORIENTED_EDGE('',*,*,#2474,.F.);
#3444=ORIENTED_EDGE('',*,*,#2476,.T.);
#3445=ORIENTED_EDGE('',*,*,#2467,.F.);
#3446=ORIENTED_EDGE('',*,*,#2472,.F.);
#3447=ORIENTED_EDGE('',*,*,#2477,.F.);
#3448=ORIENTED_EDGE('',*,*,#2465,.F.);
#3449=ORIENTED_EDGE('',*,*,#2478,.T.);
#3450=ORIENTED_EDGE('',*,*,#2479,.F.);
#3451=ORIENTED_EDGE('',*,*,#2291,.F.);
#3452=ORIENTED_EDGE('',*,*,#2473,.F.);
#3453=ORIENTED_EDGE('',*,*,#2480,.F.);
#3454=ORIENTED_EDGE('',*,*,#2468,.F.);
#3455=ORIENTED_EDGE('',*,*,#2476,.F.);
#3456=ORIENTED_EDGE('',*,*,#2469,.T.);
#3457=ORIENTED_EDGE('',*,*,#2480,.T.);
#3458=ORIENTED_EDGE('',*,*,#2290,.T.);
#3459=ORIENTED_EDGE('',*,*,#2481,.T.);
#3460=ORIENTED_EDGE('',*,*,#2471,.F.);
#3461=ORIENTED_EDGE('',*,*,#2475,.T.);
#3462=ORIENTED_EDGE('',*,*,#2470,.F.);
#3463=ORIENTED_EDGE('',*,*,#2481,.F.);
#3464=ORIENTED_EDGE('',*,*,#2464,.F.);
#3465=ORIENTED_EDGE('',*,*,#2482,.F.);
#3466=ORIENTED_EDGE('',*,*,#2478,.F.);
#3467=ORIENTED_EDGE('',*,*,#2477,.T.);
#3468=ORIENTED_EDGE('',*,*,#2289,.T.);
#3469=ORIENTED_EDGE('',*,*,#2403,.T.);
#3470=ORIENTED_EDGE('',*,*,#2466,.F.);
#3471=ORIENTED_EDGE('',*,*,#2483,.T.);
#3472=ORIENTED_EDGE('',*,*,#2484,.T.);
#3473=ORIENTED_EDGE('',*,*,#2485,.T.);
#3474=ORIENTED_EDGE('',*,*,#2486,.T.);
#3475=ORIENTED_EDGE('',*,*,#2487,.T.);
#3476=ORIENTED_EDGE('',*,*,#2488,.T.);
#3477=ORIENTED_EDGE('',*,*,#2489,.T.);
#3478=ORIENTED_EDGE('',*,*,#2490,.T.);
#3479=ORIENTED_EDGE('',*,*,#2491,.T.);
#3480=ORIENTED_EDGE('',*,*,#2492,.T.);
#3481=ORIENTED_EDGE('',*,*,#2493,.T.);
#3482=ORIENTED_EDGE('',*,*,#2494,.T.);
#3483=ORIENTED_EDGE('',*,*,#2495,.T.);
#3484=ORIENTED_EDGE('',*,*,#2496,.T.);
#3485=ORIENTED_EDGE('',*,*,#2400,.F.);
#3486=ORIENTED_EDGE('',*,*,#2315,.F.);
#3487=ORIENTED_EDGE('',*,*,#2497,.F.);
#3488=ORIENTED_EDGE('',*,*,#2490,.F.);
#3489=ORIENTED_EDGE('',*,*,#2498,.T.);
#3490=ORIENTED_EDGE('',*,*,#2499,.F.);
#3491=ORIENTED_EDGE('',*,*,#2455,.F.);
#3492=ORIENTED_EDGE('',*,*,#2311,.F.);
#3493=ORIENTED_EDGE('',*,*,#2314,.T.);
#3494=ORIENTED_EDGE('',*,*,#2292,.F.);
#3495=ORIENTED_EDGE('',*,*,#2479,.T.);
#3496=ORIENTED_EDGE('',*,*,#2482,.T.);
#3497=ORIENTED_EDGE('',*,*,#2463,.F.);
#3498=ORIENTED_EDGE('',*,*,#2500,.T.);
#3499=ORIENTED_EDGE('',*,*,#2501,.T.);
#3500=ORIENTED_EDGE('',*,*,#2502,.T.);
#3501=ORIENTED_EDGE('',*,*,#2503,.F.);
#3502=ORIENTED_EDGE('',*,*,#2504,.T.);
#3503=ORIENTED_EDGE('',*,*,#2505,.F.);
#3504=ORIENTED_EDGE('',*,*,#2506,.T.);
#3505=ORIENTED_EDGE('',*,*,#2503,.T.);
#3506=ORIENTED_EDGE('',*,*,#2507,.F.);
#3507=ORIENTED_EDGE('',*,*,#2508,.F.);
#3508=ORIENTED_EDGE('',*,*,#2488,.F.);
#3509=ORIENTED_EDGE('',*,*,#2501,.F.);
#3510=ORIENTED_EDGE('',*,*,#2484,.F.);
#3511=ORIENTED_EDGE('',*,*,#2509,.F.);
#3512=ORIENTED_EDGE('',*,*,#2456,.F.);
#3513=ORIENTED_EDGE('',*,*,#2502,.F.);
#3514=ORIENTED_EDGE('',*,*,#2487,.F.);
#3515=ORIENTED_EDGE('',*,*,#2510,.T.);
#3516=ORIENTED_EDGE('',*,*,#2511,.F.);
#3517=ORIENTED_EDGE('',*,*,#2504,.F.);
#3518=ORIENTED_EDGE('',*,*,#2485,.F.);
#3519=ORIENTED_EDGE('',*,*,#2500,.F.);
#3520=ORIENTED_EDGE('',*,*,#2506,.F.);
#3521=ORIENTED_EDGE('',*,*,#2512,.F.);
#3522=ORIENTED_EDGE('',*,*,#2513,.F.);
#3523=ORIENTED_EDGE('',*,*,#2511,.T.);
#3524=ORIENTED_EDGE('',*,*,#2514,.T.);
#3525=ORIENTED_EDGE('',*,*,#2512,.T.);
#3526=ORIENTED_EDGE('',*,*,#2505,.T.);
#3527=ORIENTED_EDGE('',*,*,#2514,.F.);
#3528=ORIENTED_EDGE('',*,*,#2510,.F.);
#3529=ORIENTED_EDGE('',*,*,#2486,.F.);
#3530=ORIENTED_EDGE('',*,*,#2513,.T.);
#3531=ORIENTED_EDGE('',*,*,#2507,.T.);
#3532=ORIENTED_EDGE('',*,*,#2499,.T.);
#3533=ORIENTED_EDGE('',*,*,#2515,.T.);
#3534=ORIENTED_EDGE('',*,*,#2509,.T.);
#3535=ORIENTED_EDGE('',*,*,#2483,.F.);
#3536=ORIENTED_EDGE('',*,*,#2399,.T.);
#3537=ORIENTED_EDGE('',*,*,#2457,.T.);
#3538=ORIENTED_EDGE('',*,*,#2515,.F.);
#3539=ORIENTED_EDGE('',*,*,#2498,.F.);
#3540=ORIENTED_EDGE('',*,*,#2489,.F.);
#3541=ORIENTED_EDGE('',*,*,#2508,.T.);
#3542=ORIENTED_EDGE('',*,*,#2492,.F.);
#3543=ORIENTED_EDGE('',*,*,#2516,.F.);
#3544=ORIENTED_EDGE('',*,*,#2317,.F.);
#3545=ORIENTED_EDGE('',*,*,#2462,.F.);
#3546=ORIENTED_EDGE('',*,*,#2517,.F.);
#3547=ORIENTED_EDGE('',*,*,#2495,.F.);
#3548=ORIENTED_EDGE('',*,*,#2518,.F.);
#3549=ORIENTED_EDGE('',*,*,#2497,.T.);
#3550=ORIENTED_EDGE('',*,*,#2516,.T.);
#3551=ORIENTED_EDGE('',*,*,#2491,.F.);
#3552=ORIENTED_EDGE('',*,*,#2517,.T.);
#3553=ORIENTED_EDGE('',*,*,#2461,.F.);
#3554=ORIENTED_EDGE('',*,*,#2401,.T.);
#3555=ORIENTED_EDGE('',*,*,#2496,.F.);
#3556=ORIENTED_EDGE('',*,*,#2519,.T.);
#3557=ORIENTED_EDGE('',*,*,#2520,.F.);
#3558=ORIENTED_EDGE('',*,*,#2518,.T.);
#3559=ORIENTED_EDGE('',*,*,#2521,.F.);
#3560=ORIENTED_EDGE('',*,*,#2522,.T.);
#3561=ORIENTED_EDGE('',*,*,#2520,.T.);
#3562=ORIENTED_EDGE('',*,*,#2523,.T.);
#3563=ORIENTED_EDGE('',*,*,#2524,.T.);
#3564=ORIENTED_EDGE('',*,*,#2525,.T.);
#3565=ORIENTED_EDGE('',*,*,#2521,.T.);
#3566=ORIENTED_EDGE('',*,*,#2526,.T.);
#3567=ORIENTED_EDGE('',*,*,#2519,.F.);
#3568=ORIENTED_EDGE('',*,*,#2494,.F.);
#3569=ORIENTED_EDGE('',*,*,#2527,.T.);
#3570=ORIENTED_EDGE('',*,*,#2526,.F.);
#3571=ORIENTED_EDGE('',*,*,#2523,.F.);
#3572=ORIENTED_EDGE('',*,*,#2528,.F.);
#3573=ORIENTED_EDGE('',*,*,#2522,.F.);
#3574=ORIENTED_EDGE('',*,*,#2525,.F.);
#3575=ORIENTED_EDGE('',*,*,#2527,.F.);
#3576=ORIENTED_EDGE('',*,*,#2493,.F.);
#3577=ORIENTED_EDGE('',*,*,#2528,.T.);
#3578=ORIENTED_EDGE('',*,*,#2524,.F.);
#3579=ORIENTED_EDGE('',*,*,#2529,.F.);
#3580=ORIENTED_EDGE('',*,*,#2530,.F.);
#3581=ORIENTED_EDGE('',*,*,#2531,.T.);
#3582=ORIENTED_EDGE('',*,*,#2529,.T.);
#3583=ORIENTED_EDGE('',*,*,#2531,.F.);
#3584=ORIENTED_EDGE('',*,*,#2532,.F.);
#3585=ORIENTED_EDGE('',*,*,#2533,.F.);
#3586=ORIENTED_EDGE('',*,*,#2534,.F.);
#3587=ORIENTED_EDGE('',*,*,#2535,.F.);
#3588=ORIENTED_EDGE('',*,*,#2536,.F.);
#3589=ORIENTED_EDGE('',*,*,#2537,.F.);
#3590=ORIENTED_EDGE('',*,*,#2538,.F.);
#3591=ORIENTED_EDGE('',*,*,#2539,.T.);
#3592=ORIENTED_EDGE('',*,*,#2540,.F.);
#3593=ORIENTED_EDGE('',*,*,#2541,.F.);
#3594=ORIENTED_EDGE('',*,*,#2542,.T.);
#3595=ORIENTED_EDGE('',*,*,#2543,.T.);
#3596=ORIENTED_EDGE('',*,*,#2544,.F.);
#3597=ORIENTED_EDGE('',*,*,#2545,.F.);
#3598=ORIENTED_EDGE('',*,*,#2543,.F.);
#3599=ORIENTED_EDGE('',*,*,#2546,.F.);
#3600=ORIENTED_EDGE('',*,*,#2547,.F.);
#3601=ORIENTED_EDGE('',*,*,#2546,.T.);
#3602=ORIENTED_EDGE('',*,*,#2542,.F.);
#3603=ORIENTED_EDGE('',*,*,#2548,.F.);
#3604=ORIENTED_EDGE('',*,*,#2540,.T.);
#3605=ORIENTED_EDGE('',*,*,#2545,.T.);
#3606=ORIENTED_EDGE('',*,*,#2549,.F.);
#3607=ORIENTED_EDGE('',*,*,#2541,.T.);
#3608=ORIENTED_EDGE('',*,*,#2550,.T.);
#3609=ORIENTED_EDGE('',*,*,#2551,.T.);
#3610=ORIENTED_EDGE('',*,*,#2552,.T.);
#3611=ORIENTED_EDGE('',*,*,#2553,.T.);
#3612=ORIENTED_EDGE('',*,*,#2554,.T.);
#3613=ORIENTED_EDGE('',*,*,#2538,.T.);
#3614=ORIENTED_EDGE('',*,*,#2555,.T.);
#3615=ORIENTED_EDGE('',*,*,#2534,.T.);
#3616=ORIENTED_EDGE('',*,*,#2549,.T.);
#3617=ORIENTED_EDGE('',*,*,#2548,.T.);
#3618=ORIENTED_EDGE('',*,*,#2544,.T.);
#3619=ORIENTED_EDGE('',*,*,#2547,.T.);
#3620=ORIENTED_EDGE('',*,*,#2556,.F.);
#3621=ORIENTED_EDGE('',*,*,#2557,.F.);
#3622=ORIENTED_EDGE('',*,*,#2535,.T.);
#3623=ORIENTED_EDGE('',*,*,#2555,.F.);
#3624=ORIENTED_EDGE('',*,*,#2537,.T.);
#3625=ORIENTED_EDGE('',*,*,#2558,.F.);
#3626=ORIENTED_EDGE('',*,*,#2559,.F.);
#3627=ORIENTED_EDGE('',*,*,#2560,.F.);
#3628=ORIENTED_EDGE('',*,*,#2551,.F.);
#3629=ORIENTED_EDGE('',*,*,#2561,.F.);
#3630=ORIENTED_EDGE('',*,*,#2562,.T.);
#3631=ORIENTED_EDGE('',*,*,#2559,.T.);
#3632=ORIENTED_EDGE('',*,*,#2563,.T.);
#3633=ORIENTED_EDGE('',*,*,#2564,.T.);
#3634=ORIENTED_EDGE('',*,*,#2565,.T.);
#3635=ORIENTED_EDGE('',*,*,#2566,.T.);
#3636=ORIENTED_EDGE('',*,*,#2558,.T.);
#3637=ORIENTED_EDGE('',*,*,#2536,.T.);
#3638=ORIENTED_EDGE('',*,*,#2567,.T.);
#3639=ORIENTED_EDGE('',*,*,#2568,.T.);
#3640=ORIENTED_EDGE('',*,*,#2562,.F.);
#3641=ORIENTED_EDGE('',*,*,#2569,.T.);
#3642=ORIENTED_EDGE('',*,*,#2552,.F.);
#3643=ORIENTED_EDGE('',*,*,#2560,.T.);
#3644=ORIENTED_EDGE('',*,*,#2570,.F.);
#3645=ORIENTED_EDGE('',*,*,#2567,.F.);
#3646=ORIENTED_EDGE('',*,*,#2539,.F.);
#3647=ORIENTED_EDGE('',*,*,#2554,.F.);
#3648=ORIENTED_EDGE('',*,*,#2569,.F.);
#3649=ORIENTED_EDGE('',*,*,#2568,.F.);
#3650=ORIENTED_EDGE('',*,*,#2570,.T.);
#3651=ORIENTED_EDGE('',*,*,#2553,.F.);
#3652=ORIENTED_EDGE('',*,*,#2563,.F.);
#3653=ORIENTED_EDGE('',*,*,#2561,.T.);
#3654=ORIENTED_EDGE('',*,*,#2550,.F.);
#3655=ORIENTED_EDGE('',*,*,#2533,.T.);
#3656=ORIENTED_EDGE('',*,*,#2571,.F.);
#3657=ORIENTED_EDGE('',*,*,#2572,.T.);
#3658=ORIENTED_EDGE('',*,*,#2573,.F.);
#3659=ORIENTED_EDGE('',*,*,#2416,.F.);
#3660=ORIENTED_EDGE('',*,*,#2574,.F.);
#3661=ORIENTED_EDGE('',*,*,#2565,.F.);
#3662=ORIENTED_EDGE('',*,*,#2574,.T.);
#3663=ORIENTED_EDGE('',*,*,#2415,.F.);
#3664=ORIENTED_EDGE('',*,*,#2575,.F.);
#3665=ORIENTED_EDGE('',*,*,#2576,.F.);
#3666=ORIENTED_EDGE('',*,*,#2556,.T.);
#3667=ORIENTED_EDGE('',*,*,#2566,.F.);
#3668=ORIENTED_EDGE('',*,*,#2573,.T.);
#3669=ORIENTED_EDGE('',*,*,#2564,.F.);
#3670=ORIENTED_EDGE('',*,*,#2572,.F.);
#3671=ORIENTED_EDGE('',*,*,#2577,.F.);
#3672=ORIENTED_EDGE('',*,*,#2578,.F.);
#3673=ORIENTED_EDGE('',*,*,#2417,.F.);
#3674=ORIENTED_EDGE('',*,*,#2579,.F.);
#3675=ORIENTED_EDGE('',*,*,#2580,.F.);
#3676=ORIENTED_EDGE('',*,*,#2581,.T.);
#3677=ORIENTED_EDGE('',*,*,#2582,.T.);
#3678=ORIENTED_EDGE('',*,*,#2583,.T.);
#3679=ORIENTED_EDGE('',*,*,#2580,.T.);
#3680=ORIENTED_EDGE('',*,*,#2584,.F.);
#3681=ORIENTED_EDGE('',*,*,#2585,.F.);
#3682=ORIENTED_EDGE('',*,*,#2586,.T.);
#3683=ORIENTED_EDGE('',*,*,#2587,.F.);
#3684=ORIENTED_EDGE('',*,*,#2588,.T.);
#3685=ORIENTED_EDGE('',*,*,#2589,.T.);
#3686=ORIENTED_EDGE('',*,*,#2581,.F.);
#3687=ORIENTED_EDGE('',*,*,#2583,.F.);
#3688=ORIENTED_EDGE('',*,*,#2590,.F.);
#3689=ORIENTED_EDGE('',*,*,#2591,.F.);
#3690=ORIENTED_EDGE('',*,*,#2588,.F.);
#3691=ORIENTED_EDGE('',*,*,#2589,.F.);
#3692=ORIENTED_EDGE('',*,*,#2591,.T.);
#3693=ORIENTED_EDGE('',*,*,#2592,.F.);
#3694=ORIENTED_EDGE('',*,*,#2593,.T.);
#3695=ORIENTED_EDGE('',*,*,#2594,.F.);
#3696=ORIENTED_EDGE('',*,*,#2595,.F.);
#3697=ORIENTED_EDGE('',*,*,#2596,.F.);
#3698=ORIENTED_EDGE('',*,*,#2584,.T.);
#3699=ORIENTED_EDGE('',*,*,#2579,.T.);
#3700=ORIENTED_EDGE('',*,*,#2587,.T.);
#3701=ORIENTED_EDGE('',*,*,#2595,.T.);
#3702=ORIENTED_EDGE('',*,*,#2597,.F.);
#3703=ORIENTED_EDGE('',*,*,#2598,.F.);
#3704=ORIENTED_EDGE('',*,*,#2418,.T.);
#3705=ORIENTED_EDGE('',*,*,#2578,.T.);
#3706=ORIENTED_EDGE('',*,*,#2599,.F.);
#3707=ORIENTED_EDGE('',*,*,#2593,.F.);
#3708=ORIENTED_EDGE('',*,*,#2600,.F.);
#3709=ORIENTED_EDGE('',*,*,#2586,.F.);
#3710=ORIENTED_EDGE('',*,*,#2601,.F.);
#3711=ORIENTED_EDGE('',*,*,#2602,.T.);
#3712=ORIENTED_EDGE('',*,*,#2603,.F.);
#3713=ORIENTED_EDGE('',*,*,#2604,.F.);
#3714=ORIENTED_EDGE('',*,*,#2597,.T.);
#3715=ORIENTED_EDGE('',*,*,#2594,.T.);
#3716=ORIENTED_EDGE('',*,*,#2599,.T.);
#3717=ORIENTED_EDGE('',*,*,#2585,.T.);
#3718=ORIENTED_EDGE('',*,*,#2596,.T.);
#3719=ORIENTED_EDGE('',*,*,#2577,.T.);
#3720=ORIENTED_EDGE('',*,*,#2571,.T.);
#3721=ORIENTED_EDGE('',*,*,#2532,.T.);
#3722=ORIENTED_EDGE('',*,*,#2557,.T.);
#3723=ORIENTED_EDGE('',*,*,#2576,.T.);
#3724=ORIENTED_EDGE('',*,*,#2605,.T.);
#3725=ORIENTED_EDGE('',*,*,#2606,.T.);
#3726=ORIENTED_EDGE('',*,*,#2607,.T.);
#3727=ORIENTED_EDGE('',*,*,#2608,.T.);
#3728=ORIENTED_EDGE('',*,*,#2609,.T.);
#3729=ORIENTED_EDGE('',*,*,#2610,.F.);
#3730=ORIENTED_EDGE('',*,*,#2530,.T.);
#3731=ORIENTED_EDGE('',*,*,#2611,.T.);
#3732=ORIENTED_EDGE('',*,*,#2612,.T.);
#3733=ORIENTED_EDGE('',*,*,#2613,.T.);
#3734=ORIENTED_EDGE('',*,*,#2614,.T.);
#3735=ORIENTED_EDGE('',*,*,#2615,.T.);
#3736=ORIENTED_EDGE('',*,*,#2616,.F.);
#3737=ORIENTED_EDGE('',*,*,#2614,.F.);
#3738=ORIENTED_EDGE('',*,*,#2617,.F.);
#3739=ORIENTED_EDGE('',*,*,#2605,.F.);
#3740=ORIENTED_EDGE('',*,*,#2575,.T.);
#3741=ORIENTED_EDGE('',*,*,#2414,.F.);
#3742=ORIENTED_EDGE('',*,*,#2618,.F.);
#3743=ORIENTED_EDGE('',*,*,#2609,.F.);
#3744=ORIENTED_EDGE('',*,*,#2619,.T.);
#3745=ORIENTED_EDGE('',*,*,#2611,.F.);
#3746=ORIENTED_EDGE('',*,*,#2607,.F.);
#3747=ORIENTED_EDGE('',*,*,#2620,.F.);
#3748=ORIENTED_EDGE('',*,*,#2621,.F.);
#3749=ORIENTED_EDGE('',*,*,#2622,.F.);
#3750=ORIENTED_EDGE('',*,*,#2623,.F.);
#3751=ORIENTED_EDGE('',*,*,#2624,.T.);
#3752=ORIENTED_EDGE('',*,*,#2625,.T.);
#3753=ORIENTED_EDGE('',*,*,#2621,.T.);
#3754=ORIENTED_EDGE('',*,*,#2613,.F.);
#3755=ORIENTED_EDGE('',*,*,#2626,.F.);
#3756=ORIENTED_EDGE('',*,*,#2624,.F.);
#3757=ORIENTED_EDGE('',*,*,#2627,.F.);
#3758=ORIENTED_EDGE('',*,*,#2615,.F.);
#3759=ORIENTED_EDGE('',*,*,#2619,.F.);
#3760=ORIENTED_EDGE('',*,*,#2608,.F.);
#3761=ORIENTED_EDGE('',*,*,#2622,.T.);
#3762=ORIENTED_EDGE('',*,*,#2625,.F.);
#3763=ORIENTED_EDGE('',*,*,#2626,.T.);
#3764=ORIENTED_EDGE('',*,*,#2612,.F.);
#3765=ORIENTED_EDGE('',*,*,#2620,.T.);
#3766=ORIENTED_EDGE('',*,*,#2606,.F.);
#3767=ORIENTED_EDGE('',*,*,#2617,.T.);
#3768=ORIENTED_EDGE('',*,*,#2616,.T.);
#3769=ORIENTED_EDGE('',*,*,#2627,.T.);
#3770=ORIENTED_EDGE('',*,*,#2623,.T.);
#3771=ORIENTED_EDGE('',*,*,#2610,.T.);
#3772=ORIENTED_EDGE('',*,*,#2618,.T.);
#3773=ORIENTED_EDGE('',*,*,#2413,.T.);
#3774=ORIENTED_EDGE('',*,*,#2628,.F.);
#3775=ORIENTED_EDGE('',*,*,#2629,.F.);
#3776=ORIENTED_EDGE('',*,*,#2630,.F.);
#3777=ORIENTED_EDGE('',*,*,#2604,.T.);
#3778=ORIENTED_EDGE('',*,*,#2631,.F.);
#3779=ORIENTED_EDGE('',*,*,#2632,.F.);
#3780=ORIENTED_EDGE('',*,*,#2633,.T.);
#3781=ORIENTED_EDGE('',*,*,#2419,.T.);
#3782=ORIENTED_EDGE('',*,*,#2598,.T.);
#3783=ORIENTED_EDGE('',*,*,#2602,.F.);
#3784=ORIENTED_EDGE('',*,*,#2634,.F.);
#3785=ORIENTED_EDGE('',*,*,#2342,.F.);
#3786=ORIENTED_EDGE('',*,*,#2635,.F.);
#3787=ORIENTED_EDGE('',*,*,#2634,.T.);
#3788=ORIENTED_EDGE('',*,*,#2601,.T.);
#3789=ORIENTED_EDGE('',*,*,#2630,.T.);
#3790=ORIENTED_EDGE('',*,*,#2636,.F.);
#3791=ORIENTED_EDGE('',*,*,#2637,.T.);
#3792=ORIENTED_EDGE('',*,*,#2337,.F.);
#3793=ORIENTED_EDGE('',*,*,#2341,.F.);
#3794=ORIENTED_EDGE('',*,*,#2335,.T.);
#3795=ORIENTED_EDGE('',*,*,#2638,.F.);
#3796=ORIENTED_EDGE('',*,*,#2631,.T.);
#3797=ORIENTED_EDGE('',*,*,#2603,.T.);
#3798=ORIENTED_EDGE('',*,*,#2635,.T.);
#3799=ORIENTED_EDGE('',*,*,#2420,.T.);
#3800=ORIENTED_EDGE('',*,*,#2633,.F.);
#3801=ORIENTED_EDGE('',*,*,#2639,.F.);
#3802=ORIENTED_EDGE('',*,*,#2628,.T.);
#3803=ORIENTED_EDGE('',*,*,#2343,.T.);
#3804=ORIENTED_EDGE('',*,*,#2640,.T.);
#3805=ORIENTED_EDGE('',*,*,#2641,.T.);
#3806=ORIENTED_EDGE('',*,*,#2636,.T.);
#3807=ORIENTED_EDGE('',*,*,#2629,.T.);
#3808=ORIENTED_EDGE('',*,*,#2639,.T.);
#3809=ORIENTED_EDGE('',*,*,#2632,.T.);
#3810=ORIENTED_EDGE('',*,*,#2638,.T.);
#3811=ORIENTED_EDGE('',*,*,#2334,.T.);
#3812=ORIENTED_EDGE('',*,*,#2330,.T.);
#3813=ORIENTED_EDGE('',*,*,#2642,.T.);
#3814=ORIENTED_EDGE('',*,*,#2640,.F.);
#3815=ORIENTED_EDGE('',*,*,#2344,.F.);
#3816=ORIENTED_EDGE('',*,*,#2339,.F.);
#3817=ORIENTED_EDGE('',*,*,#2641,.F.);
#3818=ORIENTED_EDGE('',*,*,#2642,.F.);
#3819=ORIENTED_EDGE('',*,*,#2338,.F.);
#3820=ORIENTED_EDGE('',*,*,#2637,.F.);
#3821=ORIENTED_EDGE('',*,*,#2592,.T.);
#3822=ORIENTED_EDGE('',*,*,#2590,.T.);
#3823=ORIENTED_EDGE('',*,*,#2582,.F.);
#3824=ORIENTED_EDGE('',*,*,#2600,.T.);
#3825=PLANE('',#4265);
#3826=PLANE('',#4269);
#3827=PLANE('',#4270);
#3828=PLANE('',#4271);
#3829=PLANE('',#4289);
#3830=PLANE('',#4290);
#3831=PLANE('',#4291);
#3832=PLANE('',#4292);
#3833=PLANE('',#4293);
#3834=PLANE('',#4294);
#3835=PLANE('',#4295);
#3836=PLANE('',#4300);
#3837=PLANE('',#4301);
#3838=PLANE('',#4302);
#3839=PLANE('',#4306);
#3840=PLANE('',#4308);
#3841=PLANE('',#4311);
#3842=PLANE('',#4312);
#3843=PLANE('',#4313);
#3844=PLANE('',#4314);
#3845=PLANE('',#4316);
#3846=PLANE('',#4317);
#3847=PLANE('',#4321);
#3848=PLANE('',#4329);
#3849=PLANE('',#4343);
#3850=PLANE('',#4346);
#3851=PLANE('',#4347);
#3852=PLANE('',#4348);
#3853=PLANE('',#4349);
#3854=PLANE('',#4350);
#3855=PLANE('',#4351);
#3856=PLANE('',#4352);
#3857=PLANE('',#4353);
#3858=PLANE('',#4360);
#3859=PLANE('',#4361);
#3860=PLANE('',#4370);
#3861=PLANE('',#4373);
#3862=PLANE('',#4374);
#3863=PLANE('',#4375);
#3864=PLANE('',#4376);
#3865=PLANE('',#4377);
#3866=PLANE('',#4378);
#3867=PLANE('',#4379);
#3868=PLANE('',#4380);
#3869=PLANE('',#4381);
#3870=PLANE('',#4382);
#3871=PLANE('',#4383);
#3872=PLANE('',#4391);
#3873=PLANE('',#4392);
#3874=PLANE('',#4400);
#3875=PLANE('',#4402);
#3876=PLANE('',#4403);
#3877=PLANE('',#4404);
#3878=PLANE('',#4405);
#3879=PLANE('',#4406);
#3880=PLANE('',#4407);
#3881=PLANE('',#4408);
#3882=PLANE('',#4409);
#3883=PLANE('',#4410);
#3884=PLANE('',#4411);
#3885=PLANE('',#4414);
#3886=PLANE('',#4415);
#3887=PLANE('',#4416);
#3888=PLANE('',#4417);
#3889=PLANE('',#4418);
#3890=PLANE('',#4419);
#3891=PLANE('',#4420);
#3892=PLANE('',#4421);
#3893=PLANE('',#4422);
#3894=PLANE('',#4423);
#3895=PLANE('',#4424);
#3896=PLANE('',#4425);
#3897=PLANE('',#4426);
#3898=PLANE('',#4427);
#3899=PLANE('',#4428);
#3900=PLANE('',#4432);
#3901=PLANE('',#4435);
#3902=PLANE('',#4436);
#3903=PLANE('',#4437);
#3904=PLANE('',#4438);
#3905=PLANE('',#4439);
#3906=PLANE('',#4440);
#3907=PLANE('',#4441);
#3908=PLANE('',#4442);
#3909=PLANE('',#4443);
#3910=PLANE('',#4444);
#3911=PLANE('',#4445);
#3912=PLANE('',#4446);
#3913=PLANE('',#4447);
#3914=PLANE('',#4448);
#3915=PLANE('',#4449);
#3916=PLANE('',#4450);
#3917=PLANE('',#4451);
#3918=PLANE('',#4452);
#3919=PLANE('',#4453);
#3920=PLANE('',#4458);
#3921=PLANE('',#4459);
#3922=PLANE('',#4460);
#3923=PLANE('',#4461);
#3924=PLANE('',#4462);
#3925=PLANE('',#4463);
#3926=PLANE('',#4464);
#3927=PLANE('',#4465);
#3928=PLANE('',#4466);
#3929=PLANE('',#4467);
#3930=PLANE('',#4468);
#3931=PLANE('',#4469);
#3932=PLANE('',#4470);
#3933=PLANE('',#4471);
#3934=PLANE('',#4472);
#3935=PLANE('',#4473);
#3936=PLANE('',#4474);
#3937=PLANE('',#4475);
#3938=PLANE('',#4476);
#3939=PLANE('',#4477);
#3940=PLANE('',#4478);
#3941=PLANE('',#4481);
#3942=PLANE('',#4482);
#3943=PLANE('',#4486);
#3944=PLANE('',#4487);
#3945=PLANE('',#4489);
#3946=PLANE('',#4490);
#3947=PLANE('',#4491);
#3948=PLANE('',#4492);
#3949=PLANE('',#4494);
#3950=PLANE('',#4495);
#3951=PLANE('',#4499);
#3952=PLANE('',#4500);
#3953=PLANE('',#4502);
#3954=PLANE('',#4503);
#3955=PLANE('',#4504);
#3956=PLANE('',#4505);
#3957=PLANE('',#4506);
#3958=PLANE('',#4508);
#3959=PLANE('',#4509);
#3960=PLANE('',#4511);
#3961=PLANE('',#4515);
#3962=PLANE('',#4516);
#3963=PLANE('',#4517);
#3964=PLANE('',#4518);
#3965=PLANE('',#4519);
#3966=PLANE('',#4520);
#3967=PLANE('',#4530);
#3968=PLANE('',#4531);
#3969=PLANE('',#4532);
#3970=PLANE('',#4533);
#3971=PLANE('',#4534);
#3972=PLANE('',#4535);
#3973=PLANE('',#4537);
#3974=PLANE('',#4540);
#3975=PLANE('',#4541);
#3976=PLANE('',#4542);
#3977=PLANE('',#4543);
#3978=PLANE('',#4544);
#3979=PLANE('',#4545);
#3980=PLANE('',#4546);
#3981=PLANE('',#4547);
#3982=PLANE('',#4548);
#3983=PLANE('',#4550);
#3984=PLANE('',#4551);
#3985=PLANE('',#4555);
#3986=PLANE('',#4556);
#3987=PLANE('',#4560);
#3988=PLANE('',#4563);
#3989=PLANE('',#4565);
#3990=PLANE('',#4567);
#3991=PLANE('',#4570);
#3992=PLANE('',#4573);
#3993=PLANE('',#4574);
#3994=PLANE('',#4575);
#3995=PLANE('',#4576);
#3996=PLANE('',#4578);
#3997=PLANE('',#4579);
#3998=PLANE('',#4580);
#3999=PLANE('',#4581);
#4000=PLANE('',#4583);
#4001=PLANE('',#4585);
#4002=ADVANCED_FACE('',(#213),#3825,.F.);
#4003=ADVANCED_FACE('',(#214),#168,.F.);
#4004=ADVANCED_FACE('',(#215),#3826,.F.);
#4005=ADVANCED_FACE('',(#216),#3827,.F.);
#4006=ADVANCED_FACE('',(#217,#59),#3828,.F.);
#4007=ADVANCED_FACE('',(#218),#169,.F.);
#4008=ADVANCED_FACE('',(#219),#170,.F.);
#4009=ADVANCED_FACE('',(#220),#171,.F.);
#4010=ADVANCED_FACE('',(#221),#172,.F.);
#4011=ADVANCED_FACE('',(#222),#3829,.F.);
#4012=ADVANCED_FACE('',(#223),#3830,.F.);
#4013=ADVANCED_FACE('',(#224),#3831,.F.);
#4014=ADVANCED_FACE('',(#225),#3832,.T.);
#4015=ADVANCED_FACE('',(#226),#3833,.F.);
#4016=ADVANCED_FACE('',(#227),#3834,.F.);
#4017=ADVANCED_FACE('',(#228),#3835,.T.);
#4018=ADVANCED_FACE('',(#229),#173,.F.);
#4019=ADVANCED_FACE('',(#230),#174,.F.);
#4020=ADVANCED_FACE('',(#231),#3836,.T.);
#4021=ADVANCED_FACE('',(#232),#3837,.F.);
#4022=ADVANCED_FACE('',(#233,#60),#3838,.T.);
#4023=ADVANCED_FACE('',(#234),#3839,.T.);
#4024=ADVANCED_FACE('',(#235),#175,.F.);
#4025=ADVANCED_FACE('',(#236),#3840,.T.);
#4026=ADVANCED_FACE('',(#237),#176,.F.);
#4027=ADVANCED_FACE('',(#238),#177,.F.);
#4028=ADVANCED_FACE('',(#239),#3841,.T.);
#4029=ADVANCED_FACE('',(#240),#3842,.T.);
#4030=ADVANCED_FACE('',(#241),#3843,.T.);
#4031=ADVANCED_FACE('',(#242),#3844,.T.);
#4032=ADVANCED_FACE('',(#243),#3845,.T.);
#4033=ADVANCED_FACE('',(#244),#3846,.F.);
#4034=ADVANCED_FACE('',(#245),#178,.F.);
#4035=ADVANCED_FACE('',(#246),#3847,.F.);
#4036=ADVANCED_FACE('',(#247),#24,.T.);
#4037=ADVANCED_FACE('',(#248),#23,.T.);
#4038=ADVANCED_FACE('',(#249,#61),#3848,.F.);
#4039=ADVANCED_FACE('',(#250),#179,.F.);
#4040=ADVANCED_FACE('',(#251),#180,.T.);
#4041=ADVANCED_FACE('',(#252),#181,.T.);
#4042=ADVANCED_FACE('',(#253),#182,.T.);
#4043=ADVANCED_FACE('',(#254),#3849,.T.);
#4044=ADVANCED_FACE('',(#255),#183,.T.);
#4045=ADVANCED_FACE('',(#256),#3850,.F.);
#4046=ADVANCED_FACE('',(#257,#62),#3851,.F.);
#4047=ADVANCED_FACE('',(#258),#3852,.T.);
#4048=ADVANCED_FACE('',(#259),#3853,.T.);
#4049=ADVANCED_FACE('',(#260),#3854,.T.);
#4050=ADVANCED_FACE('',(#261),#3855,.F.);
#4051=ADVANCED_FACE('',(#262),#3856,.F.);
#4052=ADVANCED_FACE('',(#263),#3857,.F.);
#4053=ADVANCED_FACE('',(#264),#184,.T.);
#4054=ADVANCED_FACE('',(#265),#185,.T.);
#4055=ADVANCED_FACE('',(#266),#3858,.F.);
#4056=ADVANCED_FACE('',(#267,#63),#3859,.T.);
#4057=ADVANCED_FACE('',(#268),#3860,.T.);
#4058=ADVANCED_FACE('',(#269),#186,.T.);
#4059=ADVANCED_FACE('',(#270),#3861,.F.);
#4060=ADVANCED_FACE('',(#271),#3862,.F.);
#4061=ADVANCED_FACE('',(#272),#3863,.F.);
#4062=ADVANCED_FACE('',(#273),#3864,.F.);
#4063=ADVANCED_FACE('',(#274),#3865,.F.);
#4064=ADVANCED_FACE('',(#275),#3866,.T.);
#4065=ADVANCED_FACE('',(#276),#3867,.T.);
#4066=ADVANCED_FACE('',(#277),#3868,.T.);
#4067=ADVANCED_FACE('',(#278),#3869,.T.);
#4068=ADVANCED_FACE('',(#279),#3870,.F.);
#4069=ADVANCED_FACE('',(#280,#64),#3871,.F.);
#4070=ADVANCED_FACE('',(#281),#3872,.F.);
#4071=ADVANCED_FACE('',(#282),#3873,.T.);
#4072=ADVANCED_FACE('',(#283),#187,.T.);
#4073=ADVANCED_FACE('',(#284),#188,.T.);
#4074=ADVANCED_FACE('',(#285),#189,.T.);
#4075=ADVANCED_FACE('',(#286),#190,.T.);
#4076=ADVANCED_FACE('',(#287),#191,.T.);
#4077=ADVANCED_FACE('',(#288),#192,.T.);
#4078=ADVANCED_FACE('',(#289),#193,.T.);
#4079=ADVANCED_FACE('',(#290),#3874,.T.);
#4080=ADVANCED_FACE('',(#291),#3875,.T.);
#4081=ADVANCED_FACE('',(#292),#3876,.T.);
#4082=ADVANCED_FACE('',(#293),#3877,.F.);
#4083=ADVANCED_FACE('',(#294),#3878,.F.);
#4084=ADVANCED_FACE('',(#295),#3879,.T.);
#4085=ADVANCED_FACE('',(#296),#3880,.F.);
#4086=ADVANCED_FACE('',(#297),#3881,.T.);
#4087=ADVANCED_FACE('',(#298),#3882,.F.);
#4088=ADVANCED_FACE('',(#299),#3883,.F.);
#4089=ADVANCED_FACE('',(#300),#3884,.T.);
#4090=ADVANCED_FACE('',(#301),#194,.T.);
#4091=ADVANCED_FACE('',(#302),#3885,.F.);
#4092=ADVANCED_FACE('',(#303),#3886,.F.);
#4093=ADVANCED_FACE('',(#304),#3887,.F.);
#4094=ADVANCED_FACE('',(#305),#3888,.T.);
#4095=ADVANCED_FACE('',(#306),#3889,.T.);
#4096=ADVANCED_FACE('',(#307),#3890,.F.);
#4097=ADVANCED_FACE('',(#308),#3891,.F.);
#4098=ADVANCED_FACE('',(#309),#3892,.F.);
#4099=ADVANCED_FACE('',(#310),#3893,.T.);
#4100=ADVANCED_FACE('',(#311),#3894,.T.);
#4101=ADVANCED_FACE('',(#312),#3895,.F.);
#4102=ADVANCED_FACE('',(#313),#3896,.F.);
#4103=ADVANCED_FACE('',(#314),#3897,.T.);
#4104=ADVANCED_FACE('',(#315),#3898,.T.);
#4105=ADVANCED_FACE('',(#316),#3899,.T.);
#4106=ADVANCED_FACE('',(#317),#195,.F.);
#4107=ADVANCED_FACE('',(#318,#65),#3900,.T.);
#4108=ADVANCED_FACE('',(#319),#3901,.T.);
#4109=ADVANCED_FACE('',(#320),#3902,.F.);
#4110=ADVANCED_FACE('',(#321),#3903,.T.);
#4111=ADVANCED_FACE('',(#322),#3904,.F.);
#4112=ADVANCED_FACE('',(#323),#3905,.F.);
#4113=ADVANCED_FACE('',(#324),#3906,.F.);
#4114=ADVANCED_FACE('',(#325),#3907,.T.);
#4115=ADVANCED_FACE('',(#326),#3908,.F.);
#4116=ADVANCED_FACE('',(#327),#3909,.F.);
#4117=ADVANCED_FACE('',(#328),#3910,.T.);
#4118=ADVANCED_FACE('',(#329),#3911,.F.);
#4119=ADVANCED_FACE('',(#330),#3912,.F.);
#4120=ADVANCED_FACE('',(#331),#3913,.T.);
#4121=ADVANCED_FACE('',(#332),#3914,.T.);
#4122=ADVANCED_FACE('',(#333),#3915,.F.);
#4123=ADVANCED_FACE('',(#334),#3916,.F.);
#4124=ADVANCED_FACE('',(#335),#3917,.F.);
#4125=ADVANCED_FACE('',(#336),#3918,.F.);
#4126=ADVANCED_FACE('',(#337,#66,#67,#68,#69,#70),#3919,.T.);
#4127=ADVANCED_FACE('',(#338),#3920,.T.);
#4128=ADVANCED_FACE('',(#339),#3921,.F.);
#4129=ADVANCED_FACE('',(#340),#3922,.F.);
#4130=ADVANCED_FACE('',(#341),#3923,.T.);
#4131=ADVANCED_FACE('',(#342),#3924,.T.);
#4132=ADVANCED_FACE('',(#343),#3925,.T.);
#4133=ADVANCED_FACE('',(#344),#3926,.T.);
#4134=ADVANCED_FACE('',(#345),#3927,.F.);
#4135=ADVANCED_FACE('',(#346),#3928,.T.);
#4136=ADVANCED_FACE('',(#347),#3929,.F.);
#4137=ADVANCED_FACE('',(#348),#3930,.T.);
#4138=ADVANCED_FACE('',(#349),#3931,.F.);
#4139=ADVANCED_FACE('',(#350),#3932,.T.);
#4140=ADVANCED_FACE('',(#351),#3933,.T.);
#4141=ADVANCED_FACE('',(#352),#3934,.T.);
#4142=ADVANCED_FACE('',(#353),#3935,.F.);
#4143=ADVANCED_FACE('',(#354),#3936,.T.);
#4144=ADVANCED_FACE('',(#355),#3937,.T.);
#4145=ADVANCED_FACE('',(#356),#3938,.T.);
#4146=ADVANCED_FACE('',(#357),#3939,.F.);
#4147=ADVANCED_FACE('',(#358),#3940,.F.);
#4148=ADVANCED_FACE('',(#359),#196,.T.);
#4149=ADVANCED_FACE('',(#360),#3941,.T.);
#4150=ADVANCED_FACE('',(#361),#3942,.T.);
#4151=ADVANCED_FACE('',(#362),#197,.T.);
#4152=ADVANCED_FACE('',(#363),#3943,.F.);
#4153=ADVANCED_FACE('',(#364),#3944,.F.);
#4154=ADVANCED_FACE('',(#365),#3945,.F.);
#4155=ADVANCED_FACE('',(#366),#3946,.T.);
#4156=ADVANCED_FACE('',(#367),#3947,.T.);
#4157=ADVANCED_FACE('',(#368),#3948,.F.);
#4158=ADVANCED_FACE('',(#369),#198,.T.);
#4159=ADVANCED_FACE('',(#370),#3949,.T.);
#4160=ADVANCED_FACE('',(#371),#3950,.F.);
#4161=ADVANCED_FACE('',(#372),#199,.T.);
#4162=ADVANCED_FACE('',(#373),#3951,.T.);
#4163=ADVANCED_FACE('',(#374),#3952,.F.);
#4164=ADVANCED_FACE('',(#375),#3953,.T.);
#4165=ADVANCED_FACE('',(#376),#3954,.F.);
#4166=ADVANCED_FACE('',(#377),#3955,.T.);
#4167=ADVANCED_FACE('',(#378),#3956,.F.);
#4168=ADVANCED_FACE('',(#379),#3957,.T.);
#4169=ADVANCED_FACE('',(#380),#200,.T.);
#4170=ADVANCED_FACE('',(#381),#3958,.F.);
#4171=ADVANCED_FACE('',(#382),#3959,.F.);
#4172=ADVANCED_FACE('',(#383),#3960,.T.);
#4173=ADVANCED_FACE('',(#384),#201,.T.);
#4174=ADVANCED_FACE('',(#385),#202,.T.);
#4175=ADVANCED_FACE('',(#386),#3961,.T.);
#4176=ADVANCED_FACE('',(#387),#3962,.T.);
#4177=ADVANCED_FACE('',(#388),#3963,.T.);
#4178=ADVANCED_FACE('',(#389),#3964,.F.);
#4179=ADVANCED_FACE('',(#390),#3965,.F.);
#4180=ADVANCED_FACE('',(#391),#3966,.T.);
#4181=ADVANCED_FACE('',(#392),#203,.T.);
#4182=ADVANCED_FACE('',(#393),#204,.F.);
#4183=ADVANCED_FACE('',(#394),#205,.F.);
#4184=ADVANCED_FACE('',(#395),#3967,.T.);
#4185=ADVANCED_FACE('',(#396),#3968,.F.);
#4186=ADVANCED_FACE('',(#397),#3969,.F.);
#4187=ADVANCED_FACE('',(#398),#3970,.T.);
#4188=ADVANCED_FACE('',(#399),#3971,.T.);
#4189=ADVANCED_FACE('',(#400,#71),#3972,.T.);
#4190=ADVANCED_FACE('',(#401),#3973,.F.);
#4191=ADVANCED_FACE('',(#402),#206,.F.);
#4192=ADVANCED_FACE('',(#403),#3974,.T.);
#4193=ADVANCED_FACE('',(#404),#3975,.T.);
#4194=ADVANCED_FACE('',(#405),#3976,.F.);
#4195=ADVANCED_FACE('',(#406),#3977,.F.);
#4196=ADVANCED_FACE('',(#407),#3978,.F.);
#4197=ADVANCED_FACE('',(#408),#3979,.F.);
#4198=ADVANCED_FACE('',(#409),#3980,.F.);
#4199=ADVANCED_FACE('',(#410),#3981,.F.);
#4200=ADVANCED_FACE('',(#411),#3982,.T.);
#4201=ADVANCED_FACE('',(#412),#3983,.T.);
#4202=ADVANCED_FACE('',(#413),#3984,.T.);
#4203=ADVANCED_FACE('',(#414),#207,.F.);
#4204=ADVANCED_FACE('',(#415),#3985,.F.);
#4205=ADVANCED_FACE('',(#416),#3986,.T.);
#4206=ADVANCED_FACE('',(#417),#208,.F.);
#4207=ADVANCED_FACE('',(#418,#72),#3987,.T.);
#4208=ADVANCED_FACE('',(#419),#3988,.T.);
#4209=ADVANCED_FACE('',(#420),#3989,.T.);
#4210=ADVANCED_FACE('',(#421),#3990,.F.);
#4211=ADVANCED_FACE('',(#422),#209,.F.);
#4212=ADVANCED_FACE('',(#423),#3991,.T.);
#4213=ADVANCED_FACE('',(#424),#210,.F.);
#4214=ADVANCED_FACE('',(#425),#3992,.F.);
#4215=ADVANCED_FACE('',(#426),#3993,.T.);
#4216=ADVANCED_FACE('',(#427),#3994,.T.);
#4217=ADVANCED_FACE('',(#428),#3995,.T.);
#4218=ADVANCED_FACE('',(#429),#211,.F.);
#4219=ADVANCED_FACE('',(#430),#3996,.T.);
#4220=ADVANCED_FACE('',(#431),#3997,.T.);
#4221=ADVANCED_FACE('',(#432),#3998,.T.);
#4222=ADVANCED_FACE('',(#433),#3999,.T.);
#4223=ADVANCED_FACE('',(#434),#4000,.F.);
#4224=ADVANCED_FACE('',(#435),#212,.F.);
#4225=ADVANCED_FACE('',(#436),#4001,.T.);
#4226=CLOSED_SHELL('',(#4002,#4003,#4004,#4005,#4006,#4007,#4008,#4009,
#4010,#4011,#4012,#4013,#4014,#4015,#4016,#4017,#4018,#4019,#4020,#4021,
#4022,#4023,#4024,#4025,#4026,#4027,#4028,#4029,#4030,#4031));
#4227=CLOSED_SHELL('',(#4032,#4033,#4034,#4035,#4036,#4037,#4038,#4039,
#4040,#4041,#4042,#4043,#4044,#4045,#4046,#4047,#4048,#4049,#4050,#4051,
#4052,#4053,#4054,#4055,#4056,#4057,#4058,#4059,#4060,#4061,#4062,#4063,
#4064,#4065,#4066,#4067,#4068,#4069,#4070,#4071,#4072,#4073,#4074,#4075,
#4076,#4077,#4078,#4079));
#4228=CLOSED_SHELL('',(#4080,#4081,#4082,#4083,#4084,#4085,#4086,#4087,
#4088,#4089,#4090,#4091,#4092,#4093,#4094,#4095,#4096,#4097,#4098,#4099,
#4100,#4101,#4102,#4103,#4104,#4105,#4106,#4107,#4108,#4109,#4110,#4111,
#4112,#4113,#4114,#4115,#4116,#4117,#4118,#4119,#4120,#4121,#4122,#4123,
#4124,#4125,#4126,#4127,#4128,#4129,#4130,#4131,#4132,#4133,#4134,#4135,
#4136,#4137,#4138,#4139,#4140,#4141,#4142,#4143,#4144,#4145,#4146,#4147,
#4148,#4149,#4150,#4151,#4152,#4153,#4154,#4155,#4156,#4157,#4158,#4159,
#4160,#4161,#4162,#4163,#4164,#4165,#4166,#4167,#4168,#4169,#4170,#4171,
#4172,#4173,#4174,#4175,#4176,#4177,#4178,#4179,#4180,#4181,#4182,#4183,
#4184,#4185,#4186,#4187,#4188,#4189,#4190,#4191,#4192,#4193,#4194,#4195,
#4196,#4197,#4198,#4199,#4200,#4201,#4202,#4203,#4204,#4205,#4206,#4207,
#4208,#4209,#4210,#4211,#4212,#4213,#4214,#4215,#4216,#4217,#4218,#4219,
#4220,#4221,#4222,#4223,#4224,#4225));
#4229=DERIVED_UNIT_ELEMENT(#4235,1.);
#4230=DERIVED_UNIT_ELEMENT(#6955,-3.);
#4231=DERIVED_UNIT_ELEMENT(#4235,1.);
#4232=DERIVED_UNIT_ELEMENT(#6955,-3.);
#4233=DERIVED_UNIT_ELEMENT(#4235,1.);
#4234=DERIVED_UNIT_ELEMENT(#6955,-3.);
#4235=(
MASS_UNIT()
NAMED_UNIT(*)
SI_UNIT(.KILO.,.GRAM.)
);
#4236=DERIVED_UNIT((#4229,#4230));
#4237=DERIVED_UNIT((#4231,#4232));
#4238=DERIVED_UNIT((#4233,#4234));
#4239=MEASURE_REPRESENTATION_ITEM('density measure',
POSITIVE_RATIO_MEASURE(7850.),#4236);
#4240=MEASURE_REPRESENTATION_ITEM('density measure',
POSITIVE_RATIO_MEASURE(7850.),#4237);
#4241=MEASURE_REPRESENTATION_ITEM('density measure',
POSITIVE_RATIO_MEASURE(7850.),#4238);
#4242=PROPERTY_DEFINITION_REPRESENTATION(#4257,#4248);
#4243=PROPERTY_DEFINITION_REPRESENTATION(#4258,#4249);
#4244=PROPERTY_DEFINITION_REPRESENTATION(#4259,#4250);
#4245=PROPERTY_DEFINITION_REPRESENTATION(#4260,#4251);
#4246=PROPERTY_DEFINITION_REPRESENTATION(#4261,#4252);
#4247=PROPERTY_DEFINITION_REPRESENTATION(#4262,#4253);
#4248=REPRESENTATION('material name',(#4254),#6950);
#4249=REPRESENTATION('density',(#4239),#6950);
#4250=REPRESENTATION('material name',(#4255),#6951);
#4251=REPRESENTATION('density',(#4240),#6951);
#4252=REPRESENTATION('material name',(#4256),#6952);
#4253=REPRESENTATION('density',(#4241),#6952);
#4254=DESCRIPTIVE_REPRESENTATION_ITEM('Steel','Steel');
#4255=DESCRIPTIVE_REPRESENTATION_ITEM('Steel','Steel');
#4256=DESCRIPTIVE_REPRESENTATION_ITEM('Steel','Steel');
#4257=PROPERTY_DEFINITION('material property','material name',#6975);
#4258=PROPERTY_DEFINITION('material property','density of part',#6975);
#4259=PROPERTY_DEFINITION('material property','material name',#6976);
#4260=PROPERTY_DEFINITION('material property','density of part',#6976);
#4261=PROPERTY_DEFINITION('material property','material name',#6977);
#4262=PROPERTY_DEFINITION('material property','density of part',#6977);
#4263=AXIS2_PLACEMENT_3D('',#5737,#4589,#4590);
#4264=AXIS2_PLACEMENT_3D('',#5738,#4591,#4592);
#4265=AXIS2_PLACEMENT_3D('',#5739,#4593,#4594);
#4266=AXIS2_PLACEMENT_3D('',#5748,#4599,#4600);
#4267=AXIS2_PLACEMENT_3D('',#5750,#4601,#4602);
#4268=AXIS2_PLACEMENT_3D('',#5753,#4604,#4605);
#4269=AXIS2_PLACEMENT_3D('',#5754,#4606,#4607);
#4270=AXIS2_PLACEMENT_3D('',#5763,#4612,#4613);
#4271=AXIS2_PLACEMENT_3D('',#5772,#4618,#4619);
#4272=AXIS2_PLACEMENT_3D('',#5781,#4623,#4624);
#4273=AXIS2_PLACEMENT_3D('',#5785,#4626,#4627);
#4274=AXIS2_PLACEMENT_3D('',#5793,#4631,#4632);
#4275=AXIS2_PLACEMENT_3D('',#5797,#4634,#4635);
#4276=AXIS2_PLACEMENT_3D('',#5804,#4639,#4640);
#4277=AXIS2_PLACEMENT_3D('',#5806,#4641,#4642);
#4278=AXIS2_PLACEMENT_3D('',#5813,#4646,#4647);
#4279=AXIS2_PLACEMENT_3D('',#5814,#4648,#4649);
#4280=AXIS2_PLACEMENT_3D('',#5816,#4650,#4651);
#4281=AXIS2_PLACEMENT_3D('',#5818,#4653,#4654);
#4282=AXIS2_PLACEMENT_3D('',#5821,#4656,#4657);
#4283=AXIS2_PLACEMENT_3D('',#5822,#4658,#4659);
#4284=AXIS2_PLACEMENT_3D('',#5825,#4661,#4662);
#4285=AXIS2_PLACEMENT_3D('',#5826,#4663,#4664);
#4286=AXIS2_PLACEMENT_3D('',#5829,#4666,#4667);
#4287=AXIS2_PLACEMENT_3D('',#5830,#4668,#4669);
#4288=AXIS2_PLACEMENT_3D('',#5833,#4671,#4672);
#4289=AXIS2_PLACEMENT_3D('',#5834,#4673,#4674);
#4290=AXIS2_PLACEMENT_3D('',#5838,#4677,#4678);
#4291=AXIS2_PLACEMENT_3D('',#5842,#4681,#4682);
#4292=AXIS2_PLACEMENT_3D('',#5846,#4685,#4686);
#4293=AXIS2_PLACEMENT_3D('',#5850,#4689,#4690);
#4294=AXIS2_PLACEMENT_3D('',#5852,#4692,#4693);
#4295=AXIS2_PLACEMENT_3D('',#5856,#4696,#4697);
#4296=AXIS2_PLACEMENT_3D('',#5862,#4701,#4702);
#4297=AXIS2_PLACEMENT_3D('',#5865,#4704,#4705);
#4298=AXIS2_PLACEMENT_3D('',#5866,#4706,#4707);
#4299=AXIS2_PLACEMENT_3D('',#5869,#4709,#4710);
#4300=AXIS2_PLACEMENT_3D('',#5870,#4711,#4712);
#4301=AXIS2_PLACEMENT_3D('',#5872,#4714,#4715);
#4302=AXIS2_PLACEMENT_3D('',#5876,#4718,#4719);
#4303=AXIS2_PLACEMENT_3D('',#5882,#4722,#4723);
#4304=AXIS2_PLACEMENT_3D('',#5886,#4725,#4726);
#4305=AXIS2_PLACEMENT_3D('',#5891,#4729,#4730);
#4306=AXIS2_PLACEMENT_3D('',#5893,#4732,#4733);
#4307=AXIS2_PLACEMENT_3D('',#5895,#4735,#4736);
#4308=AXIS2_PLACEMENT_3D('',#5897,#4738,#4739);
#4309=AXIS2_PLACEMENT_3D('',#5900,#4742,#4743);
#4310=AXIS2_PLACEMENT_3D('',#5902,#4745,#4746);
#4311=AXIS2_PLACEMENT_3D('',#5904,#4748,#4749);
#4312=AXIS2_PLACEMENT_3D('',#5905,#4750,#4751);
#4313=AXIS2_PLACEMENT_3D('',#5907,#4753,#4754);
#4314=AXIS2_PLACEMENT_3D('',#5908,#4755,#4756);
#4315=AXIS2_PLACEMENT_3D('',#5909,#4757,#4758);
#4316=AXIS2_PLACEMENT_3D('',#5910,#4759,#4760);
#4317=AXIS2_PLACEMENT_3D('',#5919,#4765,#4766);
#4318=AXIS2_PLACEMENT_3D('',#5925,#4770,#4771);
#4319=AXIS2_PLACEMENT_3D('',#5928,#4772,#4773);
#4320=AXIS2_PLACEMENT_3D('',#5932,#4775,#4776);
#4321=AXIS2_PLACEMENT_3D('',#5934,#4778,#4779);
#4322=AXIS2_PLACEMENT_3D('',#5936,#4780,#4781);
#4323=AXIS2_PLACEMENT_3D('',#5937,#4782,#4783);
#4324=AXIS2_PLACEMENT_3D('',#5939,#4784,#4785);
#4325=AXIS2_PLACEMENT_3D('',#5941,#4786,#4787);
#4326=AXIS2_PLACEMENT_3D('',#5942,#4788,#4789);
#4327=AXIS2_PLACEMENT_3D('',#5943,#4790,#4791);
#4328=AXIS2_PLACEMENT_3D('',#5945,#4792,#4793);
#4329=AXIS2_PLACEMENT_3D('',#5947,#4795,#4796);
#4330=AXIS2_PLACEMENT_3D('',#5951,#4798,#4799);
#4331=AXIS2_PLACEMENT_3D('',#5953,#4800,#4801);
#4332=AXIS2_PLACEMENT_3D('',#5957,#4803,#4804);
#4333=AXIS2_PLACEMENT_3D('',#5959,#4805,#4806);
#4334=AXIS2_PLACEMENT_3D('',#5960,#4807,#4808);
#4335=AXIS2_PLACEMENT_3D('',#5961,#4809,#4810);
#4336=AXIS2_PLACEMENT_3D('',#5965,#4812,#4813);
#4337=AXIS2_PLACEMENT_3D('',#5967,#4815,#4816);
#4338=AXIS2_PLACEMENT_3D('',#5969,#4817,#4818);
#4339=AXIS2_PLACEMENT_3D('',#5971,#4820,#4821);
#4340=AXIS2_PLACEMENT_3D('',#5973,#4822,#4823);
#4341=AXIS2_PLACEMENT_3D('',#5975,#4825,#4826);
#4342=AXIS2_PLACEMENT_3D('',#5977,#4827,#4828);
#4343=AXIS2_PLACEMENT_3D('',#5979,#4830,#4831);
#4344=AXIS2_PLACEMENT_3D('',#5981,#4833,#4834);
#4345=AXIS2_PLACEMENT_3D('',#5983,#4835,#4836);
#4346=AXIS2_PLACEMENT_3D('',#5985,#4838,#4839);
#4347=AXIS2_PLACEMENT_3D('',#5987,#4841,#4842);
#4348=AXIS2_PLACEMENT_3D('',#5999,#4849,#4850);
#4349=AXIS2_PLACEMENT_3D('',#6003,#4853,#4854);
#4350=AXIS2_PLACEMENT_3D('',#6007,#4857,#4858);
#4351=AXIS2_PLACEMENT_3D('',#6011,#4861,#4862);
#4352=AXIS2_PLACEMENT_3D('',#6015,#4865,#4866);
#4353=AXIS2_PLACEMENT_3D('',#6019,#4869,#4870);
#4354=AXIS2_PLACEMENT_3D('',#6021,#4872,#4873);
#4355=AXIS2_PLACEMENT_3D('',#6024,#4874,#4875);
#4356=AXIS2_PLACEMENT_3D('',#6028,#4877,#4878);
#4357=AXIS2_PLACEMENT_3D('',#6030,#4880,#4881);
#4358=AXIS2_PLACEMENT_3D('',#6033,#4882,#4883);
#4359=AXIS2_PLACEMENT_3D('',#6037,#4885,#4886);
#4360=AXIS2_PLACEMENT_3D('',#6039,#4888,#4889);
#4361=AXIS2_PLACEMENT_3D('',#6045,#4893,#4894);
#4362=AXIS2_PLACEMENT_3D('',#6057,#4900,#4901);
#4363=AXIS2_PLACEMENT_3D('',#6061,#4903,#4904);
#4364=AXIS2_PLACEMENT_3D('',#6065,#4906,#4907);
#4365=AXIS2_PLACEMENT_3D('',#6069,#4909,#4910);
#4366=AXIS2_PLACEMENT_3D('',#6073,#4912,#4913);
#4367=AXIS2_PLACEMENT_3D('',#6077,#4915,#4916);
#4368=AXIS2_PLACEMENT_3D('',#6081,#4918,#4919);
#4369=AXIS2_PLACEMENT_3D('',#6084,#4921,#4922);
#4370=AXIS2_PLACEMENT_3D('',#6086,#4924,#4925);
#4371=AXIS2_PLACEMENT_3D('',#6090,#4928,#4929);
#4372=AXIS2_PLACEMENT_3D('',#6091,#4930,#4931);
#4373=AXIS2_PLACEMENT_3D('',#6092,#4932,#4933);
#4374=AXIS2_PLACEMENT_3D('',#6096,#4936,#4937);
#4375=AXIS2_PLACEMENT_3D('',#6102,#4941,#4942);
#4376=AXIS2_PLACEMENT_3D('',#6108,#4946,#4947);
#4377=AXIS2_PLACEMENT_3D('',#6114,#4951,#4952);
#4378=AXIS2_PLACEMENT_3D('',#6120,#4956,#4957);
#4379=AXIS2_PLACEMENT_3D('',#6124,#4960,#4961);
#4380=AXIS2_PLACEMENT_3D('',#6130,#4965,#4966);
#4381=AXIS2_PLACEMENT_3D('',#6136,#4970,#4971);
#4382=AXIS2_PLACEMENT_3D('',#6142,#4975,#4976);
#4383=AXIS2_PLACEMENT_3D('',#6146,#4979,#4980);
#4384=AXIS2_PLACEMENT_3D('',#6147,#4981,#4982);
#4385=AXIS2_PLACEMENT_3D('',#6148,#4983,#4984);
#4386=AXIS2_PLACEMENT_3D('',#6149,#4985,#4986);
#4387=AXIS2_PLACEMENT_3D('',#6150,#4987,#4988);
#4388=AXIS2_PLACEMENT_3D('',#6151,#4989,#4990);
#4389=AXIS2_PLACEMENT_3D('',#6152,#4991,#4992);
#4390=AXIS2_PLACEMENT_3D('',#6153,#4993,#4994);
#4391=AXIS2_PLACEMENT_3D('',#6157,#4997,#4998);
#4392=AXIS2_PLACEMENT_3D('',#6159,#5000,#5001);
#4393=AXIS2_PLACEMENT_3D('',#6160,#5002,#5003);
#4394=AXIS2_PLACEMENT_3D('',#6161,#5004,#5005);
#4395=AXIS2_PLACEMENT_3D('',#6162,#5006,#5007);
#4396=AXIS2_PLACEMENT_3D('',#6163,#5008,#5009);
#4397=AXIS2_PLACEMENT_3D('',#6164,#5010,#5011);
#4398=AXIS2_PLACEMENT_3D('',#6165,#5012,#5013);
#4399=AXIS2_PLACEMENT_3D('',#6166,#5014,#5015);
#4400=AXIS2_PLACEMENT_3D('',#6167,#5016,#5017);
#4401=AXIS2_PLACEMENT_3D('',#6168,#5018,#5019);
#4402=AXIS2_PLACEMENT_3D('',#6169,#5020,#5021);
#4403=AXIS2_PLACEMENT_3D('',#6182,#5028,#5029);
#4404=AXIS2_PLACEMENT_3D('',#6188,#5033,#5034);
#4405=AXIS2_PLACEMENT_3D('',#6197,#5039,#5040);
#4406=AXIS2_PLACEMENT_3D('',#6203,#5044,#5045);
#4407=AXIS2_PLACEMENT_3D('',#6206,#5048,#5049);
#4408=AXIS2_PLACEMENT_3D('',#6215,#5055,#5056);
#4409=AXIS2_PLACEMENT_3D('',#6216,#5057,#5058);
#4410=AXIS2_PLACEMENT_3D('',#6220,#5061,#5062);
#4411=AXIS2_PLACEMENT_3D('',#6239,#5072,#5073);
#4412=AXIS2_PLACEMENT_3D('',#6248,#5078,#5079);
#4413=AXIS2_PLACEMENT_3D('',#6250,#5080,#5081);
#4414=AXIS2_PLACEMENT_3D('',#6253,#5084,#5085);
#4415=AXIS2_PLACEMENT_3D('',#6256,#5088,#5089);
#4416=AXIS2_PLACEMENT_3D('',#6262,#5093,#5094);
#4417=AXIS2_PLACEMENT_3D('',#6264,#5096,#5097);
#4418=AXIS2_PLACEMENT_3D('',#6266,#5099,#5100);
#4419=AXIS2_PLACEMENT_3D('',#6267,#5101,#5102);
#4420=AXIS2_PLACEMENT_3D('',#6273,#5106,#5107);
#4421=AXIS2_PLACEMENT_3D('',#6275,#5109,#5110);
#4422=AXIS2_PLACEMENT_3D('',#6277,#5112,#5113);
#4423=AXIS2_PLACEMENT_3D('',#6284,#5117,#5118);
#4424=AXIS2_PLACEMENT_3D('',#6293,#5123,#5124);
#4425=AXIS2_PLACEMENT_3D('',#6299,#5128,#5129);
#4426=AXIS2_PLACEMENT_3D('',#6303,#5132,#5133);
#4427=AXIS2_PLACEMENT_3D('',#6307,#5136,#5137);
#4428=AXIS2_PLACEMENT_3D('',#6309,#5139,#5140);
#4429=AXIS2_PLACEMENT_3D('',#6318,#5145,#5146);
#4430=AXIS2_PLACEMENT_3D('',#6320,#5147,#5148);
#4431=AXIS2_PLACEMENT_3D('',#6323,#5150,#5151);
#4432=AXIS2_PLACEMENT_3D('',#6324,#5152,#5153);
#4433=AXIS2_PLACEMENT_3D('',#6329,#5155,#5156);
#4434=AXIS2_PLACEMENT_3D('',#6335,#5160,#5161);
#4435=AXIS2_PLACEMENT_3D('',#6336,#5162,#5163);
#4436=AXIS2_PLACEMENT_3D('',#6340,#5166,#5167);
#4437=AXIS2_PLACEMENT_3D('',#6344,#5170,#5171);
#4438=AXIS2_PLACEMENT_3D('',#6348,#5174,#5175);
#4439=AXIS2_PLACEMENT_3D('',#6350,#5177,#5178);
#4440=AXIS2_PLACEMENT_3D('',#6363,#5185,#5186);
#4441=AXIS2_PLACEMENT_3D('',#6369,#5190,#5191);
#4442=AXIS2_PLACEMENT_3D('',#6382,#5198,#5199);
#4443=AXIS2_PLACEMENT_3D('',#6391,#5204,#5205);
#4444=AXIS2_PLACEMENT_3D('',#6402,#5212,#5213);
#4445=AXIS2_PLACEMENT_3D('',#6409,#5218,#5219);
#4446=AXIS2_PLACEMENT_3D('',#6410,#5220,#5221);
#4447=AXIS2_PLACEMENT_3D('',#6412,#5223,#5224);
#4448=AXIS2_PLACEMENT_3D('',#6416,#5227,#5228);
#4449=AXIS2_PLACEMENT_3D('',#6420,#5231,#5232);
#4450=AXIS2_PLACEMENT_3D('',#6424,#5235,#5236);
#4451=AXIS2_PLACEMENT_3D('',#6428,#5239,#5240);
#4452=AXIS2_PLACEMENT_3D('',#6441,#5247,#5248);
#4453=AXIS2_PLACEMENT_3D('',#6447,#5252,#5253);
#4454=AXIS2_PLACEMENT_3D('',#6449,#5254,#5255);
#4455=AXIS2_PLACEMENT_3D('',#6453,#5257,#5258);
#4456=AXIS2_PLACEMENT_3D('',#6457,#5260,#5261);
#4457=AXIS2_PLACEMENT_3D('',#6460,#5263,#5264);
#4458=AXIS2_PLACEMENT_3D('',#6492,#5282,#5283);
#4459=AXIS2_PLACEMENT_3D('',#6501,#5288,#5289);
#4460=AXIS2_PLACEMENT_3D('',#6512,#5296,#5297);
#4461=AXIS2_PLACEMENT_3D('',#6514,#5299,#5300);
#4462=AXIS2_PLACEMENT_3D('',#6518,#5303,#5304);
#4463=AXIS2_PLACEMENT_3D('',#6520,#5306,#5307);
#4464=AXIS2_PLACEMENT_3D('',#6522,#5309,#5310);
#4465=AXIS2_PLACEMENT_3D('',#6524,#5312,#5313);
#4466=AXIS2_PLACEMENT_3D('',#6526,#5315,#5316);
#4467=AXIS2_PLACEMENT_3D('',#6527,#5317,#5318);
#4468=AXIS2_PLACEMENT_3D('',#6528,#5319,#5320);
#4469=AXIS2_PLACEMENT_3D('',#6537,#5325,#5326);
#4470=AXIS2_PLACEMENT_3D('',#6548,#5333,#5334);
#4471=AXIS2_PLACEMENT_3D('',#6553,#5338,#5339);
#4472=AXIS2_PLACEMENT_3D('',#6555,#5341,#5342);
#4473=AXIS2_PLACEMENT_3D('',#6556,#5343,#5344);
#4474=AXIS2_PLACEMENT_3D('',#6558,#5346,#5347);
#4475=AXIS2_PLACEMENT_3D('',#6560,#5349,#5350);
#4476=AXIS2_PLACEMENT_3D('',#6562,#5352,#5353);
#4477=AXIS2_PLACEMENT_3D('',#6563,#5354,#5355);
#4478=AXIS2_PLACEMENT_3D('',#6572,#5361,#5362);
#4479=AXIS2_PLACEMENT_3D('',#6573,#5363,#5364);
#4480=AXIS2_PLACEMENT_3D('',#6574,#5365,#5366);
#4481=AXIS2_PLACEMENT_3D('',#6575,#5367,#5368);
#4482=AXIS2_PLACEMENT_3D('',#6586,#5375,#5376);
#4483=AXIS2_PLACEMENT_3D('',#6595,#5381,#5382);
#4484=AXIS2_PLACEMENT_3D('',#6597,#5383,#5384);
#4485=AXIS2_PLACEMENT_3D('',#6600,#5386,#5387);
#4486=AXIS2_PLACEMENT_3D('',#6602,#5389,#5390);
#4487=AXIS2_PLACEMENT_3D('',#6605,#5393,#5394);
#4488=AXIS2_PLACEMENT_3D('',#6606,#5395,#5396);
#4489=AXIS2_PLACEMENT_3D('',#6610,#5399,#5400);
#4490=AXIS2_PLACEMENT_3D('',#6612,#5402,#5403);
#4491=AXIS2_PLACEMENT_3D('',#6614,#5405,#5406);
#4492=AXIS2_PLACEMENT_3D('',#6615,#5407,#5408);
#4493=AXIS2_PLACEMENT_3D('',#6617,#5410,#5411);
#4494=AXIS2_PLACEMENT_3D('',#6618,#5412,#5413);
#4495=AXIS2_PLACEMENT_3D('',#6646,#5428,#5429);
#4496=AXIS2_PLACEMENT_3D('',#6651,#5433,#5434);
#4497=AXIS2_PLACEMENT_3D('',#6653,#5435,#5436);
#4498=AXIS2_PLACEMENT_3D('',#6656,#5438,#5439);
#4499=AXIS2_PLACEMENT_3D('',#6658,#5441,#5442);
#4500=AXIS2_PLACEMENT_3D('',#6664,#5446,#5447);
#4501=AXIS2_PLACEMENT_3D('',#6668,#5450,#5451);
#4502=AXIS2_PLACEMENT_3D('',#6669,#5452,#5453);
#4503=AXIS2_PLACEMENT_3D('',#6673,#5456,#5457);
#4504=AXIS2_PLACEMENT_3D('',#6677,#5460,#5461);
#4505=AXIS2_PLACEMENT_3D('',#6679,#5463,#5464);
#4506=AXIS2_PLACEMENT_3D('',#6680,#5465,#5466);
#4507=AXIS2_PLACEMENT_3D('',#6682,#5468,#5469);
#4508=AXIS2_PLACEMENT_3D('',#6683,#5470,#5471);
#4509=AXIS2_PLACEMENT_3D('',#6684,#5472,#5473);
#4510=AXIS2_PLACEMENT_3D('',#6686,#5475,#5476);
#4511=AXIS2_PLACEMENT_3D('',#6688,#5478,#5479);
#4512=AXIS2_PLACEMENT_3D('',#6689,#5480,#5481);
#4513=AXIS2_PLACEMENT_3D('',#6690,#5482,#5483);
#4514=AXIS2_PLACEMENT_3D('',#6692,#5484,#5485);
#4515=AXIS2_PLACEMENT_3D('',#6694,#5487,#5488);
#4516=AXIS2_PLACEMENT_3D('',#6700,#5492,#5493);
#4517=AXIS2_PLACEMENT_3D('',#6706,#5497,#5498);
#4518=AXIS2_PLACEMENT_3D('',#6708,#5500,#5501);
#4519=AXIS2_PLACEMENT_3D('',#6710,#5503,#5504);
#4520=AXIS2_PLACEMENT_3D('',#6711,#5505,#5506);
#4521=AXIS2_PLACEMENT_3D('',#6713,#5507,#5508);
#4522=AXIS2_PLACEMENT_3D('',#6714,#5509,#5510);
#4523=AXIS2_PLACEMENT_3D('',#6716,#5511,#5512);
#4524=AXIS2_PLACEMENT_3D('',#6718,#5514,#5515);
#4525=AXIS2_PLACEMENT_3D('',#6721,#5516,#5517);
#4526=AXIS2_PLACEMENT_3D('',#6725,#5519,#5520);
#4527=AXIS2_PLACEMENT_3D('',#6727,#5522,#5523);
#4528=AXIS2_PLACEMENT_3D('',#6730,#5524,#5525);
#4529=AXIS2_PLACEMENT_3D('',#6734,#5527,#5528);
#4530=AXIS2_PLACEMENT_3D('',#6736,#5530,#5531);
#4531=AXIS2_PLACEMENT_3D('',#6745,#5536,#5537);
#4532=AXIS2_PLACEMENT_3D('',#6751,#5541,#5542);
#4533=AXIS2_PLACEMENT_3D('',#6753,#5544,#5545);
#4534=AXIS2_PLACEMENT_3D('',#6755,#5547,#5548);
#4535=AXIS2_PLACEMENT_3D('',#6757,#5550,#5551);
#4536=AXIS2_PLACEMENT_3D('',#6761,#5553,#5554);
#4537=AXIS2_PLACEMENT_3D('',#6768,#5559,#5560);
#4538=AXIS2_PLACEMENT_3D('',#6774,#5564,#5565);
#4539=AXIS2_PLACEMENT_3D('',#6777,#5566,#5567);
#4540=AXIS2_PLACEMENT_3D('',#6780,#5570,#5571);
#4541=AXIS2_PLACEMENT_3D('',#6793,#5579,#5580);
#4542=AXIS2_PLACEMENT_3D('',#6795,#5582,#5583);
#4543=AXIS2_PLACEMENT_3D('',#6797,#5585,#5586);
#4544=AXIS2_PLACEMENT_3D('',#6798,#5587,#5588);
#4545=AXIS2_PLACEMENT_3D('',#6802,#5591,#5592);
#4546=AXIS2_PLACEMENT_3D('',#6805,#5595,#5596);
#4547=AXIS2_PLACEMENT_3D('',#6809,#5599,#5600);
#4548=AXIS2_PLACEMENT_3D('',#6813,#5603,#5604);
#4549=AXIS2_PLACEMENT_3D('',#6819,#5607,#5608);
#4550=AXIS2_PLACEMENT_3D('',#6820,#5609,#5610);
#4551=AXIS2_PLACEMENT_3D('',#6830,#5616,#5617);
#4552=AXIS2_PLACEMENT_3D('',#6834,#5619,#5620);
#4553=AXIS2_PLACEMENT_3D('',#6836,#5622,#5623);
#4554=AXIS2_PLACEMENT_3D('',#6838,#5624,#5625);
#4555=AXIS2_PLACEMENT_3D('',#6840,#5627,#5628);
#4556=AXIS2_PLACEMENT_3D('',#6848,#5633,#5634);
#4557=AXIS2_PLACEMENT_3D('',#6853,#5638,#5639);
#4558=AXIS2_PLACEMENT_3D('',#6854,#5640,#5641);
#4559=AXIS2_PLACEMENT_3D('',#6855,#5642,#5643);
#4560=AXIS2_PLACEMENT_3D('',#6856,#5644,#5645);
#4561=AXIS2_PLACEMENT_3D('',#6861,#5647,#5648);
#4562=AXIS2_PLACEMENT_3D('',#6870,#5653,#5654);
#4563=AXIS2_PLACEMENT_3D('',#6876,#5658,#5659);
#4564=AXIS2_PLACEMENT_3D('',#6882,#5662,#5663);
#4565=AXIS2_PLACEMENT_3D('',#6883,#5664,#5665);
#4566=AXIS2_PLACEMENT_3D('',#6887,#5667,#5668);
#4567=AXIS2_PLACEMENT_3D('',#6889,#5670,#5671);
#4568=AXIS2_PLACEMENT_3D('',#6893,#5675,#5676);
#4569=AXIS2_PLACEMENT_3D('',#6897,#5678,#5679);
#4570=AXIS2_PLACEMENT_3D('',#6899,#5681,#5682);
#4571=AXIS2_PLACEMENT_3D('',#6903,#5684,#5685);
#4572=AXIS2_PLACEMENT_3D('',#6905,#5687,#5688);
#4573=AXIS2_PLACEMENT_3D('',#6908,#5691,#5692);
#4574=AXIS2_PLACEMENT_3D('',#6909,#5693,#5694);
#4575=AXIS2_PLACEMENT_3D('',#6910,#5695,#5696);
#4576=AXIS2_PLACEMENT_3D('',#6916,#5700,#5701);
#4577=AXIS2_PLACEMENT_3D('',#6922,#5705,#5706);
#4578=AXIS2_PLACEMENT_3D('',#6925,#5709,#5710);
#4579=AXIS2_PLACEMENT_3D('',#6929,#5713,#5714);
#4580=AXIS2_PLACEMENT_3D('',#6931,#5716,#5717);
#4581=AXIS2_PLACEMENT_3D('',#6933,#5719,#5720);
#4582=AXIS2_PLACEMENT_3D('',#6936,#5722,#5723);
#4583=AXIS2_PLACEMENT_3D('',#6937,#5724,#5725);
#4584=AXIS2_PLACEMENT_3D('',#6939,#5727,#5728);
#4585=AXIS2_PLACEMENT_3D('',#6940,#5729,#5730);
#4586=AXIS2_PLACEMENT_3D('',#6941,#5731,#5732);
#4587=AXIS2_PLACEMENT_3D('',#6942,#5733,#5734);
#4588=AXIS2_PLACEMENT_3D('',#6943,#5735,#5736);
#4589=DIRECTION('axis',(0.,0.,1.));
#4590=DIRECTION('refdir',(1.,0.,0.));
#4591=DIRECTION('axis',(0.,0.,1.));
#4592=DIRECTION('refdir',(1.,0.,0.));
#4593=DIRECTION('center_axis',(0.,1.,0.));
#4594=DIRECTION('ref_axis',(1.,0.,0.));
#4595=DIRECTION('',(0.,0.,1.));
#4596=DIRECTION('',(1.,0.,0.));
#4597=DIRECTION('',(0.,0.,1.));
#4598=DIRECTION('',(1.,0.,0.));
#4599=DIRECTION('center_axis',(0.,0.,-1.));
#4600=DIRECTION('ref_axis',(0.,1.,0.));
#4601=DIRECTION('center_axis',(0.,0.,1.));
#4602=DIRECTION('ref_axis',(1.,0.,0.));
#4603=DIRECTION('',(0.,0.,-1.));
#4604=DIRECTION('center_axis',(0.,0.,1.));
#4605=DIRECTION('ref_axis',(1.,0.,0.));
#4606=DIRECTION('center_axis',(0.707106781186548,-0.707106781186548,0.));
#4607=DIRECTION('ref_axis',(0.,0.,-1.));
#4608=DIRECTION('',(0.707106781186548,0.707106781186548,0.));
#4609=DIRECTION('',(0.,0.,-1.));
#4610=DIRECTION('',(-0.707106781186548,-0.707106781186547,0.));
#4611=DIRECTION('',(0.,0.,1.));
#4612=DIRECTION('center_axis',(0.707106781186548,0.707106781186548,0.));
#4613=DIRECTION('ref_axis',(0.,0.,-1.));
#4614=DIRECTION('',(-0.707106781186548,0.707106781186548,0.));
#4615=DIRECTION('',(0.,0.,-1.));
#4616=DIRECTION('',(0.707106781186548,-0.707106781186548,0.));
#4617=DIRECTION('',(0.,0.,1.));
#4618=DIRECTION('center_axis',(0.,0.,1.));
#4619=DIRECTION('ref_axis',(1.,0.,0.));
#4620=DIRECTION('',(0.,1.,0.));
#4621=DIRECTION('',(-1.,0.,0.));
#4622=DIRECTION('',(0.,1.,0.));
#4623=DIRECTION('center_axis',(0.,0.,-1.));
#4624=DIRECTION('ref_axis',(-1.,0.,0.));
#4625=DIRECTION('',(-0.707106781186548,0.707106781186548,0.));
#4626=DIRECTION('center_axis',(0.,0.,-1.));
#4627=DIRECTION('ref_axis',(-1.,0.,0.));
#4628=DIRECTION('',(-1.,0.,0.));
#4629=DIRECTION('',(0.,1.,0.));
#4630=DIRECTION('',(1.,0.,0.));
#4631=DIRECTION('center_axis',(0.,0.,-1.));
#4632=DIRECTION('ref_axis',(-1.,0.,0.));
#4633=DIRECTION('',(0.707106781186548,0.707106781186548,0.));
#4634=DIRECTION('center_axis',(0.,0.,-1.));
#4635=DIRECTION('ref_axis',(-1.,0.,0.));
#4636=DIRECTION('',(0.,1.,0.));
#4637=DIRECTION('',(-1.,0.,0.));
#4638=DIRECTION('',(0.,1.,0.));
#4639=DIRECTION('center_axis',(0.,0.,-1.));
#4640=DIRECTION('ref_axis',(-1.,0.,0.));
#4641=DIRECTION('center_axis',(0.,0.,1.));
#4642=DIRECTION('ref_axis',(1.,0.,0.));
#4643=DIRECTION('',(-1.,0.,0.));
#4644=DIRECTION('',(0.,1.,0.));
#4645=DIRECTION('',(1.,0.,0.));
#4646=DIRECTION('center_axis',(0.,0.,-1.));
#4647=DIRECTION('ref_axis',(-1.,0.,0.));
#4648=DIRECTION('center_axis',(0.,0.,1.));
#4649=DIRECTION('ref_axis',(1.,0.,0.));
#4650=DIRECTION('center_axis',(0.,0.,-1.));
#4651=DIRECTION('ref_axis',(-1.,0.,0.));
#4652=DIRECTION('',(-1.,0.,0.));
#4653=DIRECTION('center_axis',(0.,0.,-1.));
#4654=DIRECTION('ref_axis',(1.,0.,0.));
#4655=DIRECTION('',(0.,0.,-1.));
#4656=DIRECTION('center_axis',(0.,0.,1.));
#4657=DIRECTION('ref_axis',(1.,0.,0.));
#4658=DIRECTION('center_axis',(0.,0.,-1.));
#4659=DIRECTION('ref_axis',(0.707106781185798,0.707106781187297,0.));
#4660=DIRECTION('',(0.,0.,1.));
#4661=DIRECTION('center_axis',(0.,0.,1.));
#4662=DIRECTION('ref_axis',(1.,0.,0.));
#4663=DIRECTION('center_axis',(0.,0.,-1.));
#4664=DIRECTION('ref_axis',(1.221245327088E-14,-1.,0.));
#4665=DIRECTION('',(0.,0.,-1.));
#4666=DIRECTION('center_axis',(0.,0.,1.));
#4667=DIRECTION('ref_axis',(1.,0.,0.));
#4668=DIRECTION('center_axis',(0.,0.,-1.));
#4669=DIRECTION('ref_axis',(0.707106781186597,-0.707106781186498,0.));
#4670=DIRECTION('',(0.,0.,1.));
#4671=DIRECTION('center_axis',(0.,0.,1.));
#4672=DIRECTION('ref_axis',(1.,0.,0.));
#4673=DIRECTION('center_axis',(0.,1.,0.));
#4674=DIRECTION('ref_axis',(1.,0.,0.));
#4675=DIRECTION('',(1.,0.,0.));
#4676=DIRECTION('',(0.,0.,1.));
#4677=DIRECTION('center_axis',(1.,0.,0.));
#4678=DIRECTION('ref_axis',(0.,1.,0.));
#4679=DIRECTION('',(0.,0.,-1.));
#4680=DIRECTION('',(0.,-1.,0.));
#4681=DIRECTION('center_axis',(1.,0.,0.));
#4682=DIRECTION('ref_axis',(0.,1.,0.));
#4683=DIRECTION('',(0.,1.,0.));
#4684=DIRECTION('',(0.,0.,1.));
#4685=DIRECTION('center_axis',(0.,1.,0.));
#4686=DIRECTION('ref_axis',(1.,0.,0.));
#4687=DIRECTION('',(0.,0.,1.));
#4688=DIRECTION('',(1.,0.,0.));
#4689=DIRECTION('center_axis',(1.,0.,0.));
#4690=DIRECTION('ref_axis',(0.,1.,0.));
#4691=DIRECTION('',(0.,1.,0.));
#4692=DIRECTION('center_axis',(0.,1.,0.));
#4693=DIRECTION('ref_axis',(1.,0.,0.));
#4694=DIRECTION('',(0.,0.,-1.));
#4695=DIRECTION('',(1.,0.,0.));
#4696=DIRECTION('center_axis',(0.707106781186548,-0.707106781186548,0.));
#4697=DIRECTION('ref_axis',(0.,0.,-1.));
#4698=DIRECTION('',(0.,0.,1.));
#4699=DIRECTION('',(0.707106781186548,0.707106781186548,0.));
#4700=DIRECTION('',(0.,0.,-1.));
#4701=DIRECTION('center_axis',(0.,0.,-1.));
#4702=DIRECTION('ref_axis',(0.,1.,0.));
#4703=DIRECTION('',(0.,0.,-1.));
#4704=DIRECTION('center_axis',(0.,0.,1.));
#4705=DIRECTION('ref_axis',(1.,0.,0.));
#4706=DIRECTION('center_axis',(0.,0.,-1.));
#4707=DIRECTION('ref_axis',(-0.707106781186597,0.707106781186498,0.));
#4708=DIRECTION('',(0.,0.,1.));
#4709=DIRECTION('center_axis',(0.,0.,1.));
#4710=DIRECTION('ref_axis',(1.,0.,0.));
#4711=DIRECTION('center_axis',(1.,0.,0.));
#4712=DIRECTION('ref_axis',(0.,1.,0.));
#4713=DIRECTION('',(0.,1.,0.));
#4714=DIRECTION('center_axis',(0.,1.,0.));
#4715=DIRECTION('ref_axis',(1.,0.,0.));
#4716=DIRECTION('',(0.,0.,-1.));
#4717=DIRECTION('',(1.,0.,0.));
#4718=DIRECTION('center_axis',(0.,0.,1.));
#4719=DIRECTION('ref_axis',(1.,0.,0.));
#4720=DIRECTION('',(0.,1.,0.));
#4721=DIRECTION('',(-1.,0.,0.));
#4722=DIRECTION('center_axis',(0.,0.,1.));
#4723=DIRECTION('ref_axis',(1.,0.,0.));
#4724=DIRECTION('',(-0.707106781186548,0.707106781186548,0.));
#4725=DIRECTION('center_axis',(0.,0.,1.));
#4726=DIRECTION('ref_axis',(1.,0.,0.));
#4727=DIRECTION('',(0.,1.,0.));
#4728=DIRECTION('',(-1.,0.,0.));
#4729=DIRECTION('center_axis',(0.,0.,-1.));
#4730=DIRECTION('ref_axis',(-1.,0.,0.));
#4731=DIRECTION('',(-1.,0.,0.));
#4732=DIRECTION('center_axis',(1.,0.,0.));
#4733=DIRECTION('ref_axis',(0.,1.,0.));
#4734=DIRECTION('',(0.,0.,-1.));
#4735=DIRECTION('center_axis',(0.,0.,-1.));
#4736=DIRECTION('ref_axis',(0.,-1.,0.));
#4737=DIRECTION('',(0.,0.,-1.));
#4738=DIRECTION('center_axis',(0.707106781186548,0.707106781186548,0.));
#4739=DIRECTION('ref_axis',(0.,0.,-1.));
#4740=DIRECTION('',(0.,0.,1.));
#4741=DIRECTION('',(0.,0.,-1.));
#4742=DIRECTION('center_axis',(0.,0.,-1.));
#4743=DIRECTION('ref_axis',(-1.,0.,0.));
#4744=DIRECTION('',(0.,0.,-1.));
#4745=DIRECTION('center_axis',(0.,0.,-1.));
#4746=DIRECTION('ref_axis',(-0.707106781185798,-0.707106781187297,0.));
#4747=DIRECTION('',(0.,0.,1.));
#4748=DIRECTION('center_axis',(0.,1.,0.));
#4749=DIRECTION('ref_axis',(1.,0.,0.));
#4750=DIRECTION('center_axis',(1.,0.,0.));
#4751=DIRECTION('ref_axis',(0.,1.,0.));
#4752=DIRECTION('',(0.,0.,-1.));
#4753=DIRECTION('center_axis',(0.,1.,0.));
#4754=DIRECTION('ref_axis',(1.,0.,0.));
#4755=DIRECTION('center_axis',(0.,1.,0.));
#4756=DIRECTION('ref_axis',(1.,0.,0.));
#4757=DIRECTION('axis',(0.,0.,1.));
#4758=DIRECTION('refdir',(1.,0.,0.));
#4759=DIRECTION('center_axis',(0.707106781186548,-0.707106781186548,0.));
#4760=DIRECTION('ref_axis',(0.,0.,-1.));
#4761=DIRECTION('',(0.707106781186548,0.707106781186548,0.));
#4762=DIRECTION('',(0.,0.,1.));
#4763=DIRECTION('',(-0.707106781186547,-0.707106781186548,0.));
#4764=DIRECTION('',(0.,0.,1.));
#4765=DIRECTION('center_axis',(0.,1.,0.));
#4766=DIRECTION('ref_axis',(1.,0.,0.));
#4767=DIRECTION('',(1.,0.,0.));
#4768=DIRECTION('',(0.,0.,-1.));
#4769=DIRECTION('',(1.,0.,0.));
#4770=DIRECTION('center_axis',(0.,0.,1.));
#4771=DIRECTION('ref_axis',(0.852859456941582,0.522140543058389,0.));
#4772=DIRECTION('center_axis',(0.,0.,1.));
#4773=DIRECTION('ref_axis',(1.,0.,0.));
#4774=DIRECTION('',(0.,0.,1.));
#4775=DIRECTION('center_axis',(0.,0.,1.));
#4776=DIRECTION('ref_axis',(1.,0.,0.));
#4777=DIRECTION('',(0.,0.,-1.));
#4778=DIRECTION('center_axis',(0.,0.,1.));
#4779=DIRECTION('ref_axis',(1.,0.,0.));
#4780=DIRECTION('center_axis',(0.,0.,-1.));
#4781=DIRECTION('ref_axis',(-1.,0.,0.));
#4782=DIRECTION('center_axis',(0.,0.,-1.));
#4783=DIRECTION('ref_axis',(1.,0.,0.));
#4784=DIRECTION('center_axis',(1.22464679914735E-16,1.,0.));
#4785=DIRECTION('ref_axis',(-1.,1.22464679914735E-16,0.));
#4786=DIRECTION('center_axis',(0.,0.,-1.));
#4787=DIRECTION('ref_axis',(-1.,0.,0.));
#4788=DIRECTION('center_axis',(0.,0.,-1.));
#4789=DIRECTION('ref_axis',(-1.,0.,0.));
#4790=DIRECTION('center_axis',(0.,0.,1.));
#4791=DIRECTION('ref_axis',(-1.,0.,0.));
#4792=DIRECTION('center_axis',(0.,0.,1.));
#4793=DIRECTION('ref_axis',(1.,0.,0.));
#4794=DIRECTION('',(-0.0875414107924438,-1.0720730851981E-17,-0.996160881281969));
#4795=DIRECTION('center_axis',(0.,0.,1.));
#4796=DIRECTION('ref_axis',(1.,0.,0.));
#4797=DIRECTION('',(-1.,-1.52773156254749E-16,0.));
#4798=DIRECTION('center_axis',(0.,0.,1.));
#4799=DIRECTION('ref_axis',(1.,0.,0.));
#4800=DIRECTION('center_axis',(0.,0.,1.));
#4801=DIRECTION('ref_axis',(1.,0.,0.));
#4802=DIRECTION('',(1.,0.,0.));
#4803=DIRECTION('center_axis',(0.,0.,1.));
#4804=DIRECTION('ref_axis',(1.,0.,0.));
#4805=DIRECTION('center_axis',(0.,0.,1.));
#4806=DIRECTION('ref_axis',(1.,0.,0.));
#4807=DIRECTION('center_axis',(0.,0.,1.));
#4808=DIRECTION('ref_axis',(1.,0.,0.));
#4809=DIRECTION('center_axis',(0.,0.,1.));
#4810=DIRECTION('ref_axis',(0.852859456941582,0.522140543058389,0.));
#4811=DIRECTION('',(0.,0.,1.));
#4812=DIRECTION('center_axis',(0.,0.,1.));
#4813=DIRECTION('ref_axis',(1.,0.,0.));
#4814=DIRECTION('',(0.,0.,-1.));
#4815=DIRECTION('center_axis',(0.,0.,1.));
#4816=DIRECTION('ref_axis',(-0.911437827766304,0.411437827765802,0.));
#4817=DIRECTION('center_axis',(0.,0.,1.));
#4818=DIRECTION('ref_axis',(1.,0.,0.));
#4819=DIRECTION('',(0.,0.,-1.));
#4820=DIRECTION('center_axis',(0.,0.,1.));
#4821=DIRECTION('ref_axis',(0.986013297183265,0.166666666666694,0.));
#4822=DIRECTION('center_axis',(0.,0.,1.));
#4823=DIRECTION('ref_axis',(1.,0.,0.));
#4824=DIRECTION('',(0.,0.,1.));
#4825=DIRECTION('center_axis',(0.,0.,1.));
#4826=DIRECTION('ref_axis',(-0.986013297183265,-0.166666666666694,0.));
#4827=DIRECTION('center_axis',(0.,0.,1.));
#4828=DIRECTION('ref_axis',(1.,0.,0.));
#4829=DIRECTION('',(0.,0.,1.));
#4830=DIRECTION('center_axis',(0.,1.,0.));
#4831=DIRECTION('ref_axis',(1.,0.,0.));
#4832=DIRECTION('',(1.,0.,0.));
#4833=DIRECTION('center_axis',(0.,0.,1.));
#4834=DIRECTION('ref_axis',(0.911437827766304,-0.411437827765802,0.));
#4835=DIRECTION('center_axis',(0.,0.,1.));
#4836=DIRECTION('ref_axis',(1.,0.,0.));
#4837=DIRECTION('',(0.,0.,-1.));
#4838=DIRECTION('center_axis',(0.,1.,0.));
#4839=DIRECTION('ref_axis',(1.,0.,0.));
#4840=DIRECTION('',(-1.,1.52773203612097E-16,1.52773203612097E-16));
#4841=DIRECTION('center_axis',(0.,0.,1.));
#4842=DIRECTION('ref_axis',(1.,0.,0.));
#4843=DIRECTION('',(-0.707106781186548,0.707106781186547,0.));
#4844=DIRECTION('',(0.,-1.,0.));
#4845=DIRECTION('',(-0.707106781186547,-0.707106781186548,0.));
#4846=DIRECTION('',(1.,0.,0.));
#4847=DIRECTION('',(0.707106781186547,-0.707106781186548,0.));
#4848=DIRECTION('',(0.,-1.,0.));
#4849=DIRECTION('center_axis',(1.,0.,0.));
#4850=DIRECTION('ref_axis',(0.,1.,0.));
#4851=DIRECTION('',(0.,1.,0.));
#4852=DIRECTION('',(4.9998893908994E-11,-5.00099961392392E-11,1.));
#4853=DIRECTION('center_axis',(0.707106781186548,0.707106781186548,0.));
#4854=DIRECTION('ref_axis',(0.,0.,-1.));
#4855=DIRECTION('',(-0.707106781186548,0.707106781186548,0.));
#4856=DIRECTION('',(0.,0.,1.));
#4857=DIRECTION('center_axis',(0.,1.,0.));
#4858=DIRECTION('ref_axis',(1.,0.,0.));
#4859=DIRECTION('',(-1.,0.,0.));
#4860=DIRECTION('',(0.,0.,-1.));
#4861=DIRECTION('center_axis',(0.707106781186548,-0.707106781186548,0.));
#4862=DIRECTION('ref_axis',(0.,0.,-1.));
#4863=DIRECTION('',(0.,0.,1.));
#4864=DIRECTION('',(0.707106781186548,0.707106781186547,0.));
#4865=DIRECTION('center_axis',(0.707106781186548,0.707106781186548,0.));
#4866=DIRECTION('ref_axis',(0.,0.,-1.));
#4867=DIRECTION('',(0.707106781186548,-0.707106781186547,0.));
#4868=DIRECTION('',(0.,0.,-1.));
#4869=DIRECTION('center_axis',(1.,0.,0.));
#4870=DIRECTION('ref_axis',(0.,1.,0.));
#4871=DIRECTION('',(0.,1.,0.));
#4872=DIRECTION('center_axis',(0.,0.,1.));
#4873=DIRECTION('ref_axis',(-0.707106781190397,0.707106781182697,0.));
#4874=DIRECTION('center_axis',(0.,0.,1.));
#4875=DIRECTION('ref_axis',(1.,0.,0.));
#4876=DIRECTION('',(0.,0.,1.));
#4877=DIRECTION('center_axis',(0.,0.,1.));
#4878=DIRECTION('ref_axis',(-0.707106781190393,0.707106781182702,0.));
#4879=DIRECTION('',(0.,0.,1.));
#4880=DIRECTION('center_axis',(0.,0.,-1.));
#4881=DIRECTION('ref_axis',(0.,-1.,0.));
#4882=DIRECTION('center_axis',(0.,0.,-1.));
#4883=DIRECTION('ref_axis',(-1.,0.,0.));
#4884=DIRECTION('',(0.,0.,-1.));
#4885=DIRECTION('center_axis',(0.,0.,-1.));
#4886=DIRECTION('ref_axis',(-1.,0.,0.));
#4887=DIRECTION('',(0.,0.,-1.));
#4888=DIRECTION('center_axis',(0.,1.,0.));
#4889=DIRECTION('ref_axis',(1.,0.,0.));
#4890=DIRECTION('',(1.,0.,0.));
#4891=DIRECTION('',(1.,0.,0.));
#4892=DIRECTION('',(0.,0.,1.));
#4893=DIRECTION('center_axis',(0.,0.,1.));
#4894=DIRECTION('ref_axis',(1.,0.,0.));
#4895=DIRECTION('',(-0.707106781187412,-0.707106781185683,0.));
#4896=DIRECTION('',(0.14142135628131,-0.989949493654881,0.));
#4897=DIRECTION('',(-0.707106781186397,-0.707106781186698,0.));
#4898=DIRECTION('',(0.989949493661168,-0.141421356237299,0.));
#4899=DIRECTION('',(-0.707106781186188,-0.707106781186908,0.));
#4900=DIRECTION('center_axis',(0.,0.,1.));
#4901=DIRECTION('ref_axis',(-1.,-1.70803542250021E-14,0.));
#4902=DIRECTION('',(0.,-1.,0.));
#4903=DIRECTION('center_axis',(0.,0.,-1.));
#4904=DIRECTION('ref_axis',(-0.707106781185798,-0.707106781187297,0.));
#4905=DIRECTION('',(0.707106781186601,-0.707106781186494,0.));
#4906=DIRECTION('center_axis',(0.,0.,-1.));
#4907=DIRECTION('ref_axis',(-1.0248212535E-14,-1.,0.));
#4908=DIRECTION('',(1.,0.,0.));
#4909=DIRECTION('center_axis',(0.,0.,-1.));
#4910=DIRECTION('ref_axis',(0.707106781190397,-0.707106781182697,0.));
#4911=DIRECTION('',(-0.707106781186548,-0.707106781186548,0.));
#4912=DIRECTION('center_axis',(0.,0.,-1.));
#4913=DIRECTION('ref_axis',(1.,2.22044604925E-14,0.));
#4914=DIRECTION('',(0.,-1.,0.));
#4915=DIRECTION('center_axis',(0.,0.,-1.));
#4916=DIRECTION('ref_axis',(0.707106781185798,0.707106781187297,0.));
#4917=DIRECTION('',(0.707106781186547,-0.707106781186548,0.));
#4918=DIRECTION('center_axis',(0.,0.,-1.));
#4919=DIRECTION('ref_axis',(1.0248212535E-14,1.,0.));
#4920=DIRECTION('',(1.,0.,0.));
#4921=DIRECTION('center_axis',(0.,0.,-1.));
#4922=DIRECTION('ref_axis',(-1.,0.,0.));
#4923=DIRECTION('',(1.,0.,0.));
#4924=DIRECTION('center_axis',(0.,1.,0.));
#4925=DIRECTION('ref_axis',(1.,0.,0.));
#4926=DIRECTION('',(0.,0.,1.));
#4927=DIRECTION('',(1.,0.,0.));
#4928=DIRECTION('center_axis',(0.,0.,-1.));
#4929=DIRECTION('ref_axis',(-1.,-8.03932215753329E-10,0.));
#4930=DIRECTION('center_axis',(0.,0.,-1.));
#4931=DIRECTION('ref_axis',(-1.,0.,0.));
#4932=DIRECTION('center_axis',(0.707106781186548,-0.707106781186548,0.));
#4933=DIRECTION('ref_axis',(0.,0.,-1.));
#4934=DIRECTION('',(0.707106781186547,0.707106781186548,0.));
#4935=DIRECTION('',(0.,0.,-1.));
#4936=DIRECTION('center_axis',(0.707106781186548,-0.707106781186548,0.));
#4937=DIRECTION('ref_axis',(0.,0.,-1.));
#4938=DIRECTION('',(0.707106781186545,0.70710678118655,0.));
#4939=DIRECTION('',(2.22889669916825E-11,2.22932845268664E-11,-1.));
#4940=DIRECTION('',(0.,0.,1.));
#4941=DIRECTION('center_axis',(1.,0.,0.));
#4942=DIRECTION('ref_axis',(0.,1.,0.));
#4943=DIRECTION('',(0.,1.,0.));
#4944=DIRECTION('',(0.,0.,-1.));
#4945=DIRECTION('',(0.,0.,1.));
#4946=DIRECTION('center_axis',(0.707106781186548,0.707106781186548,0.));
#4947=DIRECTION('ref_axis',(0.,0.,-1.));
#4948=DIRECTION('',(-0.707106781186547,0.707106781186547,0.));
#4949=DIRECTION('',(-2.25782355769585E-11,2.25776187863893E-11,-1.));
#4950=DIRECTION('',(0.,0.,1.));
#4951=DIRECTION('center_axis',(0.,1.,0.));
#4952=DIRECTION('ref_axis',(1.,0.,0.));
#4953=DIRECTION('',(-1.,0.,0.));
#4954=DIRECTION('',(0.,0.,-1.));
#4955=DIRECTION('',(0.,0.,1.));
#4956=DIRECTION('center_axis',(0.,1.,0.));
#4957=DIRECTION('ref_axis',(1.,0.,0.));
#4958=DIRECTION('',(0.,0.,-1.));
#4959=DIRECTION('',(1.,0.,0.));
#4960=DIRECTION('center_axis',(1.,0.,0.));
#4961=DIRECTION('ref_axis',(0.,1.,0.));
#4962=DIRECTION('',(0.,0.,-1.));
#4963=DIRECTION('',(0.,0.,-1.));
#4964=DIRECTION('',(0.,1.,0.));
#4965=DIRECTION('center_axis',(0.707106781186548,-0.707106781186548,0.));
#4966=DIRECTION('ref_axis',(0.,0.,-1.));
#4967=DIRECTION('',(-2.22889607999932E-11,-2.22932783339777E-11,-1.));
#4968=DIRECTION('',(0.,0.,-1.));
#4969=DIRECTION('',(0.707106781186548,0.707106781186548,0.));
#4970=DIRECTION('center_axis',(0.707106781186548,0.707106781186548,0.));
#4971=DIRECTION('ref_axis',(0.,0.,-1.));
#4972=DIRECTION('',(2.26004400374505E-11,-2.25776187863893E-11,-1.));
#4973=DIRECTION('',(0.,0.,-1.));
#4974=DIRECTION('',(-0.707106781186547,0.707106781186548,0.));
#4975=DIRECTION('center_axis',(0.989949493661169,0.141421356237296,0.));
#4976=DIRECTION('ref_axis',(0.,0.,-1.));
#4977=DIRECTION('',(0.,0.,-1.));
#4978=DIRECTION('',(-0.141421356237309,0.989949493661167,0.));
#4979=DIRECTION('center_axis',(0.,0.,1.));
#4980=DIRECTION('ref_axis',(1.,0.,0.));
#4981=DIRECTION('center_axis',(0.,0.,1.));
#4982=DIRECTION('ref_axis',(1.0248212535E-14,1.,0.));
#4983=DIRECTION('center_axis',(0.,0.,1.));
#4984=DIRECTION('ref_axis',(1.,0.,0.));
#4985=DIRECTION('center_axis',(0.,0.,1.));
#4986=DIRECTION('ref_axis',(1.,0.,0.));
#4987=DIRECTION('center_axis',(0.,0.,1.));
#4988=DIRECTION('ref_axis',(1.,0.,0.));
#4989=DIRECTION('center_axis',(0.,0.,1.));
#4990=DIRECTION('ref_axis',(1.,0.,0.));
#4991=DIRECTION('center_axis',(0.,0.,1.));
#4992=DIRECTION('ref_axis',(1.,0.,0.));
#4993=DIRECTION('center_axis',(0.,0.,1.));
#4994=DIRECTION('ref_axis',(1.,0.,0.));
#4995=DIRECTION('',(-0.989949493661168,0.141421356237299,0.));
#4996=DIRECTION('',(0.707106781186547,0.707106781186548,0.));
#4997=DIRECTION('center_axis',(0.707106781186548,-0.707106781186548,0.));
#4998=DIRECTION('ref_axis',(0.,0.,-1.));
#4999=DIRECTION('',(0.,0.,-1.));
#5000=DIRECTION('center_axis',(0.141421356237296,0.989949493661169,0.));
#5001=DIRECTION('ref_axis',(0.,0.,-1.));
#5002=DIRECTION('center_axis',(0.,0.,1.));
#5003=DIRECTION('ref_axis',(-1.,-2.22044604925E-14,0.));
#5004=DIRECTION('center_axis',(0.,0.,1.));
#5005=DIRECTION('ref_axis',(-0.707106781185798,-0.707106781187297,0.));
#5006=DIRECTION('center_axis',(0.,0.,1.));
#5007=DIRECTION('ref_axis',(-1.0248212535E-14,-1.,0.));
#5008=DIRECTION('center_axis',(0.,0.,1.));
#5009=DIRECTION('ref_axis',(0.707106781190397,-0.707106781182697,0.));
#5010=DIRECTION('center_axis',(0.,0.,1.));
#5011=DIRECTION('ref_axis',(1.,2.22044604925E-14,0.));
#5012=DIRECTION('center_axis',(0.,0.,1.));
#5013=DIRECTION('ref_axis',(0.707106781185798,0.707106781187297,0.));
#5014=DIRECTION('center_axis',(0.,0.,1.));
#5015=DIRECTION('ref_axis',(1.0248212535E-14,1.,0.));
#5016=DIRECTION('center_axis',(0.,0.,1.));
#5017=DIRECTION('ref_axis',(1.,0.,0.));
#5018=DIRECTION('axis',(0.,0.,1.));
#5019=DIRECTION('refdir',(1.,0.,0.));
#5020=DIRECTION('center_axis',(1.,0.,0.));
#5021=DIRECTION('ref_axis',(0.,1.,0.));
#5022=DIRECTION('',(0.,-1.,0.));
#5023=DIRECTION('',(0.,0.,1.));
#5024=DIRECTION('',(0.,-1.,0.));
#5025=DIRECTION('',(0.,0.,1.));
#5026=DIRECTION('',(0.,1.,0.));
#5027=DIRECTION('',(0.,0.,1.));
#5028=DIRECTION('center_axis',(0.707106781186548,-0.707106781186548,0.));
#5029=DIRECTION('ref_axis',(0.,0.,-1.));
#5030=DIRECTION('',(-0.707106781186547,-0.707106781186548,0.));
#5031=DIRECTION('',(0.,0.,-1.));
#5032=DIRECTION('',(-0.707106781186547,-0.707106781186547,0.));
#5033=DIRECTION('center_axis',(0.707106781186548,-0.707106781186548,0.));
#5034=DIRECTION('ref_axis',(0.,0.,-1.));
#5035=DIRECTION('',(0.707106781186547,0.707106781186548,0.));
#5036=DIRECTION('',(0.,0.,-1.));
#5037=DIRECTION('',(-0.707106781186548,-0.707106781186547,0.));
#5038=DIRECTION('',(0.,0.,1.));
#5039=DIRECTION('center_axis',(1.,0.,0.));
#5040=DIRECTION('ref_axis',(0.,1.,0.));
#5041=DIRECTION('',(0.,1.,0.));
#5042=DIRECTION('',(0.,0.,-1.));
#5043=DIRECTION('',(0.,-1.,0.));
#5044=DIRECTION('center_axis',(0.,0.,1.));
#5045=DIRECTION('ref_axis',(1.,0.,0.));
#5046=DIRECTION('',(-1.,0.,0.));
#5047=DIRECTION('',(1.,0.,0.));
#5048=DIRECTION('center_axis',(0.,0.,1.));
#5049=DIRECTION('ref_axis',(1.,0.,0.));
#5050=DIRECTION('',(-1.,0.,0.));
#5051=DIRECTION('',(1.,0.,0.));
#5052=DIRECTION('',(0.707106781186548,0.707106781186548,0.));
#5053=DIRECTION('',(0.,1.,0.));
#5054=DIRECTION('',(1.,0.,0.));
#5055=DIRECTION('center_axis',(0.,1.,0.));
#5056=DIRECTION('ref_axis',(1.,0.,0.));
#5057=DIRECTION('center_axis',(0.,1.,0.));
#5058=DIRECTION('ref_axis',(1.,0.,0.));
#5059=DIRECTION('',(0.,0.,1.));
#5060=DIRECTION('',(-1.,0.,0.));
#5061=DIRECTION('center_axis',(1.,0.,0.));
#5062=DIRECTION('ref_axis',(0.,1.,0.));
#5063=DIRECTION('',(0.,0.,-1.));
#5064=DIRECTION('',(0.,-1.,0.));
#5065=DIRECTION('',(0.,-6.03382078594799E-16,1.));
#5066=DIRECTION('',(0.,1.,0.));
#5067=DIRECTION('',(0.,-1.,0.));
#5068=DIRECTION('',(0.,-1.,0.));
#5069=DIRECTION('',(0.,-1.,0.));
#5070=DIRECTION('',(0.,1.,0.));
#5071=DIRECTION('',(2.81350367532119E-15,0.,-1.));
#5072=DIRECTION('center_axis',(-0.1259800336857,0.,0.992032777236997));
#5073=DIRECTION('ref_axis',(0.,1.,0.));
#5074=DIRECTION('',(-0.992032777236997,0.,-0.125980033685706));
#5075=DIRECTION('',(0.,-1.,0.));
#5076=DIRECTION('',(0.992032777226087,0.,0.125980033771613));
#5077=DIRECTION('',(0.,-1.,0.));
#5078=DIRECTION('center_axis',(0.,1.,0.));
#5079=DIRECTION('ref_axis',(-0.99203277723701,0.,-0.125980033685601));
#5080=DIRECTION('center_axis',(0.,1.,0.));
#5081=DIRECTION('ref_axis',(0.,0.,1.));
#5082=DIRECTION('',(0.,1.,0.));
#5083=DIRECTION('',(1.38778167195988E-15,-1.,0.));
#5084=DIRECTION('center_axis',(0.992032777236997,0.,0.1259800336857));
#5085=DIRECTION('ref_axis',(0.,-1.,0.));
#5086=DIRECTION('',(-0.125980033685707,0.,0.992032777236996));
#5087=DIRECTION('',(-0.125980033707006,0.,0.992032777234292));
#5088=DIRECTION('center_axis',(0.,0.,1.));
#5089=DIRECTION('ref_axis',(1.,0.,0.));
#5090=DIRECTION('',(-1.,0.,0.));
#5091=DIRECTION('',(0.,1.,0.));
#5092=DIRECTION('',(1.,0.,0.));
#5093=DIRECTION('center_axis',(0.,1.,0.));
#5094=DIRECTION('ref_axis',(1.,0.,0.));
#5095=DIRECTION('',(0.1259800336857,0.,-0.992032777236997));
#5096=DIRECTION('center_axis',(0.992032777236997,0.,0.1259800336857));
#5097=DIRECTION('ref_axis',(0.,-1.,0.));
#5098=DIRECTION('',(0.1259800336857,0.,-0.992032777236997));
#5099=DIRECTION('center_axis',(0.,1.,0.));
#5100=DIRECTION('ref_axis',(1.,0.,0.));
#5101=DIRECTION('center_axis',(1.,0.,0.));
#5102=DIRECTION('ref_axis',(0.,1.,0.));
#5103=DIRECTION('',(0.,1.,0.));
#5104=DIRECTION('',(0.,-1.,0.));
#5105=DIRECTION('',(0.,1.,0.));
#5106=DIRECTION('center_axis',(0.,0.,1.));
#5107=DIRECTION('ref_axis',(1.,0.,0.));
#5108=DIRECTION('',(-1.,0.,0.));
#5109=DIRECTION('center_axis',(0.,1.,0.));
#5110=DIRECTION('ref_axis',(1.,0.,0.));
#5111=DIRECTION('',(-1.,0.,0.));
#5112=DIRECTION('center_axis',(1.,0.,0.));
#5113=DIRECTION('ref_axis',(0.,1.,0.));
#5114=DIRECTION('',(0.,1.,0.));
#5115=DIRECTION('',(0.,0.,-1.));
#5116=DIRECTION('',(0.,-1.,0.));
#5117=DIRECTION('center_axis',(0.,0.,1.));
#5118=DIRECTION('ref_axis',(1.,0.,0.));
#5119=DIRECTION('',(0.,-1.,0.));
#5120=DIRECTION('',(1.,0.,0.));
#5121=DIRECTION('',(0.,-1.,0.));
#5122=DIRECTION('',(1.,0.,0.));
#5123=DIRECTION('center_axis',(1.,0.,0.));
#5124=DIRECTION('ref_axis',(0.,1.,0.));
#5125=DIRECTION('',(0.,1.,0.));
#5126=DIRECTION('',(2.50001408401373E-10,0.,1.));
#5127=DIRECTION('',(2.50001408401373E-10,0.,1.));
#5128=DIRECTION('center_axis',(0.,1.,0.));
#5129=DIRECTION('ref_axis',(1.,0.,0.));
#5130=DIRECTION('',(-1.,0.,0.));
#5131=DIRECTION('',(0.,0.,-1.));
#5132=DIRECTION('center_axis',(1.,0.,0.));
#5133=DIRECTION('ref_axis',(0.,1.,0.));
#5134=DIRECTION('',(0.,0.,-1.));
#5135=DIRECTION('',(0.,-1.,0.));
#5136=DIRECTION('center_axis',(0.,1.,0.));
#5137=DIRECTION('ref_axis',(1.,0.,0.));
#5138=DIRECTION('',(1.,0.,0.));
#5139=DIRECTION('center_axis',(0.,1.,0.));
#5140=DIRECTION('ref_axis',(1.,0.,0.));
#5141=DIRECTION('',(-1.,0.,0.));
#5142=DIRECTION('',(0.,0.,-1.));
#5143=DIRECTION('',(1.,-2.62492138099261E-11,0.));
#5144=DIRECTION('',(0.,0.,-1.));
#5145=DIRECTION('center_axis',(0.,0.,-1.));
#5146=DIRECTION('ref_axis',(-0.872367025584987,0.488851483246193,0.));
#5147=DIRECTION('center_axis',(0.,0.,-1.));
#5148=DIRECTION('ref_axis',(-0.927879008687717,-0.372881409078945,0.));
#5149=DIRECTION('',(-2.37904933836919E-14,4.29550574983326E-14,1.));
#5150=DIRECTION('center_axis',(0.,0.,1.));
#5151=DIRECTION('ref_axis',(-0.872367080297637,-0.488851385610163,0.));
#5152=DIRECTION('center_axis',(0.,0.,1.));
#5153=DIRECTION('ref_axis',(1.,0.,0.));
#5154=DIRECTION('',(-0.707106781186595,0.707106781186501,0.));
#5155=DIRECTION('center_axis',(0.,0.,1.));
#5156=DIRECTION('ref_axis',(-0.927879012959078,0.372881398450079,0.));
#5157=DIRECTION('',(-1.,-2.62493926510677E-11,0.));
#5158=DIRECTION('',(0.,-1.,0.));
#5159=DIRECTION('',(0.707106781186597,0.707106781186498,0.));
#5160=DIRECTION('center_axis',(0.,0.,-1.));
#5161=DIRECTION('ref_axis',(-0.956673880428861,0.291161615782688,0.));
#5162=DIRECTION('center_axis',(1.,0.,0.));
#5163=DIRECTION('ref_axis',(0.,1.,0.));
#5164=DIRECTION('',(0.,1.,0.));
#5165=DIRECTION('',(0.,0.,1.));
#5166=DIRECTION('center_axis',(1.,0.,0.));
#5167=DIRECTION('ref_axis',(0.,1.,0.));
#5168=DIRECTION('',(0.,1.,0.));
#5169=DIRECTION('',(0.,0.,1.));
#5170=DIRECTION('center_axis',(0.,1.,0.));
#5171=DIRECTION('ref_axis',(1.,0.,0.));
#5172=DIRECTION('',(0.,0.,1.));
#5173=DIRECTION('',(-1.,0.,0.));
#5174=DIRECTION('center_axis',(0.707106781186548,-0.707106781186548,0.));
#5175=DIRECTION('ref_axis',(0.,0.,-1.));
#5176=DIRECTION('',(0.707106781186548,0.707106781186548,0.));
#5177=DIRECTION('center_axis',(0.,1.,0.));
#5178=DIRECTION('ref_axis',(1.,0.,0.));
#5179=DIRECTION('',(0.,0.,-1.));
#5180=DIRECTION('',(1.,0.,0.));
#5181=DIRECTION('',(0.,0.,-1.));
#5182=DIRECTION('',(1.,0.,0.));
#5183=DIRECTION('',(0.,0.,1.));
#5184=DIRECTION('',(-1.,0.,0.));
#5185=DIRECTION('center_axis',(0.707106781186548,0.707106781186548,0.));
#5186=DIRECTION('ref_axis',(0.,0.,-1.));
#5187=DIRECTION('',(-0.707106781186547,0.707106781186547,0.));
#5188=DIRECTION('',(0.707106781186547,-0.707106781186548,0.));
#5189=DIRECTION('',(0.,0.,1.));
#5190=DIRECTION('center_axis',(0.,1.,0.));
#5191=DIRECTION('ref_axis',(1.,0.,0.));
#5192=DIRECTION('',(1.,0.,0.));
#5193=DIRECTION('',(0.,0.,1.));
#5194=DIRECTION('',(1.,0.,0.));
#5195=DIRECTION('',(0.,0.,1.));
#5196=DIRECTION('',(-1.,0.,0.));
#5197=DIRECTION('',(0.,0.,1.));
#5198=DIRECTION('center_axis',(0.707106781186548,0.707106781186548,0.));
#5199=DIRECTION('ref_axis',(0.,0.,-1.));
#5200=DIRECTION('',(-0.707106781186548,0.707106781186548,0.));
#5201=DIRECTION('',(0.,0.,-1.));
#5202=DIRECTION('',(0.707106781186548,-0.707106781186548,0.));
#5203=DIRECTION('',(0.,0.,1.));
#5204=DIRECTION('center_axis',(0.,0.,1.));
#5205=DIRECTION('ref_axis',(1.,0.,0.));
#5206=DIRECTION('',(0.,1.,0.));
#5207=DIRECTION('',(1.,0.,0.));
#5208=DIRECTION('',(0.,1.,0.));
#5209=DIRECTION('',(0.,-1.,0.));
#5210=DIRECTION('',(-0.707106781186548,0.707106781186548,0.));
#5211=DIRECTION('',(1.,0.,0.));
#5212=DIRECTION('center_axis',(0.,0.,1.));
#5213=DIRECTION('ref_axis',(1.,0.,0.));
#5214=DIRECTION('',(0.,-1.,0.));
#5215=DIRECTION('',(1.,0.,0.));
#5216=DIRECTION('',(0.,-1.,0.));
#5217=DIRECTION('',(0.707106781186547,-0.707106781186548,0.));
#5218=DIRECTION('center_axis',(1.,0.,0.));
#5219=DIRECTION('ref_axis',(0.,1.,0.));
#5220=DIRECTION('center_axis',(0.,1.,0.));
#5221=DIRECTION('ref_axis',(1.,0.,0.));
#5222=DIRECTION('',(0.,0.,-1.));
#5223=DIRECTION('center_axis',(0.707106781186548,0.707106781186548,0.));
#5224=DIRECTION('ref_axis',(0.,0.,-1.));
#5225=DIRECTION('',(0.,0.,1.));
#5226=DIRECTION('',(0.707106781186547,-0.707106781186548,0.));
#5227=DIRECTION('center_axis',(1.,0.,0.));
#5228=DIRECTION('ref_axis',(0.,1.,0.));
#5229=DIRECTION('',(0.,0.,-1.));
#5230=DIRECTION('',(0.,1.,0.));
#5231=DIRECTION('center_axis',(0.,1.,0.));
#5232=DIRECTION('ref_axis',(1.,0.,0.));
#5233=DIRECTION('',(-1.,0.,0.));
#5234=DIRECTION('',(0.,0.,1.));
#5235=DIRECTION('center_axis',(0.707106781186548,0.707106781186548,0.));
#5236=DIRECTION('ref_axis',(0.,0.,-1.));
#5237=DIRECTION('',(-0.707106781186546,0.707106781186549,0.));
#5238=DIRECTION('',(0.,0.,1.));
#5239=DIRECTION('center_axis',(1.,0.,0.));
#5240=DIRECTION('ref_axis',(0.,1.,0.));
#5241=DIRECTION('',(0.,0.,1.));
#5242=DIRECTION('',(0.,-1.,0.));
#5243=DIRECTION('',(0.,0.,1.));
#5244=DIRECTION('',(0.,-1.,0.));
#5245=DIRECTION('',(0.,0.,1.));
#5246=DIRECTION('',(0.,1.,0.));
#5247=DIRECTION('center_axis',(0.707106781186548,-0.707106781186548,0.));
#5248=DIRECTION('ref_axis',(0.,0.,-1.));
#5249=DIRECTION('',(0.707106781186547,0.707106781186548,0.));
#5250=DIRECTION('',(-0.707106781186547,-0.707106781186547,0.));
#5251=DIRECTION('',(0.,0.,1.));
#5252=DIRECTION('center_axis',(0.,0.,1.));
#5253=DIRECTION('ref_axis',(1.,0.,0.));
#5254=DIRECTION('center_axis',(0.,0.,1.));
#5255=DIRECTION('ref_axis',(1.,0.,0.));
#5256=DIRECTION('',(1.,0.,0.));
#5257=DIRECTION('center_axis',(-4.46859040915228E-15,4.4687064543481E-15,
1.));
#5258=DIRECTION('ref_axis',(0.999999989161879,-0.000147228536736173,3.70074341541719E-15));
#5259=DIRECTION('',(0.,1.,0.));
#5260=DIRECTION('center_axis',(0.,0.,1.));
#5261=DIRECTION('ref_axis',(0.000147228536804637,0.999999989161879,0.));
#5262=DIRECTION('',(-1.,0.,0.));
#5263=DIRECTION('center_axis',(0.,0.,1.));
#5264=DIRECTION('ref_axis',(-1.,6.66707430004482E-11,0.));
#5265=DIRECTION('',(0.,-1.,0.));
#5266=DIRECTION('',(-0.707106781186546,-0.707106781186549,0.));
#5267=DIRECTION('',(-1.,0.,0.));
#5268=DIRECTION('',(1.,0.,0.));
#5269=DIRECTION('',(0.,1.,0.));
#5270=DIRECTION('',(0.707106781186548,-0.707106781186548,0.));
#5271=DIRECTION('',(0.,-1.,0.));
#5272=DIRECTION('',(0.,1.,0.));
#5273=DIRECTION('',(-1.,0.,0.));
#5274=DIRECTION('',(-0.707106781186548,-0.707106781186548,0.));
#5275=DIRECTION('',(1.,-4.27921398436357E-12,0.));
#5276=DIRECTION('',(0.707106781186499,-0.707106781186596,0.));
#5277=DIRECTION('',(7.17574051880509E-12,-1.,0.));
#5278=DIRECTION('',(-0.707106781186502,-0.707106781186593,0.));
#5279=DIRECTION('',(1.,0.,0.));
#5280=DIRECTION('',(0.707106781186547,-0.707106781186547,0.));
#5281=DIRECTION('',(0.,-1.,0.));
#5282=DIRECTION('center_axis',(0.707106781186548,-0.707106781186548,0.));
#5283=DIRECTION('ref_axis',(0.,0.,-1.));
#5284=DIRECTION('',(0.,0.,-1.));
#5285=DIRECTION('',(0.707106781186548,0.707106781186547,0.));
#5286=DIRECTION('',(0.,0.,-1.));
#5287=DIRECTION('',(0.707106781186547,0.707106781186548,0.));
#5288=DIRECTION('center_axis',(0.,0.,1.));
#5289=DIRECTION('ref_axis',(1.,0.,0.));
#5290=DIRECTION('',(0.,1.,0.));
#5291=DIRECTION('',(-1.,0.,0.));
#5292=DIRECTION('',(-1.,0.,0.));
#5293=DIRECTION('',(-0.707106781186548,-0.707106781186548,0.));
#5294=DIRECTION('',(0.,-1.,0.));
#5295=DIRECTION('',(-1.,0.,0.));
#5296=DIRECTION('center_axis',(0.,1.,0.));
#5297=DIRECTION('ref_axis',(1.,0.,0.));
#5298=DIRECTION('',(1.,0.,0.));
#5299=DIRECTION('center_axis',(0.,0.,1.));
#5300=DIRECTION('ref_axis',(1.,0.,0.));
#5301=DIRECTION('',(0.,-1.,0.));
#5302=DIRECTION('',(1.,0.,0.));
#5303=DIRECTION('center_axis',(1.,0.,0.));
#5304=DIRECTION('ref_axis',(0.,1.,0.));
#5305=DIRECTION('',(0.,0.,-1.));
#5306=DIRECTION('center_axis',(0.,1.,0.));
#5307=DIRECTION('ref_axis',(1.,0.,0.));
#5308=DIRECTION('',(0.,0.,1.));
#5309=DIRECTION('center_axis',(1.,0.,0.));
#5310=DIRECTION('ref_axis',(0.,1.,0.));
#5311=DIRECTION('',(0.,0.,1.));
#5312=DIRECTION('center_axis',(0.,1.,0.));
#5313=DIRECTION('ref_axis',(1.,0.,0.));
#5314=DIRECTION('',(0.,0.,-1.));
#5315=DIRECTION('center_axis',(0.707106781186548,-0.707106781186548,0.));
#5316=DIRECTION('ref_axis',(0.,0.,-1.));
#5317=DIRECTION('center_axis',(1.,0.,0.));
#5318=DIRECTION('ref_axis',(0.,1.,0.));
#5319=DIRECTION('center_axis',(0.707106781186548,0.707106781186548,0.));
#5320=DIRECTION('ref_axis',(0.,0.,-1.));
#5321=DIRECTION('',(0.,0.,-1.));
#5322=DIRECTION('',(-0.707106781186548,0.707106781186548,0.));
#5323=DIRECTION('',(0.,0.,1.));
#5324=DIRECTION('',(-0.707106781186548,0.707106781186548,0.));
#5325=DIRECTION('center_axis',(0.,0.,1.));
#5326=DIRECTION('ref_axis',(1.,0.,0.));
#5327=DIRECTION('',(0.,-1.,0.));
#5328=DIRECTION('',(-1.,0.,0.));
#5329=DIRECTION('',(0.,1.,0.));
#5330=DIRECTION('',(0.,-1.,0.));
#5331=DIRECTION('',(0.707106781186546,-0.707106781186549,0.));
#5332=DIRECTION('',(1.,0.,0.));
#5333=DIRECTION('center_axis',(0.,0.,1.));
#5334=DIRECTION('ref_axis',(1.,0.,0.));
#5335=DIRECTION('',(0.,1.,0.));
#5336=DIRECTION('',(-1.,0.,0.));
#5337=DIRECTION('',(0.,-1.,0.));
#5338=DIRECTION('center_axis',(0.,1.,0.));
#5339=DIRECTION('ref_axis',(1.,0.,0.));
#5340=DIRECTION('',(0.,0.,1.));
#5341=DIRECTION('center_axis',(1.,0.,0.));
#5342=DIRECTION('ref_axis',(0.,1.,0.));
#5343=DIRECTION('center_axis',(1.,0.,0.));
#5344=DIRECTION('ref_axis',(0.,1.,0.));
#5345=DIRECTION('',(0.,0.,1.));
#5346=DIRECTION('center_axis',(0.,1.,0.));
#5347=DIRECTION('ref_axis',(1.,0.,0.));
#5348=DIRECTION('',(0.,0.,1.));
#5349=DIRECTION('center_axis',(0.707106781186548,0.707106781186548,0.));
#5350=DIRECTION('ref_axis',(0.,0.,-1.));
#5351=DIRECTION('',(0.,0.,1.));
#5352=DIRECTION('center_axis',(1.,0.,0.));
#5353=DIRECTION('ref_axis',(0.,1.,0.));
#5354=DIRECTION('center_axis',(0.,1.,0.));
#5355=DIRECTION('ref_axis',(1.,0.,0.));
#5356=DIRECTION('',(1.,0.,0.));
#5357=DIRECTION('',(1.,0.,0.));
#5358=DIRECTION('',(0.,0.,-1.));
#5359=DIRECTION('',(0.,0.,1.));
#5360=DIRECTION('',(1.,0.,0.));
#5361=DIRECTION('center_axis',(0.,0.,1.));
#5362=DIRECTION('ref_axis',(1.,0.,0.));
#5363=DIRECTION('center_axis',(0.,0.,1.));
#5364=DIRECTION('ref_axis',(1.,0.,0.));
#5365=DIRECTION('center_axis',(0.,0.,1.));
#5366=DIRECTION('ref_axis',(3.552713678801E-14,-1.,0.));
#5367=DIRECTION('center_axis',(0.,1.,0.));
#5368=DIRECTION('ref_axis',(1.,0.,0.));
#5369=DIRECTION('',(0.,0.,-1.));
#5370=DIRECTION('',(1.,0.,0.));
#5371=DIRECTION('',(-1.,0.,0.));
#5372=DIRECTION('',(0.,0.,1.));
#5373=DIRECTION('',(-1.,0.,0.));
#5374=DIRECTION('',(0.,0.,1.));
#5375=DIRECTION('center_axis',(-0.1259800336857,0.,0.992032777236997));
#5376=DIRECTION('ref_axis',(0.,1.,0.));
#5377=DIRECTION('',(0.,-1.,0.));
#5378=DIRECTION('',(0.992032777226087,0.,0.125980033771614));
#5379=DIRECTION('',(0.,-1.,0.));
#5380=DIRECTION('',(-0.992032777236997,0.,-0.125980033685706));
#5381=DIRECTION('center_axis',(0.,1.,0.));
#5382=DIRECTION('ref_axis',(-0.99203277723701,0.,-0.125980033685601));
#5383=DIRECTION('center_axis',(0.,1.,0.));
#5384=DIRECTION('ref_axis',(0.,0.,1.));
#5385=DIRECTION('',(0.,1.,0.));
#5386=DIRECTION('center_axis',(0.,1.,0.));
#5387=DIRECTION('ref_axis',(0.,0.,1.));
#5388=DIRECTION('',(0.,1.,1.89242604020173E-16));
#5389=DIRECTION('center_axis',(0.992032777236997,0.,0.1259800336857));
#5390=DIRECTION('ref_axis',(0.,-1.,0.));
#5391=DIRECTION('',(-0.125980033685701,0.,0.992032777236997));
#5392=DIRECTION('',(-0.125980033707006,0.,0.992032777234292));
#5393=DIRECTION('center_axis',(0.,0.,1.));
#5394=DIRECTION('ref_axis',(1.,0.,0.));
#5395=DIRECTION('center_axis',(0.,0.,1.));
#5396=DIRECTION('ref_axis',(1.,0.,0.));
#5397=DIRECTION('',(0.,-1.,0.));
#5398=DIRECTION('',(1.,0.,0.));
#5399=DIRECTION('center_axis',(0.,1.,0.));
#5400=DIRECTION('ref_axis',(1.,0.,0.));
#5401=DIRECTION('',(-0.1259800336857,0.,0.992032777236997));
#5402=DIRECTION('center_axis',(0.992032777236997,0.,0.1259800336857));
#5403=DIRECTION('ref_axis',(0.,-1.,0.));
#5404=DIRECTION('',(-0.125980033685703,0.,0.992032777236997));
#5405=DIRECTION('center_axis',(0.,1.,0.));
#5406=DIRECTION('ref_axis',(1.,0.,0.));
#5407=DIRECTION('center_axis',(1.,0.,0.));
#5408=DIRECTION('ref_axis',(0.,1.,0.));
#5409=DIRECTION('',(0.,1.,0.));
#5410=DIRECTION('center_axis',(0.,0.,1.));
#5411=DIRECTION('ref_axis',(-1.,-3.848773152034E-14,0.));
#5412=DIRECTION('center_axis',(1.,0.,0.));
#5413=DIRECTION('ref_axis',(0.,1.,0.));
#5414=DIRECTION('',(0.,0.,-1.));
#5415=DIRECTION('',(0.,1.,0.));
#5416=DIRECTION('',(2.80798121645368E-15,-2.80798121645368E-15,1.));
#5417=DIRECTION('',(0.,1.,0.));
#5418=DIRECTION('',(0.,0.,-1.));
#5419=DIRECTION('',(0.,1.,0.));
#5420=DIRECTION('',(0.,0.,-1.));
#5421=DIRECTION('',(0.,1.,0.));
#5422=DIRECTION('',(0.,0.,1.));
#5423=DIRECTION('',(0.,1.,0.));
#5424=DIRECTION('',(0.,1.,0.));
#5425=DIRECTION('',(0.,0.,-1.));
#5426=DIRECTION('',(0.,1.,0.));
#5427=DIRECTION('',(0.,0.,1.));
#5428=DIRECTION('center_axis',(0.,0.,1.));
#5429=DIRECTION('ref_axis',(1.,0.,0.));
#5430=DIRECTION('',(-1.,0.,0.));
#5431=DIRECTION('',(-1.,0.,0.));
#5432=DIRECTION('',(0.,1.,0.));
#5433=DIRECTION('center_axis',(0.,1.,0.));
#5434=DIRECTION('ref_axis',(-4.440892098501E-14,0.,-1.));
#5435=DIRECTION('center_axis',(0.,1.,0.));
#5436=DIRECTION('ref_axis',(0.,0.,1.));
#5437=DIRECTION('',(0.,-1.,0.));
#5438=DIRECTION('center_axis',(0.,1.,0.));
#5439=DIRECTION('ref_axis',(0.,0.,1.));
#5440=DIRECTION('',(0.,1.,0.));
#5441=DIRECTION('center_axis',(0.992032777236997,0.,-0.1259800336857));
#5442=DIRECTION('ref_axis',(0.,-1.,0.));
#5443=DIRECTION('',(0.125980033685707,0.,0.992032777236996));
#5444=DIRECTION('',(0.,1.,0.));
#5445=DIRECTION('',(-0.125980033707012,0.,-0.992032777234291));
#5446=DIRECTION('center_axis',(0.,0.,1.));
#5447=DIRECTION('ref_axis',(1.,0.,0.));
#5448=DIRECTION('',(0.,1.,0.));
#5449=DIRECTION('',(-1.,0.,0.));
#5450=DIRECTION('center_axis',(0.,0.,1.));
#5451=DIRECTION('ref_axis',(1.,0.,0.));
#5452=DIRECTION('center_axis',(0.,1.,0.));
#5453=DIRECTION('ref_axis',(1.,0.,0.));
#5454=DIRECTION('',(0.1259800336857,0.,0.992032777236997));
#5455=DIRECTION('',(-0.992032777236998,0.,0.125980033685696));
#5456=DIRECTION('center_axis',(0.,1.,0.));
#5457=DIRECTION('ref_axis',(1.,0.,0.));
#5458=DIRECTION('',(0.992032777226087,0.,-0.125980033771613));
#5459=DIRECTION('',(-0.1259800336857,0.,-0.992032777236997));
#5460=DIRECTION('center_axis',(0.1259800336857,0.,0.992032777236997));
#5461=DIRECTION('ref_axis',(0.,-1.,0.));
#5462=DIRECTION('',(0.,-1.,0.));
#5463=DIRECTION('center_axis',(0.992032777236997,0.,-0.1259800336857));
#5464=DIRECTION('ref_axis',(0.,-1.,0.));
#5465=DIRECTION('center_axis',(1.,0.,0.));
#5466=DIRECTION('ref_axis',(0.,1.,0.));
#5467=DIRECTION('',(0.,0.,1.));
#5468=DIRECTION('center_axis',(0.,0.,1.));
#5469=DIRECTION('ref_axis',(1.,3.848773152034E-14,0.));
#5470=DIRECTION('center_axis',(0.,1.,0.));
#5471=DIRECTION('ref_axis',(1.,0.,0.));
#5472=DIRECTION('center_axis',(0.,0.,1.));
#5473=DIRECTION('ref_axis',(1.,0.,0.));
#5474=DIRECTION('',(1.,0.,0.));
#5475=DIRECTION('center_axis',(0.,0.,1.));
#5476=DIRECTION('ref_axis',(1.,0.,0.));
#5477=DIRECTION('',(0.,-1.,0.));
#5478=DIRECTION('center_axis',(0.,1.,0.));
#5479=DIRECTION('ref_axis',(1.,0.,0.));
#5480=DIRECTION('center_axis',(0.,0.,1.));
#5481=DIRECTION('ref_axis',(-3.552713678801E-14,1.,0.));
#5482=DIRECTION('center_axis',(0.,1.,0.));
#5483=DIRECTION('ref_axis',(-4.440892098501E-14,0.,-1.));
#5484=DIRECTION('center_axis',(0.,1.,0.));
#5485=DIRECTION('ref_axis',(0.000236813667203738,0.,-0.999999971959643));
#5486=DIRECTION('',(0.,1.,0.));
#5487=DIRECTION('center_axis',(0.992032777236997,0.,-0.1259800336857));
#5488=DIRECTION('ref_axis',(0.,-1.,0.));
#5489=DIRECTION('',(0.,1.,1.26161783803543E-16));
#5490=DIRECTION('',(-0.12598003370701,0.,-0.992032777234291));
#5491=DIRECTION('',(0.125980033685692,0.,0.992032777236998));
#5492=DIRECTION('center_axis',(0.1259800336857,0.,0.992032777236997));
#5493=DIRECTION('ref_axis',(0.,-1.,0.));
#5494=DIRECTION('',(0.,-1.,0.));
#5495=DIRECTION('',(0.992032777226087,1.4608223319739E-15,-0.125980033771613));
#5496=DIRECTION('',(-0.992032777236998,0.,0.125980033685696));
#5497=DIRECTION('center_axis',(0.,1.,0.));
#5498=DIRECTION('ref_axis',(1.,0.,0.));
#5499=DIRECTION('',(0.125980033685692,0.,0.992032777236998));
#5500=DIRECTION('center_axis',(0.,1.,0.));
#5501=DIRECTION('ref_axis',(1.,0.,0.));
#5502=DIRECTION('',(-0.125980033685689,0.,-0.992032777236999));
#5503=DIRECTION('center_axis',(0.992032777236997,0.,-0.1259800336857));
#5504=DIRECTION('ref_axis',(0.,-1.,0.));
#5505=DIRECTION('center_axis',(0.,0.,1.));
#5506=DIRECTION('ref_axis',(1.,0.,0.));
#5507=DIRECTION('center_axis',(0.,0.,-1.));
#5508=DIRECTION('ref_axis',(-1.,0.,0.));
#5509=DIRECTION('center_axis',(0.,0.,-1.));
#5510=DIRECTION('ref_axis',(-1.,0.,0.));
#5511=DIRECTION('center_axis',(0.,0.,-1.));
#5512=DIRECTION('ref_axis',(-1.,0.,0.));
#5513=DIRECTION('',(0.,0.,1.));
#5514=DIRECTION('center_axis',(0.,0.,-1.));
#5515=DIRECTION('ref_axis',(1.,-8.89213539402497E-11,0.));
#5516=DIRECTION('center_axis',(0.,0.,-1.));
#5517=DIRECTION('ref_axis',(-1.,0.,0.));
#5518=DIRECTION('',(0.,0.,-1.));
#5519=DIRECTION('center_axis',(0.,0.,-1.));
#5520=DIRECTION('ref_axis',(-1.,0.,0.));
#5521=DIRECTION('',(-4.23485988530315E-11,1.39296566881072E-10,1.));
#5522=DIRECTION('center_axis',(0.,0.,-1.));
#5523=DIRECTION('ref_axis',(-0.872367025584987,0.488851483246193,0.));
#5524=DIRECTION('center_axis',(0.,0.,-1.));
#5525=DIRECTION('ref_axis',(0.927879030044937,0.372881355933582,0.));
#5526=DIRECTION('',(3.19044239650697E-11,-5.69618008962506E-11,1.));
#5527=DIRECTION('center_axis',(0.,0.,1.));
#5528=DIRECTION('ref_axis',(0.872367098534571,0.488851353065912,0.));
#5529=DIRECTION('',(0.,0.,1.));
#5530=DIRECTION('center_axis',(0.,0.,1.));
#5531=DIRECTION('ref_axis',(1.,0.,0.));
#5532=DIRECTION('',(0.,-1.,0.));
#5533=DIRECTION('',(1.,0.,0.));
#5534=DIRECTION('',(0.,-1.,0.));
#5535=DIRECTION('',(1.,0.,0.));
#5536=DIRECTION('center_axis',(0.,1.,0.));
#5537=DIRECTION('ref_axis',(1.,0.,0.));
#5538=DIRECTION('',(-1.,0.,0.));
#5539=DIRECTION('',(0.,0.,-1.));
#5540=DIRECTION('',(0.,0.,1.));
#5541=DIRECTION('center_axis',(1.,0.,0.));
#5542=DIRECTION('ref_axis',(0.,1.,0.));
#5543=DIRECTION('',(0.,1.,0.));
#5544=DIRECTION('center_axis',(1.,0.,0.));
#5545=DIRECTION('ref_axis',(0.,1.,0.));
#5546=DIRECTION('',(0.,1.,0.));
#5547=DIRECTION('center_axis',(0.,1.,0.));
#5548=DIRECTION('ref_axis',(1.,0.,0.));
#5549=DIRECTION('',(1.,0.,0.));
#5550=DIRECTION('center_axis',(0.,0.,1.));
#5551=DIRECTION('ref_axis',(1.,0.,0.));
#5552=DIRECTION('',(0.707106781186594,-0.707106781186501,0.));
#5553=DIRECTION('center_axis',(0.,0.,1.));
#5554=DIRECTION('ref_axis',(-0.872367025584987,0.488851483246193,0.));
#5555=DIRECTION('',(1.,2.62521229520108E-11,0.));
#5556=DIRECTION('',(0.,1.,0.));
#5557=DIRECTION('',(-1.,2.62495776954146E-11,0.));
#5558=DIRECTION('',(-0.707106781186598,-0.707106781186497,0.));
#5559=DIRECTION('center_axis',(0.707106781186548,-0.707106781186548,0.));
#5560=DIRECTION('ref_axis',(0.,0.,-1.));
#5561=DIRECTION('',(4.39129409144873E-11,4.39135442965659E-11,1.));
#5562=DIRECTION('',(0.707106781186494,0.707106781186601,0.));
#5563=DIRECTION('',(-0.707106781186396,-0.707106781186699,0.));
#5564=DIRECTION('center_axis',(0.,0.,-1.));
#5565=DIRECTION('ref_axis',(-0.872367025584987,0.488851483246193,0.));
#5566=DIRECTION('center_axis',(0.,0.,-1.));
#5567=DIRECTION('ref_axis',(0.872367056953355,-0.488851427268594,0.));
#5568=DIRECTION('',(0.,0.,1.));
#5569=DIRECTION('',(0.,0.,-1.));
#5570=DIRECTION('center_axis',(0.,0.,1.));
#5571=DIRECTION('ref_axis',(1.,0.,0.));
#5572=DIRECTION('',(-1.,-2.62521248909408E-11,0.));
#5573=DIRECTION('',(0.707106781186393,-0.707106781186702,0.));
#5574=DIRECTION('',(0.707106781186898,0.707106781186197,0.));
#5575=DIRECTION('',(-7.17593830658227E-12,1.,0.));
#5576=DIRECTION('',(-0.707106781186796,0.707106781186299,0.));
#5577=DIRECTION('',(1.,0.,0.));
#5578=DIRECTION('',(0.,1.,0.));
#5579=DIRECTION('center_axis',(0.,1.,0.));
#5580=DIRECTION('ref_axis',(1.,0.,0.));
#5581=DIRECTION('',(0.,9.91270793710808E-16,-1.));
#5582=DIRECTION('center_axis',(0.,1.,0.));
#5583=DIRECTION('ref_axis',(1.,0.,0.));
#5584=DIRECTION('',(0.,0.,1.));
#5585=DIRECTION('center_axis',(1.,0.,0.));
#5586=DIRECTION('ref_axis',(0.,1.,0.));
#5587=DIRECTION('center_axis',(0.707106781186548,0.707106781186548,0.));
#5588=DIRECTION('ref_axis',(0.,0.,-1.));
#5589=DIRECTION('',(-0.707106781186498,0.707106781186597,0.));
#5590=DIRECTION('',(0.,0.,1.));
#5591=DIRECTION('center_axis',(1.,0.,0.));
#5592=DIRECTION('ref_axis',(0.,1.,0.));
#5593=DIRECTION('',(0.,1.1763259587215E-11,-1.));
#5594=DIRECTION('',(0.,0.,1.));
#5595=DIRECTION('center_axis',(0.707106781186548,0.707106781186548,0.));
#5596=DIRECTION('ref_axis',(0.,0.,-1.));
#5597=DIRECTION('',(4.56364743970462E-12,-4.56352127799728E-12,1.));
#5598=DIRECTION('',(-0.707106781186089,0.707106781187006,0.));
#5599=DIRECTION('center_axis',(0.707106781186548,-0.707106781186548,0.));
#5600=DIRECTION('ref_axis',(0.,0.,-1.));
#5601=DIRECTION('',(0.707106781186302,0.707106781186793,0.));
#5602=DIRECTION('',(0.,0.,-1.));
#5603=DIRECTION('center_axis',(0.,0.,1.));
#5604=DIRECTION('ref_axis',(1.,0.,0.));
#5605=DIRECTION('',(-1.,0.,0.));
#5606=DIRECTION('',(0.707106781186548,-0.707106781186548,0.));
#5607=DIRECTION('center_axis',(0.,0.,-1.));
#5608=DIRECTION('ref_axis',(-1.,0.,0.));
#5609=DIRECTION('center_axis',(0.707106781186548,0.707106781186548,0.));
#5610=DIRECTION('ref_axis',(0.,0.,-1.));
#5611=DIRECTION('',(0.707106781186548,-0.707106781186547,0.));
#5612=DIRECTION('',(-4.62592926905121E-14,4.75809867673838E-14,1.));
#5613=DIRECTION('',(-4.37693359797866E-11,0.,1.));
#5614=DIRECTION('',(0.707106781186548,-0.707106781186547,0.));
#5615=DIRECTION('',(5.00049654211573E-10,-5.00051388935049E-10,1.));
#5616=DIRECTION('center_axis',(0.,0.,1.));
#5617=DIRECTION('ref_axis',(1.,0.,0.));
#5618=DIRECTION('',(-1.,0.,0.));
#5619=DIRECTION('center_axis',(0.,0.,-1.));
#5620=DIRECTION('ref_axis',(-1.,0.,0.));
#5621=DIRECTION('',(-0.707106781186698,-0.707106781186397,0.));
#5622=DIRECTION('center_axis',(0.,0.,-1.));
#5623=DIRECTION('ref_axis',(-0.872367025584987,0.488851483246193,0.));
#5624=DIRECTION('center_axis',(0.,0.,-1.));
#5625=DIRECTION('ref_axis',(-1.,0.,0.));
#5626=DIRECTION('',(1.98254386895488E-15,3.96508773790977E-15,-1.));
#5627=DIRECTION('center_axis',(0.707106781186548,-0.707106781186548,0.));
#5628=DIRECTION('ref_axis',(0.,0.,-1.));
#5629=DIRECTION('',(-0.707106781186548,-0.707106781186547,0.));
#5630=DIRECTION('',(0.,0.,-1.));
#5631=DIRECTION('',(0.707106781186547,0.707106781186548,0.));
#5632=DIRECTION('',(0.,0.,-1.));
#5633=DIRECTION('center_axis',(0.,1.,0.));
#5634=DIRECTION('ref_axis',(1.,0.,0.));
#5635=DIRECTION('',(1.,0.,0.));
#5636=DIRECTION('',(1.,0.,0.));
#5637=DIRECTION('',(4.56364743970462E-12,-4.56352127799728E-12,-1.));
#5638=DIRECTION('center_axis',(0.,0.,-1.));
#5639=DIRECTION('ref_axis',(-0.956673880428861,0.291161615782688,0.));
#5640=DIRECTION('center_axis',(0.,0.,-1.));
#5641=DIRECTION('ref_axis',(-1.,0.,0.));
#5642=DIRECTION('center_axis',(0.,0.,-1.));
#5643=DIRECTION('ref_axis',(-1.,0.,0.));
#5644=DIRECTION('center_axis',(0.,0.,1.));
#5645=DIRECTION('ref_axis',(1.,0.,0.));
#5646=DIRECTION('',(-0.707106781186547,0.707106781186547,0.));
#5647=DIRECTION('center_axis',(0.,0.,1.));
#5648=DIRECTION('ref_axis',(-0.956673880428861,0.291161615782688,0.));
#5649=DIRECTION('',(0.707106781186548,0.707106781186547,0.));
#5650=DIRECTION('',(-0.707106781186547,0.707106781186548,0.));
#5651=DIRECTION('',(1.,0.,0.));
#5652=DIRECTION('',(-0.707106781186598,-0.707106781186497,0.));
#5653=DIRECTION('center_axis',(0.,0.,1.));
#5654=DIRECTION('ref_axis',(-0.956673880428861,0.291161615782688,0.));
#5655=DIRECTION('',(-0.707106781186599,0.707106781186496,0.));
#5656=DIRECTION('',(1.,0.,0.));
#5657=DIRECTION('',(0.707106781186548,0.707106781186548,0.));
#5658=DIRECTION('center_axis',(0.,0.,1.));
#5659=DIRECTION('ref_axis',(1.,0.,0.));
#5660=DIRECTION('',(-1.,1.10739705592841E-11,0.));
#5661=DIRECTION('',(0.707106781186891,-0.707106781186204,0.));
#5662=DIRECTION('center_axis',(0.,0.,-1.));
#5663=DIRECTION('ref_axis',(-1.,0.,0.));
#5664=DIRECTION('center_axis',(0.,0.,1.));
#5665=DIRECTION('ref_axis',(1.,0.,0.));
#5666=DIRECTION('',(-1.,0.,0.));
#5667=DIRECTION('center_axis',(0.,0.,-1.));
#5668=DIRECTION('ref_axis',(-1.,0.,0.));
#5669=DIRECTION('',(-0.707106781186547,-0.707106781186548,0.));
#5670=DIRECTION('center_axis',(0.,1.,0.));
#5671=DIRECTION('ref_axis',(1.,0.,0.));
#5672=DIRECTION('',(0.,0.,1.));
#5673=DIRECTION('',(0.,0.,1.));
#5674=DIRECTION('',(2.1882254461579E-11,-2.18701868200075E-11,1.));
#5675=DIRECTION('center_axis',(0.,0.,-1.));
#5676=DIRECTION('ref_axis',(-0.956673880428861,0.291161615782688,0.));
#5677=DIRECTION('',(5.03399405242008E-10,5.03395935795058E-10,-1.));
#5678=DIRECTION('center_axis',(0.,0.,-1.));
#5679=DIRECTION('ref_axis',(-1.,0.,0.));
#5680=DIRECTION('',(-3.18343084365058E-10,-9.68959256732314E-11,1.));
#5681=DIRECTION('center_axis',(0.,0.,1.));
#5682=DIRECTION('ref_axis',(1.,0.,0.));
#5683=DIRECTION('',(-0.707106781186547,-0.707106781186548,0.));
#5684=DIRECTION('center_axis',(0.,0.,-1.));
#5685=DIRECTION('ref_axis',(-1.,0.,0.));
#5686=DIRECTION('',(0.707106781186498,-0.707106781186597,0.));
#5687=DIRECTION('center_axis',(0.,0.,-1.));
#5688=DIRECTION('ref_axis',(-0.872367025584987,0.488851483246193,0.));
#5689=DIRECTION('',(5.70047334016505E-11,3.19533140440135E-11,1.));
#5690=DIRECTION('',(-1.66533453685843E-13,-1.42742960302151E-13,-1.));
#5691=DIRECTION('center_axis',(0.707106781186548,0.707106781186548,0.));
#5692=DIRECTION('ref_axis',(0.,0.,-1.));
#5693=DIRECTION('center_axis',(0.707106781186548,-0.707106781186548,0.));
#5694=DIRECTION('ref_axis',(0.,0.,-1.));
#5695=DIRECTION('center_axis',(0.707106781186548,-0.707106781186548,0.));
#5696=DIRECTION('ref_axis',(0.,0.,-1.));
#5697=DIRECTION('',(0.,1.1763259587215E-11,1.));
#5698=DIRECTION('',(-0.707106781186899,-0.707106781186196,0.));
#5699=DIRECTION('',(4.42182522462459E-11,-4.42176488641673E-11,1.));
#5700=DIRECTION('center_axis',(0.707106781186548,0.707106781186548,0.));
#5701=DIRECTION('ref_axis',(0.,0.,-1.));
#5702=DIRECTION('',(0.,0.,-1.));
#5703=DIRECTION('',(0.707106781186796,-0.707106781186299,0.));
#5704=DIRECTION('',(0.,0.,1.));
#5705=DIRECTION('center_axis',(0.,0.,-1.));
#5706=DIRECTION('ref_axis',(-0.956673880428861,0.291161615782688,0.));
#5707=DIRECTION('',(-5.05151475951869E-10,5.05149741228394E-10,-1.));
#5708=DIRECTION('',(2.49994469444972E-10,2.49999673615398E-10,1.));
#5709=DIRECTION('center_axis',(0.707106781186548,0.707106781186548,0.));
#5710=DIRECTION('ref_axis',(0.,0.,-1.));
#5711=DIRECTION('',(-0.707106781186394,0.707106781186701,0.));
#5712=DIRECTION('',(0.,0.,-1.));
#5713=DIRECTION('center_axis',(0.707106781186548,-0.707106781186548,0.));
#5714=DIRECTION('ref_axis',(0.,0.,-1.));
#5715=DIRECTION('',(0.707106781186396,0.707106781186699,0.));
#5716=DIRECTION('center_axis',(1.,0.,0.));
#5717=DIRECTION('ref_axis',(0.,1.,0.));
#5718=DIRECTION('',(7.17593830658227E-12,-1.,0.));
#5719=DIRECTION('center_axis',(0.,0.,1.));
#5720=DIRECTION('ref_axis',(1.,0.,0.));
#5721=DIRECTION('',(1.,2.62521171369785E-11,0.));
#5722=DIRECTION('center_axis',(0.,0.,-1.));
#5723=DIRECTION('ref_axis',(-0.872367025584345,0.488851483247339,0.));
#5724=DIRECTION('center_axis',(0.,1.,0.));
#5725=DIRECTION('ref_axis',(1.,0.,0.));
#5726=DIRECTION('',(0.,0.,1.));
#5727=DIRECTION('center_axis',(0.,0.,-1.));
#5728=DIRECTION('ref_axis',(-0.872367025584987,0.488851483246193,0.));
#5729=DIRECTION('center_axis',(0.,0.,1.));
#5730=DIRECTION('ref_axis',(1.,0.,0.));
#5731=DIRECTION('',(0.,0.,1.));
#5732=DIRECTION('',(1.,0.,0.));
#5733=DIRECTION('',(0.,0.,1.));
#5734=DIRECTION('',(1.,0.,0.));
#5735=DIRECTION('',(3.16253790389133E-17,1.50570923101193E-17,1.));
#5736=DIRECTION('',(1.,-2.22044604925031E-16,-2.77555756156289E-17));
#5737=CARTESIAN_POINT('',(0.,0.,0.));
#5738=CARTESIAN_POINT('',(0.,0.,0.));
#5739=CARTESIAN_POINT('Origin',(0.,1.25,1.5));
#5740=CARTESIAN_POINT('',(0.400000000006667,1.25000000000333,1.45000000000667));
#5741=CARTESIAN_POINT('',(0.4,1.25,1.55));
#5742=CARTESIAN_POINT('',(0.4,1.25,1.5));
#5743=CARTESIAN_POINT('',(-0.4,1.25,1.55));
#5744=CARTESIAN_POINT('',(0.,1.25,1.55));
#5745=CARTESIAN_POINT('',(-0.4,1.25,1.45));
#5746=CARTESIAN_POINT('',(-0.4,1.25,1.5));
#5747=CARTESIAN_POINT('',(0.,1.25,1.45));
#5748=CARTESIAN_POINT('Origin',(-0.4,0.,1.5));
#5749=CARTESIAN_POINT('',(-0.4,-1.25,1.55));
#5750=CARTESIAN_POINT('Origin',(-0.4,0.,1.55));
#5751=CARTESIAN_POINT('',(-0.400000000044333,-1.25,1.45000000065035));
#5752=CARTESIAN_POINT('',(-0.4,-1.25,1.5));
#5753=CARTESIAN_POINT('Origin',(-0.4,0.,1.45));
#5754=CARTESIAN_POINT('Origin',(-1.593502884255,1.093502884254,1.5));
#5755=CARTESIAN_POINT('',(-1.77842712474021,0.90857864376848,1.45000000001));
#5756=CARTESIAN_POINT('',(-1.40857864376619,1.2784271247425,1.450000000005));
#5757=CARTESIAN_POINT('',(-1.3435028842545,1.3435028842545,1.45));
#5758=CARTESIAN_POINT('',(-1.77842712336015,0.908578645155214,1.55000000000009));
#5759=CARTESIAN_POINT('',(-1.77842712474585,0.908578643762845,1.5));
#5760=CARTESIAN_POINT('',(-1.40857864515534,1.27842712336002,1.55000000000006));
#5761=CARTESIAN_POINT('',(-1.408578643773,1.278427124756,1.55));
#5762=CARTESIAN_POINT('',(-1.40857864376285,1.27842712474585,1.5));
#5763=CARTESIAN_POINT('Origin',(-1.593502884255,-1.093502884254,1.5));
#5764=CARTESIAN_POINT('',(-1.40857864376888,-1.27842712473981,1.45000000001));
#5765=CARTESIAN_POINT('',(-1.7784271247427,-0.908578643765992,1.450000000005));
#5766=CARTESIAN_POINT('',(-1.3435028842545,-1.3435028842545,1.45));
#5767=CARTESIAN_POINT('',(-1.40857864515521,-1.27842712336002,1.55000000000009));
#5768=CARTESIAN_POINT('',(-1.40857864376285,-1.27842712474585,1.5));
#5769=CARTESIAN_POINT('',(-1.77842712336,-0.908578645155227,1.55000000000006));
#5770=CARTESIAN_POINT('',(-1.77842712475605,-0.90857864377255,1.55));
#5771=CARTESIAN_POINT('',(-1.77842712474585,-0.908578643762845,1.5));
#5772=CARTESIAN_POINT('Origin',(0.,0.,1.45));
#5773=CARTESIAN_POINT('',(-1.350000000005,1.419848480988,1.450000000005));
#5774=CARTESIAN_POINT('',(-1.35000000000333,1.60000000000667,1.45000000000333));
#5775=CARTESIAN_POINT('',(-1.35,0.,1.45));
#5776=CARTESIAN_POINT('',(1.350000000005,1.60000000000526,1.450000000005));
#5777=CARTESIAN_POINT('',(0.,1.6,1.45));
#5778=CARTESIAN_POINT('',(1.35,1.419848480988,1.450000000005));
#5779=CARTESIAN_POINT('',(1.35,1.509924240492,1.45000000001));
#5780=CARTESIAN_POINT('',(1.40857864515162,1.27842712335707,1.45000000001));
#5781=CARTESIAN_POINT('Origin',(1.55,1.419848480983,1.45000000001));
#5782=CARTESIAN_POINT('',(1.77842712474605,0.908578643762637,1.45000000000737));
#5783=CARTESIAN_POINT('',(1.593502884255,1.093502884254,1.45000000001));
#5784=CARTESIAN_POINT('',(1.91984848294855,0.85,1.45000000000506));
#5785=CARTESIAN_POINT('Origin',(1.919848480983,1.05,1.45000000001));
#5786=CARTESIAN_POINT('',(2.10000000000526,0.85,1.45000000001));
#5787=CARTESIAN_POINT('',(-2.009924240492,0.85,1.45));
#5788=CARTESIAN_POINT('',(2.10000000000526,-0.850000000005,1.45));
#5789=CARTESIAN_POINT('',(2.1,0.,1.45));
#5790=CARTESIAN_POINT('',(1.91984848286593,-0.85,1.450000000005));
#5791=CARTESIAN_POINT('',(0.,-0.85,1.45));
#5792=CARTESIAN_POINT('',(1.77842712335715,-0.908578645151546,1.45000000001));
#5793=CARTESIAN_POINT('Origin',(1.919848480983,-1.05,1.45000000001));
#5794=CARTESIAN_POINT('',(1.40857864376284,-1.27842712474585,1.45000000000737));
#5795=CARTESIAN_POINT('',(1.593502884255,-1.093502884254,1.45000000001));
#5796=CARTESIAN_POINT('',(1.35,-1.41984848294816,1.45000000000506));
#5797=CARTESIAN_POINT('Origin',(1.55,-1.419848480983,1.45000000001));
#5798=CARTESIAN_POINT('',(1.35,-1.600000000005,1.45000000001));
#5799=CARTESIAN_POINT('',(1.35,1.509924240492,1.45));
#5800=CARTESIAN_POINT('',(-1.350000000005,-1.60000000000667,1.45000000000333));
#5801=CARTESIAN_POINT('',(0.,-1.6,1.45));
#5802=CARTESIAN_POINT('',(-1.35,-1.419848480983,1.450000000005));
#5803=CARTESIAN_POINT('',(-1.35,0.,1.45));
#5804=CARTESIAN_POINT('Origin',(-1.55,-1.419848480983,1.45000000001));
#5805=CARTESIAN_POINT('',(-1.91984848235497,-0.85,1.45));
#5806=CARTESIAN_POINT('Origin',(-1.919848480983,-1.05,1.45));
#5807=CARTESIAN_POINT('',(-2.10000000000844,-0.85,1.45));
#5808=CARTESIAN_POINT('',(0.,-0.85,1.45));
#5809=CARTESIAN_POINT('',(-2.100000000005,0.85,1.4500000000075));
#5810=CARTESIAN_POINT('',(-2.10000000001,0.,1.45));
#5811=CARTESIAN_POINT('',(-1.919848480988,0.85,1.450000000005));
#5812=CARTESIAN_POINT('',(-2.009924240492,0.85,1.45000000001));
#5813=CARTESIAN_POINT('Origin',(-1.919848480983,1.05,1.45000000001));
#5814=CARTESIAN_POINT('Origin',(-1.55,1.419848480983,1.45));
#5815=CARTESIAN_POINT('',(0.4,-1.25,1.45000000001));
#5816=CARTESIAN_POINT('Origin',(0.4,0.,1.45000000001));
#5817=CARTESIAN_POINT('',(0.,-1.25,1.45));
#5818=CARTESIAN_POINT('Origin',(-1.55,-1.419848480983,1.5));
#5819=CARTESIAN_POINT('',(-1.35,-1.41984848238073,1.55000000000002));
#5820=CARTESIAN_POINT('',(-1.35,-1.419848480983,1.5));
#5821=CARTESIAN_POINT('Origin',(-1.55,-1.419848480983,1.55));
#5822=CARTESIAN_POINT('Origin',(-1.919848480983,-1.05,1.5));
#5823=CARTESIAN_POINT('',(-1.91984848286586,-0.85,1.55));
#5824=CARTESIAN_POINT('',(-1.919848480983,-0.85,1.5));
#5825=CARTESIAN_POINT('Origin',(-1.919848480983,-1.05,1.55));
#5826=CARTESIAN_POINT('Origin',(-1.919848480983,1.05,1.5));
#5827=CARTESIAN_POINT('',(-1.91984848294855,0.850000000003333,1.55));
#5828=CARTESIAN_POINT('',(-1.919848480983,0.85,1.5));
#5829=CARTESIAN_POINT('Origin',(-1.919848480983,1.05,1.55));
#5830=CARTESIAN_POINT('Origin',(-1.55,1.419848480983,1.5));
#5831=CARTESIAN_POINT('',(-1.35000000000333,1.4198484828659,1.55));
#5832=CARTESIAN_POINT('',(-1.35,1.419848480983,1.5));
#5833=CARTESIAN_POINT('Origin',(-1.55,1.419848480983,1.55));
#5834=CARTESIAN_POINT('Origin',(2.009924240492,-0.85,1.5));
#5835=CARTESIAN_POINT('',(-2.09999999935314,-0.850000000000065,1.55000000000006));
#5836=CARTESIAN_POINT('',(0.,-0.85,1.55));
#5837=CARTESIAN_POINT('',(-2.1,-0.85,1.5));
#5838=CARTESIAN_POINT('Origin',(-1.35,1.509924240492,1.5));
#5839=CARTESIAN_POINT('',(-1.350000000005,-1.60000000001,1.55));
#5840=CARTESIAN_POINT('',(-1.35,-1.6,1.5));
#5841=CARTESIAN_POINT('',(-1.35,0.,1.55));
#5842=CARTESIAN_POINT('Origin',(-1.35,1.509924240492,1.5));
#5843=CARTESIAN_POINT('',(-1.35000000000333,1.60000000000667,1.55000000000667));
#5844=CARTESIAN_POINT('',(-1.35000000001,0.,1.55));
#5845=CARTESIAN_POINT('',(-1.35,1.6,1.5));
#5846=CARTESIAN_POINT('Origin',(-2.009924240492,0.85,1.5));
#5847=CARTESIAN_POINT('',(-2.100000000005,0.8500000000075,1.55));
#5848=CARTESIAN_POINT('',(-2.1,0.85,1.5));
#5849=CARTESIAN_POINT('',(0.,0.85000000001,1.55));
#5850=CARTESIAN_POINT('Origin',(-2.1,0.,1.5));
#5851=CARTESIAN_POINT('',(-2.10000000001,0.,1.55));
#5852=CARTESIAN_POINT('Origin',(0.,-1.6,1.5));
#5853=CARTESIAN_POINT('',(1.35000000000333,-1.60000000001,1.55000000000333));
#5854=CARTESIAN_POINT('',(1.35,-1.6,1.5));
#5855=CARTESIAN_POINT('',(0.,-1.6,1.55));
#5856=CARTESIAN_POINT('Origin',(1.593502884255,-1.093502884254,1.5));
#5857=CARTESIAN_POINT('',(1.77842712335662,-0.908578645152068,1.55000000000494));
#5858=CARTESIAN_POINT('',(1.77842712474585,-0.908578643762845,1.5));
#5859=CARTESIAN_POINT('',(1.40857864515201,-1.27842712335669,1.55000000000494));
#5860=CARTESIAN_POINT('',(1.593502884255,-1.093502884254,1.55000000001));
#5861=CARTESIAN_POINT('',(1.40857864376285,-1.27842712474585,1.5));
#5862=CARTESIAN_POINT('Origin',(1.919848480983,-1.05,1.5));
#5863=CARTESIAN_POINT('',(1.91984848286595,-0.850000000003333,1.55));
#5864=CARTESIAN_POINT('',(1.919848480983,-0.85,1.5));
#5865=CARTESIAN_POINT('Origin',(1.919848480983,-1.05,1.55));
#5866=CARTESIAN_POINT('Origin',(1.55,-1.419848480983,1.5));
#5867=CARTESIAN_POINT('',(1.35,-1.41984848099394,1.550000000005));
#5868=CARTESIAN_POINT('',(1.35,-1.419848480983,1.5));
#5869=CARTESIAN_POINT('Origin',(1.55,-1.419848480983,1.55));
#5870=CARTESIAN_POINT('Origin',(1.35,1.509924240492,1.5));
#5871=CARTESIAN_POINT('',(1.35,0.,1.55));
#5872=CARTESIAN_POINT('Origin',(2.009924240492,-0.85,1.5));
#5873=CARTESIAN_POINT('',(2.10000000001026,-0.85000000001,1.55));
#5874=CARTESIAN_POINT('',(2.1,-0.85,1.5));
#5875=CARTESIAN_POINT('',(0.,-0.85000000001,1.55));
#5876=CARTESIAN_POINT('Origin',(0.,0.,1.55));
#5877=CARTESIAN_POINT('',(2.10000000001018,0.850000000003333,1.55000000000333));
#5878=CARTESIAN_POINT('',(2.1,0.,1.55));
#5879=CARTESIAN_POINT('',(1.9198484809947,0.85,1.550000000005));
#5880=CARTESIAN_POINT('',(0.,0.85,1.55));
#5881=CARTESIAN_POINT('',(1.77842712335671,0.908578645151983,1.55000000000494));
#5882=CARTESIAN_POINT('Origin',(1.919848480983,1.05,1.55));
#5883=CARTESIAN_POINT('',(1.4085786451521,1.27842712335659,1.55000000000494));
#5884=CARTESIAN_POINT('',(1.593502884255,1.093502884254,1.55000000001));
#5885=CARTESIAN_POINT('',(1.35000000000333,1.41984848294849,1.55));
#5886=CARTESIAN_POINT('Origin',(1.55,1.419848480983,1.55));
#5887=CARTESIAN_POINT('',(1.35000000001,1.60000000001026,1.55));
#5888=CARTESIAN_POINT('',(1.35000000001,0.,1.55));
#5889=CARTESIAN_POINT('',(0.,1.6,1.55));
#5890=CARTESIAN_POINT('',(0.400000000005,-1.25,1.550000000005));
#5891=CARTESIAN_POINT('Origin',(0.4,0.,1.55));
#5892=CARTESIAN_POINT('',(0.,-1.25,1.55));
#5893=CARTESIAN_POINT('Origin',(2.1,0.,1.5));
#5894=CARTESIAN_POINT('',(2.1,0.85,1.5));
#5895=CARTESIAN_POINT('Origin',(0.4,0.,1.5));
#5896=CARTESIAN_POINT('',(0.4,-1.25,1.5));
#5897=CARTESIAN_POINT('Origin',(1.593502884255,1.093502884254,1.5));
#5898=CARTESIAN_POINT('',(1.40857864376285,1.27842712474585,1.5));
#5899=CARTESIAN_POINT('',(1.77842712474585,0.908578643762845,1.5));
#5900=CARTESIAN_POINT('Origin',(1.55,1.419848480983,1.5));
#5901=CARTESIAN_POINT('',(1.35,1.419848480983,1.5));
#5902=CARTESIAN_POINT('Origin',(1.919848480983,1.05,1.5));
#5903=CARTESIAN_POINT('',(1.919848480983,0.85,1.5));
#5904=CARTESIAN_POINT('Origin',(-2.009924240492,0.85,1.5));
#5905=CARTESIAN_POINT('Origin',(1.35,1.509924240492,1.5));
#5906=CARTESIAN_POINT('',(1.35,1.6,1.5));
#5907=CARTESIAN_POINT('Origin',(0.,1.6,1.5));
#5908=CARTESIAN_POINT('Origin',(0.,-1.25,1.5));
#5909=CARTESIAN_POINT('',(0.,0.,0.));
#5910=CARTESIAN_POINT('Origin',(-1.368870849899,0.8938708498985,1.05));
#5911=CARTESIAN_POINT('',(-1.67500000028837,0.587741699104806,1.00000000000997));
#5912=CARTESIAN_POINT('',(-1.06274170049648,1.19999999971052,1.00000000000499));
#5913=CARTESIAN_POINT('',(-1.368870849899,0.8938708498985,1.00000000001));
#5914=CARTESIAN_POINT('',(-1.06274169980042,1.20000000000675,1.10000000001));
#5915=CARTESIAN_POINT('',(-1.06274169979725,1.20000000000025,1.00000000001));
#5916=CARTESIAN_POINT('',(-1.67500000000342,0.587741699800417,1.10000000001));
#5917=CARTESIAN_POINT('',(-1.06274169978725,1.20000000001025,1.10000000001));
#5918=CARTESIAN_POINT('',(-1.675,0.587741699807,1.00000000001));
#5919=CARTESIAN_POINT('Origin',(0.,1.2,1.05));
#5920=CARTESIAN_POINT('',(1.06274169980437,1.20000000000369,1.));
#5921=CARTESIAN_POINT('',(0.,1.2,1.));
#5922=CARTESIAN_POINT('',(1.06274169980937,1.19999999999737,1.10000000000526));
#5923=CARTESIAN_POINT('',(1.06274169980175,1.19999999999475,1.05));
#5924=CARTESIAN_POINT('',(-1.062741699807,1.2,1.10000000001));
#5925=CARTESIAN_POINT('Origin',(-3.264055692398E-14,0.,1.66));
#5926=CARTESIAN_POINT('',(1.02343134832987,0.626568651670065,2.22000000001));
#5927=CARTESIAN_POINT('',(1.02343134832889,-0.626568651671663,2.22000000001));
#5928=CARTESIAN_POINT('Origin',(-3.264055692398E-14,0.,2.22000000001));
#5929=CARTESIAN_POINT('',(1.02343134838092,0.626568650856239,1.10000000000988));
#5930=CARTESIAN_POINT('',(1.02343134832989,0.62656865167026,1.10000000001));
#5931=CARTESIAN_POINT('',(1.02343134838189,-0.626568650879291,1.10000000000988));
#5932=CARTESIAN_POINT('Origin',(-3.264055692398E-14,0.,1.10000000001));
#5933=CARTESIAN_POINT('',(1.02343134833533,-0.626568651682308,2.22000000001));
#5934=CARTESIAN_POINT('Origin',(0.,0.,0.57));
#5935=CARTESIAN_POINT('',(-0.3176037,3.88952354602356E-17,0.57));
#5936=CARTESIAN_POINT('Origin',(0.,0.,0.57));
#5937=CARTESIAN_POINT('Origin',(0.,0.,0.72));
#5938=CARTESIAN_POINT('',(-0.467027811257612,-2.14478898389635E-17,0.706868401988328));
#5939=CARTESIAN_POINT('Origin',(-0.3176037,3.88952354602356E-17,0.72));
#5940=CARTESIAN_POINT('',(0.467027811257612,6.83894139927516E-12,0.706868401988328));
#5941=CARTESIAN_POINT('Origin',(0.,0.,0.706868016143432));
#5942=CARTESIAN_POINT('Origin',(0.,0.,0.706868791099801));
#5943=CARTESIAN_POINT('Origin',(0.,0.,1.463431518886));
#5944=CARTESIAN_POINT('',(0.600000020960885,7.34788105158093E-17,2.21999999867235));
#5945=CARTESIAN_POINT('Origin',(0.,0.,2.22000000001079));
#5946=CARTESIAN_POINT('',(0.5335137,6.53365845006261E-17,1.463431518886));
#5947=CARTESIAN_POINT('Origin',(0.,0.,2.22));
#5948=CARTESIAN_POINT('',(0.454196010512168,0.799999999754127,2.22000000000444));
#5949=CARTESIAN_POINT('',(-0.45419601084502,0.800000000003336,2.21999999936109));
#5950=CARTESIAN_POINT('',(0.454195760852985,0.80000000001,2.22));
#5951=CARTESIAN_POINT('Origin',(0.75,0.75,2.22000000001));
#5952=CARTESIAN_POINT('',(0.45419601084502,-0.800000000000003,2.21999999936443));
#5953=CARTESIAN_POINT('Origin',(0.75,-0.75,2.22000000001));
#5954=CARTESIAN_POINT('',(-0.454196010511972,-0.799999999749702,2.22000000000889));
#5955=CARTESIAN_POINT('',(-0.45419576084597,-0.8,2.22000000001));
#5956=CARTESIAN_POINT('',(-1.02343134833493,-0.626568651675132,2.220000000005));
#5957=CARTESIAN_POINT('Origin',(-0.75,-0.75,2.22000000001));
#5958=CARTESIAN_POINT('',(-1.02343134833492,0.626568651675163,2.220000000005));
#5959=CARTESIAN_POINT('Origin',(3.264055692398E-14,0.,2.22000000001));
#5960=CARTESIAN_POINT('Origin',(-0.75,0.75,2.22000000001));
#5961=CARTESIAN_POINT('Origin',(-3.264055692398E-14,0.,1.66));
#5962=CARTESIAN_POINT('',(-1.02343134838012,-0.626568650869011,1.10000000000988));
#5963=CARTESIAN_POINT('',(-1.02343134832989,-0.62656865167026,1.10000000001));
#5964=CARTESIAN_POINT('',(-1.02343134838189,0.626568650879295,1.10000000000988));
#5965=CARTESIAN_POINT('Origin',(3.264055692398E-14,0.,1.10000000001));
#5966=CARTESIAN_POINT('',(-1.02343134833533,0.626568651682308,2.22000000001));
#5967=CARTESIAN_POINT('Origin',(-0.75,-0.75,1.66));
#5968=CARTESIAN_POINT('',(-0.454196010429073,-0.799999999651147,1.10000000000891));
#5969=CARTESIAN_POINT('Origin',(-0.75,-0.75,1.10000000001));
#5970=CARTESIAN_POINT('',(-0.45419601084694,-0.800000000011362,2.22000000001));
#5971=CARTESIAN_POINT('Origin',(-0.75,0.75,1.66));
#5972=CARTESIAN_POINT('',(-0.454196010518403,0.799999999734066,1.10000000000889));
#5973=CARTESIAN_POINT('Origin',(-0.75,0.75,1.10000000001));
#5974=CARTESIAN_POINT('',(-0.454196010845021,0.800000000000008,1.10000000001));
#5975=CARTESIAN_POINT('Origin',(0.75,-0.75,1.66));
#5976=CARTESIAN_POINT('',(0.454196010441567,-0.79999999965898,1.10000000000891));
#5977=CARTESIAN_POINT('Origin',(0.75,-0.75,1.10000000001));
#5978=CARTESIAN_POINT('',(0.454196010845021,-0.800000000000008,1.10000000001));
#5979=CARTESIAN_POINT('Origin',(0.,-0.8,1.66));
#5980=CARTESIAN_POINT('',(0.,-0.8,1.10000000001));
#5981=CARTESIAN_POINT('Origin',(0.75,0.75,1.66));
#5982=CARTESIAN_POINT('',(0.454196010523608,0.799999999742916,1.10000000000889));
#5983=CARTESIAN_POINT('Origin',(0.75,0.75,1.10000000001));
#5984=CARTESIAN_POINT('',(0.45419601084694,0.800000000011362,2.22000000001));
#5985=CARTESIAN_POINT('Origin',(0.,0.8,1.66));
#5986=CARTESIAN_POINT('',(0.454195745442199,0.8,1.10000000001));
#5987=CARTESIAN_POINT('Origin',(0.,0.,1.1));
#5988=CARTESIAN_POINT('',(1.67499999999738,0.587741699809375,1.10000000001026));
#5989=CARTESIAN_POINT('',(1.67500000002,0.587741699797,1.1));
#5990=CARTESIAN_POINT('',(1.675,-0.587741699797375,1.10000000001026));
#5991=CARTESIAN_POINT('',(1.675,0.587741699807,1.10000000001));
#5992=CARTESIAN_POINT('',(1.06274169980042,-1.20000000000675,1.10000000001));
#5993=CARTESIAN_POINT('',(1.67500000000025,-0.58774169979725,1.10000000001));
#5994=CARTESIAN_POINT('',(-1.06274169980025,-1.20000000000325,1.10000000001));
#5995=CARTESIAN_POINT('',(-1.062741699797,-1.2,1.10000000001));
#5996=CARTESIAN_POINT('',(-1.67500000000575,-0.58774169980275,1.10000000001));
#5997=CARTESIAN_POINT('',(-1.67500000000975,-0.58774169978675,1.10000000001));
#5998=CARTESIAN_POINT('',(-1.675,0.587741699797,1.10000000001));
#5999=CARTESIAN_POINT('Origin',(-1.675,0.,1.05));
#6000=CARTESIAN_POINT('',(-1.67499999971022,-0.587741700495961,1.00000000000997));
#6001=CARTESIAN_POINT('',(-1.675,0.,1.00000000001));
#6002=CARTESIAN_POINT('',(-1.67499999999975,-0.58774169979675,1.00000000001));
#6003=CARTESIAN_POINT('Origin',(-1.368870849898,-0.8938708498985,1.05));
#6004=CARTESIAN_POINT('',(-1.06274169980188,-1.19999999999987,1.00000000001));
#6005=CARTESIAN_POINT('',(-1.368870849898,-0.8938708498985,1.00000000001));
#6006=CARTESIAN_POINT('',(-1.062741699807,-1.2,1.00000000001));
#6007=CARTESIAN_POINT('Origin',(0.,-1.2,1.05));
#6008=CARTESIAN_POINT('',(1.06274169979713,-1.20000000000512,1.000000000005));
#6009=CARTESIAN_POINT('',(1.062741699807,-1.2,1.00000000001));
#6010=CARTESIAN_POINT('',(1.062741699807,-1.2,1.10000000002));
#6011=CARTESIAN_POINT('Origin',(1.368870849899,-0.8938708498985,1.05));
#6012=CARTESIAN_POINT('',(1.67499999952551,-0.587741700942925,1.00000000002003));
#6013=CARTESIAN_POINT('',(1.675,-0.58774169979725,1.05));
#6014=CARTESIAN_POINT('',(1.06274169978725,-1.20000000001025,1.));
#6015=CARTESIAN_POINT('Origin',(1.368870849898,0.8938708498985,1.05));
#6016=CARTESIAN_POINT('',(1.67500000000658,0.587741699796917,1.00000000000667));
#6017=CARTESIAN_POINT('',(1.062741699807,1.20000000001,1.));
#6018=CARTESIAN_POINT('',(1.67499999999475,0.58774169980175,1.05));
#6019=CARTESIAN_POINT('Origin',(1.675,0.,1.05));
#6020=CARTESIAN_POINT('',(1.675,-0.587741699807,1.00000000001));
#6021=CARTESIAN_POINT('Origin',(-1.102091988222,1.295,1.225));
#6022=CARTESIAN_POINT('',(-1.10209198822756,1.425,1.00000000001));
#6023=CARTESIAN_POINT('',(-1.19401587077812,1.38692388055288,1.00000000001));
#6024=CARTESIAN_POINT('Origin',(-1.102091988222,1.295,1.00000000001));
#6025=CARTESIAN_POINT('',(-1.19401587073956,1.38692388059777,1.45));
#6026=CARTESIAN_POINT('',(-1.19401586977675,1.38692388155375,1.00000000001));
#6027=CARTESIAN_POINT('',(-1.10209198823575,1.425,1.4500000000075));
#6028=CARTESIAN_POINT('Origin',(-1.102091988222,1.295,1.45));
#6029=CARTESIAN_POINT('',(-1.102091988232,1.425,1.));
#6030=CARTESIAN_POINT('Origin',(0.4,0.,1.975));
#6031=CARTESIAN_POINT('',(0.400000000005,1.100000000005,1.450000000005));
#6032=CARTESIAN_POINT('',(0.399999998628985,-1.10000000000333,1.45));
#6033=CARTESIAN_POINT('Origin',(0.4,0.,1.45));
#6034=CARTESIAN_POINT('',(0.40000000001,1.1,2.50000000002));
#6035=CARTESIAN_POINT('',(0.40000000001,1.1,2.50000000002));
#6036=CARTESIAN_POINT('',(0.399999999999999,-1.1,2.50000000001));
#6037=CARTESIAN_POINT('Origin',(0.4,0.,2.50000000001));
#6038=CARTESIAN_POINT('',(0.4,-1.1,2.50000000001));
#6039=CARTESIAN_POINT('Origin',(0.,-1.1,1.975));
#6040=CARTESIAN_POINT('',(-0.39999999823635,-1.10000000000333,1.45));
#6041=CARTESIAN_POINT('',(0.,-1.10000000001,1.45));
#6042=CARTESIAN_POINT('',(-0.40000000001,-1.10000000000333,2.50000000001));
#6043=CARTESIAN_POINT('',(-0.40000000001,-1.1,2.5));
#6044=CARTESIAN_POINT('',(-0.40000000001,-1.1,1.45000000001));
#6045=CARTESIAN_POINT('Origin',(0.,0.,1.45));
#6046=CARTESIAN_POINT('',(-1.32496888221822,1.25597086912811,1.4500000000025));
#6047=CARTESIAN_POINT('',(-1.19401599426518,1.38692375708581,1.45));
#6048=CARTESIAN_POINT('',(-1.29845237791774,1.07035533906252,1.45000000000667));
#6049=CARTESIAN_POINT('',(-1.32496888222,1.255970869131,1.45));
#6050=CARTESIAN_POINT('',(-1.58129509040044,0.787512626585237,1.45000000000667));
#6051=CARTESIAN_POINT('',(-1.298452377926,1.070355339069,1.45));
#6052=CARTESIAN_POINT('',(-1.76691062046255,0.814029130884947,1.45000000000667));
#6053=CARTESIAN_POINT('',(-1.7669106204744,0.814029130882385,1.45));
#6054=CARTESIAN_POINT('',(-1.86192388040965,0.719015870927986,1.45));
#6055=CARTESIAN_POINT('',(-1.766910620462,0.8140291308892,1.45));
#6056=CARTESIAN_POINT('',(-1.90000000000333,0.627091986648943,1.45));
#6057=CARTESIAN_POINT('Origin',(-1.77,0.627091988222399,1.45));
#6058=CARTESIAN_POINT('',(-1.900000000005,-0.627091988225733,1.45000000000667));
#6059=CARTESIAN_POINT('',(-1.90000000001,0.627091784072548,1.45));
#6060=CARTESIAN_POINT('',(-1.86192388155415,-0.719015869776749,1.45000000002));
#6061=CARTESIAN_POINT('Origin',(-1.77,-0.6270919882224,1.45));
#6062=CARTESIAN_POINT('',(-1.19401586977853,-1.38692388156226,1.45000000000667));
#6063=CARTESIAN_POINT('',(-1.861923881565,-0.7190158697863,1.45));
#6064=CARTESIAN_POINT('',(-1.102091988222,-1.425,1.45000000002));
#6065=CARTESIAN_POINT('Origin',(-1.102091988222,-1.295,1.45));
#6066=CARTESIAN_POINT('',(1.102091988232,-1.425000000005,1.45000000000667));
#6067=CARTESIAN_POINT('',(-1.102091988232,-1.42500000001,1.45));
#6068=CARTESIAN_POINT('',(1.194015869778,-1.386923881553,1.45000000002));
#6069=CARTESIAN_POINT('Origin',(1.102091988222,-1.295,1.45));
#6070=CARTESIAN_POINT('',(1.86192388156232,-0.719015869778649,1.45000000000667));
#6071=CARTESIAN_POINT('',(1.86192388156405,-0.71901586976695,1.45000000001));
#6072=CARTESIAN_POINT('',(1.9,-0.6270919882324,1.45000000002));
#6073=CARTESIAN_POINT('Origin',(1.77,-0.6270919882224,1.45));
#6074=CARTESIAN_POINT('',(1.900000000005,0.627091988225733,1.45000000000667));
#6075=CARTESIAN_POINT('',(1.9,0.6270919882224,1.45000000001));
#6076=CARTESIAN_POINT('',(1.86192388155485,0.71901586977615,1.45000000002));
#6077=CARTESIAN_POINT('Origin',(1.77,0.6270919882224,1.45));
#6078=CARTESIAN_POINT('',(1.19401586977853,1.38692388156226,1.45000000000667));
#6079=CARTESIAN_POINT('',(1.194015869767,1.386923881564,1.45000000001));
#6080=CARTESIAN_POINT('',(1.102091988232,1.425,1.45000000002));
#6081=CARTESIAN_POINT('Origin',(1.102091988222,1.295,1.45));
#6082=CARTESIAN_POINT('',(-1.102091988232,1.425,1.45000000001));
#6083=CARTESIAN_POINT('',(-0.400000000005,1.100000000005,1.45));
#6084=CARTESIAN_POINT('Origin',(-0.4,0.,1.45));
#6085=CARTESIAN_POINT('',(0.,1.10000000001,1.45));
#6086=CARTESIAN_POINT('Origin',(0.,1.1,1.975));
#6087=CARTESIAN_POINT('',(-0.400000000006667,1.10000000000333,2.50000000000667));
#6088=CARTESIAN_POINT('',(-0.40000000001,1.1,1.45));
#6089=CARTESIAN_POINT('',(-0.40000000001,1.1,2.50000000001));
#6090=CARTESIAN_POINT('Origin',(-0.4,0.,1.975));
#6091=CARTESIAN_POINT('Origin',(-0.4,0.,2.50000000001));
#6092=CARTESIAN_POINT('Origin',(-1.814417251003,0.7665225003279,1.225));
#6093=CARTESIAN_POINT('',(-1.3249688822117,1.25597086912431,1.00000000000667));
#6094=CARTESIAN_POINT('',(-1.3249688822205,1.2559708691115,1.00000000001));
#6095=CARTESIAN_POINT('',(-1.3249688822105,1.2559708691215,1.45000000001));
#6096=CARTESIAN_POINT('Origin',(-1.814417251003,0.7665225003279,1.225));
#6097=CARTESIAN_POINT('',(-1.86192388024613,0.719015871084771,1.00000000001));
#6098=CARTESIAN_POINT('',(-1.76691062046255,0.814029130884947,1.00000000000333));
#6099=CARTESIAN_POINT('',(-1.8619236289884,0.719016122342498,1.00000000001));
#6100=CARTESIAN_POINT('',(-1.86192388155385,0.719015869777051,1.44999987500375));
#6101=CARTESIAN_POINT('',(-1.7669106204632,0.814029130880785,1.));
#6102=CARTESIAN_POINT('Origin',(-1.9,0.,1.225));
#6103=CARTESIAN_POINT('',(-1.9,-0.6270919882274,1.));
#6104=CARTESIAN_POINT('',(-1.9,0.627091986295586,1.000000000005));
#6105=CARTESIAN_POINT('',(-1.9,0.,1.));
#6106=CARTESIAN_POINT('',(-1.9,-0.6270919882324,1.45000000001));
#6107=CARTESIAN_POINT('',(-1.9,0.627091988222397,1.00000000001));
#6108=CARTESIAN_POINT('Origin',(-1.527969875666,-1.052969875665,1.225));
#6109=CARTESIAN_POINT('',(-1.19401586978208,-1.38692388155871,1.00000000000333));
#6110=CARTESIAN_POINT('',(-1.86192388155415,-0.719015869776751,1.00000000001));
#6111=CARTESIAN_POINT('',(-1.194015869767,-1.386923881564,1.00000000001));
#6112=CARTESIAN_POINT('',(-1.19401586977675,-1.38692388155375,1.45000000001));
#6113=CARTESIAN_POINT('',(-1.86192388155415,-0.719015869776749,1.00000000001));
#6114=CARTESIAN_POINT('Origin',(0.,-1.425,1.225));
#6115=CARTESIAN_POINT('',(1.10209198823533,-1.425000000005,1.00000000000333));
#6116=CARTESIAN_POINT('',(-1.102091988222,-1.425,1.00000000001));
#6117=CARTESIAN_POINT('',(1.102091988232,-1.425,1.00000000001));
#6118=CARTESIAN_POINT('',(1.102091988232,-1.425,1.45000000001));
#6119=CARTESIAN_POINT('',(-1.102091988222,-1.425,1.00000000001));
#6120=CARTESIAN_POINT('Origin',(0.,1.425,1.225));
#6121=CARTESIAN_POINT('',(1.102091988222,1.425,1.00000000001));
#6122=CARTESIAN_POINT('',(1.102091988232,1.425,1.45000000002));
#6123=CARTESIAN_POINT('',(0.,1.425,1.00000000001));
#6124=CARTESIAN_POINT('Origin',(1.9,0.,1.225));
#6125=CARTESIAN_POINT('',(1.900000000005,0.627091988225733,1.00000000000333));
#6126=CARTESIAN_POINT('',(1.9,0.6270919882324,1.45000000001));
#6127=CARTESIAN_POINT('',(1.9,-0.627091988228714,1.00000000001));
#6128=CARTESIAN_POINT('',(1.9,-0.6270919882324,1.45000000002));
#6129=CARTESIAN_POINT('',(1.9,-0.6270919882324,1.00000000001));
#6130=CARTESIAN_POINT('Origin',(1.527969875666,-1.052969875665,1.225));
#6131=CARTESIAN_POINT('',(1.86192388155894,-0.719015869782023,1.00000000000333));
#6132=CARTESIAN_POINT('',(1.861923881554,-0.719015869776901,1.45000000001));
#6133=CARTESIAN_POINT('',(1.19401586977675,-1.38692388155375,1.00000000001));
#6134=CARTESIAN_POINT('',(1.194015869778,-1.386923881553,1.45000000002));
#6135=CARTESIAN_POINT('',(1.194015869778,-1.386923881553,1.00000000001));
#6136=CARTESIAN_POINT('Origin',(1.527969875666,1.052969875665,1.225));
#6137=CARTESIAN_POINT('',(1.19401586978224,1.38692388155854,1.00000000000333));
#6138=CARTESIAN_POINT('',(1.19401586977675,1.38692388155375,1.45000000001));
#6139=CARTESIAN_POINT('',(1.86192388155415,0.719015869776751,1.00000000001));
#6140=CARTESIAN_POINT('',(1.86192388155485,0.71901586977615,1.45000000002));
#6141=CARTESIAN_POINT('',(1.86192388155485,0.71901586977615,1.00000000001));
#6142=CARTESIAN_POINT('Origin',(-1.311710630063,1.16316310409,1.225));
#6143=CARTESIAN_POINT('',(-1.29845237791774,1.07035533906252,1.00000000000333));
#6144=CARTESIAN_POINT('',(-1.29845237791732,1.07035533907024,1.45000000001));
#6145=CARTESIAN_POINT('',(-1.29845237791572,1.07035533905904,1.00000000001));
#6146=CARTESIAN_POINT('Origin',(0.,0.,1.));
#6147=CARTESIAN_POINT('Origin',(1.102091988222,1.295,1.));
#6148=CARTESIAN_POINT('Origin',(1.77,0.6270919882224,1.00000000001));
#6149=CARTESIAN_POINT('Origin',(1.77,-0.6270919882224,1.00000000001));
#6150=CARTESIAN_POINT('Origin',(1.102091988222,-1.295,1.00000000001));
#6151=CARTESIAN_POINT('Origin',(-1.102091988222,-1.295,1.00000000001));
#6152=CARTESIAN_POINT('Origin',(-1.77,-0.6270919882224,1.00000000001));
#6153=CARTESIAN_POINT('Origin',(-1.77,0.6270919882224,1.00000000001));
#6154=CARTESIAN_POINT('',(-1.58129509040044,0.787512626585237,1.00000000000333));
#6155=CARTESIAN_POINT('',(-1.58129509040121,0.787512626586217,1.00000000001));
#6156=CARTESIAN_POINT('',(-1.58129509040005,0.78751262657475,1.00000000001));
#6157=CARTESIAN_POINT('Origin',(-1.439873734153,0.9289339828218,1.225));
#6158=CARTESIAN_POINT('',(-1.58129509040121,0.787512626586217,1.45000000001));
#6159=CARTESIAN_POINT('Origin',(-1.674102855421,0.8007708787319,1.225));
#6160=CARTESIAN_POINT('Origin',(-1.77,0.6270919882224,1.225));
#6161=CARTESIAN_POINT('Origin',(-1.77,-0.6270919882224,1.225));
#6162=CARTESIAN_POINT('Origin',(-1.102091988222,-1.295,1.225));
#6163=CARTESIAN_POINT('Origin',(1.102091988222,-1.295,1.225));
#6164=CARTESIAN_POINT('Origin',(1.77,-0.6270919882224,1.225));
#6165=CARTESIAN_POINT('Origin',(1.77,0.6270919882224,1.225));
#6166=CARTESIAN_POINT('Origin',(1.102091988222,1.295,1.225));
#6167=CARTESIAN_POINT('Origin',(0.,0.,2.5));
#6168=CARTESIAN_POINT('',(0.,0.,0.));
#6169=CARTESIAN_POINT('Origin',(2.05,-1.064733944378,1.65));
#6170=CARTESIAN_POINT('',(2.05000000001,-0.750000000003333,1.85000000000667));
#6171=CARTESIAN_POINT('',(2.05000000000683,-1.3794678887585,1.85000000000667));
#6172=CARTESIAN_POINT('',(2.05,-0.75,1.85000000001));
#6173=CARTESIAN_POINT('',(2.0500000000035,-1.37946788876517,1.45000000000333));
#6174=CARTESIAN_POINT('',(2.0500000000005,-1.3794678887555,1.45));
#6175=CARTESIAN_POINT('',(2.05000000001,-0.850000000006667,1.45000000000333));
#6176=CARTESIAN_POINT('',(2.05,-0.85000000001,1.45));
#6177=CARTESIAN_POINT('',(2.05000000001,-0.850000000006667,1.55000000000667));
#6178=CARTESIAN_POINT('',(2.05,-0.85000000001,1.45));
#6179=CARTESIAN_POINT('',(2.05000000001,-0.750000000003333,1.55000000000333));
#6180=CARTESIAN_POINT('',(2.05,-0.85000000001,1.55000000001));
#6181=CARTESIAN_POINT('',(2.05,-0.75000000001,1.55));
#6182=CARTESIAN_POINT('Origin',(1.964733944378,-1.464733944378,1.65));
#6183=CARTESIAN_POINT('',(1.87946788876517,-1.5500000000035,1.85000000000667));
#6184=CARTESIAN_POINT('',(2.0500000000105,-1.3794678887455,1.85000000001));
#6185=CARTESIAN_POINT('',(1.8794678887585,-1.55000000000683,1.45000000000333));
#6186=CARTESIAN_POINT('',(1.8794678887555,-1.5500000000005,1.85000000001));
#6187=CARTESIAN_POINT('',(2.0500000000005,-1.3794678887555,1.45));
#6188=CARTESIAN_POINT('Origin',(1.522792206136,-1.022792206136,1.7));
#6189=CARTESIAN_POINT('',(1.25,-1.295584412282,1.55000000000333));
#6190=CARTESIAN_POINT('',(1.79558441227867,-0.750000000003333,1.55000000000333));
#6191=CARTESIAN_POINT('',(1.24999999999,-1.295584412282,1.55000000001));
#6192=CARTESIAN_POINT('',(1.25,-1.295584412282,1.85000000000667));
#6193=CARTESIAN_POINT('',(1.25,-1.295584412272,1.85000000001));
#6194=CARTESIAN_POINT('',(1.79558441227867,-0.750000000003333,1.85000000000667));
#6195=CARTESIAN_POINT('',(1.795584412282,-0.75000000001,1.85));
#6196=CARTESIAN_POINT('',(1.795584412282,-0.75,1.55));
#6197=CARTESIAN_POINT('Origin',(1.25,-1.422792206136,1.7));
#6198=CARTESIAN_POINT('',(1.25000000000667,-1.55000000001,1.55000000000333));
#6199=CARTESIAN_POINT('',(1.25,-1.55000000002,1.55000000001));
#6200=CARTESIAN_POINT('',(1.25000000000667,-1.55000000001,1.85000000000667));
#6201=CARTESIAN_POINT('',(1.25,-1.55000000001,1.85000000001));
#6202=CARTESIAN_POINT('',(1.25000000001,-1.295584412282,1.85));
#6203=CARTESIAN_POINT('Origin',(1.65,-1.15,1.85));
#6204=CARTESIAN_POINT('',(2.05000000002,-0.75000000001,1.85));
#6205=CARTESIAN_POINT('',(1.25000000001,-1.55000000001,1.85));
#6206=CARTESIAN_POINT('Origin',(1.65,-1.15,1.55));
#6207=CARTESIAN_POINT('',(2.05000000002,-0.75,1.55000000001));
#6208=CARTESIAN_POINT('',(1.83700576851917,-0.850000000000167,1.55000000000667));
#6209=CARTESIAN_POINT('',(1.919848480994,-0.85000000001,1.55));
#6210=CARTESIAN_POINT('',(1.3500000000035,-1.3370057685125,1.55000000000667));
#6211=CARTESIAN_POINT('',(1.77842712476625,-0.90857864376275,1.55));
#6212=CARTESIAN_POINT('',(1.35000000001,-1.55000000000667,1.55000000000667));
#6213=CARTESIAN_POINT('',(1.35000000001,-1.419848480983,1.55));
#6214=CARTESIAN_POINT('',(1.25000000001,-1.55000000001,1.55));
#6215=CARTESIAN_POINT('Origin',(1.922792206136,-0.75,1.7));
#6216=CARTESIAN_POINT('Origin',(1.564733944378,-1.55,1.65));
#6217=CARTESIAN_POINT('',(1.35000000000333,-1.55000000000667,1.45000000000333));
#6218=CARTESIAN_POINT('',(1.35000000001,-1.55,1.45));
#6219=CARTESIAN_POINT('',(1.879467888765,-1.55,1.45));
#6220=CARTESIAN_POINT('Origin',(-2.1,0.,0.725));
#6221=CARTESIAN_POINT('',(-2.10000000000333,-1.450000000005,1.45000000000667));
#6222=CARTESIAN_POINT('',(-2.10000000000299,-1.39950002500814,0.0694950004222));
#6223=CARTESIAN_POINT('',(-2.1,-1.45000000001,1.45000000001));
#6224=CARTESIAN_POINT('',(-2.1,1.44999999952052,1.45000000000333));
#6225=CARTESIAN_POINT('',(-2.1,-0.85,1.45));
#6226=CARTESIAN_POINT('',(-2.10488942583161,1.39949301639537,0.118271187222643));
#6227=CARTESIAN_POINT('',(-2.1,1.44999999999999,0.0700000000066675));
#6228=CARTESIAN_POINT('',(-2.10489121188856,0.800000000007602,0.11837487703757));
#6229=CARTESIAN_POINT('',(-2.1,0.5375,0.0896223422291927));
#6230=CARTESIAN_POINT('',(-2.1,0.549999999995,0.07));
#6231=CARTESIAN_POINT('',(-2.1,0.80000000002,0.0699999999999999));
#6232=CARTESIAN_POINT('',(-2.1,-0.55,0.035));
#6233=CARTESIAN_POINT('',(-2.1,0.55000000001,0.));
#6234=CARTESIAN_POINT('',(-2.14922647556849,-0.800000000009852,0.112370464662647));
#6235=CARTESIAN_POINT('',(-2.1,-0.55,0.0699999999999999));
#6236=CARTESIAN_POINT('',(-2.10247517152587,-1.35000000000472,0.128839681368469));
#6237=CARTESIAN_POINT('',(-2.1,-0.5375,0.0896223422291927));
#6238=CARTESIAN_POINT('',(-2.10000000001,-1.35,0.168401279903066));
#6239=CARTESIAN_POINT('Origin',(-2.200398361138,-1.075,0.5627009983157));
#6240=CARTESIAN_POINT('',(-2.16071705004992,-0.800000000006667,0.567740199674218));
#6241=CARTESIAN_POINT('',(-2.25000000001023,-0.800000000006667,0.556401996636157));
#6242=CARTESIAN_POINT('',(-2.16071705004851,-0.80000000001,0.567740199663129));
#6243=CARTESIAN_POINT('',(-2.25000000001023,-1.35000000001,0.556401996636157));
#6244=CARTESIAN_POINT('',(-2.25000000000859,-0.80000000001,0.556401996630305));
#6245=CARTESIAN_POINT('',(-2.16071705004992,-1.350000000005,0.567740199674218));
#6246=CARTESIAN_POINT('',(-2.25000000002,-1.35,0.556401996631392));
#6247=CARTESIAN_POINT('',(-2.16071705004851,-1.075,0.567740199663129));
#6248=CARTESIAN_POINT('Origin',(-2.1,-1.075,0.169));
#6249=CARTESIAN_POINT('',(-2.1992032778821,-1.35000000000444,0.156401997878744));
#6250=CARTESIAN_POINT('Origin',(-2.1,-1.35000000001,0.169));
#6251=CARTESIAN_POINT('',(-2.19920327772369,-1.34999987500375,0.156401996631441));
#6252=CARTESIAN_POINT('',(-2.10000000001,-0.80000000001,0.06900000000001));
#6253=CARTESIAN_POINT('Origin',(-2.224601638862,-1.075,0.3564019966314));
#6254=CARTESIAN_POINT('',(-2.19332655758652,-0.80000000001,0.110125623873568));
#6255=CARTESIAN_POINT('',(-2.19920329872132,-1.35,0.156402161977518));
#6256=CARTESIAN_POINT('Origin',(-1.8,-1.075,0.069));
#6257=CARTESIAN_POINT('',(-1.50000000000667,-0.80000000001,0.069));
#6258=CARTESIAN_POINT('',(-1.50000000001,-0.80000000001,0.069));
#6259=CARTESIAN_POINT('',(-1.5000000000025,-1.35000000000834,0.069));
#6260=CARTESIAN_POINT('',(-1.50000000001,-1.35000000001333,0.069));
#6261=CARTESIAN_POINT('',(-2.10000000001,-1.35000000001,0.069));
#6262=CARTESIAN_POINT('Origin',(-1.875,-1.35,0.319));
#6263=CARTESIAN_POINT('',(-2.13531868891037,-1.35000000001,0.367740199663143));
#6264=CARTESIAN_POINT('Origin',(-2.13531868891037,-1.075,0.367740199663143));
#6265=CARTESIAN_POINT('',(-2.13531868891037,-0.80000000001,0.367740199663143));
#6266=CARTESIAN_POINT('Origin',(-1.875,-0.8,0.319));
#6267=CARTESIAN_POINT('Origin',(-1.5,-1.075,0.035));
#6268=CARTESIAN_POINT('',(-1.5,-0.55000000000375,0.035));
#6269=CARTESIAN_POINT('',(-1.5,-0.800000000013333,0.07));
#6270=CARTESIAN_POINT('',(-1.5,-1.6000000000077,0.035));
#6271=CARTESIAN_POINT('',(-1.5,-0.55,0.));
#6272=CARTESIAN_POINT('',(-1.5,-1.60000000002,0.07));
#6273=CARTESIAN_POINT('Origin',(1.8,-1.475,0.07));
#6274=CARTESIAN_POINT('',(-1.50000000001,-0.55000000001,0.07));
#6275=CARTESIAN_POINT('Origin',(-1.559310784658,-0.55,0.475));
#6276=CARTESIAN_POINT('',(-1.50000000001,-0.55,0.));
#6277=CARTESIAN_POINT('Origin',(1.5,-1.075,0.035));
#6278=CARTESIAN_POINT('',(1.50000000000125,0.550000000000312,0.035000000005));
#6279=CARTESIAN_POINT('',(1.500000000005,1.600000000005,0.));
#6280=CARTESIAN_POINT('',(1.5,0.55,0.));
#6281=CARTESIAN_POINT('',(1.500000000005,1.600000000005,0.0700000000092107));
#6282=CARTESIAN_POINT('',(1.5,1.6,0.07000000001));
#6283=CARTESIAN_POINT('',(1.5,1.60000000002,0.07000000001));
#6284=CARTESIAN_POINT('Origin',(-1.45,0.,0.41));
#6285=CARTESIAN_POINT('',(-1.28500000000333,0.350000000006667,0.410000000006667));
#6286=CARTESIAN_POINT('',(-1.28500000000667,-0.350000000003333,0.410000000006667));
#6287=CARTESIAN_POINT('',(-1.285,0.35000000001,0.41000000001));
#6288=CARTESIAN_POINT('',(-1.61500000000667,0.350000000003333,0.410000000006667));
#6289=CARTESIAN_POINT('',(-1.61500000001,0.35,0.41000000001));
#6290=CARTESIAN_POINT('',(-1.61500000001,-0.350000000006667,0.410000000006667));
#6291=CARTESIAN_POINT('',(-1.61500000001,0.35,0.41));
#6292=CARTESIAN_POINT('',(-1.61500000002,-0.35000000001,0.41));
#6293=CARTESIAN_POINT('Origin',(-1.615,0.,0.39));
#6294=CARTESIAN_POINT('',(-1.61500000001167,-0.350000000006667,0.370000000003333));
#6295=CARTESIAN_POINT('',(-1.61500000000833,0.350000000003333,0.370000000003333));
#6296=CARTESIAN_POINT('',(-1.61500000001,-0.35000000001,0.37));
#6297=CARTESIAN_POINT('',(-1.61500000002,-0.35,0.37));
#6298=CARTESIAN_POINT('',(-1.61500000002,0.35,0.37));
#6299=CARTESIAN_POINT('Origin',(-1.45,-0.35,0.39));
#6300=CARTESIAN_POINT('',(-1.28500000000667,-0.350000000003333,0.370000000003333));
#6301=CARTESIAN_POINT('',(-1.28500000001,-0.35,0.37));
#6302=CARTESIAN_POINT('',(-1.285,-0.35000000001,0.41000000001));
#6303=CARTESIAN_POINT('Origin',(-1.285,0.,0.39));
#6304=CARTESIAN_POINT('',(-1.28500000000333,0.350000000006667,0.370000000003333));
#6305=CARTESIAN_POINT('',(-1.28500000001,0.35,0.41000000001));
#6306=CARTESIAN_POINT('',(-1.285,0.35000000001,0.37));
#6307=CARTESIAN_POINT('Origin',(-1.45,0.35,0.39));
#6308=CARTESIAN_POINT('',(-1.61500000001,0.35000000001,0.37));
#6309=CARTESIAN_POINT('Origin',(-1.559310784658,-0.55,0.475));
#6310=CARTESIAN_POINT('',(-1.3686215695763,-0.550000000149155,0.580000000000024));
#6311=CARTESIAN_POINT('',(-1.75000000001,-0.550000000004998,0.580000000006667));
#6312=CARTESIAN_POINT('',(-1.36862165380718,-0.55,0.58));
#6313=CARTESIAN_POINT('',(-1.36862156977373,-0.550000000676719,0.37));
#6314=CARTESIAN_POINT('',(-1.368621569327,-0.55,0.58000000001));
#6315=CARTESIAN_POINT('',(-1.75000000001,-0.550000000004998,0.370000000003333));
#6316=CARTESIAN_POINT('',(-1.75000000002,-0.549999999999989,0.37));
#6317=CARTESIAN_POINT('',(-1.75,-0.55000000001,0.58000000001));
#6318=CARTESIAN_POINT('Origin',(1.4968026818E-12,-7.234213228458E-13,0.475));
#6319=CARTESIAN_POINT('',(-1.28674136274291,-0.721055937793543,0.58000000001));
#6320=CARTESIAN_POINT('Origin',(1.54903867510825E-12,-6.86256607096425E-13,
0.58));
#6321=CARTESIAN_POINT('',(-1.28674136268165,-0.721055937371476,0.370000000000004));
#6322=CARTESIAN_POINT('',(-1.28674136273507,-0.721055937791155,0.37000000001));
#6323=CARTESIAN_POINT('Origin',(1.57152069135691E-12,-6.96803725830364E-13,
0.37));
#6324=CARTESIAN_POINT('Origin',(-1.281586399182,-1.354472090043E-13,0.37));
#6325=CARTESIAN_POINT('',(-0.813172798371194,0.247487373421928,0.370000000006667));
#6326=CARTESIAN_POINT('',(-1.28674136273718,0.721055937786323,0.370000000361282));
#6327=CARTESIAN_POINT('',(-0.81317279837455,0.24748737342525,0.37));
#6328=CARTESIAN_POINT('',(-1.36862156982173,0.550000000748675,0.370000000000078));
#6329=CARTESIAN_POINT('Origin',(1.41886502547095E-12,-7.06656955173912E-13,
0.37));
#6330=CARTESIAN_POINT('',(-1.7500000000125,0.550000000002497,0.37));
#6331=CARTESIAN_POINT('',(-1.36862163690664,0.55000000001,0.37));
#6332=CARTESIAN_POINT('',(-1.75000000001,0.55,0.37));
#6333=CARTESIAN_POINT('',(-0.813172798362594,-0.247487373421652,0.37000000001));
#6334=CARTESIAN_POINT('',(-1.28674124601174,-0.721055821062143,0.37));
#6335=CARTESIAN_POINT('Origin',(0.,0.,0.37));
#6336=CARTESIAN_POINT('Origin',(-1.75,0.,0.475));
#6337=CARTESIAN_POINT('',(-1.75000000000667,0.550000000003333,0.580000000006667));
#6338=CARTESIAN_POINT('',(-1.75000000001,-0.55000000001,0.58));
#6339=CARTESIAN_POINT('',(-1.75,0.55000000001,0.37));
#6340=CARTESIAN_POINT('Origin',(1.35,-1.443502884254,1.5));
#6341=CARTESIAN_POINT('',(1.3500000000035,-1.3370057685125,1.45000000000333));
#6342=CARTESIAN_POINT('',(1.35000000001,-1.419848480983,1.45));
#6343=CARTESIAN_POINT('',(1.35,-1.337005768519,1.45));
#6344=CARTESIAN_POINT('Origin',(1.943502884254,-0.85,1.5));
#6345=CARTESIAN_POINT('',(1.83700576851917,-0.850000000000167,1.45000000000333));
#6346=CARTESIAN_POINT('',(1.837005768519,-0.85,1.45));
#6347=CARTESIAN_POINT('',(2.05000000002,-0.85,1.45000000001));
#6348=CARTESIAN_POINT('Origin',(1.593502884255,-1.093502884255,1.5));
#6349=CARTESIAN_POINT('',(1.77842712476625,-0.90857864376275,1.45));
#6350=CARTESIAN_POINT('Origin',(-1.564733944378,-1.55,1.65));
#6351=CARTESIAN_POINT('',(-1.35000000000667,-1.55000000001,1.55000000001));
#6352=CARTESIAN_POINT('',(-1.35000000000333,-1.55000000001,1.45000000000667));
#6353=CARTESIAN_POINT('',(-1.35,-1.55,1.55000000002));
#6354=CARTESIAN_POINT('',(-1.25000000000333,-1.55000000001,1.55000000000333));
#6355=CARTESIAN_POINT('',(-1.35000000001,-1.55,1.55));
#6356=CARTESIAN_POINT('',(-1.25000000000667,-1.55000000001,1.85000000000667));
#6357=CARTESIAN_POINT('',(-1.25,-1.55000000001,1.85000000001));
#6358=CARTESIAN_POINT('',(-1.87946788876183,-1.55000000000683,1.85000000000667));
#6359=CARTESIAN_POINT('',(-1.879467888775,-1.55000000001,1.85));
#6360=CARTESIAN_POINT('',(-1.87946788876183,-1.5500000000035,1.45000000000333));
#6361=CARTESIAN_POINT('',(-1.879467888765,-1.55,1.45));
#6362=CARTESIAN_POINT('',(-1.35,-1.55000000001,1.45));
#6363=CARTESIAN_POINT('Origin',(-1.964733944378,-1.464733944378,1.65));
#6364=CARTESIAN_POINT('',(-2.05000000000683,-1.37946788876183,1.45000000000333));
#6365=CARTESIAN_POINT('',(-1.879467888765,-1.55000000001,1.45));
#6366=CARTESIAN_POINT('',(-2.0500000000035,-1.37946788876183,1.85000000000667));
#6367=CARTESIAN_POINT('',(-2.05000000001,-1.379467888765,1.85));
#6368=CARTESIAN_POINT('',(-2.0500000000005,-1.3794678887555,1.45));
#6369=CARTESIAN_POINT('Origin',(1.564733944378,1.55,1.65));
#6370=CARTESIAN_POINT('',(1.25000000001,1.55000000000333,1.85000000001));
#6371=CARTESIAN_POINT('',(1.87946788876182,1.55000000000051,1.85000000001));
#6372=CARTESIAN_POINT('',(1.25000000001,1.55,1.85000000001));
#6373=CARTESIAN_POINT('',(1.87946788945893,1.5499999997176,1.45));
#6374=CARTESIAN_POINT('',(1.8794678887555,1.5500000000005,1.45));
#6375=CARTESIAN_POINT('',(1.35000000024756,1.5499999997625,1.45000000048172));
#6376=CARTESIAN_POINT('',(0.,1.55000000001,1.45));
#6377=CARTESIAN_POINT('',(1.350000000005,1.550000000005,1.5500000000105));
#6378=CARTESIAN_POINT('',(1.35000000001,1.55,1.45000008333583));
#6379=CARTESIAN_POINT('',(1.25000000000333,1.55000000000333,1.55000000001));
#6380=CARTESIAN_POINT('',(1.35000000001,1.55,1.55000000001));
#6381=CARTESIAN_POINT('',(1.25000000001,1.55,1.55000000001));
#6382=CARTESIAN_POINT('Origin',(1.522792206136,1.022792206136,1.7));
#6383=CARTESIAN_POINT('',(1.795584412277,0.75,1.550000000005));
#6384=CARTESIAN_POINT('',(1.25,1.295584412272,1.55000000000667));
#6385=CARTESIAN_POINT('',(1.795584412282,0.74999999999,1.55000000001));
#6386=CARTESIAN_POINT('',(1.79558441227867,0.750000000003333,1.85));
#6387=CARTESIAN_POINT('',(1.795584412272,0.75,1.85000000001));
#6388=CARTESIAN_POINT('',(1.25000000000667,1.29558441227533,1.85000000000333));
#6389=CARTESIAN_POINT('',(1.25000000001,1.295584412282,1.85));
#6390=CARTESIAN_POINT('',(1.25,1.295584412272,1.55));
#6391=CARTESIAN_POINT('Origin',(-1.65,-1.15,1.55));
#6392=CARTESIAN_POINT('',(2.04999999934971,0.750000000003399,1.55000000000333));
#6393=CARTESIAN_POINT('',(2.05,0.849999999353145,1.55000000000346));
#6394=CARTESIAN_POINT('',(2.05,1.064733944378,1.55000000001));
#6395=CARTESIAN_POINT('',(1.65,0.75,1.55));
#6396=CARTESIAN_POINT('',(1.25,1.295584412272,1.55000000001));
#6397=CARTESIAN_POINT('',(1.35000000001,1.337005768509,1.55));
#6398=CARTESIAN_POINT('',(1.35,1.55000000002,1.55000000001));
#6399=CARTESIAN_POINT('',(1.83700576921513,0.849999999709046,1.55));
#6400=CARTESIAN_POINT('',(1.593502884255,1.093502884254,1.55));
#6401=CARTESIAN_POINT('',(1.943502884254,0.85,1.55));
#6402=CARTESIAN_POINT('Origin',(-1.65,-1.15,1.85));
#6403=CARTESIAN_POINT('',(1.25000000001,1.55000000001,1.85));
#6404=CARTESIAN_POINT('',(2.05000000000351,0.75000000001,1.85000000000667));
#6405=CARTESIAN_POINT('',(1.795584412282,0.75000000001,1.85));
#6406=CARTESIAN_POINT('',(2.05000000000017,1.37946788876517,1.85000000001333));
#6407=CARTESIAN_POINT('',(2.05,1.379467888775,1.85000000001));
#6408=CARTESIAN_POINT('',(1.8794678887455,1.5500000000105,1.85000000001));
#6409=CARTESIAN_POINT('Origin',(1.25,1.422792206136,1.7));
#6410=CARTESIAN_POINT('Origin',(1.922792206136,0.75,1.7));
#6411=CARTESIAN_POINT('',(2.05,0.75000000001,1.85000000001));
#6412=CARTESIAN_POINT('Origin',(1.964733944378,1.464733944378,1.65));
#6413=CARTESIAN_POINT('',(2.05000000029546,1.3794678880669,1.45));
#6414=CARTESIAN_POINT('',(2.05,1.379467888765,1.45000000001));
#6415=CARTESIAN_POINT('',(1.879467888765,1.55000000001,1.45));
#6416=CARTESIAN_POINT('Origin',(2.05,1.064733944378,1.65));
#6417=CARTESIAN_POINT('',(2.050000000005,0.850000000005,1.45));
#6418=CARTESIAN_POINT('',(2.05,0.85000000001,1.55000000001));
#6419=CARTESIAN_POINT('',(2.05000000001,0.,1.45));
#6420=CARTESIAN_POINT('Origin',(1.943502884254,0.85,1.5));
#6421=CARTESIAN_POINT('',(1.83700576851233,0.850000000003333,1.45000000000333));
#6422=CARTESIAN_POINT('',(1.919848480993,0.85000000001,1.45));
#6423=CARTESIAN_POINT('',(1.837005768519,0.85,1.45));
#6424=CARTESIAN_POINT('Origin',(1.593502884255,1.093502884254,1.5));
#6425=CARTESIAN_POINT('',(1.35000000001,1.337005768519,1.45));
#6426=CARTESIAN_POINT('',(1.408578643763,1.278427124766,1.45));
#6427=CARTESIAN_POINT('',(1.35,1.337005768509,1.45));
#6428=CARTESIAN_POINT('Origin',(-2.05,-1.064733944378,1.65));
#6429=CARTESIAN_POINT('',(-2.05000000001018,0.850000000003333,1.45000000000333));
#6430=CARTESIAN_POINT('',(-2.05000000001,0.850000000005,1.5500000000055));
#6431=CARTESIAN_POINT('',(-2.05,0.85,1.45000000001));
#6432=CARTESIAN_POINT('',(-2.05000000001013,0.75,1.5500000000025));
#6433=CARTESIAN_POINT('',(-2.05,0.85000000001,1.55));
#6434=CARTESIAN_POINT('',(-2.05000000001018,0.750000000003333,1.85000000000333));
#6435=CARTESIAN_POINT('',(-2.05000000001,0.75,1.55));
#6436=CARTESIAN_POINT('',(-2.05000000000737,1.3794678887643,1.85000000000333));
#6437=CARTESIAN_POINT('',(-2.05000000001,1.379467888765,1.85));
#6438=CARTESIAN_POINT('',(-2.05000000000667,1.379467888765,1.45));
#6439=CARTESIAN_POINT('',(-2.05,1.379467888765,1.45));
#6440=CARTESIAN_POINT('',(-2.05000000001,0.85,1.45));
#6441=CARTESIAN_POINT('Origin',(-1.964733944378,1.464733944378,1.65));
#6442=CARTESIAN_POINT('',(-1.8794678887643,1.55000000000737,1.45000000000333));
#6443=CARTESIAN_POINT('',(-2.05000000001,1.379467888765,1.45));
#6444=CARTESIAN_POINT('',(-1.87946788877167,1.55,1.85000000001));
#6445=CARTESIAN_POINT('',(-1.879467888765,1.55000000001,1.85));
#6446=CARTESIAN_POINT('',(-1.879467888765,1.55,1.45000000001));
#6447=CARTESIAN_POINT('Origin',(0.,0.,1.45));
#6448=CARTESIAN_POINT('',(-1.94999999855491,-1.60000000000167,1.45));
#6449=CARTESIAN_POINT('Origin',(-1.95,-1.45,1.45));
#6450=CARTESIAN_POINT('',(1.95000000001,-1.60000000000333,1.45));
#6451=CARTESIAN_POINT('',(-1.9499997500075,-1.600000000005,1.45));
#6452=CARTESIAN_POINT('',(2.10000000000333,-1.45000000001,1.45));
#6453=CARTESIAN_POINT('Origin',(1.95,-1.45,1.45));
#6454=CARTESIAN_POINT('',(2.10000000000333,1.45000000001,1.45));
#6455=CARTESIAN_POINT('',(2.10000000001,-1.45000000001,1.45));
#6456=CARTESIAN_POINT('',(1.95000000001,1.60000000000333,1.45));
#6457=CARTESIAN_POINT('Origin',(1.95,1.45,1.45));
#6458=CARTESIAN_POINT('',(-1.95000000001,1.60000000000333,1.45));
#6459=CARTESIAN_POINT('',(1.95000000001,1.60000000001,1.45));
#6460=CARTESIAN_POINT('Origin',(-1.95,1.45,1.45));
#6461=CARTESIAN_POINT('',(-1.35,1.55000000001,1.45000000000333));
#6462=CARTESIAN_POINT('',(-1.35000000000683,1.3370057685125,1.45));
#6463=CARTESIAN_POINT('',(-1.35000000001,1.419848480983,1.45));
#6464=CARTESIAN_POINT('',(-1.83700576851913,0.850000000005125,1.45));
#6465=CARTESIAN_POINT('',(-1.35000000001,1.337005768519,1.45));
#6466=CARTESIAN_POINT('',(-1.837005768519,0.85000000001,1.45));
#6467=CARTESIAN_POINT('',(-1.879467888765,1.55000000001,1.45));
#6468=CARTESIAN_POINT('',(1.35000000001,0.,1.45));
#6469=CARTESIAN_POINT('',(-1.83700576851233,-0.850000000006667,1.45));
#6470=CARTESIAN_POINT('',(-1.35,-1.337005768519,1.45000000000333));
#6471=CARTESIAN_POINT('',(-1.837005768519,-0.85000000001,1.45));
#6472=CARTESIAN_POINT('',(-1.35000000001,-1.337005768519,1.45));
#6473=CARTESIAN_POINT('',(-2.05000000001,-0.850000000003333,1.45000000000333));
#6474=CARTESIAN_POINT('',(-2.05000000001,-1.379467888775,1.45));
#6475=CARTESIAN_POINT('',(-1.919848480983,-0.85,1.45000000001));
#6476=CARTESIAN_POINT('',(-1.17665042945333,1.47500000000666,1.45000000001));
#6477=CARTESIAN_POINT('',(-1.95000000000504,0.701650429453167,1.45000000000667));
#6478=CARTESIAN_POINT('',(-1.17665042944,1.47500000001,1.45000000001));
#6479=CARTESIAN_POINT('',(1.17665042945333,1.47500000000166,1.45000000000667));
#6480=CARTESIAN_POINT('',(-1.17665042946,1.47500000001,1.45));
#6481=CARTESIAN_POINT('',(1.95000000000676,0.701650429453024,1.45000000000667));
#6482=CARTESIAN_POINT('',(1.17665042946,1.47500000001,1.45));
#6483=CARTESIAN_POINT('',(1.95000000000421,-0.701650429455675,1.45000000001));
#6484=CARTESIAN_POINT('',(1.95000000001,0.7016504294596,1.45));
#6485=CARTESIAN_POINT('',(1.17665042945333,-1.47500000000666,1.45000000001));
#6486=CARTESIAN_POINT('',(1.95000000001,-0.7016504294598,1.45));
#6487=CARTESIAN_POINT('',(-1.17665042945333,-1.47500000000166,1.45000000000667));
#6488=CARTESIAN_POINT('',(-1.17665042945,-1.475,1.45));
#6489=CARTESIAN_POINT('',(-1.95000000000676,-0.701650429453024,1.45000000000667));
#6490=CARTESIAN_POINT('',(-1.9500000000102,-0.7016504294398,1.45));
#6491=CARTESIAN_POINT('',(-1.95,0.7016504294498,1.45));
#6492=CARTESIAN_POINT('Origin',(-1.522792206136,1.022792206136,1.7));
#6493=CARTESIAN_POINT('',(-1.25,1.295584412287,1.850000000005));
#6494=CARTESIAN_POINT('',(-1.25,1.29558441227533,1.55000000000667));
#6495=CARTESIAN_POINT('',(-1.25,1.295584412282,1.85000000001));
#6496=CARTESIAN_POINT('',(-1.79558441227867,0.750000000006667,1.85000000000333));
#6497=CARTESIAN_POINT('',(-1.795584412282,0.75000000001,1.85));
#6498=CARTESIAN_POINT('',(-1.79558441227533,0.75,1.55000000000667));
#6499=CARTESIAN_POINT('',(-1.795584412272,0.75,1.85000000001));
#6500=CARTESIAN_POINT('',(-1.795584412272,0.75,1.55000000001));
#6501=CARTESIAN_POINT('Origin',(-1.65,-1.15,1.55));
#6502=CARTESIAN_POINT('',(-1.2500000000075,1.55000000000263,1.5500000000075));
#6503=CARTESIAN_POINT('',(-1.25,1.295584412282,1.55000000001));
#6504=CARTESIAN_POINT('',(-1.795584412282,0.75,1.55000000001));
#6505=CARTESIAN_POINT('',(-1.83700576850713,0.850000000007625,1.550000000005));
#6506=CARTESIAN_POINT('',(-1.919848480993,0.85000000001,1.55));
#6507=CARTESIAN_POINT('',(-1.35000000000017,1.33700576850983,1.55000000001));
#6508=CARTESIAN_POINT('',(-1.77842712475675,0.90857864375325,1.55000000001));
#6509=CARTESIAN_POINT('',(-1.35000000000526,1.550000000005,1.55000000001));
#6510=CARTESIAN_POINT('',(-1.35,1.419848480983,1.55000000001));
#6511=CARTESIAN_POINT('',(-1.25000000001,1.55,1.55));
#6512=CARTESIAN_POINT('Origin',(1.922792206136,0.75,1.7));
#6513=CARTESIAN_POINT('',(-2.05000000002,0.75000000001,1.85));
#6514=CARTESIAN_POINT('Origin',(-1.65,-1.15,1.85));
#6515=CARTESIAN_POINT('',(-1.25000000000667,1.55000000000351,1.85000000001));
#6516=CARTESIAN_POINT('',(-1.25,1.55000000002,1.85000000001));
#6517=CARTESIAN_POINT('',(-1.879467888775,1.55,1.85000000001));
#6518=CARTESIAN_POINT('Origin',(-1.25,-1.422792206136,1.7));
#6519=CARTESIAN_POINT('',(-1.25000000001,1.55,1.85000000001));
#6520=CARTESIAN_POINT('Origin',(1.564733944378,1.55,1.65));
#6521=CARTESIAN_POINT('',(-1.35,1.55000000001,1.45));
#6522=CARTESIAN_POINT('Origin',(-1.35,-1.443502884254,1.5));
#6523=CARTESIAN_POINT('',(-1.3500000000005,1.3370057685095,1.45));
#6524=CARTESIAN_POINT('Origin',(1.943502884254,0.85,1.5));
#6525=CARTESIAN_POINT('',(-1.8370057685095,0.8500000000005,1.55000000001));
#6526=CARTESIAN_POINT('Origin',(-1.593502884255,1.093502884255,1.5));
#6527=CARTESIAN_POINT('Origin',(1.35,-1.443502884254,1.5));
#6528=CARTESIAN_POINT('Origin',(-1.522792206136,-1.022792206136,1.7));
#6529=CARTESIAN_POINT('',(-1.795584412282,-0.75,1.85000000000667));
#6530=CARTESIAN_POINT('',(-1.795584412282,-0.75,1.55000000000333));
#6531=CARTESIAN_POINT('',(-1.795584412282,-0.75,1.85000000001));
#6532=CARTESIAN_POINT('',(-1.25000000000333,-1.29558441227867,1.85000000000667));
#6533=CARTESIAN_POINT('',(-1.25000000001,-1.295584412282,1.85));
#6534=CARTESIAN_POINT('',(-1.25000000000333,-1.29558441227867,1.55000000000333));
#6535=CARTESIAN_POINT('',(-1.25,-1.295584412282,1.55));
#6536=CARTESIAN_POINT('',(-1.25,-1.295584412272,1.55000000001));
#6537=CARTESIAN_POINT('Origin',(-1.65,-1.15,1.55));
#6538=CARTESIAN_POINT('',(-2.05000000001,-0.750000000006667,1.55000000000333));
#6539=CARTESIAN_POINT('',(-2.05000000001,-0.850000000003671,1.55000000000667));
#6540=CARTESIAN_POINT('',(-2.05000000001,-0.75000000001,1.55));
#6541=CARTESIAN_POINT('',(-1.795584412282,-0.75,1.55000000001));
#6542=CARTESIAN_POINT('',(-1.25,-1.55000000002,1.55000000001));
#6543=CARTESIAN_POINT('',(-1.35,-1.337005768519,1.55000000000667));
#6544=CARTESIAN_POINT('',(-1.35000000001,-1.419848480983,1.55));
#6545=CARTESIAN_POINT('',(-1.837005768509,-0.85,1.55000000001));
#6546=CARTESIAN_POINT('',(-1.408578643753,-1.278427124756,1.55000000001));
#6547=CARTESIAN_POINT('',(-1.919848480983,-0.85,1.55000000001));
#6548=CARTESIAN_POINT('Origin',(-1.65,-1.15,1.85));
#6549=CARTESIAN_POINT('',(-1.25000000001,-1.55000000002,1.85));
#6550=CARTESIAN_POINT('',(-2.05000000001,-0.750000000003333,1.85000000000667));
#6551=CARTESIAN_POINT('',(-1.795584412282,-0.75000000001,1.85));
#6552=CARTESIAN_POINT('',(-2.05000000001,-0.75,1.85));
#6553=CARTESIAN_POINT('Origin',(-1.922792206136,-0.75,1.7));
#6554=CARTESIAN_POINT('',(-2.05000000001,-0.75,1.55));
#6555=CARTESIAN_POINT('Origin',(-1.25,-1.422792206136,1.7));
#6556=CARTESIAN_POINT('Origin',(-2.05,-1.064733944378,1.65));
#6557=CARTESIAN_POINT('',(-2.05000000001,-0.85,1.45));
#6558=CARTESIAN_POINT('Origin',(1.943502884254,-0.85,1.5));
#6559=CARTESIAN_POINT('',(-1.837005768509,-0.85,1.45));
#6560=CARTESIAN_POINT('Origin',(-1.593502884255,-1.093502884254,1.5));
#6561=CARTESIAN_POINT('',(-1.35,-1.337005768519,1.45));
#6562=CARTESIAN_POINT('Origin',(-1.35,-1.443502884254,1.5));
#6563=CARTESIAN_POINT('Origin',(0.,-1.6,0.725));
#6564=CARTESIAN_POINT('',(1.5,-1.60000000000583,0.035));
#6565=CARTESIAN_POINT('',(-1.50000000001,-1.6,0.));
#6566=CARTESIAN_POINT('',(1.95000000001167,-1.60000000000333,0.0700000000033333));
#6567=CARTESIAN_POINT('',(1.5,-1.6,0.0699999999999999));
#6568=CARTESIAN_POINT('',(1.95000000001,-1.6,1.450000000004));
#6569=CARTESIAN_POINT('',(-1.94999999864524,-1.60000000000333,0.0700000000050326));
#6570=CARTESIAN_POINT('',(-1.94999999999999,-1.6,0.07000025001));
#6571=CARTESIAN_POINT('',(-1.94999992187812,-1.60000000001,0.07));
#6572=CARTESIAN_POINT('Origin',(1.8,-1.475,0.07));
#6573=CARTESIAN_POINT('Origin',(-1.95,-1.45,0.07000000001));
#6574=CARTESIAN_POINT('Origin',(-1.95,-1.45,0.76));
#6575=CARTESIAN_POINT('Origin',(0.,1.6,0.725));
#6576=CARTESIAN_POINT('',(1.95000000001,1.6,0.070000000005));
#6577=CARTESIAN_POINT('',(1.95000000001,1.6,1.4500000000032));
#6578=CARTESIAN_POINT('',(0.,1.6,0.07000000001));
#6579=CARTESIAN_POINT('',(-1.50000000000333,1.60000000001,0.));
#6580=CARTESIAN_POINT('',(1.50000000001,1.6,0.));
#6581=CARTESIAN_POINT('',(-1.50000000000333,1.60000000000333,0.0700000000089475));
#6582=CARTESIAN_POINT('',(-1.50000000001,1.6,0.));
#6583=CARTESIAN_POINT('',(-1.95000000000667,1.6,0.0700000000033333));
#6584=CARTESIAN_POINT('',(-1.5,1.6,0.07000000001));
#6585=CARTESIAN_POINT('',(-1.95000000001,1.6,0.07));
#6586=CARTESIAN_POINT('Origin',(-2.200398361138,1.075,0.5627009983157));
#6587=CARTESIAN_POINT('',(-2.25000000001023,1.35000000001,0.556401996636157));
#6588=CARTESIAN_POINT('',(-2.25000000001023,0.800000000006667,0.556401996636157));
#6589=CARTESIAN_POINT('',(-2.25000000000859,1.35000000002,0.556401996630305));
#6590=CARTESIAN_POINT('',(-2.1607170493671,0.8,0.567740199754856));
#6591=CARTESIAN_POINT('',(-2.25000000002,0.8,0.556401996631392));
#6592=CARTESIAN_POINT('',(-2.16071704936645,1.35000000001,0.567740199749745));
#6593=CARTESIAN_POINT('',(-2.16071705004851,1.075,0.567740199663129));
#6594=CARTESIAN_POINT('',(-2.15575688616233,1.35000000001,0.568370099831557));
#6595=CARTESIAN_POINT('Origin',(-2.1,1.075,0.169));
#6596=CARTESIAN_POINT('',(-2.1992032777237,1.35000000001,0.15640199663144));
#6597=CARTESIAN_POINT('Origin',(-2.1,1.35000000001,0.169));
#6598=CARTESIAN_POINT('',(-2.10000000001,0.8,0.07));
#6599=CARTESIAN_POINT('',(-2.1992032778821,0.800000000004445,0.156401997878746));
#6600=CARTESIAN_POINT('Origin',(-2.1,0.80000000001,0.169));
#6601=CARTESIAN_POINT('',(-2.19920327772369,0.800000125005,0.156401996631441));
#6602=CARTESIAN_POINT('Origin',(-2.224601638862,1.075,0.3564019966314));
#6603=CARTESIAN_POINT('',(-2.19920327772386,1.35000000001,0.156401996631418));
#6604=CARTESIAN_POINT('',(-2.19920329872134,0.8,0.156402161977673));
#6605=CARTESIAN_POINT('Origin',(1.8,-1.475,0.07));
#6606=CARTESIAN_POINT('Origin',(-1.95,1.45,0.07));
#6607=CARTESIAN_POINT('',(-1.5,0.549999999999375,0.07));
#6608=CARTESIAN_POINT('',(-1.5,1.60000000001,0.07000000001));
#6609=CARTESIAN_POINT('',(-2.10000000001,0.55,0.07));
#6610=CARTESIAN_POINT('Origin',(-1.875,0.8,0.319));
#6611=CARTESIAN_POINT('',(-2.10992032777365,0.8,0.167740199674342));
#6612=CARTESIAN_POINT('Origin',(-2.13531868891037,1.075,0.367740199663143));
#6613=CARTESIAN_POINT('',(-2.10992032777396,1.35000000001,0.167740199676757));
#6614=CARTESIAN_POINT('Origin',(-1.875,1.35,0.319));
#6615=CARTESIAN_POINT('Origin',(-1.5,1.075,0.035));
#6616=CARTESIAN_POINT('',(-1.5,0.55000000001,0.));
#6617=CARTESIAN_POINT('Origin',(-1.95,1.45,0.76));
#6618=CARTESIAN_POINT('Origin',(2.1,0.,0.725));
#6619=CARTESIAN_POINT('',(2.10000000000333,-1.45000000001,0.0700000000066667));
#6620=CARTESIAN_POINT('',(2.1,-1.45000000001,1.4500000000032));
#6621=CARTESIAN_POINT('',(2.1,-1.3500000000075,0.0699999999997977));
#6622=CARTESIAN_POINT('',(2.1,-1.45000000002,0.07000000001));
#6623=CARTESIAN_POINT('',(2.10964162137427,-1.3499997570239,0.167642607641451));
#6624=CARTESIAN_POINT('',(2.1,-1.35000000001,0.0695000000090124));
#6625=CARTESIAN_POINT('',(2.10964512272027,-0.800000048621752,0.167644495097259));
#6626=CARTESIAN_POINT('',(2.10992032777358,-1.34999975,0.167740199673789));
#6627=CARTESIAN_POINT('',(2.1,-0.800000000009643,0.0699999999997977));
#6628=CARTESIAN_POINT('',(2.1,-0.80000000001,0.168370347849229));
#6629=CARTESIAN_POINT('',(2.10000000000333,-0.550000000006667,0.0700000000056142));
#6630=CARTESIAN_POINT('',(2.1,-0.80000000001,0.07000000001));
#6631=CARTESIAN_POINT('',(2.10000000000667,-0.550000000006667,0.));
#6632=CARTESIAN_POINT('',(2.1,-0.55000000001,0.07000000001));
#6633=CARTESIAN_POINT('',(2.10000000000667,0.550000000003333,0.));
#6634=CARTESIAN_POINT('',(2.1,-0.55000000001,0.));
#6635=CARTESIAN_POINT('',(2.10000000000667,0.550000000006667,0.0700000000089475));
#6636=CARTESIAN_POINT('',(2.1,0.55000000001,0.));
#6637=CARTESIAN_POINT('',(2.14922459644937,0.800000029985287,0.112872609803544));
#6638=CARTESIAN_POINT('',(2.1,0.55000000001,0.07000000001));
#6639=CARTESIAN_POINT('',(2.1,1.35000000000748,0.104278727080295));
#6640=CARTESIAN_POINT('',(2.1,-0.5375,0.0896223422291927));
#6641=CARTESIAN_POINT('',(2.10000000139341,1.34999990629291,0.0699999216730998));
#6642=CARTESIAN_POINT('',(2.1,1.35000000001,0.168370223845483));
#6643=CARTESIAN_POINT('',(2.1,1.45000000000667,0.0700000000033333));
#6644=CARTESIAN_POINT('',(2.1,1.35000025000473,0.07000000001));
#6645=CARTESIAN_POINT('',(2.1,1.45000000001,0.07));
#6646=CARTESIAN_POINT('Origin',(0.,0.,0.));
#6647=CARTESIAN_POINT('',(2.10000000002,0.55,0.));
#6648=CARTESIAN_POINT('',(1.50000000000333,-0.550000000006667,0.));
#6649=CARTESIAN_POINT('',(2.10000000002,-0.55,0.));
#6650=CARTESIAN_POINT('',(1.5,-1.60000000002,0.));
#6651=CARTESIAN_POINT('Origin',(2.1,-1.075,0.169));
#6652=CARTESIAN_POINT('',(2.19920327772837,-1.3500000000075,0.15640199663877));
#6653=CARTESIAN_POINT('Origin',(2.1,-1.35000000001,0.169));
#6654=CARTESIAN_POINT('',(2.1,-0.800000000008572,0.07));
#6655=CARTESIAN_POINT('',(2.19920327772937,-0.8000000000075,0.156401996640584));
#6656=CARTESIAN_POINT('Origin',(2.1,-0.80000000001,0.169));
#6657=CARTESIAN_POINT('',(2.19920327772528,-1.35000000002,0.156401996642607));
#6658=CARTESIAN_POINT('Origin',(2.224601638862,1.075,0.3564019966314));
#6659=CARTESIAN_POINT('',(2.25000000000671,-0.80000000001,0.556401996638058));
#6660=CARTESIAN_POINT('',(2.19920327772528,-0.80000000001,0.156401996642607));
#6661=CARTESIAN_POINT('',(2.25000000001295,-1.35000000000667,0.556401996641024));
#6662=CARTESIAN_POINT('',(2.25000000000859,-1.35000000002,0.556401996630305));
#6663=CARTESIAN_POINT('',(2.25000000002027,-1.35,0.556401996651366));
#6664=CARTESIAN_POINT('Origin',(1.8,-1.475,0.07));
#6665=CARTESIAN_POINT('',(1.5,-0.550000000006667,0.0700000000056142));
#6666=CARTESIAN_POINT('',(1.5,-1.35000000001,0.07));
#6667=CARTESIAN_POINT('',(2.10000000001,-0.55000000001,0.07));
#6668=CARTESIAN_POINT('Origin',(1.95,-1.45,0.07000000001));
#6669=CARTESIAN_POINT('Origin',(1.875,-0.8,0.319));
#6670=CARTESIAN_POINT('',(2.16071704936645,-0.800000000004998,0.567740199749745));
#6671=CARTESIAN_POINT('',(2.10992035926859,-0.8,0.167740447681984));
#6672=CARTESIAN_POINT('',(2.25000000000859,-0.80000000001,0.556401996630305));
#6673=CARTESIAN_POINT('Origin',(1.875,-1.35,0.319));
#6674=CARTESIAN_POINT('',(2.16071704936765,-1.35,0.567740199759154));
#6675=CARTESIAN_POINT('',(2.155756886169,-1.35,0.568370099850277));
#6676=CARTESIAN_POINT('',(2.16071705004921,-1.35,0.567740199668674));
#6677=CARTESIAN_POINT('Origin',(2.200398361138,1.075,0.5627009983157));
#6678=CARTESIAN_POINT('',(2.16071705004851,-1.075,0.567740199663129));
#6679=CARTESIAN_POINT('Origin',(2.13531868891037,-1.075,0.367740199663143));
#6680=CARTESIAN_POINT('Origin',(1.5,-1.075,0.035));
#6681=CARTESIAN_POINT('',(1.5,-0.55000000001,0.));
#6682=CARTESIAN_POINT('Origin',(1.95,-1.45,0.76));
#6683=CARTESIAN_POINT('Origin',(-1.559310784658,-0.55,0.475));
#6684=CARTESIAN_POINT('Origin',(1.8,-1.475,0.07));
#6685=CARTESIAN_POINT('',(1.50000000001,0.55,0.07000000001));
#6686=CARTESIAN_POINT('Origin',(1.95,1.45,0.07));
#6687=CARTESIAN_POINT('',(2.1,1.35000000002,0.07));
#6688=CARTESIAN_POINT('Origin',(-1.559310784658,0.55,0.475));
#6689=CARTESIAN_POINT('Origin',(1.95,1.45,0.76));
#6690=CARTESIAN_POINT('Origin',(2.1,-1.075,0.169));
#6691=CARTESIAN_POINT('',(2.19920327775995,1.350000000005,0.156401996638201));
#6692=CARTESIAN_POINT('Origin',(2.1,1.35,0.169));
#6693=CARTESIAN_POINT('',(2.19920327772528,0.800000029985287,0.156401996642607));
#6694=CARTESIAN_POINT('Origin',(2.224601638862,1.075,0.3564019966314));
#6695=CARTESIAN_POINT('',(2.24999999929117,0.800000000642292,0.556401996077761));
#6696=CARTESIAN_POINT('',(2.2499999992849,1.34999999936443,0.556401996074785));
#6697=CARTESIAN_POINT('',(2.25000000000859,0.80000016667,0.556401996630305));
#6698=CARTESIAN_POINT('',(2.24999997902172,0.8,0.55640183129778));
#6699=CARTESIAN_POINT('',(2.19863305101634,1.35000000001,0.15191173283511));
#6700=CARTESIAN_POINT('Origin',(2.200398361138,1.075,0.5627009983157));
#6701=CARTESIAN_POINT('',(2.16071704936645,1.350000000005,0.567740199749745));
#6702=CARTESIAN_POINT('',(2.16071704936765,0.8,0.567740199759154));
#6703=CARTESIAN_POINT('',(2.16071705004851,1.075,0.567740199663129));
#6704=CARTESIAN_POINT('',(2.155756886169,0.8,0.568370099850277));
#6705=CARTESIAN_POINT('',(2.24999983466557,1.35000000001,0.556402017627513));
#6706=CARTESIAN_POINT('Origin',(-1.875,1.35,0.319));
#6707=CARTESIAN_POINT('',(2.10992034352108,1.35,0.167740323677842));
#6708=CARTESIAN_POINT('Origin',(-1.875,0.8,0.319));
#6709=CARTESIAN_POINT('',(2.16071705004921,0.8,0.567740199668674));
#6710=CARTESIAN_POINT('Origin',(2.13531868891037,-1.075,0.367740199663143));
#6711=CARTESIAN_POINT('Origin',(0.,0.,0.38));
#6712=CARTESIAN_POINT('',(0.45,-5.51091059616309E-17,0.38000000001));
#6713=CARTESIAN_POINT('Origin',(0.,0.,0.38000000001));
#6714=CARTESIAN_POINT('Origin',(0.,0.,0.365));
#6715=CARTESIAN_POINT('',(0.45,-5.51091059616309E-17,0.35));
#6716=CARTESIAN_POINT('Origin',(0.,0.,0.35));
#6717=CARTESIAN_POINT('',(0.45,-5.51091059616309E-17,0.365));
#6718=CARTESIAN_POINT('Origin',(0.,0.,0.36));
#6719=CARTESIAN_POINT('',(0.813172798478585,-0.247487373979726,0.350000000005276));
#6720=CARTESIAN_POINT('',(0.813172798478782,0.247487373983684,0.350000000005276));
#6721=CARTESIAN_POINT('Origin',(0.,0.,0.35000000001));
#6722=CARTESIAN_POINT('',(0.813172798491923,-0.24748737414746,0.370000000002972));
#6723=CARTESIAN_POINT('',(0.813172798364532,-0.247487373415285,0.369999833338333));
#6724=CARTESIAN_POINT('',(0.813172798479185,0.247487373985571,0.370000000003604));
#6725=CARTESIAN_POINT('Origin',(0.,0.,0.37000000001));
#6726=CARTESIAN_POINT('',(0.813172798362623,0.247487373421555,0.350000125005));
#6727=CARTESIAN_POINT('Origin',(1.4968026818E-12,-7.234213228458E-13,0.475));
#6728=CARTESIAN_POINT('',(1.286741362857,0.721055937769727,0.579999999357734));
#6729=CARTESIAN_POINT('',(1.368621569327,0.550000000005,0.580000000005));
#6730=CARTESIAN_POINT('Origin',(1.49880108324396E-12,-7.37188088351104E-13,
0.58));
#6731=CARTESIAN_POINT('',(1.28674136263323,0.721055937035012,0.370000000042291));
#6732=CARTESIAN_POINT('',(1.28674136273625,0.721055937791813,0.37000016667));
#6733=CARTESIAN_POINT('',(1.36862156977533,0.550000000677271,0.37));
#6734=CARTESIAN_POINT('Origin',(1.44190215323192E-12,-7.44820871645402E-13,
0.37));
#6735=CARTESIAN_POINT('',(1.368621569327,0.55,0.37));
#6736=CARTESIAN_POINT('Origin',(-1.45,0.,0.41));
#6737=CARTESIAN_POINT('',(1.61500000000344,0.350000000005156,0.390000000005));
#6738=CARTESIAN_POINT('',(1.61500000000333,-0.350000000006667,0.410000000005614));
#6739=CARTESIAN_POINT('',(1.615,0.35000000001,0.41000000001));
#6740=CARTESIAN_POINT('',(1.28500000000867,0.350000000003438,0.3900000000025));
#6741=CARTESIAN_POINT('',(1.28500000001,0.35,0.41000000001));
#6742=CARTESIAN_POINT('',(1.28500000000667,-0.350000000006667,0.410000000002281));
#6743=CARTESIAN_POINT('',(1.28500000001,0.35,0.41));
#6744=CARTESIAN_POINT('',(1.285,-0.35000000001,0.41));
#6745=CARTESIAN_POINT('Origin',(-1.45,-0.35,0.39));
#6746=CARTESIAN_POINT('',(1.615000000005,-0.350000000005,0.37));
#6747=CARTESIAN_POINT('',(1.28500000001,-0.35000000001,0.37));
#6748=CARTESIAN_POINT('',(1.61500000001,-0.35000000001,0.37));
#6749=CARTESIAN_POINT('',(1.615,-0.35000000001,0.41000000001));
#6750=CARTESIAN_POINT('',(1.28500000001,-0.35,0.37));
#6751=CARTESIAN_POINT('Origin',(1.285,0.,0.39));
#6752=CARTESIAN_POINT('',(1.28500000001,1.356692536092E-13,0.37));
#6753=CARTESIAN_POINT('Origin',(1.615,0.,0.39));
#6754=CARTESIAN_POINT('',(1.61500000001,1.356692536092E-13,0.37));
#6755=CARTESIAN_POINT('Origin',(-1.45,0.35,0.39));
#6756=CARTESIAN_POINT('',(1.281586399182,0.35000000001,0.37));
#6757=CARTESIAN_POINT('Origin',(-1.281586399182,-1.354472090043E-13,0.37));
#6758=CARTESIAN_POINT('',(1.28674136261596,-0.721055936928845,0.37));
#6759=CARTESIAN_POINT('',(0.81317279837455,-0.24748737342525,0.37));
#6760=CARTESIAN_POINT('',(1.36862156935969,-0.550000000295379,0.370000000000024));
#6761=CARTESIAN_POINT('Origin',(1.4968026818E-12,-7.234213228458E-13,0.37));
#6762=CARTESIAN_POINT('',(1.75000000001,-0.550000000002497,0.37));
#6763=CARTESIAN_POINT('',(1.36862165380504,-0.55000000001,0.37));
#6764=CARTESIAN_POINT('',(1.7500000000075,0.5500000000025,0.37));
#6765=CARTESIAN_POINT('',(1.75000000001,-0.55000000001,0.37));
#6766=CARTESIAN_POINT('',(1.75000000001,0.55000000001,0.37));
#6767=CARTESIAN_POINT('',(1.2867412070966,0.721055782147003,0.37));
#6768=CARTESIAN_POINT('Origin',(1.210920362782,0.6452349378324,0.465));
#6769=CARTESIAN_POINT('',(1.60866792720929,1.04298250226004,0.350000000006667));
#6770=CARTESIAN_POINT('',(1.60866792720919,1.04298250226666,0.580000000003509));
#6771=CARTESIAN_POINT('',(1.6086679272093,1.0429825022597,0.35000000001));
#6772=CARTESIAN_POINT('',(0.813172886757935,0.247487461808535,0.35));
#6773=CARTESIAN_POINT('',(1.608667927209,1.04298250226,0.58));
#6774=CARTESIAN_POINT('Origin',(1.4968026818E-12,-7.234213228458E-13,0.475));
#6775=CARTESIAN_POINT('',(1.36862156977586,-0.550000000677305,0.580000000000173));
#6776=CARTESIAN_POINT('',(1.28674136280461,-0.721055937780136,0.579999999277458));
#6777=CARTESIAN_POINT('Origin',(1.49796841597549E-12,-7.20465354042688E-13,
0.58));
#6778=CARTESIAN_POINT('',(1.368621569327,-0.55,0.37000000001));
#6779=CARTESIAN_POINT('',(1.28674136273925,-0.721055937789037,0.57999987500375));
#6780=CARTESIAN_POINT('Origin',(-1.618370681369,0.,0.58));
#6781=CARTESIAN_POINT('',(1.75000000000343,-0.549999999678219,0.579999999349712));
#6782=CARTESIAN_POINT('',(1.75000000001,-0.55000000001,0.58));
#6783=CARTESIAN_POINT('',(1.60866792720917,-1.04298250226008,0.5800000000025));
#6784=CARTESIAN_POINT('',(1.28674142966699,-0.72105600471749,0.58));
#6785=CARTESIAN_POINT('',(1.95000000001243,-0.701650429454534,0.5800000000025));
#6786=CARTESIAN_POINT('',(1.608667927209,-1.04298250226,0.58));
#6787=CARTESIAN_POINT('',(1.94999999999995,0.701650429466313,0.58));
#6788=CARTESIAN_POINT('',(1.95000000001,-0.7016504294596,0.58));
#6789=CARTESIAN_POINT('',(1.95000000001,0.7016504294596,0.58));
#6790=CARTESIAN_POINT('',(1.74999999976252,0.549999999762481,0.579999999518296));
#6791=CARTESIAN_POINT('',(1.618370681369,0.55000000001,0.58));
#6792=CARTESIAN_POINT('',(1.75000000001,0.,0.58));
#6793=CARTESIAN_POINT('Origin',(-1.559310784658,-0.55,0.475));
#6794=CARTESIAN_POINT('',(1.75,-0.55,0.5799999500015));
#6795=CARTESIAN_POINT('Origin',(-1.559310784658,0.55,0.475));
#6796=CARTESIAN_POINT('',(1.75,0.55,0.37));
#6797=CARTESIAN_POINT('Origin',(1.75,0.,0.475));
#6798=CARTESIAN_POINT('Origin',(-0.5784009742328,1.144086399182,0.465));
#6799=CARTESIAN_POINT('',(1.60866792720928,-1.04298250225362,0.35));
#6800=CARTESIAN_POINT('',(1.608667927209,-1.04298250226,0.35));
#6801=CARTESIAN_POINT('',(1.6086679271995,-1.0429825022505,0.35));
#6802=CARTESIAN_POINT('Origin',(1.95,0.,1.015));
#6803=CARTESIAN_POINT('',(1.95,-0.701650429469834,1.45000000002));
#6804=CARTESIAN_POINT('',(1.95,0.7016504294596,0.58));
#6805=CARTESIAN_POINT('Origin',(1.563325214725,1.088325214725,0.9));
#6806=CARTESIAN_POINT('',(1.17665042945249,1.47500000000751,0.35));
#6807=CARTESIAN_POINT('',(1.17665042944498,1.47500000000502,0.35));
#6808=CARTESIAN_POINT('',(1.608667927209,1.04298250226,0.35));
#6809=CARTESIAN_POINT('Origin',(1.563325214725,-1.088325214725,0.9));
#6810=CARTESIAN_POINT('',(1.17665042946,-1.47500000000166,0.350000000006667));
#6811=CARTESIAN_POINT('',(1.17665042946,-1.47500000001,0.35));
#6812=CARTESIAN_POINT('',(1.17665042946,-1.475,1.45000000002));
#6813=CARTESIAN_POINT('Origin',(-1.618370681369,0.,0.58));
#6814=CARTESIAN_POINT('',(0.90931457505575,-1.475,0.58000000001));
#6815=CARTESIAN_POINT('',(1.91757417236648E-12,-1.47500000000179,0.580000000005));
#6816=CARTESIAN_POINT('',(0.909314575060701,-1.475,0.58));
#6817=CARTESIAN_POINT('',(0.721055937608696,-1.28674136303856,0.580000000002104));
#6818=CARTESIAN_POINT('',(0.721056027029313,-1.28674145197851,0.58000000001));
#6819=CARTESIAN_POINT('Origin',(0.,4.085620730621E-14,0.58));
#6820=CARTESIAN_POINT('Origin',(-1.210920362782,0.6452349378327,0.465));
#6821=CARTESIAN_POINT('',(0.2474873734253,-0.8131727983745,0.370000000015));
#6822=CARTESIAN_POINT('',(0.721055937798575,-1.28674136274778,0.37000000001));
#6823=CARTESIAN_POINT('',(0.24748737341525,-0.81317279836455,0.37000000001));
#6824=CARTESIAN_POINT('',(0.72105593779855,-1.28674136274785,0.37000000001));
#6825=CARTESIAN_POINT('',(0.909314575067388,-1.47500000001,0.35));
#6826=CARTESIAN_POINT('',(0.909314575070767,-1.475,0.35));
#6827=CARTESIAN_POINT('',(0.247487373419814,-0.813172798371854,0.350000000006667));
#6828=CARTESIAN_POINT('',(0.24748737342525,-0.81317279837455,0.35));
#6829=CARTESIAN_POINT('',(0.2474873734253,-0.8131727983745,0.35000000001));
#6830=CARTESIAN_POINT('Origin',(-1.618370681369,0.,0.58));
#6831=CARTESIAN_POINT('',(-0.90931457505569,-1.475,0.580000000007632));
#6832=CARTESIAN_POINT('',(0.,-1.475,0.58));
#6833=CARTESIAN_POINT('',(-0.721055937731327,-1.28674136283081,0.579999999638722));
#6834=CARTESIAN_POINT('Origin',(0.,4.085620730621E-14,0.58));
#6835=CARTESIAN_POINT('',(-0.721056004717987,-1.28674142966749,0.58));
#6836=CARTESIAN_POINT('Origin',(1.4968026818E-12,-7.234213228458E-13,0.475));
#6837=CARTESIAN_POINT('',(-0.721055937029277,-1.286741362612,0.370000000233621));
#6838=CARTESIAN_POINT('Origin',(0.,4.085620730621E-14,0.37000000001));
#6839=CARTESIAN_POINT('',(-0.721055937788309,-1.28674136273772,0.57999987500125));
#6840=CARTESIAN_POINT('Origin',(1.210920362782,0.6452349378324,0.465));
#6841=CARTESIAN_POINT('',(-0.24748737435809,-0.813172798600794,0.369999999928792));
#6842=CARTESIAN_POINT('',(-0.247487491270068,-0.813172916219668,0.37));
#6843=CARTESIAN_POINT('',(-0.24748737414679,-0.813172798489043,0.350000000003276));
#6844=CARTESIAN_POINT('',(-0.247487373415285,-0.813172798364532,0.369999833338333));
#6845=CARTESIAN_POINT('',(-0.909314575067513,-1.47500000001338,0.350000000003333));
#6846=CARTESIAN_POINT('',(-0.9093145750606,-1.4750000000102,0.35));
#6847=CARTESIAN_POINT('',(-0.9093145750608,-1.475,0.58000000002));
#6848=CARTESIAN_POINT('Origin',(0.,-1.475,0.9));
#6849=CARTESIAN_POINT('',(0.9093145750607,-1.475,0.35));
#6850=CARTESIAN_POINT('',(-1.17665042945079,-1.47500000000747,0.350000000003333));
#6851=CARTESIAN_POINT('',(-1.17665042946,-1.475,0.35));
#6852=CARTESIAN_POINT('',(-1.17665042945,-1.475,1.45000000001));
#6853=CARTESIAN_POINT('Origin',(0.,0.,0.36));
#6854=CARTESIAN_POINT('Origin',(0.,0.,0.35000000001));
#6855=CARTESIAN_POINT('Origin',(0.,0.,0.37000000001));
#6856=CARTESIAN_POINT('Origin',(0.,0.,0.35));
#6857=CARTESIAN_POINT('',(-0.813172798367862,0.247487373418628,0.350000000003333));
#6858=CARTESIAN_POINT('',(-1.60866792721423,1.04298250226494,0.350000000005));
#6859=CARTESIAN_POINT('',(-0.81317279836455,0.24748737341525,0.35000000001));
#6860=CARTESIAN_POINT('',(-0.813172798371281,-0.247487373421866,0.350000000006667));
#6861=CARTESIAN_POINT('Origin',(0.,0.,0.35));
#6862=CARTESIAN_POINT('',(-1.6086679271995,-1.0429825022499,0.350000000005));
#6863=CARTESIAN_POINT('',(-1.6086679272193,-1.0429825022697,0.35000000001));
#6864=CARTESIAN_POINT('',(-1.17665042944,-1.47500000001,0.35000000001));
#6865=CARTESIAN_POINT('',(0.909314575055875,1.47500000001496,0.35));
#6866=CARTESIAN_POINT('',(0.,1.47500000001,0.35));
#6867=CARTESIAN_POINT('',(0.247487373420326,0.813172798369496,0.3500000000025));
#6868=CARTESIAN_POINT('',(0.9093145750608,1.47500000001,0.35));
#6869=CARTESIAN_POINT('',(-0.247487373983702,0.813172798478785,0.350000000001943));
#6870=CARTESIAN_POINT('Origin',(0.,0.,0.35));
#6871=CARTESIAN_POINT('',(-0.909314575063215,1.47500000001252,0.35));
#6872=CARTESIAN_POINT('',(-0.247487461808535,0.813172886757935,0.35));
#6873=CARTESIAN_POINT('',(-1.17665042924367,1.47499999949362,0.350000000000988));
#6874=CARTESIAN_POINT('',(0.,1.47500000001,0.35));
#6875=CARTESIAN_POINT('',(-1.563325214725,1.088325214725,0.35000000001));
#6876=CARTESIAN_POINT('Origin',(-1.618370681369,0.,0.58));
#6877=CARTESIAN_POINT('',(-9.58787086183242E-13,1.47500000000588,0.58));
#6878=CARTESIAN_POINT('',(-0.90931457506743,1.4750000000167,0.58));
#6879=CARTESIAN_POINT('',(0.,1.47500000001,0.58));
#6880=CARTESIAN_POINT('',(-0.721055937729316,1.28674136283261,0.579999999638725));
#6881=CARTESIAN_POINT('',(-0.9093145750607,1.47500000001,0.58));
#6882=CARTESIAN_POINT('Origin',(0.,-4.085620730621E-14,0.58));
#6883=CARTESIAN_POINT('Origin',(-1.618370681369,0.,0.58));
#6884=CARTESIAN_POINT('',(0.909314575061602,1.4750000000106,0.580000000006843));
#6885=CARTESIAN_POINT('',(0.9093145750608,1.47500000001,0.58));
#6886=CARTESIAN_POINT('',(0.721055937619344,1.28674136301986,0.580000000002532));
#6887=CARTESIAN_POINT('Origin',(0.,-4.085620730621E-14,0.58));
#6888=CARTESIAN_POINT('',(0.90931457507095,1.47500000001985,0.58000000001));
#6889=CARTESIAN_POINT('Origin',(0.,1.475,0.9));
#6890=CARTESIAN_POINT('',(0.90931457506095,1.47500000000985,0.35000000001));
#6891=CARTESIAN_POINT('',(-1.17665042945,1.475,0.35000000001));
#6892=CARTESIAN_POINT('',(-0.909314575065783,1.47500000001498,0.35));
#6893=CARTESIAN_POINT('Origin',(0.,0.,0.36));
#6894=CARTESIAN_POINT('',(0.247487373423511,0.813172798368521,0.370000000005));
#6895=CARTESIAN_POINT('',(0.2474873734254,0.8131727983743,0.37000000001));
#6896=CARTESIAN_POINT('',(-0.247487373987682,0.813172798478925,0.370000000003604));
#6897=CARTESIAN_POINT('Origin',(0.,0.,0.37000000001));
#6898=CARTESIAN_POINT('',(-0.247487373421555,0.813172798362623,0.350000125005));
#6899=CARTESIAN_POINT('Origin',(-1.281586399182,-1.354472090043E-13,0.37));
#6900=CARTESIAN_POINT('',(0.721055937351461,1.28674136277458,0.37000000000875));
#6901=CARTESIAN_POINT('',(0.721055820380125,1.28674124532902,0.37000000001));
#6902=CARTESIAN_POINT('',(-0.721055937346587,1.28674136276971,0.370000000013296));
#6903=CARTESIAN_POINT('Origin',(0.,-4.085620730621E-14,0.37000000001));
#6904=CARTESIAN_POINT('',(-0.721055820165978,1.28674124511558,0.37));
#6905=CARTESIAN_POINT('Origin',(1.4968026818E-12,-7.234213228458E-13,0.475));
#6906=CARTESIAN_POINT('',(-0.721055937791603,1.28674136273587,0.370000125005));
#6907=CARTESIAN_POINT('',(0.7210559377988,1.2867413627477,0.58000000001));
#6908=CARTESIAN_POINT('Origin',(-0.5784009742328,1.144086399182,0.465));
#6909=CARTESIAN_POINT('Origin',(-1.210920362782,-0.6452349378324,0.465));
#6910=CARTESIAN_POINT('Origin',(-1.563325214725,1.088325214725,0.9));
#6911=CARTESIAN_POINT('',(-1.95000000001494,0.701650429449517,0.58));
#6912=CARTESIAN_POINT('',(-1.95,0.701650429449566,0.58));
#6913=CARTESIAN_POINT('',(-1.60866792766595,1.04298250179696,0.580000000000065));
#6914=CARTESIAN_POINT('',(-1.608667927209,1.04298250226,0.58));
#6915=CARTESIAN_POINT('',(-1.60866792721932,1.04298250227002,0.35));
#6916=CARTESIAN_POINT('Origin',(-1.563325214725,-1.088325214725,0.9));
#6917=CARTESIAN_POINT('',(-1.60866792720615,-1.04298250225689,0.579999999349712));
#6918=CARTESIAN_POINT('',(-1.6086679272093,-1.0429825022597,0.465));
#6919=CARTESIAN_POINT('',(-1.95000000000172,-0.701650429453,0.580000000003333));
#6920=CARTESIAN_POINT('',(-1.95000000001,-0.7016504294596,0.58));
#6921=CARTESIAN_POINT('',(-1.9500000000002,-0.7016504294498,0.58));
#6922=CARTESIAN_POINT('Origin',(0.,0.,0.36));
#6923=CARTESIAN_POINT('',(-0.8131727983745,0.2474873734252,0.37000000001));
#6924=CARTESIAN_POINT('',(-0.8131727983747,-0.2474873734251,0.35000000001));
#6925=CARTESIAN_POINT('Origin',(-1.210920362782,0.6452349378327,0.465));
#6926=CARTESIAN_POINT('',(-1.28674136274062,0.721055937793064,0.580000000005));
#6927=CARTESIAN_POINT('',(-1.28674136274805,0.72105593779855,0.58));
#6928=CARTESIAN_POINT('',(-1.28674136274288,0.721055937793579,0.580000000005));
#6929=CARTESIAN_POINT('Origin',(-1.210920362782,-0.6452349378324,0.465));
#6930=CARTESIAN_POINT('',(-1.608667927209,-1.04298250226,0.58));
#6931=CARTESIAN_POINT('Origin',(-1.95,0.,1.015));
#6932=CARTESIAN_POINT('',(-1.95000000001,0.7016504294596,0.58));
#6933=CARTESIAN_POINT('Origin',(-1.618370681369,0.,0.58));
#6934=CARTESIAN_POINT('',(-1.36862156931853,0.550000000004267,0.58000000001));
#6935=CARTESIAN_POINT('',(-1.75000000001,0.55000000001,0.58));
#6936=CARTESIAN_POINT('Origin',(1.56707979925841E-12,-7.47873984963121E-13,
0.58));
#6937=CARTESIAN_POINT('Origin',(-1.559310784658,0.55,0.475));
#6938=CARTESIAN_POINT('',(-1.36862156931533,0.550000000005311,0.37000000001));
#6939=CARTESIAN_POINT('Origin',(1.4968026818E-12,-7.234213228458E-13,0.475));
#6940=CARTESIAN_POINT('Origin',(0.,-1.148986783597,0.37));
#6941=CARTESIAN_POINT('',(0.,0.,0.));
#6942=CARTESIAN_POINT('',(0.,0.,0.));
#6943=CARTESIAN_POINT('',(0.0055629263997431,0.00218520727404525,0.0361436942870536));
#6944=UNCERTAINTY_MEASURE_WITH_UNIT(LENGTH_MEASURE(0.01),#6954,
'DISTANCE_ACCURACY_VALUE',
'Maximum model space distance between geometric entities at asserted c
onnectivities');
#6945=UNCERTAINTY_MEASURE_WITH_UNIT(LENGTH_MEASURE(0.01),#6954,
'DISTANCE_ACCURACY_VALUE',
'Maximum model space distance between geometric entities at asserted c
onnectivities');
#6946=UNCERTAINTY_MEASURE_WITH_UNIT(LENGTH_MEASURE(0.01),#6954,
'DISTANCE_ACCURACY_VALUE',
'Maximum model space distance between geometric entities at asserted c
onnectivities');
#6947=UNCERTAINTY_MEASURE_WITH_UNIT(LENGTH_MEASURE(0.01),#6954,
'DISTANCE_ACCURACY_VALUE',
'Maximum model space distance between geometric entities at asserted c
onnectivities');
#6948=UNCERTAINTY_MEASURE_WITH_UNIT(LENGTH_MEASURE(0.01),#6954,
'DISTANCE_ACCURACY_VALUE',
'Maximum model space distance between geometric entities at asserted c
onnectivities');
#6949=(
GEOMETRIC_REPRESENTATION_CONTEXT(3)
GLOBAL_UNCERTAINTY_ASSIGNED_CONTEXT((#6944))
GLOBAL_UNIT_ASSIGNED_CONTEXT((#6954,#6956,#6957))
REPRESENTATION_CONTEXT('','3D')
);
#6950=(
GEOMETRIC_REPRESENTATION_CONTEXT(3)
GLOBAL_UNCERTAINTY_ASSIGNED_CONTEXT((#6945))
GLOBAL_UNIT_ASSIGNED_CONTEXT((#6954,#6956,#6957))
REPRESENTATION_CONTEXT('','3D')
);
#6951=(
GEOMETRIC_REPRESENTATION_CONTEXT(3)
GLOBAL_UNCERTAINTY_ASSIGNED_CONTEXT((#6946))
GLOBAL_UNIT_ASSIGNED_CONTEXT((#6954,#6956,#6957))
REPRESENTATION_CONTEXT('','3D')
);
#6952=(
GEOMETRIC_REPRESENTATION_CONTEXT(3)
GLOBAL_UNCERTAINTY_ASSIGNED_CONTEXT((#6947))
GLOBAL_UNIT_ASSIGNED_CONTEXT((#6954,#6956,#6957))
REPRESENTATION_CONTEXT('','3D')
);
#6953=(
GEOMETRIC_REPRESENTATION_CONTEXT(3)
GLOBAL_UNCERTAINTY_ASSIGNED_CONTEXT((#6948))
GLOBAL_UNIT_ASSIGNED_CONTEXT((#6954,#6956,#6957))
REPRESENTATION_CONTEXT('','3D')
);
#6954=(
LENGTH_UNIT()
NAMED_UNIT(*)
SI_UNIT(.MILLI.,.METRE.)
);
#6955=(
LENGTH_UNIT()
NAMED_UNIT(*)
SI_UNIT($,.METRE.)
);
#6956=(
NAMED_UNIT(*)
PLANE_ANGLE_UNIT()
SI_UNIT($,.RADIAN.)
);
#6957=(
NAMED_UNIT(*)
SI_UNIT($,.STERADIAN.)
SOLID_ANGLE_UNIT()
);
#6958=SHAPE_DEFINITION_REPRESENTATION(#6962,#6969);
#6959=SHAPE_DEFINITION_REPRESENTATION(#6963,#6970);
#6960=SHAPE_DEFINITION_REPRESENTATION(#6964,#6971);
#6961=SHAPE_DEFINITION_REPRESENTATION(#6965,#6972);
#6962=PRODUCT_DEFINITION_SHAPE('',$,#6974);
#6963=PRODUCT_DEFINITION_SHAPE('',$,#6975);
#6964=PRODUCT_DEFINITION_SHAPE('',$,#6976);
#6965=PRODUCT_DEFINITION_SHAPE('',$,#6977);
#6966=PRODUCT_DEFINITION_SHAPE($,$,#20);
#6967=PRODUCT_DEFINITION_SHAPE($,$,#21);
#6968=PRODUCT_DEFINITION_SHAPE($,$,#22);
#6969=SHAPE_REPRESENTATION('',(#4263,#4586,#4587,#4588),#6949);
#6970=SHAPE_REPRESENTATION('',(#4264),#6950);
#6971=SHAPE_REPRESENTATION('',(#4315),#6951);
#6972=SHAPE_REPRESENTATION('',(#4401),#6952);
#6973=PRODUCT_DEFINITION_CONTEXT('part definition',#6987,'design');
#6974=PRODUCT_DEFINITION('PTS815SJM250SMTRLFS','PTS815SJM250SMTRLFS v3',
#6978,#6973);
#6975=PRODUCT_DEFINITION('PTS815SJM250SMTRLFS_PART1',
'PTS815SJM250SMTRLFS_PART1',#6979,#6973);
#6976=PRODUCT_DEFINITION('PTS815SJM250SMTRLFS_PART2',
'PTS815SJM250SMTRLFS_PART2',#6980,#6973);
#6977=PRODUCT_DEFINITION('PTS815SJM250SMTRLFS_PART3',
'PTS815SJM250SMTRLFS_PART3',#6981,#6973);
#6978=PRODUCT_DEFINITION_FORMATION('',$,#6989);
#6979=PRODUCT_DEFINITION_FORMATION('',$,#6990);
#6980=PRODUCT_DEFINITION_FORMATION('',$,#6991);
#6981=PRODUCT_DEFINITION_FORMATION('',$,#6992);
#6982=PRODUCT_RELATED_PRODUCT_CATEGORY('PTS815SJM250SMTRLFS v3',
'PTS815SJM250SMTRLFS v3',(#6989));
#6983=PRODUCT_RELATED_PRODUCT_CATEGORY('PTS815SJM250SMTRLFS_PART1',
'PTS815SJM250SMTRLFS_PART1',(#6990));
#6984=PRODUCT_RELATED_PRODUCT_CATEGORY('PTS815SJM250SMTRLFS_PART2',
'PTS815SJM250SMTRLFS_PART2',(#6991));
#6985=PRODUCT_RELATED_PRODUCT_CATEGORY('PTS815SJM250SMTRLFS_PART3',
'PTS815SJM250SMTRLFS_PART3',(#6992));
#6986=APPLICATION_PROTOCOL_DEFINITION('international standard',
'automotive_design',2009,#6987);
#6987=APPLICATION_CONTEXT(
'Core Data for Automotive Mechanical Design Process');
#6988=PRODUCT_CONTEXT('part definition',#6987,'mechanical');
#6989=PRODUCT('PTS815SJM250SMTRLFS','PTS815SJM250SMTRLFS v3',
'STEP AP214',(#6988));
#6990=PRODUCT('PTS815SJM250SMTRLFS_PART1','PTS815SJM250SMTRLFS_PART1',
'PTS815SJM250SMTRLFS_PART1',(#6988));
#6991=PRODUCT('PTS815SJM250SMTRLFS_PART2','PTS815SJM250SMTRLFS_PART2',
'PTS815SJM250SMTRLFS_PART2',(#6988));
#6992=PRODUCT('PTS815SJM250SMTRLFS_PART3','PTS815SJM250SMTRLFS_PART3',
'PTS815SJM250SMTRLFS_PART3',(#6988));
#6993=PRESENTATION_STYLE_ASSIGNMENT((#6997));
#6994=PRESENTATION_STYLE_ASSIGNMENT((#6998));
#6995=PRESENTATION_STYLE_ASSIGNMENT((#6999));
#6996=PRESENTATION_STYLE_ASSIGNMENT((#7000));
#6997=SURFACE_STYLE_USAGE(.BOTH.,#7001);
#6998=SURFACE_STYLE_USAGE(.BOTH.,#7002);
#6999=SURFACE_STYLE_USAGE(.BOTH.,#7003);
#7000=SURFACE_STYLE_USAGE(.BOTH.,#7004);
#7001=SURFACE_SIDE_STYLE('',(#7005));
#7002=SURFACE_SIDE_STYLE('',(#7006));
#7003=SURFACE_SIDE_STYLE('',(#7007));
#7004=SURFACE_SIDE_STYLE('',(#7008));
#7005=SURFACE_STYLE_FILL_AREA(#7009);
#7006=SURFACE_STYLE_FILL_AREA(#7010);
#7007=SURFACE_STYLE_FILL_AREA(#7011);
#7008=SURFACE_STYLE_FILL_AREA(#7012);
#7009=FILL_AREA_STYLE('Steel - Satin',(#7013));
#7010=FILL_AREA_STYLE('Aluminum - Satin',(#7014));
#7011=FILL_AREA_STYLE('Opaque(255,255,255)',(#7015));
#7012=FILL_AREA_STYLE('Nylon 6-6 (White)',(#7016));
#7013=FILL_AREA_STYLE_COLOUR('Steel - Satin',#7017);
#7014=FILL_AREA_STYLE_COLOUR('Aluminum - Satin',#7018);
#7015=FILL_AREA_STYLE_COLOUR('Opaque(255,255,255)',#7019);
#7016=FILL_AREA_STYLE_COLOUR('Nylon 6-6 (White)',#7020);
#7017=COLOUR_RGB('Steel - Satin',0.627450980392157,0.627450980392157,0.627450980392157);
#7018=COLOUR_RGB('Aluminum - Satin',0.96078431372549,0.96078431372549,0.964705882352941);
#7019=COLOUR_RGB('Opaque(255,255,255)',1.,1.,1.);
#7020=COLOUR_RGB('Nylon 6-6 (White)',0.972549019607843,0.968627450980392,
0.929411764705882);
ENDSEC;
END-ISO-10303-21;
