ISO-10303-21;
HEADER;
/* Generated by software containing ST-Developer
 * from STEP Tools, Inc. (www.steptools.com) 
 */

FILE_DESCRIPTION(
/* description */ ('STEP AP214'),
/* implementation_level */ '2;1');

FILE_NAME(
/* name */ 'Sensirion_DFN-4.step',
/* time_stamp */ '2026-07-26T16:54:35+02:00',
/* author */ (''),
/* organization */ (''),
/* preprocessor_version */ 'ST-DEVELOPER v20.1',
/* originating_system */ 'Autodesk Translation Framework v15.8.0.0',
/* authorisation */ '');

FILE_SCHEMA (('AUTOMOTIVE_DESIGN { 1 0 10303 214 3 1 1 }'));
ENDSEC;

DATA;
#10=MECHANICAL_DESIGN_GEOMETRIC_PRESENTATION_REPRESENTATION('',(#42,#43,
#44,#45,#46,#47,#48,#49,#50,#51,#52,#53,#54,#55,#56,#57,#58,#59,#60,#61,
#62,#63,#64,#65,#66,#67,#68,#69,#70,#71,#72),#3542);
#11=SHAPE_REPRESENTATION_RELATIONSHIP('SRR','None',#3549,#12);
#12=ADVANCED_BREP_SHAPE_REPRESENTATION('',(#32,#33,#34,#35,#36,#37,#38,
#39,#40,#41),#3541);
#13=FACE_BOUND('',#310,.T.);
#14=FACE_BOUND('',#312,.T.);
#15=FACE_BOUND('',#313,.T.);
#16=FACE_BOUND('',#315,.T.);
#17=FACE_BOUND('',#317,.T.);
#18=FACE_BOUND('',#318,.T.);
#19=(
BOUNDED_SURFACE()
B_SPLINE_SURFACE(2,2,((#3177,#3178,#3179,#3180,#3181,#3182,#3183,#3184,
#3185),(#3186,#3187,#3188,#3189,#3190,#3191,#3192,#3193,#3194),(#3195,#3196,
#3197,#3198,#3199,#3200,#3201,#3202,#3203)),.UNSPECIFIED.,.F.,.T.,.F.)
B_SPLINE_SURFACE_WITH_KNOTS((3,3),(3,2,2,2,3),(-0.656062815363623,-0.579692979823713),
(-3.14159265358979,-1.5707963267949,0.,1.5707963267949,3.14159265358979),
 .UNSPECIFIED.)
GEOMETRIC_REPRESENTATION_ITEM()
RATIONAL_B_SPLINE_SURFACE(((1.,0.707106781186548,1.,0.707106781186548,1.,
0.707106781186548,1.,0.707106781186548,1.),(0.999271044607683,0.706591331885458,
0.999271044607683,0.706591331885458,0.999271044607683,0.706591331885458,
0.999271044607683,0.706591331885458,0.999271044607683),(1.,0.707106781186548,
1.,0.707106781186548,1.,0.707106781186548,1.,0.707106781186548,1.)))
REPRESENTATION_ITEM('')
SURFACE()
);
#20=CIRCLE('',#2282,0.375);
#21=CIRCLE('',#2283,0.181250000000005);
#22=CIRCLE('',#2284,0.5);
#23=CIRCLE('',#2286,0.274999999999997);
#24=CIRCLE('',#2287,0.680384615379521);
#25=CIRCLE('',#2288,0.231646553622525);
#26=CIRCLE('',#2289,0.980164007100153);
#27=CIRCLE('',#2291,0.180406547972346);
#28=CIRCLE('',#2292,0.0999999999999999);
#29=TOROIDAL_SURFACE('',#2281,0.5,0.181250000000005);
#30=TOROIDAL_SURFACE('',#2285,0.844230769226822,0.680384615379521);
#31=TOROIDAL_SURFACE('',#2290,0.152406547970857,0.0999999999999999);
#32=MANIFOLD_SOLID_BREP('Body1',#2201);
#33=MANIFOLD_SOLID_BREP('Body2',#2202);
#34=MANIFOLD_SOLID_BREP('Body3',#2203);
#35=MANIFOLD_SOLID_BREP('Body4',#2204);
#36=MANIFOLD_SOLID_BREP('Body5',#2205);
#37=MANIFOLD_SOLID_BREP('Body6',#2206);
#38=MANIFOLD_SOLID_BREP('Body7',#2207);
#39=MANIFOLD_SOLID_BREP('Body8',#2208);
#40=MANIFOLD_SOLID_BREP('Body9',#2209);
#41=MANIFOLD_SOLID_BREP('Body10',#2210);
#42=STYLED_ITEM('',(#3560),#2082);
#43=STYLED_ITEM('',(#3559),#32);
#44=STYLED_ITEM('',(#3560),#2088);
#45=STYLED_ITEM('',(#3559),#33);
#46=STYLED_ITEM('',(#3560),#2094);
#47=STYLED_ITEM('',(#3559),#34);
#48=STYLED_ITEM('',(#3560),#2101);
#49=STYLED_ITEM('',(#3560),#2102);
#50=STYLED_ITEM('',(#3559),#35);
#51=STYLED_ITEM('',(#3560),#2109);
#52=STYLED_ITEM('',(#3560),#2110);
#53=STYLED_ITEM('',(#3559),#36);
#54=STYLED_ITEM('',(#3560),#2117);
#55=STYLED_ITEM('',(#3559),#37);
#56=STYLED_ITEM('',(#3560),#2124);
#57=STYLED_ITEM('',(#3560),#2125);
#58=STYLED_ITEM('',(#3559),#38);
#59=STYLED_ITEM('',(#3560),#2131);
#60=STYLED_ITEM('',(#3560),#2132);
#61=STYLED_ITEM('',(#3559),#39);
#62=STYLED_ITEM('',(#3562),#2134);
#63=STYLED_ITEM('',(#3562),#2135);
#64=STYLED_ITEM('',(#3562),#2136);
#65=STYLED_ITEM('',(#3562),#2137);
#66=STYLED_ITEM('',(#3562),#2190);
#67=STYLED_ITEM('',(#3562),#2191);
#68=STYLED_ITEM('',(#3562),#2192);
#69=STYLED_ITEM('',(#3562),#2193);
#70=STYLED_ITEM('',(#3561),#40);
#71=STYLED_ITEM('',(#3560),#2195);
#72=STYLED_ITEM('',(#3559),#41);
#73=FACE_OUTER_BOUND('',#197,.T.);
#74=FACE_OUTER_BOUND('',#198,.T.);
#75=FACE_OUTER_BOUND('',#199,.T.);
#76=FACE_OUTER_BOUND('',#200,.T.);
#77=FACE_OUTER_BOUND('',#201,.T.);
#78=FACE_OUTER_BOUND('',#202,.T.);
#79=FACE_OUTER_BOUND('',#203,.T.);
#80=FACE_OUTER_BOUND('',#204,.T.);
#81=FACE_OUTER_BOUND('',#205,.T.);
#82=FACE_OUTER_BOUND('',#206,.T.);
#83=FACE_OUTER_BOUND('',#207,.T.);
#84=FACE_OUTER_BOUND('',#208,.T.);
#85=FACE_OUTER_BOUND('',#209,.T.);
#86=FACE_OUTER_BOUND('',#210,.T.);
#87=FACE_OUTER_BOUND('',#211,.T.);
#88=FACE_OUTER_BOUND('',#212,.T.);
#89=FACE_OUTER_BOUND('',#213,.T.);
#90=FACE_OUTER_BOUND('',#214,.T.);
#91=FACE_OUTER_BOUND('',#215,.T.);
#92=FACE_OUTER_BOUND('',#216,.T.);
#93=FACE_OUTER_BOUND('',#217,.T.);
#94=FACE_OUTER_BOUND('',#218,.T.);
#95=FACE_OUTER_BOUND('',#219,.T.);
#96=FACE_OUTER_BOUND('',#220,.T.);
#97=FACE_OUTER_BOUND('',#221,.T.);
#98=FACE_OUTER_BOUND('',#222,.T.);
#99=FACE_OUTER_BOUND('',#223,.T.);
#100=FACE_OUTER_BOUND('',#224,.T.);
#101=FACE_OUTER_BOUND('',#225,.T.);
#102=FACE_OUTER_BOUND('',#226,.T.);
#103=FACE_OUTER_BOUND('',#227,.T.);
#104=FACE_OUTER_BOUND('',#228,.T.);
#105=FACE_OUTER_BOUND('',#229,.T.);
#106=FACE_OUTER_BOUND('',#230,.T.);
#107=FACE_OUTER_BOUND('',#231,.T.);
#108=FACE_OUTER_BOUND('',#232,.T.);
#109=FACE_OUTER_BOUND('',#233,.T.);
#110=FACE_OUTER_BOUND('',#234,.T.);
#111=FACE_OUTER_BOUND('',#235,.T.);
#112=FACE_OUTER_BOUND('',#236,.T.);
#113=FACE_OUTER_BOUND('',#237,.T.);
#114=FACE_OUTER_BOUND('',#238,.T.);
#115=FACE_OUTER_BOUND('',#239,.T.);
#116=FACE_OUTER_BOUND('',#240,.T.);
#117=FACE_OUTER_BOUND('',#241,.T.);
#118=FACE_OUTER_BOUND('',#242,.T.);
#119=FACE_OUTER_BOUND('',#243,.T.);
#120=FACE_OUTER_BOUND('',#244,.T.);
#121=FACE_OUTER_BOUND('',#245,.T.);
#122=FACE_OUTER_BOUND('',#246,.T.);
#123=FACE_OUTER_BOUND('',#247,.T.);
#124=FACE_OUTER_BOUND('',#248,.T.);
#125=FACE_OUTER_BOUND('',#249,.T.);
#126=FACE_OUTER_BOUND('',#250,.T.);
#127=FACE_OUTER_BOUND('',#251,.T.);
#128=FACE_OUTER_BOUND('',#252,.T.);
#129=FACE_OUTER_BOUND('',#253,.T.);
#130=FACE_OUTER_BOUND('',#254,.T.);
#131=FACE_OUTER_BOUND('',#255,.T.);
#132=FACE_OUTER_BOUND('',#256,.T.);
#133=FACE_OUTER_BOUND('',#257,.T.);
#134=FACE_OUTER_BOUND('',#258,.T.);
#135=FACE_OUTER_BOUND('',#259,.T.);
#136=FACE_OUTER_BOUND('',#260,.T.);
#137=FACE_OUTER_BOUND('',#261,.T.);
#138=FACE_OUTER_BOUND('',#262,.T.);
#139=FACE_OUTER_BOUND('',#263,.T.);
#140=FACE_OUTER_BOUND('',#264,.T.);
#141=FACE_OUTER_BOUND('',#265,.T.);
#142=FACE_OUTER_BOUND('',#266,.T.);
#143=FACE_OUTER_BOUND('',#267,.T.);
#144=FACE_OUTER_BOUND('',#268,.T.);
#145=FACE_OUTER_BOUND('',#269,.T.);
#146=FACE_OUTER_BOUND('',#270,.T.);
#147=FACE_OUTER_BOUND('',#271,.T.);
#148=FACE_OUTER_BOUND('',#272,.T.);
#149=FACE_OUTER_BOUND('',#273,.T.);
#150=FACE_OUTER_BOUND('',#274,.T.);
#151=FACE_OUTER_BOUND('',#275,.T.);
#152=FACE_OUTER_BOUND('',#276,.T.);
#153=FACE_OUTER_BOUND('',#277,.T.);
#154=FACE_OUTER_BOUND('',#278,.T.);
#155=FACE_OUTER_BOUND('',#279,.T.);
#156=FACE_OUTER_BOUND('',#280,.T.);
#157=FACE_OUTER_BOUND('',#281,.T.);
#158=FACE_OUTER_BOUND('',#282,.T.);
#159=FACE_OUTER_BOUND('',#283,.T.);
#160=FACE_OUTER_BOUND('',#284,.T.);
#161=FACE_OUTER_BOUND('',#285,.T.);
#162=FACE_OUTER_BOUND('',#286,.T.);
#163=FACE_OUTER_BOUND('',#287,.T.);
#164=FACE_OUTER_BOUND('',#288,.T.);
#165=FACE_OUTER_BOUND('',#289,.T.);
#166=FACE_OUTER_BOUND('',#290,.T.);
#167=FACE_OUTER_BOUND('',#291,.T.);
#168=FACE_OUTER_BOUND('',#292,.T.);
#169=FACE_OUTER_BOUND('',#293,.T.);
#170=FACE_OUTER_BOUND('',#294,.T.);
#171=FACE_OUTER_BOUND('',#295,.T.);
#172=FACE_OUTER_BOUND('',#296,.T.);
#173=FACE_OUTER_BOUND('',#297,.T.);
#174=FACE_OUTER_BOUND('',#298,.T.);
#175=FACE_OUTER_BOUND('',#299,.T.);
#176=FACE_OUTER_BOUND('',#300,.T.);
#177=FACE_OUTER_BOUND('',#301,.T.);
#178=FACE_OUTER_BOUND('',#302,.T.);
#179=FACE_OUTER_BOUND('',#303,.T.);
#180=FACE_OUTER_BOUND('',#304,.T.);
#181=FACE_OUTER_BOUND('',#305,.T.);
#182=FACE_OUTER_BOUND('',#306,.T.);
#183=FACE_OUTER_BOUND('',#307,.T.);
#184=FACE_OUTER_BOUND('',#308,.T.);
#185=FACE_OUTER_BOUND('',#309,.T.);
#186=FACE_OUTER_BOUND('',#311,.T.);
#187=FACE_OUTER_BOUND('',#314,.T.);
#188=FACE_OUTER_BOUND('',#316,.T.);
#189=FACE_OUTER_BOUND('',#319,.T.);
#190=FACE_OUTER_BOUND('',#320,.T.);
#191=FACE_OUTER_BOUND('',#321,.T.);
#192=FACE_OUTER_BOUND('',#322,.T.);
#193=FACE_OUTER_BOUND('',#323,.T.);
#194=FACE_OUTER_BOUND('',#324,.T.);
#195=FACE_OUTER_BOUND('',#325,.T.);
#196=FACE_OUTER_BOUND('',#326,.T.);
#197=EDGE_LOOP('',(#1375,#1376,#1377,#1378));
#198=EDGE_LOOP('',(#1379,#1380,#1381,#1382));
#199=EDGE_LOOP('',(#1383,#1384,#1385,#1386));
#200=EDGE_LOOP('',(#1387,#1388,#1389,#1390));
#201=EDGE_LOOP('',(#1391,#1392,#1393,#1394));
#202=EDGE_LOOP('',(#1395,#1396,#1397,#1398));
#203=EDGE_LOOP('',(#1399,#1400,#1401,#1402));
#204=EDGE_LOOP('',(#1403,#1404,#1405,#1406));
#205=EDGE_LOOP('',(#1407,#1408,#1409,#1410));
#206=EDGE_LOOP('',(#1411,#1412,#1413,#1414));
#207=EDGE_LOOP('',(#1415,#1416,#1417,#1418));
#208=EDGE_LOOP('',(#1419,#1420,#1421,#1422));
#209=EDGE_LOOP('',(#1423,#1424,#1425,#1426));
#210=EDGE_LOOP('',(#1427,#1428,#1429,#1430));
#211=EDGE_LOOP('',(#1431,#1432,#1433,#1434));
#212=EDGE_LOOP('',(#1435,#1436,#1437,#1438));
#213=EDGE_LOOP('',(#1439,#1440,#1441,#1442));
#214=EDGE_LOOP('',(#1443,#1444,#1445,#1446));
#215=EDGE_LOOP('',(#1447,#1448,#1449,#1450));
#216=EDGE_LOOP('',(#1451,#1452,#1453,#1454));
#217=EDGE_LOOP('',(#1455,#1456,#1457,#1458));
#218=EDGE_LOOP('',(#1459,#1460,#1461,#1462,#1463,#1464));
#219=EDGE_LOOP('',(#1465,#1466,#1467,#1468));
#220=EDGE_LOOP('',(#1469,#1470,#1471,#1472,#1473,#1474));
#221=EDGE_LOOP('',(#1475,#1476,#1477,#1478));
#222=EDGE_LOOP('',(#1479,#1480,#1481,#1482));
#223=EDGE_LOOP('',(#1483,#1484,#1485,#1486));
#224=EDGE_LOOP('',(#1487,#1488,#1489,#1490));
#225=EDGE_LOOP('',(#1491,#1492,#1493,#1494));
#226=EDGE_LOOP('',(#1495,#1496,#1497,#1498,#1499,#1500));
#227=EDGE_LOOP('',(#1501,#1502,#1503,#1504));
#228=EDGE_LOOP('',(#1505,#1506,#1507,#1508,#1509,#1510));
#229=EDGE_LOOP('',(#1511,#1512,#1513,#1514));
#230=EDGE_LOOP('',(#1515,#1516,#1517,#1518));
#231=EDGE_LOOP('',(#1519,#1520,#1521,#1522,#1523));
#232=EDGE_LOOP('',(#1524,#1525,#1526,#1527));
#233=EDGE_LOOP('',(#1528,#1529,#1530,#1531));
#234=EDGE_LOOP('',(#1532,#1533,#1534,#1535));
#235=EDGE_LOOP('',(#1536,#1537,#1538,#1539));
#236=EDGE_LOOP('',(#1540,#1541,#1542,#1543));
#237=EDGE_LOOP('',(#1544,#1545,#1546,#1547,#1548));
#238=EDGE_LOOP('',(#1549,#1550,#1551,#1552));
#239=EDGE_LOOP('',(#1553,#1554,#1555,#1556));
#240=EDGE_LOOP('',(#1557,#1558,#1559,#1560));
#241=EDGE_LOOP('',(#1561,#1562,#1563,#1564));
#242=EDGE_LOOP('',(#1565,#1566,#1567,#1568,#1569,#1570));
#243=EDGE_LOOP('',(#1571,#1572,#1573,#1574,#1575,#1576));
#244=EDGE_LOOP('',(#1577,#1578,#1579,#1580));
#245=EDGE_LOOP('',(#1581,#1582,#1583,#1584));
#246=EDGE_LOOP('',(#1585,#1586,#1587,#1588));
#247=EDGE_LOOP('',(#1589,#1590,#1591,#1592));
#248=EDGE_LOOP('',(#1593,#1594,#1595,#1596));
#249=EDGE_LOOP('',(#1597,#1598,#1599,#1600,#1601,#1602));
#250=EDGE_LOOP('',(#1603,#1604,#1605,#1606,#1607,#1608));
#251=EDGE_LOOP('',(#1609,#1610,#1611,#1612));
#252=EDGE_LOOP('',(#1613,#1614,#1615,#1616));
#253=EDGE_LOOP('',(#1617,#1618,#1619,#1620));
#254=EDGE_LOOP('',(#1621,#1622,#1623,#1624));
#255=EDGE_LOOP('',(#1625,#1626,#1627,#1628));
#256=EDGE_LOOP('',(#1629,#1630,#1631,#1632));
#257=EDGE_LOOP('',(#1633,#1634,#1635,#1636));
#258=EDGE_LOOP('',(#1637,#1638,#1639,#1640));
#259=EDGE_LOOP('',(#1641,#1642,#1643,#1644));
#260=EDGE_LOOP('',(#1645,#1646,#1647,#1648));
#261=EDGE_LOOP('',(#1649,#1650,#1651,#1652));
#262=EDGE_LOOP('',(#1653,#1654,#1655,#1656));
#263=EDGE_LOOP('',(#1657,#1658,#1659,#1660));
#264=EDGE_LOOP('',(#1661,#1662,#1663,#1664));
#265=EDGE_LOOP('',(#1665,#1666,#1667,#1668));
#266=EDGE_LOOP('',(#1669,#1670,#1671,#1672));
#267=EDGE_LOOP('',(#1673,#1674,#1675,#1676));
#268=EDGE_LOOP('',(#1677,#1678,#1679,#1680));
#269=EDGE_LOOP('',(#1681,#1682,#1683,#1684));
#270=EDGE_LOOP('',(#1685,#1686,#1687,#1688));
#271=EDGE_LOOP('',(#1689,#1690,#1691,#1692));
#272=EDGE_LOOP('',(#1693,#1694,#1695,#1696));
#273=EDGE_LOOP('',(#1697,#1698,#1699,#1700));
#274=EDGE_LOOP('',(#1701,#1702,#1703,#1704));
#275=EDGE_LOOP('',(#1705,#1706,#1707,#1708));
#276=EDGE_LOOP('',(#1709,#1710,#1711,#1712));
#277=EDGE_LOOP('',(#1713,#1714,#1715,#1716));
#278=EDGE_LOOP('',(#1717,#1718,#1719,#1720));
#279=EDGE_LOOP('',(#1721,#1722,#1723,#1724));
#280=EDGE_LOOP('',(#1725,#1726,#1727,#1728,#1729,#1730));
#281=EDGE_LOOP('',(#1731,#1732,#1733,#1734));
#282=EDGE_LOOP('',(#1735,#1736,#1737,#1738,#1739,#1740));
#283=EDGE_LOOP('',(#1741,#1742,#1743,#1744));
#284=EDGE_LOOP('',(#1745,#1746,#1747,#1748));
#285=EDGE_LOOP('',(#1749,#1750,#1751,#1752));
#286=EDGE_LOOP('',(#1753,#1754,#1755,#1756));
#287=EDGE_LOOP('',(#1757,#1758,#1759,#1760,#1761,#1762));
#288=EDGE_LOOP('',(#1763,#1764,#1765,#1766));
#289=EDGE_LOOP('',(#1767,#1768,#1769,#1770,#1771,#1772));
#290=EDGE_LOOP('',(#1773,#1774,#1775,#1776,#1777));
#291=EDGE_LOOP('',(#1778,#1779,#1780,#1781));
#292=EDGE_LOOP('',(#1782,#1783,#1784,#1785));
#293=EDGE_LOOP('',(#1786,#1787,#1788,#1789));
#294=EDGE_LOOP('',(#1790,#1791,#1792,#1793));
#295=EDGE_LOOP('',(#1794,#1795,#1796,#1797));
#296=EDGE_LOOP('',(#1798,#1799,#1800,#1801));
#297=EDGE_LOOP('',(#1802,#1803,#1804,#1805));
#298=EDGE_LOOP('',(#1806,#1807,#1808,#1809));
#299=EDGE_LOOP('',(#1810,#1811,#1812,#1813,#1814,#1815));
#300=EDGE_LOOP('',(#1816,#1817,#1818,#1819));
#301=EDGE_LOOP('',(#1820,#1821,#1822,#1823,#1824,#1825));
#302=EDGE_LOOP('',(#1826,#1827,#1828,#1829));
#303=EDGE_LOOP('',(#1830,#1831,#1832,#1833));
#304=EDGE_LOOP('',(#1834,#1835,#1836,#1837));
#305=EDGE_LOOP('',(#1838,#1839,#1840,#1841,#1842,#1843));
#306=EDGE_LOOP('',(#1844,#1845,#1846,#1847));
#307=EDGE_LOOP('',(#1848,#1849,#1850,#1851,#1852,#1853));
#308=EDGE_LOOP('',(#1854,#1855,#1856,#1857,#1858,#1859,#1860,#1861,#1862,
#1863,#1864,#1865));
#309=EDGE_LOOP('',(#1866,#1867,#1868,#1869,#1870,#1871,#1872,#1873,#1874,
#1875,#1876,#1877,#1878,#1879,#1880,#1881,#1882,#1883,#1884,#1885));
#310=EDGE_LOOP('',(#1886,#1887,#1888,#1889,#1890));
#311=EDGE_LOOP('',(#1891,#1892,#1893,#1894));
#312=EDGE_LOOP('',(#1895,#1896,#1897,#1898));
#313=EDGE_LOOP('',(#1899,#1900,#1901,#1902));
#314=EDGE_LOOP('',(#1903,#1904,#1905,#1906));
#315=EDGE_LOOP('',(#1907));
#316=EDGE_LOOP('',(#1908,#1909,#1910,#1911));
#317=EDGE_LOOP('',(#1912,#1913,#1914,#1915));
#318=EDGE_LOOP('',(#1916,#1917,#1918,#1919));
#319=EDGE_LOOP('',(#1920,#1921,#1922,#1923,#1924,#1925,#1926,#1927,#1928,
#1929,#1930,#1931));
#320=EDGE_LOOP('',(#1932));
#321=EDGE_LOOP('',(#1933,#1934,#1935,#1936));
#322=EDGE_LOOP('',(#1937,#1938,#1939,#1940));
#323=EDGE_LOOP('',(#1941,#1942,#1943,#1944));
#324=EDGE_LOOP('',(#1945,#1946,#1947,#1948));
#325=EDGE_LOOP('',(#1949,#1950,#1951,#1952));
#326=EDGE_LOOP('',(#1953,#1954,#1955,#1956));
#327=LINE('',#2908,#609);
#328=LINE('',#2910,#610);
#329=LINE('',#2912,#611);
#330=LINE('',#2913,#612);
#331=LINE('',#2916,#613);
#332=LINE('',#2918,#614);
#333=LINE('',#2919,#615);
#334=LINE('',#2922,#616);
#335=LINE('',#2923,#617);
#336=LINE('',#2926,#618);
#337=LINE('',#2927,#619);
#338=LINE('',#2929,#620);
#339=LINE('',#2934,#621);
#340=LINE('',#2936,#622);
#341=LINE('',#2938,#623);
#342=LINE('',#2939,#624);
#343=LINE('',#2942,#625);
#344=LINE('',#2944,#626);
#345=LINE('',#2945,#627);
#346=LINE('',#2948,#628);
#347=LINE('',#2949,#629);
#348=LINE('',#2952,#630);
#349=LINE('',#2953,#631);
#350=LINE('',#2955,#632);
#351=LINE('',#2960,#633);
#352=LINE('',#2962,#634);
#353=LINE('',#2964,#635);
#354=LINE('',#2965,#636);
#355=LINE('',#2968,#637);
#356=LINE('',#2970,#638);
#357=LINE('',#2971,#639);
#358=LINE('',#2974,#640);
#359=LINE('',#2975,#641);
#360=LINE('',#2978,#642);
#361=LINE('',#2979,#643);
#362=LINE('',#2981,#644);
#363=LINE('',#2986,#645);
#364=LINE('',#2988,#646);
#365=LINE('',#2990,#647);
#366=LINE('',#2991,#648);
#367=LINE('',#2994,#649);
#368=LINE('',#2996,#650);
#369=LINE('',#2997,#651);
#370=LINE('',#3000,#652);
#371=LINE('',#3002,#653);
#372=LINE('',#3003,#654);
#373=LINE('',#3006,#655);
#374=LINE('',#3008,#656);
#375=LINE('',#3009,#657);
#376=LINE('',#3012,#658);
#377=LINE('',#3013,#659);
#378=LINE('',#3016,#660);
#379=LINE('',#3017,#661);
#380=LINE('',#3019,#662);
#381=LINE('',#3024,#663);
#382=LINE('',#3026,#664);
#383=LINE('',#3028,#665);
#384=LINE('',#3029,#666);
#385=LINE('',#3032,#667);
#386=LINE('',#3034,#668);
#387=LINE('',#3035,#669);
#388=LINE('',#3038,#670);
#389=LINE('',#3040,#671);
#390=LINE('',#3041,#672);
#391=LINE('',#3044,#673);
#392=LINE('',#3046,#674);
#393=LINE('',#3047,#675);
#394=LINE('',#3050,#676);
#395=LINE('',#3051,#677);
#396=LINE('',#3054,#678);
#397=LINE('',#3055,#679);
#398=LINE('',#3057,#680);
#399=LINE('',#3062,#681);
#400=LINE('',#3064,#682);
#401=LINE('',#3066,#683);
#402=LINE('',#3068,#684);
#403=LINE('',#3069,#685);
#404=LINE('',#3072,#686);
#405=LINE('',#3074,#687);
#406=LINE('',#3075,#688);
#407=LINE('',#3078,#689);
#408=LINE('',#3079,#690);
#409=LINE('',#3082,#691);
#410=LINE('',#3083,#692);
#411=LINE('',#3086,#693);
#412=LINE('',#3087,#694);
#413=LINE('',#3089,#695);
#414=LINE('',#3094,#696);
#415=LINE('',#3096,#697);
#416=LINE('',#3098,#698);
#417=LINE('',#3099,#699);
#418=LINE('',#3102,#700);
#419=LINE('',#3104,#701);
#420=LINE('',#3105,#702);
#421=LINE('',#3108,#703);
#422=LINE('',#3110,#704);
#423=LINE('',#3111,#705);
#424=LINE('',#3114,#706);
#425=LINE('',#3116,#707);
#426=LINE('',#3117,#708);
#427=LINE('',#3120,#709);
#428=LINE('',#3121,#710);
#429=LINE('',#3124,#711);
#430=LINE('',#3125,#712);
#431=LINE('',#3127,#713);
#432=LINE('',#3132,#714);
#433=LINE('',#3134,#715);
#434=LINE('',#3136,#716);
#435=LINE('',#3137,#717);
#436=LINE('',#3141,#718);
#437=LINE('',#3143,#719);
#438=LINE('',#3145,#720);
#439=LINE('',#3146,#721);
#440=LINE('',#3149,#722);
#441=LINE('',#3151,#723);
#442=LINE('',#3152,#724);
#443=LINE('',#3155,#725);
#444=LINE('',#3156,#726);
#445=LINE('',#3157,#727);
#446=LINE('',#3160,#728);
#447=LINE('',#3161,#729);
#448=LINE('',#3162,#730);
#449=LINE('',#3164,#731);
#450=LINE('',#3214,#732);
#451=LINE('',#3216,#733);
#452=LINE('',#3218,#734);
#453=LINE('',#3219,#735);
#454=LINE('',#3222,#736);
#455=LINE('',#3224,#737);
#456=LINE('',#3225,#738);
#457=LINE('',#3228,#739);
#458=LINE('',#3229,#740);
#459=LINE('',#3232,#741);
#460=LINE('',#3233,#742);
#461=LINE('',#3235,#743);
#462=LINE('',#3239,#744);
#463=LINE('',#3241,#745);
#464=LINE('',#3243,#746);
#465=LINE('',#3244,#747);
#466=LINE('',#3247,#748);
#467=LINE('',#3249,#749);
#468=LINE('',#3250,#750);
#469=LINE('',#3253,#751);
#470=LINE('',#3254,#752);
#471=LINE('',#3257,#753);
#472=LINE('',#3258,#754);
#473=LINE('',#3260,#755);
#474=LINE('',#3264,#756);
#475=LINE('',#3266,#757);
#476=LINE('',#3268,#758);
#477=LINE('',#3269,#759);
#478=LINE('',#3272,#760);
#479=LINE('',#3274,#761);
#480=LINE('',#3275,#762);
#481=LINE('',#3278,#763);
#482=LINE('',#3279,#764);
#483=LINE('',#3282,#765);
#484=LINE('',#3283,#766);
#485=LINE('',#3285,#767);
#486=LINE('',#3289,#768);
#487=LINE('',#3291,#769);
#488=LINE('',#3293,#770);
#489=LINE('',#3294,#771);
#490=LINE('',#3297,#772);
#491=LINE('',#3299,#773);
#492=LINE('',#3300,#774);
#493=LINE('',#3303,#775);
#494=LINE('',#3304,#776);
#495=LINE('',#3307,#777);
#496=LINE('',#3308,#778);
#497=LINE('',#3310,#779);
#498=LINE('',#3314,#780);
#499=LINE('',#3316,#781);
#500=LINE('',#3318,#782);
#501=LINE('',#3319,#783);
#502=LINE('',#3322,#784);
#503=LINE('',#3324,#785);
#504=LINE('',#3325,#786);
#505=LINE('',#3328,#787);
#506=LINE('',#3330,#788);
#507=LINE('',#3332,#789);
#508=LINE('',#3333,#790);
#509=LINE('',#3336,#791);
#510=LINE('',#3337,#792);
#511=LINE('',#3340,#793);
#512=LINE('',#3342,#794);
#513=LINE('',#3343,#795);
#514=LINE('',#3345,#796);
#515=LINE('',#3349,#797);
#516=LINE('',#3351,#798);
#517=LINE('',#3353,#799);
#518=LINE('',#3354,#800);
#519=LINE('',#3357,#801);
#520=LINE('',#3359,#802);
#521=LINE('',#3360,#803);
#522=LINE('',#3363,#804);
#523=LINE('',#3365,#805);
#524=LINE('',#3366,#806);
#525=LINE('',#3369,#807);
#526=LINE('',#3371,#808);
#527=LINE('',#3372,#809);
#528=LINE('',#3375,#810);
#529=LINE('',#3376,#811);
#530=LINE('',#3379,#812);
#531=LINE('',#3380,#813);
#532=LINE('',#3384,#814);
#533=LINE('',#3386,#815);
#534=LINE('',#3388,#816);
#535=LINE('',#3390,#817);
#536=LINE('',#3391,#818);
#537=LINE('',#3394,#819);
#538=LINE('',#3396,#820);
#539=LINE('',#3397,#821);
#540=LINE('',#3400,#822);
#541=LINE('',#3401,#823);
#542=LINE('',#3404,#824);
#543=LINE('',#3405,#825);
#544=LINE('',#3408,#826);
#545=LINE('',#3409,#827);
#546=LINE('',#3411,#828);
#547=LINE('',#3415,#829);
#548=LINE('',#3417,#830);
#549=LINE('',#3419,#831);
#550=LINE('',#3420,#832);
#551=LINE('',#3423,#833);
#552=LINE('',#3425,#834);
#553=LINE('',#3426,#835);
#554=LINE('',#3429,#836);
#555=LINE('',#3431,#837);
#556=LINE('',#3432,#838);
#557=LINE('',#3435,#839);
#558=LINE('',#3437,#840);
#559=LINE('',#3438,#841);
#560=LINE('',#3441,#842);
#561=LINE('',#3442,#843);
#562=LINE('',#3445,#844);
#563=LINE('',#3446,#845);
#564=LINE('',#3450,#846);
#565=LINE('',#3452,#847);
#566=LINE('',#3454,#848);
#567=LINE('',#3455,#849);
#568=LINE('',#3458,#850);
#569=LINE('',#3460,#851);
#570=LINE('',#3461,#852);
#571=LINE('',#3464,#853);
#572=LINE('',#3466,#854);
#573=LINE('',#3467,#855);
#574=LINE('',#3470,#856);
#575=LINE('',#3472,#857);
#576=LINE('',#3473,#858);
#577=LINE('',#3476,#859);
#578=LINE('',#3477,#860);
#579=LINE('',#3480,#861);
#580=LINE('',#3481,#862);
#581=LINE('',#3483,#863);
#582=LINE('',#3485,#864);
#583=LINE('',#3487,#865);
#584=LINE('',#3489,#866);
#585=LINE('',#3491,#867);
#586=LINE('',#3492,#868);
#587=LINE('',#3494,#869);
#588=LINE('',#3496,#870);
#589=LINE('',#3497,#871);
#590=LINE('',#3499,#872);
#591=LINE('',#3500,#873);
#592=LINE('',#3503,#874);
#593=LINE('',#3504,#875);
#594=LINE('',#3507,#876);
#595=LINE('',#3508,#877);
#596=LINE('',#3510,#878);
#597=LINE('',#3516,#879);
#598=LINE('',#3518,#880);
#599=LINE('',#3520,#881);
#600=LINE('',#3521,#882);
#601=LINE('',#3524,#883);
#602=LINE('',#3526,#884);
#603=LINE('',#3527,#885);
#604=LINE('',#3530,#886);
#605=LINE('',#3531,#887);
#606=LINE('',#3534,#888);
#607=LINE('',#3535,#889);
#608=LINE('',#3537,#890);
#609=VECTOR('',#2360,1000.);
#610=VECTOR('',#2361,1000.);
#611=VECTOR('',#2362,1000.);
#612=VECTOR('',#2363,1000.);
#613=VECTOR('',#2366,1000.);
#614=VECTOR('',#2367,1000.);
#615=VECTOR('',#2368,1000.);
#616=VECTOR('',#2371,1000.);
#617=VECTOR('',#2372,1000.);
#618=VECTOR('',#2375,1000.);
#619=VECTOR('',#2376,1000.);
#620=VECTOR('',#2379,1000.);
#621=VECTOR('',#2384,1000.);
#622=VECTOR('',#2385,1000.);
#623=VECTOR('',#2386,1000.);
#624=VECTOR('',#2387,1000.);
#625=VECTOR('',#2390,1000.);
#626=VECTOR('',#2391,1000.);
#627=VECTOR('',#2392,1000.);
#628=VECTOR('',#2395,1000.);
#629=VECTOR('',#2396,1000.);
#630=VECTOR('',#2399,1000.);
#631=VECTOR('',#2400,1000.);
#632=VECTOR('',#2403,1000.);
#633=VECTOR('',#2408,1000.);
#634=VECTOR('',#2409,1000.);
#635=VECTOR('',#2410,1000.);
#636=VECTOR('',#2411,1000.);
#637=VECTOR('',#2414,1000.);
#638=VECTOR('',#2415,1000.);
#639=VECTOR('',#2416,1000.);
#640=VECTOR('',#2419,1000.);
#641=VECTOR('',#2420,1000.);
#642=VECTOR('',#2423,1000.);
#643=VECTOR('',#2424,1000.);
#644=VECTOR('',#2427,1000.);
#645=VECTOR('',#2432,1000.);
#646=VECTOR('',#2433,1000.);
#647=VECTOR('',#2434,1000.);
#648=VECTOR('',#2435,1000.);
#649=VECTOR('',#2438,1000.);
#650=VECTOR('',#2439,1000.);
#651=VECTOR('',#2440,1000.);
#652=VECTOR('',#2443,1000.);
#653=VECTOR('',#2444,1000.);
#654=VECTOR('',#2445,1000.);
#655=VECTOR('',#2448,1000.);
#656=VECTOR('',#2449,1000.);
#657=VECTOR('',#2450,1000.);
#658=VECTOR('',#2453,1000.);
#659=VECTOR('',#2454,1000.);
#660=VECTOR('',#2457,1000.);
#661=VECTOR('',#2458,1000.);
#662=VECTOR('',#2461,1000.);
#663=VECTOR('',#2466,1000.);
#664=VECTOR('',#2467,1000.);
#665=VECTOR('',#2468,1000.);
#666=VECTOR('',#2469,1000.);
#667=VECTOR('',#2472,1000.);
#668=VECTOR('',#2473,1000.);
#669=VECTOR('',#2474,1000.);
#670=VECTOR('',#2477,1000.);
#671=VECTOR('',#2478,1000.);
#672=VECTOR('',#2479,1000.);
#673=VECTOR('',#2482,1000.);
#674=VECTOR('',#2483,1000.);
#675=VECTOR('',#2484,1000.);
#676=VECTOR('',#2487,1000.);
#677=VECTOR('',#2488,1000.);
#678=VECTOR('',#2491,1000.);
#679=VECTOR('',#2492,1000.);
#680=VECTOR('',#2495,1000.);
#681=VECTOR('',#2500,1000.);
#682=VECTOR('',#2501,1000.);
#683=VECTOR('',#2502,1000.);
#684=VECTOR('',#2503,1000.);
#685=VECTOR('',#2504,1000.);
#686=VECTOR('',#2507,1000.);
#687=VECTOR('',#2508,1000.);
#688=VECTOR('',#2509,1000.);
#689=VECTOR('',#2512,1000.);
#690=VECTOR('',#2513,1000.);
#691=VECTOR('',#2516,1000.);
#692=VECTOR('',#2517,1000.);
#693=VECTOR('',#2520,1000.);
#694=VECTOR('',#2521,1000.);
#695=VECTOR('',#2524,1000.);
#696=VECTOR('',#2529,1000.);
#697=VECTOR('',#2530,1000.);
#698=VECTOR('',#2531,1000.);
#699=VECTOR('',#2532,1000.);
#700=VECTOR('',#2535,1000.);
#701=VECTOR('',#2536,1000.);
#702=VECTOR('',#2537,1000.);
#703=VECTOR('',#2540,1000.);
#704=VECTOR('',#2541,1000.);
#705=VECTOR('',#2542,1000.);
#706=VECTOR('',#2545,1000.);
#707=VECTOR('',#2546,1000.);
#708=VECTOR('',#2547,1000.);
#709=VECTOR('',#2550,1000.);
#710=VECTOR('',#2551,1000.);
#711=VECTOR('',#2554,1000.);
#712=VECTOR('',#2555,1000.);
#713=VECTOR('',#2558,1000.);
#714=VECTOR('',#2563,1000.);
#715=VECTOR('',#2564,1000.);
#716=VECTOR('',#2565,1000.);
#717=VECTOR('',#2566,1000.);
#718=VECTOR('',#2569,1000.);
#719=VECTOR('',#2570,1000.);
#720=VECTOR('',#2571,1000.);
#721=VECTOR('',#2572,1000.);
#722=VECTOR('',#2575,1000.);
#723=VECTOR('',#2576,1000.);
#724=VECTOR('',#2577,1000.);
#725=VECTOR('',#2580,1000.);
#726=VECTOR('',#2581,1000.);
#727=VECTOR('',#2582,1000.);
#728=VECTOR('',#2585,1000.);
#729=VECTOR('',#2586,1000.);
#730=VECTOR('',#2587,1000.);
#731=VECTOR('',#2590,1000.);
#732=VECTOR('',#2621,1000.);
#733=VECTOR('',#2622,1000.);
#734=VECTOR('',#2623,1000.);
#735=VECTOR('',#2624,1000.);
#736=VECTOR('',#2627,1000.);
#737=VECTOR('',#2628,1000.);
#738=VECTOR('',#2629,1000.);
#739=VECTOR('',#2632,1000.);
#740=VECTOR('',#2633,1000.);
#741=VECTOR('',#2636,1000.);
#742=VECTOR('',#2637,1000.);
#743=VECTOR('',#2640,1000.);
#744=VECTOR('',#2643,1000.);
#745=VECTOR('',#2644,1000.);
#746=VECTOR('',#2645,1000.);
#747=VECTOR('',#2646,1000.);
#748=VECTOR('',#2649,1000.);
#749=VECTOR('',#2650,1000.);
#750=VECTOR('',#2651,1000.);
#751=VECTOR('',#2654,1000.);
#752=VECTOR('',#2655,1000.);
#753=VECTOR('',#2658,1000.);
#754=VECTOR('',#2659,1000.);
#755=VECTOR('',#2662,1000.);
#756=VECTOR('',#2665,1000.);
#757=VECTOR('',#2666,1000.);
#758=VECTOR('',#2667,1000.);
#759=VECTOR('',#2668,1000.);
#760=VECTOR('',#2671,1000.);
#761=VECTOR('',#2672,1000.);
#762=VECTOR('',#2673,1000.);
#763=VECTOR('',#2676,1000.);
#764=VECTOR('',#2677,1000.);
#765=VECTOR('',#2680,1000.);
#766=VECTOR('',#2681,1000.);
#767=VECTOR('',#2684,1000.);
#768=VECTOR('',#2687,1000.);
#769=VECTOR('',#2688,1000.);
#770=VECTOR('',#2689,1000.);
#771=VECTOR('',#2690,1000.);
#772=VECTOR('',#2693,1000.);
#773=VECTOR('',#2694,1000.);
#774=VECTOR('',#2695,1000.);
#775=VECTOR('',#2698,1000.);
#776=VECTOR('',#2699,1000.);
#777=VECTOR('',#2702,1000.);
#778=VECTOR('',#2703,1000.);
#779=VECTOR('',#2706,1000.);
#780=VECTOR('',#2709,1000.);
#781=VECTOR('',#2710,1000.);
#782=VECTOR('',#2711,1000.);
#783=VECTOR('',#2712,1000.);
#784=VECTOR('',#2715,1000.);
#785=VECTOR('',#2716,1000.);
#786=VECTOR('',#2717,1000.);
#787=VECTOR('',#2720,1000.);
#788=VECTOR('',#2721,1000.);
#789=VECTOR('',#2722,1000.);
#790=VECTOR('',#2723,1000.);
#791=VECTOR('',#2726,1000.);
#792=VECTOR('',#2727,1000.);
#793=VECTOR('',#2730,1000.);
#794=VECTOR('',#2731,1000.);
#795=VECTOR('',#2732,1000.);
#796=VECTOR('',#2735,1000.);
#797=VECTOR('',#2738,1000.);
#798=VECTOR('',#2739,1000.);
#799=VECTOR('',#2740,1000.);
#800=VECTOR('',#2741,1000.);
#801=VECTOR('',#2744,1000.);
#802=VECTOR('',#2745,1000.);
#803=VECTOR('',#2746,1000.);
#804=VECTOR('',#2749,1000.);
#805=VECTOR('',#2750,1000.);
#806=VECTOR('',#2751,1000.);
#807=VECTOR('',#2754,1000.);
#808=VECTOR('',#2755,1000.);
#809=VECTOR('',#2756,1000.);
#810=VECTOR('',#2759,1000.);
#811=VECTOR('',#2760,1000.);
#812=VECTOR('',#2763,1000.);
#813=VECTOR('',#2764,1000.);
#814=VECTOR('',#2767,1000.);
#815=VECTOR('',#2768,1000.);
#816=VECTOR('',#2769,1000.);
#817=VECTOR('',#2770,1000.);
#818=VECTOR('',#2771,1000.);
#819=VECTOR('',#2774,1000.);
#820=VECTOR('',#2775,1000.);
#821=VECTOR('',#2776,1000.);
#822=VECTOR('',#2779,1000.);
#823=VECTOR('',#2780,1000.);
#824=VECTOR('',#2783,1000.);
#825=VECTOR('',#2784,1000.);
#826=VECTOR('',#2787,1000.);
#827=VECTOR('',#2788,1000.);
#828=VECTOR('',#2791,1000.);
#829=VECTOR('',#2794,1000.);
#830=VECTOR('',#2795,1000.);
#831=VECTOR('',#2796,1000.);
#832=VECTOR('',#2797,1000.);
#833=VECTOR('',#2800,1000.);
#834=VECTOR('',#2801,1000.);
#835=VECTOR('',#2802,1000.);
#836=VECTOR('',#2805,1000.);
#837=VECTOR('',#2806,1000.);
#838=VECTOR('',#2807,1000.);
#839=VECTOR('',#2810,1000.);
#840=VECTOR('',#2811,1000.);
#841=VECTOR('',#2812,1000.);
#842=VECTOR('',#2815,1000.);
#843=VECTOR('',#2816,1000.);
#844=VECTOR('',#2819,1000.);
#845=VECTOR('',#2820,1000.);
#846=VECTOR('',#2823,1000.);
#847=VECTOR('',#2824,1000.);
#848=VECTOR('',#2825,1000.);
#849=VECTOR('',#2826,1000.);
#850=VECTOR('',#2829,1000.);
#851=VECTOR('',#2830,1000.);
#852=VECTOR('',#2831,1000.);
#853=VECTOR('',#2834,1000.);
#854=VECTOR('',#2835,1000.);
#855=VECTOR('',#2836,1000.);
#856=VECTOR('',#2839,1000.);
#857=VECTOR('',#2840,1000.);
#858=VECTOR('',#2841,1000.);
#859=VECTOR('',#2844,1000.);
#860=VECTOR('',#2845,1000.);
#861=VECTOR('',#2848,1000.);
#862=VECTOR('',#2849,1000.);
#863=VECTOR('',#2852,1000.);
#864=VECTOR('',#2853,1000.);
#865=VECTOR('',#2854,1000.);
#866=VECTOR('',#2855,1000.);
#867=VECTOR('',#2856,1000.);
#868=VECTOR('',#2857,1000.);
#869=VECTOR('',#2860,1000.);
#870=VECTOR('',#2861,1000.);
#871=VECTOR('',#2862,1000.);
#872=VECTOR('',#2863,1000.);
#873=VECTOR('',#2864,1000.);
#874=VECTOR('',#2867,1000.);
#875=VECTOR('',#2868,1000.);
#876=VECTOR('',#2871,1000.);
#877=VECTOR('',#2872,1000.);
#878=VECTOR('',#2875,1000.);
#879=VECTOR('',#2882,1000.);
#880=VECTOR('',#2883,1000.);
#881=VECTOR('',#2884,1000.);
#882=VECTOR('',#2885,1000.);
#883=VECTOR('',#2888,1000.);
#884=VECTOR('',#2889,1000.);
#885=VECTOR('',#2890,1000.);
#886=VECTOR('',#2893,1000.);
#887=VECTOR('',#2894,1000.);
#888=VECTOR('',#2897,1000.);
#889=VECTOR('',#2898,1000.);
#890=VECTOR('',#2901,1000.);
#891=VERTEX_POINT('',#2906);
#892=VERTEX_POINT('',#2907);
#893=VERTEX_POINT('',#2909);
#894=VERTEX_POINT('',#2911);
#895=VERTEX_POINT('',#2915);
#896=VERTEX_POINT('',#2917);
#897=VERTEX_POINT('',#2921);
#898=VERTEX_POINT('',#2925);
#899=VERTEX_POINT('',#2932);
#900=VERTEX_POINT('',#2933);
#901=VERTEX_POINT('',#2935);
#902=VERTEX_POINT('',#2937);
#903=VERTEX_POINT('',#2941);
#904=VERTEX_POINT('',#2943);
#905=VERTEX_POINT('',#2947);
#906=VERTEX_POINT('',#2951);
#907=VERTEX_POINT('',#2958);
#908=VERTEX_POINT('',#2959);
#909=VERTEX_POINT('',#2961);
#910=VERTEX_POINT('',#2963);
#911=VERTEX_POINT('',#2967);
#912=VERTEX_POINT('',#2969);
#913=VERTEX_POINT('',#2973);
#914=VERTEX_POINT('',#2977);
#915=VERTEX_POINT('',#2984);
#916=VERTEX_POINT('',#2985);
#917=VERTEX_POINT('',#2987);
#918=VERTEX_POINT('',#2989);
#919=VERTEX_POINT('',#2993);
#920=VERTEX_POINT('',#2995);
#921=VERTEX_POINT('',#2999);
#922=VERTEX_POINT('',#3001);
#923=VERTEX_POINT('',#3005);
#924=VERTEX_POINT('',#3007);
#925=VERTEX_POINT('',#3011);
#926=VERTEX_POINT('',#3015);
#927=VERTEX_POINT('',#3022);
#928=VERTEX_POINT('',#3023);
#929=VERTEX_POINT('',#3025);
#930=VERTEX_POINT('',#3027);
#931=VERTEX_POINT('',#3031);
#932=VERTEX_POINT('',#3033);
#933=VERTEX_POINT('',#3037);
#934=VERTEX_POINT('',#3039);
#935=VERTEX_POINT('',#3043);
#936=VERTEX_POINT('',#3045);
#937=VERTEX_POINT('',#3049);
#938=VERTEX_POINT('',#3053);
#939=VERTEX_POINT('',#3060);
#940=VERTEX_POINT('',#3061);
#941=VERTEX_POINT('',#3063);
#942=VERTEX_POINT('',#3065);
#943=VERTEX_POINT('',#3067);
#944=VERTEX_POINT('',#3071);
#945=VERTEX_POINT('',#3073);
#946=VERTEX_POINT('',#3077);
#947=VERTEX_POINT('',#3081);
#948=VERTEX_POINT('',#3085);
#949=VERTEX_POINT('',#3092);
#950=VERTEX_POINT('',#3093);
#951=VERTEX_POINT('',#3095);
#952=VERTEX_POINT('',#3097);
#953=VERTEX_POINT('',#3101);
#954=VERTEX_POINT('',#3103);
#955=VERTEX_POINT('',#3107);
#956=VERTEX_POINT('',#3109);
#957=VERTEX_POINT('',#3113);
#958=VERTEX_POINT('',#3115);
#959=VERTEX_POINT('',#3119);
#960=VERTEX_POINT('',#3123);
#961=VERTEX_POINT('',#3130);
#962=VERTEX_POINT('',#3131);
#963=VERTEX_POINT('',#3133);
#964=VERTEX_POINT('',#3135);
#965=VERTEX_POINT('',#3139);
#966=VERTEX_POINT('',#3140);
#967=VERTEX_POINT('',#3142);
#968=VERTEX_POINT('',#3144);
#969=VERTEX_POINT('',#3148);
#970=VERTEX_POINT('',#3150);
#971=VERTEX_POINT('',#3154);
#972=VERTEX_POINT('',#3159);
#973=VERTEX_POINT('',#3168);
#974=VERTEX_POINT('',#3170);
#975=VERTEX_POINT('',#3174);
#976=VERTEX_POINT('',#3204);
#977=VERTEX_POINT('',#3208);
#978=VERTEX_POINT('',#3212);
#979=VERTEX_POINT('',#3213);
#980=VERTEX_POINT('',#3215);
#981=VERTEX_POINT('',#3217);
#982=VERTEX_POINT('',#3221);
#983=VERTEX_POINT('',#3223);
#984=VERTEX_POINT('',#3227);
#985=VERTEX_POINT('',#3231);
#986=VERTEX_POINT('',#3237);
#987=VERTEX_POINT('',#3238);
#988=VERTEX_POINT('',#3240);
#989=VERTEX_POINT('',#3242);
#990=VERTEX_POINT('',#3246);
#991=VERTEX_POINT('',#3248);
#992=VERTEX_POINT('',#3252);
#993=VERTEX_POINT('',#3256);
#994=VERTEX_POINT('',#3262);
#995=VERTEX_POINT('',#3263);
#996=VERTEX_POINT('',#3265);
#997=VERTEX_POINT('',#3267);
#998=VERTEX_POINT('',#3271);
#999=VERTEX_POINT('',#3273);
#1000=VERTEX_POINT('',#3277);
#1001=VERTEX_POINT('',#3281);
#1002=VERTEX_POINT('',#3287);
#1003=VERTEX_POINT('',#3288);
#1004=VERTEX_POINT('',#3290);
#1005=VERTEX_POINT('',#3292);
#1006=VERTEX_POINT('',#3296);
#1007=VERTEX_POINT('',#3298);
#1008=VERTEX_POINT('',#3302);
#1009=VERTEX_POINT('',#3306);
#1010=VERTEX_POINT('',#3312);
#1011=VERTEX_POINT('',#3313);
#1012=VERTEX_POINT('',#3315);
#1013=VERTEX_POINT('',#3317);
#1014=VERTEX_POINT('',#3321);
#1015=VERTEX_POINT('',#3323);
#1016=VERTEX_POINT('',#3327);
#1017=VERTEX_POINT('',#3329);
#1018=VERTEX_POINT('',#3331);
#1019=VERTEX_POINT('',#3335);
#1020=VERTEX_POINT('',#3339);
#1021=VERTEX_POINT('',#3341);
#1022=VERTEX_POINT('',#3347);
#1023=VERTEX_POINT('',#3348);
#1024=VERTEX_POINT('',#3350);
#1025=VERTEX_POINT('',#3352);
#1026=VERTEX_POINT('',#3356);
#1027=VERTEX_POINT('',#3358);
#1028=VERTEX_POINT('',#3362);
#1029=VERTEX_POINT('',#3364);
#1030=VERTEX_POINT('',#3368);
#1031=VERTEX_POINT('',#3370);
#1032=VERTEX_POINT('',#3374);
#1033=VERTEX_POINT('',#3378);
#1034=VERTEX_POINT('',#3382);
#1035=VERTEX_POINT('',#3383);
#1036=VERTEX_POINT('',#3385);
#1037=VERTEX_POINT('',#3387);
#1038=VERTEX_POINT('',#3389);
#1039=VERTEX_POINT('',#3393);
#1040=VERTEX_POINT('',#3395);
#1041=VERTEX_POINT('',#3399);
#1042=VERTEX_POINT('',#3403);
#1043=VERTEX_POINT('',#3407);
#1044=VERTEX_POINT('',#3413);
#1045=VERTEX_POINT('',#3414);
#1046=VERTEX_POINT('',#3416);
#1047=VERTEX_POINT('',#3418);
#1048=VERTEX_POINT('',#3422);
#1049=VERTEX_POINT('',#3424);
#1050=VERTEX_POINT('',#3428);
#1051=VERTEX_POINT('',#3430);
#1052=VERTEX_POINT('',#3434);
#1053=VERTEX_POINT('',#3436);
#1054=VERTEX_POINT('',#3440);
#1055=VERTEX_POINT('',#3444);
#1056=VERTEX_POINT('',#3448);
#1057=VERTEX_POINT('',#3449);
#1058=VERTEX_POINT('',#3451);
#1059=VERTEX_POINT('',#3453);
#1060=VERTEX_POINT('',#3457);
#1061=VERTEX_POINT('',#3459);
#1062=VERTEX_POINT('',#3463);
#1063=VERTEX_POINT('',#3465);
#1064=VERTEX_POINT('',#3469);
#1065=VERTEX_POINT('',#3471);
#1066=VERTEX_POINT('',#3475);
#1067=VERTEX_POINT('',#3479);
#1068=VERTEX_POINT('',#3484);
#1069=VERTEX_POINT('',#3486);
#1070=VERTEX_POINT('',#3488);
#1071=VERTEX_POINT('',#3490);
#1072=VERTEX_POINT('',#3495);
#1073=VERTEX_POINT('',#3498);
#1074=VERTEX_POINT('',#3502);
#1075=VERTEX_POINT('',#3506);
#1076=VERTEX_POINT('',#3514);
#1077=VERTEX_POINT('',#3515);
#1078=VERTEX_POINT('',#3517);
#1079=VERTEX_POINT('',#3519);
#1080=VERTEX_POINT('',#3523);
#1081=VERTEX_POINT('',#3525);
#1082=VERTEX_POINT('',#3529);
#1083=VERTEX_POINT('',#3533);
#1084=EDGE_CURVE('',#891,#892,#327,.T.);
#1085=EDGE_CURVE('',#891,#893,#328,.T.);
#1086=EDGE_CURVE('',#894,#893,#329,.T.);
#1087=EDGE_CURVE('',#892,#894,#330,.T.);
#1088=EDGE_CURVE('',#894,#895,#331,.T.);
#1089=EDGE_CURVE('',#896,#895,#332,.T.);
#1090=EDGE_CURVE('',#892,#896,#333,.T.);
#1091=EDGE_CURVE('',#891,#897,#334,.T.);
#1092=EDGE_CURVE('',#897,#896,#335,.T.);
#1093=EDGE_CURVE('',#893,#898,#336,.T.);
#1094=EDGE_CURVE('',#898,#897,#337,.T.);
#1095=EDGE_CURVE('',#895,#898,#338,.T.);
#1096=EDGE_CURVE('',#899,#900,#339,.T.);
#1097=EDGE_CURVE('',#901,#899,#340,.T.);
#1098=EDGE_CURVE('',#902,#901,#341,.T.);
#1099=EDGE_CURVE('',#902,#900,#342,.T.);
#1100=EDGE_CURVE('',#902,#903,#343,.T.);
#1101=EDGE_CURVE('',#904,#903,#344,.T.);
#1102=EDGE_CURVE('',#900,#904,#345,.T.);
#1103=EDGE_CURVE('',#899,#905,#346,.T.);
#1104=EDGE_CURVE('',#905,#904,#347,.T.);
#1105=EDGE_CURVE('',#901,#906,#348,.T.);
#1106=EDGE_CURVE('',#906,#905,#349,.T.);
#1107=EDGE_CURVE('',#903,#906,#350,.T.);
#1108=EDGE_CURVE('',#907,#908,#351,.T.);
#1109=EDGE_CURVE('',#907,#909,#352,.T.);
#1110=EDGE_CURVE('',#910,#909,#353,.T.);
#1111=EDGE_CURVE('',#908,#910,#354,.T.);
#1112=EDGE_CURVE('',#910,#911,#355,.T.);
#1113=EDGE_CURVE('',#912,#911,#356,.T.);
#1114=EDGE_CURVE('',#908,#912,#357,.T.);
#1115=EDGE_CURVE('',#907,#913,#358,.T.);
#1116=EDGE_CURVE('',#913,#912,#359,.T.);
#1117=EDGE_CURVE('',#909,#914,#360,.T.);
#1118=EDGE_CURVE('',#914,#913,#361,.T.);
#1119=EDGE_CURVE('',#911,#914,#362,.T.);
#1120=EDGE_CURVE('',#915,#916,#363,.T.);
#1121=EDGE_CURVE('',#917,#915,#364,.T.);
#1122=EDGE_CURVE('',#917,#918,#365,.T.);
#1123=EDGE_CURVE('',#916,#918,#366,.T.);
#1124=EDGE_CURVE('',#919,#916,#367,.T.);
#1125=EDGE_CURVE('',#920,#919,#368,.T.);
#1126=EDGE_CURVE('',#915,#920,#369,.T.);
#1127=EDGE_CURVE('',#918,#921,#370,.T.);
#1128=EDGE_CURVE('',#917,#922,#371,.T.);
#1129=EDGE_CURVE('',#922,#921,#372,.T.);
#1130=EDGE_CURVE('',#921,#923,#373,.T.);
#1131=EDGE_CURVE('',#924,#923,#374,.T.);
#1132=EDGE_CURVE('',#919,#924,#375,.T.);
#1133=EDGE_CURVE('',#920,#925,#376,.T.);
#1134=EDGE_CURVE('',#925,#924,#377,.T.);
#1135=EDGE_CURVE('',#926,#925,#378,.T.);
#1136=EDGE_CURVE('',#926,#922,#379,.T.);
#1137=EDGE_CURVE('',#926,#923,#380,.T.);
#1138=EDGE_CURVE('',#927,#928,#381,.T.);
#1139=EDGE_CURVE('',#929,#927,#382,.T.);
#1140=EDGE_CURVE('',#929,#930,#383,.T.);
#1141=EDGE_CURVE('',#928,#930,#384,.T.);
#1142=EDGE_CURVE('',#931,#928,#385,.T.);
#1143=EDGE_CURVE('',#932,#931,#386,.T.);
#1144=EDGE_CURVE('',#927,#932,#387,.T.);
#1145=EDGE_CURVE('',#929,#933,#388,.T.);
#1146=EDGE_CURVE('',#933,#934,#389,.T.);
#1147=EDGE_CURVE('',#930,#934,#390,.T.);
#1148=EDGE_CURVE('',#934,#935,#391,.T.);
#1149=EDGE_CURVE('',#936,#935,#392,.T.);
#1150=EDGE_CURVE('',#931,#936,#393,.T.);
#1151=EDGE_CURVE('',#932,#937,#394,.T.);
#1152=EDGE_CURVE('',#937,#936,#395,.T.);
#1153=EDGE_CURVE('',#938,#937,#396,.T.);
#1154=EDGE_CURVE('',#938,#933,#397,.T.);
#1155=EDGE_CURVE('',#938,#935,#398,.T.);
#1156=EDGE_CURVE('',#939,#940,#399,.T.);
#1157=EDGE_CURVE('',#941,#939,#400,.T.);
#1158=EDGE_CURVE('',#942,#941,#401,.T.);
#1159=EDGE_CURVE('',#943,#942,#402,.T.);
#1160=EDGE_CURVE('',#940,#943,#403,.T.);
#1161=EDGE_CURVE('',#943,#944,#404,.T.);
#1162=EDGE_CURVE('',#944,#945,#405,.T.);
#1163=EDGE_CURVE('',#940,#945,#406,.T.);
#1164=EDGE_CURVE('',#939,#946,#407,.T.);
#1165=EDGE_CURVE('',#945,#946,#408,.T.);
#1166=EDGE_CURVE('',#941,#947,#409,.T.);
#1167=EDGE_CURVE('',#946,#947,#410,.T.);
#1168=EDGE_CURVE('',#942,#948,#411,.T.);
#1169=EDGE_CURVE('',#947,#948,#412,.T.);
#1170=EDGE_CURVE('',#948,#944,#413,.T.);
#1171=EDGE_CURVE('',#949,#950,#414,.T.);
#1172=EDGE_CURVE('',#951,#949,#415,.T.);
#1173=EDGE_CURVE('',#952,#951,#416,.T.);
#1174=EDGE_CURVE('',#952,#950,#417,.T.);
#1175=EDGE_CURVE('',#953,#952,#418,.T.);
#1176=EDGE_CURVE('',#953,#954,#419,.T.);
#1177=EDGE_CURVE('',#950,#954,#420,.T.);
#1178=EDGE_CURVE('',#951,#955,#421,.T.);
#1179=EDGE_CURVE('',#949,#956,#422,.T.);
#1180=EDGE_CURVE('',#955,#956,#423,.T.);
#1181=EDGE_CURVE('',#953,#957,#424,.T.);
#1182=EDGE_CURVE('',#957,#958,#425,.T.);
#1183=EDGE_CURVE('',#954,#958,#426,.T.);
#1184=EDGE_CURVE('',#958,#959,#427,.T.);
#1185=EDGE_CURVE('',#956,#959,#428,.T.);
#1186=EDGE_CURVE('',#960,#955,#429,.T.);
#1187=EDGE_CURVE('',#960,#957,#430,.T.);
#1188=EDGE_CURVE('',#960,#959,#431,.T.);
#1189=EDGE_CURVE('',#961,#962,#432,.T.);
#1190=EDGE_CURVE('',#963,#961,#433,.T.);
#1191=EDGE_CURVE('',#963,#964,#434,.T.);
#1192=EDGE_CURVE('',#962,#964,#435,.T.);
#1193=EDGE_CURVE('',#965,#966,#436,.T.);
#1194=EDGE_CURVE('',#965,#967,#437,.T.);
#1195=EDGE_CURVE('',#967,#968,#438,.T.);
#1196=EDGE_CURVE('',#966,#968,#439,.T.);
#1197=EDGE_CURVE('',#963,#969,#440,.T.);
#1198=EDGE_CURVE('',#969,#970,#441,.T.);
#1199=EDGE_CURVE('',#964,#970,#442,.T.);
#1200=EDGE_CURVE('',#970,#971,#443,.T.);
#1201=EDGE_CURVE('',#968,#971,#444,.T.);
#1202=EDGE_CURVE('',#967,#962,#445,.T.);
#1203=EDGE_CURVE('',#972,#966,#446,.T.);
#1204=EDGE_CURVE('',#972,#969,#447,.T.);
#1205=EDGE_CURVE('',#961,#965,#448,.T.);
#1206=EDGE_CURVE('',#972,#971,#449,.T.);
#1207=EDGE_CURVE('',#973,#973,#20,.T.);
#1208=EDGE_CURVE('',#973,#974,#21,.T.);
#1209=EDGE_CURVE('',#974,#974,#22,.T.);
#1210=EDGE_CURVE('',#975,#975,#23,.T.);
#1211=EDGE_CURVE('',#975,#973,#24,.T.);
#1212=EDGE_CURVE('',#976,#976,#25,.T.);
#1213=EDGE_CURVE('',#976,#975,#26,.T.);
#1214=EDGE_CURVE('',#977,#977,#27,.T.);
#1215=EDGE_CURVE('',#977,#976,#28,.T.);
#1216=EDGE_CURVE('',#978,#979,#450,.T.);
#1217=EDGE_CURVE('',#979,#980,#451,.T.);
#1218=EDGE_CURVE('',#980,#981,#452,.T.);
#1219=EDGE_CURVE('',#978,#981,#453,.T.);
#1220=EDGE_CURVE('',#979,#982,#454,.T.);
#1221=EDGE_CURVE('',#982,#983,#455,.T.);
#1222=EDGE_CURVE('',#980,#983,#456,.T.);
#1223=EDGE_CURVE('',#978,#984,#457,.T.);
#1224=EDGE_CURVE('',#984,#982,#458,.T.);
#1225=EDGE_CURVE('',#981,#985,#459,.T.);
#1226=EDGE_CURVE('',#985,#984,#460,.T.);
#1227=EDGE_CURVE('',#983,#985,#461,.T.);
#1228=EDGE_CURVE('',#986,#987,#462,.T.);
#1229=EDGE_CURVE('',#987,#988,#463,.T.);
#1230=EDGE_CURVE('',#988,#989,#464,.T.);
#1231=EDGE_CURVE('',#986,#989,#465,.T.);
#1232=EDGE_CURVE('',#987,#990,#466,.T.);
#1233=EDGE_CURVE('',#990,#991,#467,.T.);
#1234=EDGE_CURVE('',#988,#991,#468,.T.);
#1235=EDGE_CURVE('',#986,#992,#469,.T.);
#1236=EDGE_CURVE('',#992,#990,#470,.T.);
#1237=EDGE_CURVE('',#989,#993,#471,.T.);
#1238=EDGE_CURVE('',#993,#992,#472,.T.);
#1239=EDGE_CURVE('',#991,#993,#473,.T.);
#1240=EDGE_CURVE('',#994,#995,#474,.T.);
#1241=EDGE_CURVE('',#996,#995,#475,.T.);
#1242=EDGE_CURVE('',#996,#997,#476,.T.);
#1243=EDGE_CURVE('',#997,#994,#477,.T.);
#1244=EDGE_CURVE('',#995,#998,#478,.T.);
#1245=EDGE_CURVE('',#998,#999,#479,.T.);
#1246=EDGE_CURVE('',#996,#999,#480,.T.);
#1247=EDGE_CURVE('',#994,#1000,#481,.T.);
#1248=EDGE_CURVE('',#1000,#998,#482,.T.);
#1249=EDGE_CURVE('',#997,#1001,#483,.T.);
#1250=EDGE_CURVE('',#1001,#1000,#484,.T.);
#1251=EDGE_CURVE('',#999,#1001,#485,.T.);
#1252=EDGE_CURVE('',#1002,#1003,#486,.T.);
#1253=EDGE_CURVE('',#1003,#1004,#487,.T.);
#1254=EDGE_CURVE('',#1004,#1005,#488,.T.);
#1255=EDGE_CURVE('',#1002,#1005,#489,.T.);
#1256=EDGE_CURVE('',#1003,#1006,#490,.T.);
#1257=EDGE_CURVE('',#1006,#1007,#491,.T.);
#1258=EDGE_CURVE('',#1004,#1007,#492,.T.);
#1259=EDGE_CURVE('',#1002,#1008,#493,.T.);
#1260=EDGE_CURVE('',#1008,#1006,#494,.T.);
#1261=EDGE_CURVE('',#1005,#1009,#495,.T.);
#1262=EDGE_CURVE('',#1009,#1008,#496,.T.);
#1263=EDGE_CURVE('',#1007,#1009,#497,.T.);
#1264=EDGE_CURVE('',#1010,#1011,#498,.T.);
#1265=EDGE_CURVE('',#1011,#1012,#499,.T.);
#1266=EDGE_CURVE('',#1013,#1012,#500,.T.);
#1267=EDGE_CURVE('',#1013,#1010,#501,.T.);
#1268=EDGE_CURVE('',#1014,#1011,#502,.T.);
#1269=EDGE_CURVE('',#1010,#1015,#503,.T.);
#1270=EDGE_CURVE('',#1015,#1014,#504,.T.);
#1271=EDGE_CURVE('',#1014,#1016,#505,.T.);
#1272=EDGE_CURVE('',#1016,#1017,#506,.T.);
#1273=EDGE_CURVE('',#1018,#1017,#507,.T.);
#1274=EDGE_CURVE('',#1012,#1018,#508,.T.);
#1275=EDGE_CURVE('',#1015,#1019,#509,.T.);
#1276=EDGE_CURVE('',#1019,#1016,#510,.T.);
#1277=EDGE_CURVE('',#1020,#1019,#511,.T.);
#1278=EDGE_CURVE('',#1013,#1021,#512,.T.);
#1279=EDGE_CURVE('',#1020,#1021,#513,.T.);
#1280=EDGE_CURVE('',#1021,#1018,#514,.T.);
#1281=EDGE_CURVE('',#1022,#1023,#515,.T.);
#1282=EDGE_CURVE('',#1024,#1023,#516,.T.);
#1283=EDGE_CURVE('',#1024,#1025,#517,.T.);
#1284=EDGE_CURVE('',#1025,#1022,#518,.T.);
#1285=EDGE_CURVE('',#1023,#1026,#519,.T.);
#1286=EDGE_CURVE('',#1027,#1026,#520,.T.);
#1287=EDGE_CURVE('',#1027,#1024,#521,.T.);
#1288=EDGE_CURVE('',#1026,#1028,#522,.T.);
#1289=EDGE_CURVE('',#1029,#1028,#523,.T.);
#1290=EDGE_CURVE('',#1027,#1029,#524,.T.);
#1291=EDGE_CURVE('',#1028,#1030,#525,.T.);
#1292=EDGE_CURVE('',#1022,#1031,#526,.T.);
#1293=EDGE_CURVE('',#1031,#1030,#527,.T.);
#1294=EDGE_CURVE('',#1025,#1032,#528,.T.);
#1295=EDGE_CURVE('',#1032,#1031,#529,.T.);
#1296=EDGE_CURVE('',#1033,#1032,#530,.T.);
#1297=EDGE_CURVE('',#1033,#1029,#531,.T.);
#1298=EDGE_CURVE('',#1034,#1035,#532,.T.);
#1299=EDGE_CURVE('',#1035,#1036,#533,.T.);
#1300=EDGE_CURVE('',#1036,#1037,#534,.T.);
#1301=EDGE_CURVE('',#1037,#1038,#535,.T.);
#1302=EDGE_CURVE('',#1038,#1034,#536,.T.);
#1303=EDGE_CURVE('',#1035,#1039,#537,.T.);
#1304=EDGE_CURVE('',#1040,#1039,#538,.T.);
#1305=EDGE_CURVE('',#1036,#1040,#539,.T.);
#1306=EDGE_CURVE('',#1034,#1041,#540,.T.);
#1307=EDGE_CURVE('',#1039,#1041,#541,.T.);
#1308=EDGE_CURVE('',#1038,#1042,#542,.T.);
#1309=EDGE_CURVE('',#1041,#1042,#543,.T.);
#1310=EDGE_CURVE('',#1037,#1043,#544,.T.);
#1311=EDGE_CURVE('',#1042,#1043,#545,.T.);
#1312=EDGE_CURVE('',#1043,#1040,#546,.T.);
#1313=EDGE_CURVE('',#1044,#1045,#547,.T.);
#1314=EDGE_CURVE('',#1046,#1045,#548,.T.);
#1315=EDGE_CURVE('',#1046,#1047,#549,.T.);
#1316=EDGE_CURVE('',#1047,#1044,#550,.T.);
#1317=EDGE_CURVE('',#1045,#1048,#551,.T.);
#1318=EDGE_CURVE('',#1049,#1048,#552,.T.);
#1319=EDGE_CURVE('',#1049,#1046,#553,.T.);
#1320=EDGE_CURVE('',#1048,#1050,#554,.T.);
#1321=EDGE_CURVE('',#1051,#1050,#555,.T.);
#1322=EDGE_CURVE('',#1049,#1051,#556,.T.);
#1323=EDGE_CURVE('',#1050,#1052,#557,.T.);
#1324=EDGE_CURVE('',#1044,#1053,#558,.T.);
#1325=EDGE_CURVE('',#1053,#1052,#559,.T.);
#1326=EDGE_CURVE('',#1047,#1054,#560,.T.);
#1327=EDGE_CURVE('',#1054,#1053,#561,.T.);
#1328=EDGE_CURVE('',#1055,#1054,#562,.T.);
#1329=EDGE_CURVE('',#1055,#1051,#563,.T.);
#1330=EDGE_CURVE('',#1056,#1057,#564,.T.);
#1331=EDGE_CURVE('',#1057,#1058,#565,.T.);
#1332=EDGE_CURVE('',#1058,#1059,#566,.T.);
#1333=EDGE_CURVE('',#1056,#1059,#567,.T.);
#1334=EDGE_CURVE('',#1059,#1060,#568,.T.);
#1335=EDGE_CURVE('',#1061,#1060,#569,.T.);
#1336=EDGE_CURVE('',#1061,#1056,#570,.T.);
#1337=EDGE_CURVE('',#1060,#1062,#571,.T.);
#1338=EDGE_CURVE('',#1063,#1062,#572,.T.);
#1339=EDGE_CURVE('',#1061,#1063,#573,.T.);
#1340=EDGE_CURVE('',#1062,#1064,#574,.T.);
#1341=EDGE_CURVE('',#1058,#1065,#575,.T.);
#1342=EDGE_CURVE('',#1065,#1064,#576,.T.);
#1343=EDGE_CURVE('',#1057,#1066,#577,.T.);
#1344=EDGE_CURVE('',#1066,#1065,#578,.T.);
#1345=EDGE_CURVE('',#1067,#1066,#579,.T.);
#1346=EDGE_CURVE('',#1067,#1063,#580,.T.);
#1347=EDGE_CURVE('',#1064,#1055,#581,.T.);
#1348=EDGE_CURVE('',#1068,#1067,#582,.T.);
#1349=EDGE_CURVE('',#1069,#1068,#583,.T.);
#1350=EDGE_CURVE('',#1069,#1070,#584,.T.);
#1351=EDGE_CURVE('',#1070,#1071,#585,.T.);
#1352=EDGE_CURVE('',#1052,#1071,#586,.T.);
#1353=EDGE_CURVE('',#1030,#1020,#587,.T.);
#1354=EDGE_CURVE('',#1017,#1072,#588,.T.);
#1355=EDGE_CURVE('',#1072,#1068,#589,.T.);
#1356=EDGE_CURVE('',#1071,#1073,#590,.T.);
#1357=EDGE_CURVE('',#1073,#1033,#591,.T.);
#1358=EDGE_CURVE('',#1074,#1072,#592,.T.);
#1359=EDGE_CURVE('',#1074,#1069,#593,.T.);
#1360=EDGE_CURVE('',#1075,#1074,#594,.T.);
#1361=EDGE_CURVE('',#1070,#1075,#595,.T.);
#1362=EDGE_CURVE('',#1075,#1073,#596,.T.);
#1363=EDGE_CURVE('',#1076,#1077,#597,.T.);
#1364=EDGE_CURVE('',#1077,#1078,#598,.T.);
#1365=EDGE_CURVE('',#1078,#1079,#599,.T.);
#1366=EDGE_CURVE('',#1079,#1076,#600,.T.);
#1367=EDGE_CURVE('',#1080,#1077,#601,.T.);
#1368=EDGE_CURVE('',#1080,#1081,#602,.T.);
#1369=EDGE_CURVE('',#1081,#1078,#603,.T.);
#1370=EDGE_CURVE('',#1082,#1081,#604,.T.);
#1371=EDGE_CURVE('',#1082,#1079,#605,.T.);
#1372=EDGE_CURVE('',#1082,#1083,#606,.T.);
#1373=EDGE_CURVE('',#1083,#1076,#607,.T.);
#1374=EDGE_CURVE('',#1083,#1080,#608,.T.);
#1375=ORIENTED_EDGE('',*,*,#1084,.F.);
#1376=ORIENTED_EDGE('',*,*,#1085,.T.);
#1377=ORIENTED_EDGE('',*,*,#1086,.F.);
#1378=ORIENTED_EDGE('',*,*,#1087,.F.);
#1379=ORIENTED_EDGE('',*,*,#1087,.T.);
#1380=ORIENTED_EDGE('',*,*,#1088,.T.);
#1381=ORIENTED_EDGE('',*,*,#1089,.F.);
#1382=ORIENTED_EDGE('',*,*,#1090,.F.);
#1383=ORIENTED_EDGE('',*,*,#1091,.F.);
#1384=ORIENTED_EDGE('',*,*,#1084,.T.);
#1385=ORIENTED_EDGE('',*,*,#1090,.T.);
#1386=ORIENTED_EDGE('',*,*,#1092,.F.);
#1387=ORIENTED_EDGE('',*,*,#1093,.F.);
#1388=ORIENTED_EDGE('',*,*,#1085,.F.);
#1389=ORIENTED_EDGE('',*,*,#1091,.T.);
#1390=ORIENTED_EDGE('',*,*,#1094,.F.);
#1391=ORIENTED_EDGE('',*,*,#1088,.F.);
#1392=ORIENTED_EDGE('',*,*,#1086,.T.);
#1393=ORIENTED_EDGE('',*,*,#1093,.T.);
#1394=ORIENTED_EDGE('',*,*,#1095,.F.);
#1395=ORIENTED_EDGE('',*,*,#1089,.T.);
#1396=ORIENTED_EDGE('',*,*,#1095,.T.);
#1397=ORIENTED_EDGE('',*,*,#1094,.T.);
#1398=ORIENTED_EDGE('',*,*,#1092,.T.);
#1399=ORIENTED_EDGE('',*,*,#1096,.F.);
#1400=ORIENTED_EDGE('',*,*,#1097,.F.);
#1401=ORIENTED_EDGE('',*,*,#1098,.F.);
#1402=ORIENTED_EDGE('',*,*,#1099,.T.);
#1403=ORIENTED_EDGE('',*,*,#1099,.F.);
#1404=ORIENTED_EDGE('',*,*,#1100,.T.);
#1405=ORIENTED_EDGE('',*,*,#1101,.F.);
#1406=ORIENTED_EDGE('',*,*,#1102,.F.);
#1407=ORIENTED_EDGE('',*,*,#1103,.F.);
#1408=ORIENTED_EDGE('',*,*,#1096,.T.);
#1409=ORIENTED_EDGE('',*,*,#1102,.T.);
#1410=ORIENTED_EDGE('',*,*,#1104,.F.);
#1411=ORIENTED_EDGE('',*,*,#1105,.F.);
#1412=ORIENTED_EDGE('',*,*,#1097,.T.);
#1413=ORIENTED_EDGE('',*,*,#1103,.T.);
#1414=ORIENTED_EDGE('',*,*,#1106,.F.);
#1415=ORIENTED_EDGE('',*,*,#1100,.F.);
#1416=ORIENTED_EDGE('',*,*,#1098,.T.);
#1417=ORIENTED_EDGE('',*,*,#1105,.T.);
#1418=ORIENTED_EDGE('',*,*,#1107,.F.);
#1419=ORIENTED_EDGE('',*,*,#1101,.T.);
#1420=ORIENTED_EDGE('',*,*,#1107,.T.);
#1421=ORIENTED_EDGE('',*,*,#1106,.T.);
#1422=ORIENTED_EDGE('',*,*,#1104,.T.);
#1423=ORIENTED_EDGE('',*,*,#1108,.F.);
#1424=ORIENTED_EDGE('',*,*,#1109,.T.);
#1425=ORIENTED_EDGE('',*,*,#1110,.F.);
#1426=ORIENTED_EDGE('',*,*,#1111,.F.);
#1427=ORIENTED_EDGE('',*,*,#1111,.T.);
#1428=ORIENTED_EDGE('',*,*,#1112,.T.);
#1429=ORIENTED_EDGE('',*,*,#1113,.F.);
#1430=ORIENTED_EDGE('',*,*,#1114,.F.);
#1431=ORIENTED_EDGE('',*,*,#1115,.F.);
#1432=ORIENTED_EDGE('',*,*,#1108,.T.);
#1433=ORIENTED_EDGE('',*,*,#1114,.T.);
#1434=ORIENTED_EDGE('',*,*,#1116,.F.);
#1435=ORIENTED_EDGE('',*,*,#1117,.F.);
#1436=ORIENTED_EDGE('',*,*,#1109,.F.);
#1437=ORIENTED_EDGE('',*,*,#1115,.T.);
#1438=ORIENTED_EDGE('',*,*,#1118,.F.);
#1439=ORIENTED_EDGE('',*,*,#1112,.F.);
#1440=ORIENTED_EDGE('',*,*,#1110,.T.);
#1441=ORIENTED_EDGE('',*,*,#1117,.T.);
#1442=ORIENTED_EDGE('',*,*,#1119,.F.);
#1443=ORIENTED_EDGE('',*,*,#1113,.T.);
#1444=ORIENTED_EDGE('',*,*,#1119,.T.);
#1445=ORIENTED_EDGE('',*,*,#1118,.T.);
#1446=ORIENTED_EDGE('',*,*,#1116,.T.);
#1447=ORIENTED_EDGE('',*,*,#1120,.F.);
#1448=ORIENTED_EDGE('',*,*,#1121,.F.);
#1449=ORIENTED_EDGE('',*,*,#1122,.T.);
#1450=ORIENTED_EDGE('',*,*,#1123,.F.);
#1451=ORIENTED_EDGE('',*,*,#1124,.F.);
#1452=ORIENTED_EDGE('',*,*,#1125,.F.);
#1453=ORIENTED_EDGE('',*,*,#1126,.F.);
#1454=ORIENTED_EDGE('',*,*,#1120,.T.);
#1455=ORIENTED_EDGE('',*,*,#1127,.F.);
#1456=ORIENTED_EDGE('',*,*,#1122,.F.);
#1457=ORIENTED_EDGE('',*,*,#1128,.T.);
#1458=ORIENTED_EDGE('',*,*,#1129,.T.);
#1459=ORIENTED_EDGE('',*,*,#1123,.T.);
#1460=ORIENTED_EDGE('',*,*,#1127,.T.);
#1461=ORIENTED_EDGE('',*,*,#1130,.T.);
#1462=ORIENTED_EDGE('',*,*,#1131,.F.);
#1463=ORIENTED_EDGE('',*,*,#1132,.F.);
#1464=ORIENTED_EDGE('',*,*,#1124,.T.);
#1465=ORIENTED_EDGE('',*,*,#1133,.F.);
#1466=ORIENTED_EDGE('',*,*,#1125,.T.);
#1467=ORIENTED_EDGE('',*,*,#1132,.T.);
#1468=ORIENTED_EDGE('',*,*,#1134,.F.);
#1469=ORIENTED_EDGE('',*,*,#1135,.F.);
#1470=ORIENTED_EDGE('',*,*,#1136,.T.);
#1471=ORIENTED_EDGE('',*,*,#1128,.F.);
#1472=ORIENTED_EDGE('',*,*,#1121,.T.);
#1473=ORIENTED_EDGE('',*,*,#1126,.T.);
#1474=ORIENTED_EDGE('',*,*,#1133,.T.);
#1475=ORIENTED_EDGE('',*,*,#1136,.F.);
#1476=ORIENTED_EDGE('',*,*,#1137,.T.);
#1477=ORIENTED_EDGE('',*,*,#1130,.F.);
#1478=ORIENTED_EDGE('',*,*,#1129,.F.);
#1479=ORIENTED_EDGE('',*,*,#1137,.F.);
#1480=ORIENTED_EDGE('',*,*,#1135,.T.);
#1481=ORIENTED_EDGE('',*,*,#1134,.T.);
#1482=ORIENTED_EDGE('',*,*,#1131,.T.);
#1483=ORIENTED_EDGE('',*,*,#1138,.F.);
#1484=ORIENTED_EDGE('',*,*,#1139,.F.);
#1485=ORIENTED_EDGE('',*,*,#1140,.T.);
#1486=ORIENTED_EDGE('',*,*,#1141,.F.);
#1487=ORIENTED_EDGE('',*,*,#1142,.F.);
#1488=ORIENTED_EDGE('',*,*,#1143,.F.);
#1489=ORIENTED_EDGE('',*,*,#1144,.F.);
#1490=ORIENTED_EDGE('',*,*,#1138,.T.);
#1491=ORIENTED_EDGE('',*,*,#1140,.F.);
#1492=ORIENTED_EDGE('',*,*,#1145,.T.);
#1493=ORIENTED_EDGE('',*,*,#1146,.T.);
#1494=ORIENTED_EDGE('',*,*,#1147,.F.);
#1495=ORIENTED_EDGE('',*,*,#1148,.T.);
#1496=ORIENTED_EDGE('',*,*,#1149,.F.);
#1497=ORIENTED_EDGE('',*,*,#1150,.F.);
#1498=ORIENTED_EDGE('',*,*,#1142,.T.);
#1499=ORIENTED_EDGE('',*,*,#1141,.T.);
#1500=ORIENTED_EDGE('',*,*,#1147,.T.);
#1501=ORIENTED_EDGE('',*,*,#1151,.F.);
#1502=ORIENTED_EDGE('',*,*,#1143,.T.);
#1503=ORIENTED_EDGE('',*,*,#1150,.T.);
#1504=ORIENTED_EDGE('',*,*,#1152,.F.);
#1505=ORIENTED_EDGE('',*,*,#1153,.F.);
#1506=ORIENTED_EDGE('',*,*,#1154,.T.);
#1507=ORIENTED_EDGE('',*,*,#1145,.F.);
#1508=ORIENTED_EDGE('',*,*,#1139,.T.);
#1509=ORIENTED_EDGE('',*,*,#1144,.T.);
#1510=ORIENTED_EDGE('',*,*,#1151,.T.);
#1511=ORIENTED_EDGE('',*,*,#1154,.F.);
#1512=ORIENTED_EDGE('',*,*,#1155,.T.);
#1513=ORIENTED_EDGE('',*,*,#1148,.F.);
#1514=ORIENTED_EDGE('',*,*,#1146,.F.);
#1515=ORIENTED_EDGE('',*,*,#1155,.F.);
#1516=ORIENTED_EDGE('',*,*,#1153,.T.);
#1517=ORIENTED_EDGE('',*,*,#1152,.T.);
#1518=ORIENTED_EDGE('',*,*,#1149,.T.);
#1519=ORIENTED_EDGE('',*,*,#1156,.F.);
#1520=ORIENTED_EDGE('',*,*,#1157,.F.);
#1521=ORIENTED_EDGE('',*,*,#1158,.F.);
#1522=ORIENTED_EDGE('',*,*,#1159,.F.);
#1523=ORIENTED_EDGE('',*,*,#1160,.F.);
#1524=ORIENTED_EDGE('',*,*,#1160,.T.);
#1525=ORIENTED_EDGE('',*,*,#1161,.T.);
#1526=ORIENTED_EDGE('',*,*,#1162,.T.);
#1527=ORIENTED_EDGE('',*,*,#1163,.F.);
#1528=ORIENTED_EDGE('',*,*,#1164,.F.);
#1529=ORIENTED_EDGE('',*,*,#1156,.T.);
#1530=ORIENTED_EDGE('',*,*,#1163,.T.);
#1531=ORIENTED_EDGE('',*,*,#1165,.T.);
#1532=ORIENTED_EDGE('',*,*,#1166,.F.);
#1533=ORIENTED_EDGE('',*,*,#1157,.T.);
#1534=ORIENTED_EDGE('',*,*,#1164,.T.);
#1535=ORIENTED_EDGE('',*,*,#1167,.T.);
#1536=ORIENTED_EDGE('',*,*,#1168,.F.);
#1537=ORIENTED_EDGE('',*,*,#1158,.T.);
#1538=ORIENTED_EDGE('',*,*,#1166,.T.);
#1539=ORIENTED_EDGE('',*,*,#1169,.T.);
#1540=ORIENTED_EDGE('',*,*,#1161,.F.);
#1541=ORIENTED_EDGE('',*,*,#1159,.T.);
#1542=ORIENTED_EDGE('',*,*,#1168,.T.);
#1543=ORIENTED_EDGE('',*,*,#1170,.T.);
#1544=ORIENTED_EDGE('',*,*,#1170,.F.);
#1545=ORIENTED_EDGE('',*,*,#1169,.F.);
#1546=ORIENTED_EDGE('',*,*,#1167,.F.);
#1547=ORIENTED_EDGE('',*,*,#1165,.F.);
#1548=ORIENTED_EDGE('',*,*,#1162,.F.);
#1549=ORIENTED_EDGE('',*,*,#1171,.F.);
#1550=ORIENTED_EDGE('',*,*,#1172,.F.);
#1551=ORIENTED_EDGE('',*,*,#1173,.F.);
#1552=ORIENTED_EDGE('',*,*,#1174,.T.);
#1553=ORIENTED_EDGE('',*,*,#1174,.F.);
#1554=ORIENTED_EDGE('',*,*,#1175,.F.);
#1555=ORIENTED_EDGE('',*,*,#1176,.T.);
#1556=ORIENTED_EDGE('',*,*,#1177,.F.);
#1557=ORIENTED_EDGE('',*,*,#1178,.F.);
#1558=ORIENTED_EDGE('',*,*,#1172,.T.);
#1559=ORIENTED_EDGE('',*,*,#1179,.T.);
#1560=ORIENTED_EDGE('',*,*,#1180,.F.);
#1561=ORIENTED_EDGE('',*,*,#1176,.F.);
#1562=ORIENTED_EDGE('',*,*,#1181,.T.);
#1563=ORIENTED_EDGE('',*,*,#1182,.T.);
#1564=ORIENTED_EDGE('',*,*,#1183,.F.);
#1565=ORIENTED_EDGE('',*,*,#1184,.T.);
#1566=ORIENTED_EDGE('',*,*,#1185,.F.);
#1567=ORIENTED_EDGE('',*,*,#1179,.F.);
#1568=ORIENTED_EDGE('',*,*,#1171,.T.);
#1569=ORIENTED_EDGE('',*,*,#1177,.T.);
#1570=ORIENTED_EDGE('',*,*,#1183,.T.);
#1571=ORIENTED_EDGE('',*,*,#1186,.F.);
#1572=ORIENTED_EDGE('',*,*,#1187,.T.);
#1573=ORIENTED_EDGE('',*,*,#1181,.F.);
#1574=ORIENTED_EDGE('',*,*,#1175,.T.);
#1575=ORIENTED_EDGE('',*,*,#1173,.T.);
#1576=ORIENTED_EDGE('',*,*,#1178,.T.);
#1577=ORIENTED_EDGE('',*,*,#1188,.F.);
#1578=ORIENTED_EDGE('',*,*,#1186,.T.);
#1579=ORIENTED_EDGE('',*,*,#1180,.T.);
#1580=ORIENTED_EDGE('',*,*,#1185,.T.);
#1581=ORIENTED_EDGE('',*,*,#1187,.F.);
#1582=ORIENTED_EDGE('',*,*,#1188,.T.);
#1583=ORIENTED_EDGE('',*,*,#1184,.F.);
#1584=ORIENTED_EDGE('',*,*,#1182,.F.);
#1585=ORIENTED_EDGE('',*,*,#1189,.F.);
#1586=ORIENTED_EDGE('',*,*,#1190,.F.);
#1587=ORIENTED_EDGE('',*,*,#1191,.T.);
#1588=ORIENTED_EDGE('',*,*,#1192,.F.);
#1589=ORIENTED_EDGE('',*,*,#1193,.F.);
#1590=ORIENTED_EDGE('',*,*,#1194,.T.);
#1591=ORIENTED_EDGE('',*,*,#1195,.T.);
#1592=ORIENTED_EDGE('',*,*,#1196,.F.);
#1593=ORIENTED_EDGE('',*,*,#1191,.F.);
#1594=ORIENTED_EDGE('',*,*,#1197,.T.);
#1595=ORIENTED_EDGE('',*,*,#1198,.T.);
#1596=ORIENTED_EDGE('',*,*,#1199,.F.);
#1597=ORIENTED_EDGE('',*,*,#1200,.T.);
#1598=ORIENTED_EDGE('',*,*,#1201,.F.);
#1599=ORIENTED_EDGE('',*,*,#1195,.F.);
#1600=ORIENTED_EDGE('',*,*,#1202,.T.);
#1601=ORIENTED_EDGE('',*,*,#1192,.T.);
#1602=ORIENTED_EDGE('',*,*,#1199,.T.);
#1603=ORIENTED_EDGE('',*,*,#1203,.F.);
#1604=ORIENTED_EDGE('',*,*,#1204,.T.);
#1605=ORIENTED_EDGE('',*,*,#1197,.F.);
#1606=ORIENTED_EDGE('',*,*,#1190,.T.);
#1607=ORIENTED_EDGE('',*,*,#1205,.T.);
#1608=ORIENTED_EDGE('',*,*,#1193,.T.);
#1609=ORIENTED_EDGE('',*,*,#1206,.F.);
#1610=ORIENTED_EDGE('',*,*,#1203,.T.);
#1611=ORIENTED_EDGE('',*,*,#1196,.T.);
#1612=ORIENTED_EDGE('',*,*,#1201,.T.);
#1613=ORIENTED_EDGE('',*,*,#1204,.F.);
#1614=ORIENTED_EDGE('',*,*,#1206,.T.);
#1615=ORIENTED_EDGE('',*,*,#1200,.F.);
#1616=ORIENTED_EDGE('',*,*,#1198,.F.);
#1617=ORIENTED_EDGE('',*,*,#1205,.F.);
#1618=ORIENTED_EDGE('',*,*,#1189,.T.);
#1619=ORIENTED_EDGE('',*,*,#1202,.F.);
#1620=ORIENTED_EDGE('',*,*,#1194,.F.);
#1621=ORIENTED_EDGE('',*,*,#1207,.F.);
#1622=ORIENTED_EDGE('',*,*,#1208,.T.);
#1623=ORIENTED_EDGE('',*,*,#1209,.T.);
#1624=ORIENTED_EDGE('',*,*,#1208,.F.);
#1625=ORIENTED_EDGE('',*,*,#1210,.F.);
#1626=ORIENTED_EDGE('',*,*,#1211,.T.);
#1627=ORIENTED_EDGE('',*,*,#1207,.T.);
#1628=ORIENTED_EDGE('',*,*,#1211,.F.);
#1629=ORIENTED_EDGE('',*,*,#1212,.F.);
#1630=ORIENTED_EDGE('',*,*,#1213,.T.);
#1631=ORIENTED_EDGE('',*,*,#1210,.T.);
#1632=ORIENTED_EDGE('',*,*,#1213,.F.);
#1633=ORIENTED_EDGE('',*,*,#1214,.F.);
#1634=ORIENTED_EDGE('',*,*,#1215,.T.);
#1635=ORIENTED_EDGE('',*,*,#1212,.T.);
#1636=ORIENTED_EDGE('',*,*,#1215,.F.);
#1637=ORIENTED_EDGE('',*,*,#1216,.T.);
#1638=ORIENTED_EDGE('',*,*,#1217,.T.);
#1639=ORIENTED_EDGE('',*,*,#1218,.T.);
#1640=ORIENTED_EDGE('',*,*,#1219,.F.);
#1641=ORIENTED_EDGE('',*,*,#1217,.F.);
#1642=ORIENTED_EDGE('',*,*,#1220,.T.);
#1643=ORIENTED_EDGE('',*,*,#1221,.T.);
#1644=ORIENTED_EDGE('',*,*,#1222,.F.);
#1645=ORIENTED_EDGE('',*,*,#1223,.T.);
#1646=ORIENTED_EDGE('',*,*,#1224,.T.);
#1647=ORIENTED_EDGE('',*,*,#1220,.F.);
#1648=ORIENTED_EDGE('',*,*,#1216,.F.);
#1649=ORIENTED_EDGE('',*,*,#1225,.T.);
#1650=ORIENTED_EDGE('',*,*,#1226,.T.);
#1651=ORIENTED_EDGE('',*,*,#1223,.F.);
#1652=ORIENTED_EDGE('',*,*,#1219,.T.);
#1653=ORIENTED_EDGE('',*,*,#1222,.T.);
#1654=ORIENTED_EDGE('',*,*,#1227,.T.);
#1655=ORIENTED_EDGE('',*,*,#1225,.F.);
#1656=ORIENTED_EDGE('',*,*,#1218,.F.);
#1657=ORIENTED_EDGE('',*,*,#1228,.T.);
#1658=ORIENTED_EDGE('',*,*,#1229,.T.);
#1659=ORIENTED_EDGE('',*,*,#1230,.T.);
#1660=ORIENTED_EDGE('',*,*,#1231,.F.);
#1661=ORIENTED_EDGE('',*,*,#1229,.F.);
#1662=ORIENTED_EDGE('',*,*,#1232,.T.);
#1663=ORIENTED_EDGE('',*,*,#1233,.T.);
#1664=ORIENTED_EDGE('',*,*,#1234,.F.);
#1665=ORIENTED_EDGE('',*,*,#1235,.T.);
#1666=ORIENTED_EDGE('',*,*,#1236,.T.);
#1667=ORIENTED_EDGE('',*,*,#1232,.F.);
#1668=ORIENTED_EDGE('',*,*,#1228,.F.);
#1669=ORIENTED_EDGE('',*,*,#1237,.T.);
#1670=ORIENTED_EDGE('',*,*,#1238,.T.);
#1671=ORIENTED_EDGE('',*,*,#1235,.F.);
#1672=ORIENTED_EDGE('',*,*,#1231,.T.);
#1673=ORIENTED_EDGE('',*,*,#1234,.T.);
#1674=ORIENTED_EDGE('',*,*,#1239,.T.);
#1675=ORIENTED_EDGE('',*,*,#1237,.F.);
#1676=ORIENTED_EDGE('',*,*,#1230,.F.);
#1677=ORIENTED_EDGE('',*,*,#1240,.T.);
#1678=ORIENTED_EDGE('',*,*,#1241,.F.);
#1679=ORIENTED_EDGE('',*,*,#1242,.T.);
#1680=ORIENTED_EDGE('',*,*,#1243,.T.);
#1681=ORIENTED_EDGE('',*,*,#1241,.T.);
#1682=ORIENTED_EDGE('',*,*,#1244,.T.);
#1683=ORIENTED_EDGE('',*,*,#1245,.T.);
#1684=ORIENTED_EDGE('',*,*,#1246,.F.);
#1685=ORIENTED_EDGE('',*,*,#1247,.T.);
#1686=ORIENTED_EDGE('',*,*,#1248,.T.);
#1687=ORIENTED_EDGE('',*,*,#1244,.F.);
#1688=ORIENTED_EDGE('',*,*,#1240,.F.);
#1689=ORIENTED_EDGE('',*,*,#1249,.T.);
#1690=ORIENTED_EDGE('',*,*,#1250,.T.);
#1691=ORIENTED_EDGE('',*,*,#1247,.F.);
#1692=ORIENTED_EDGE('',*,*,#1243,.F.);
#1693=ORIENTED_EDGE('',*,*,#1246,.T.);
#1694=ORIENTED_EDGE('',*,*,#1251,.T.);
#1695=ORIENTED_EDGE('',*,*,#1249,.F.);
#1696=ORIENTED_EDGE('',*,*,#1242,.F.);
#1697=ORIENTED_EDGE('',*,*,#1252,.T.);
#1698=ORIENTED_EDGE('',*,*,#1253,.T.);
#1699=ORIENTED_EDGE('',*,*,#1254,.T.);
#1700=ORIENTED_EDGE('',*,*,#1255,.F.);
#1701=ORIENTED_EDGE('',*,*,#1253,.F.);
#1702=ORIENTED_EDGE('',*,*,#1256,.T.);
#1703=ORIENTED_EDGE('',*,*,#1257,.T.);
#1704=ORIENTED_EDGE('',*,*,#1258,.F.);
#1705=ORIENTED_EDGE('',*,*,#1259,.T.);
#1706=ORIENTED_EDGE('',*,*,#1260,.T.);
#1707=ORIENTED_EDGE('',*,*,#1256,.F.);
#1708=ORIENTED_EDGE('',*,*,#1252,.F.);
#1709=ORIENTED_EDGE('',*,*,#1261,.T.);
#1710=ORIENTED_EDGE('',*,*,#1262,.T.);
#1711=ORIENTED_EDGE('',*,*,#1259,.F.);
#1712=ORIENTED_EDGE('',*,*,#1255,.T.);
#1713=ORIENTED_EDGE('',*,*,#1258,.T.);
#1714=ORIENTED_EDGE('',*,*,#1263,.T.);
#1715=ORIENTED_EDGE('',*,*,#1261,.F.);
#1716=ORIENTED_EDGE('',*,*,#1254,.F.);
#1717=ORIENTED_EDGE('',*,*,#1264,.T.);
#1718=ORIENTED_EDGE('',*,*,#1265,.T.);
#1719=ORIENTED_EDGE('',*,*,#1266,.F.);
#1720=ORIENTED_EDGE('',*,*,#1267,.T.);
#1721=ORIENTED_EDGE('',*,*,#1268,.T.);
#1722=ORIENTED_EDGE('',*,*,#1264,.F.);
#1723=ORIENTED_EDGE('',*,*,#1269,.T.);
#1724=ORIENTED_EDGE('',*,*,#1270,.T.);
#1725=ORIENTED_EDGE('',*,*,#1265,.F.);
#1726=ORIENTED_EDGE('',*,*,#1268,.F.);
#1727=ORIENTED_EDGE('',*,*,#1271,.T.);
#1728=ORIENTED_EDGE('',*,*,#1272,.T.);
#1729=ORIENTED_EDGE('',*,*,#1273,.F.);
#1730=ORIENTED_EDGE('',*,*,#1274,.F.);
#1731=ORIENTED_EDGE('',*,*,#1275,.T.);
#1732=ORIENTED_EDGE('',*,*,#1276,.T.);
#1733=ORIENTED_EDGE('',*,*,#1271,.F.);
#1734=ORIENTED_EDGE('',*,*,#1270,.F.);
#1735=ORIENTED_EDGE('',*,*,#1277,.T.);
#1736=ORIENTED_EDGE('',*,*,#1275,.F.);
#1737=ORIENTED_EDGE('',*,*,#1269,.F.);
#1738=ORIENTED_EDGE('',*,*,#1267,.F.);
#1739=ORIENTED_EDGE('',*,*,#1278,.T.);
#1740=ORIENTED_EDGE('',*,*,#1279,.F.);
#1741=ORIENTED_EDGE('',*,*,#1274,.T.);
#1742=ORIENTED_EDGE('',*,*,#1280,.F.);
#1743=ORIENTED_EDGE('',*,*,#1278,.F.);
#1744=ORIENTED_EDGE('',*,*,#1266,.T.);
#1745=ORIENTED_EDGE('',*,*,#1281,.T.);
#1746=ORIENTED_EDGE('',*,*,#1282,.F.);
#1747=ORIENTED_EDGE('',*,*,#1283,.T.);
#1748=ORIENTED_EDGE('',*,*,#1284,.T.);
#1749=ORIENTED_EDGE('',*,*,#1282,.T.);
#1750=ORIENTED_EDGE('',*,*,#1285,.T.);
#1751=ORIENTED_EDGE('',*,*,#1286,.F.);
#1752=ORIENTED_EDGE('',*,*,#1287,.T.);
#1753=ORIENTED_EDGE('',*,*,#1286,.T.);
#1754=ORIENTED_EDGE('',*,*,#1288,.T.);
#1755=ORIENTED_EDGE('',*,*,#1289,.F.);
#1756=ORIENTED_EDGE('',*,*,#1290,.F.);
#1757=ORIENTED_EDGE('',*,*,#1291,.F.);
#1758=ORIENTED_EDGE('',*,*,#1288,.F.);
#1759=ORIENTED_EDGE('',*,*,#1285,.F.);
#1760=ORIENTED_EDGE('',*,*,#1281,.F.);
#1761=ORIENTED_EDGE('',*,*,#1292,.T.);
#1762=ORIENTED_EDGE('',*,*,#1293,.T.);
#1763=ORIENTED_EDGE('',*,*,#1294,.T.);
#1764=ORIENTED_EDGE('',*,*,#1295,.T.);
#1765=ORIENTED_EDGE('',*,*,#1292,.F.);
#1766=ORIENTED_EDGE('',*,*,#1284,.F.);
#1767=ORIENTED_EDGE('',*,*,#1296,.T.);
#1768=ORIENTED_EDGE('',*,*,#1294,.F.);
#1769=ORIENTED_EDGE('',*,*,#1283,.F.);
#1770=ORIENTED_EDGE('',*,*,#1287,.F.);
#1771=ORIENTED_EDGE('',*,*,#1290,.T.);
#1772=ORIENTED_EDGE('',*,*,#1297,.F.);
#1773=ORIENTED_EDGE('',*,*,#1298,.T.);
#1774=ORIENTED_EDGE('',*,*,#1299,.T.);
#1775=ORIENTED_EDGE('',*,*,#1300,.T.);
#1776=ORIENTED_EDGE('',*,*,#1301,.T.);
#1777=ORIENTED_EDGE('',*,*,#1302,.T.);
#1778=ORIENTED_EDGE('',*,*,#1299,.F.);
#1779=ORIENTED_EDGE('',*,*,#1303,.T.);
#1780=ORIENTED_EDGE('',*,*,#1304,.F.);
#1781=ORIENTED_EDGE('',*,*,#1305,.F.);
#1782=ORIENTED_EDGE('',*,*,#1306,.T.);
#1783=ORIENTED_EDGE('',*,*,#1307,.F.);
#1784=ORIENTED_EDGE('',*,*,#1303,.F.);
#1785=ORIENTED_EDGE('',*,*,#1298,.F.);
#1786=ORIENTED_EDGE('',*,*,#1308,.T.);
#1787=ORIENTED_EDGE('',*,*,#1309,.F.);
#1788=ORIENTED_EDGE('',*,*,#1306,.F.);
#1789=ORIENTED_EDGE('',*,*,#1302,.F.);
#1790=ORIENTED_EDGE('',*,*,#1310,.T.);
#1791=ORIENTED_EDGE('',*,*,#1311,.F.);
#1792=ORIENTED_EDGE('',*,*,#1308,.F.);
#1793=ORIENTED_EDGE('',*,*,#1301,.F.);
#1794=ORIENTED_EDGE('',*,*,#1305,.T.);
#1795=ORIENTED_EDGE('',*,*,#1312,.F.);
#1796=ORIENTED_EDGE('',*,*,#1310,.F.);
#1797=ORIENTED_EDGE('',*,*,#1300,.F.);
#1798=ORIENTED_EDGE('',*,*,#1313,.T.);
#1799=ORIENTED_EDGE('',*,*,#1314,.F.);
#1800=ORIENTED_EDGE('',*,*,#1315,.T.);
#1801=ORIENTED_EDGE('',*,*,#1316,.T.);
#1802=ORIENTED_EDGE('',*,*,#1314,.T.);
#1803=ORIENTED_EDGE('',*,*,#1317,.T.);
#1804=ORIENTED_EDGE('',*,*,#1318,.F.);
#1805=ORIENTED_EDGE('',*,*,#1319,.T.);
#1806=ORIENTED_EDGE('',*,*,#1318,.T.);
#1807=ORIENTED_EDGE('',*,*,#1320,.T.);
#1808=ORIENTED_EDGE('',*,*,#1321,.F.);
#1809=ORIENTED_EDGE('',*,*,#1322,.F.);
#1810=ORIENTED_EDGE('',*,*,#1323,.F.);
#1811=ORIENTED_EDGE('',*,*,#1320,.F.);
#1812=ORIENTED_EDGE('',*,*,#1317,.F.);
#1813=ORIENTED_EDGE('',*,*,#1313,.F.);
#1814=ORIENTED_EDGE('',*,*,#1324,.T.);
#1815=ORIENTED_EDGE('',*,*,#1325,.T.);
#1816=ORIENTED_EDGE('',*,*,#1326,.T.);
#1817=ORIENTED_EDGE('',*,*,#1327,.T.);
#1818=ORIENTED_EDGE('',*,*,#1324,.F.);
#1819=ORIENTED_EDGE('',*,*,#1316,.F.);
#1820=ORIENTED_EDGE('',*,*,#1328,.T.);
#1821=ORIENTED_EDGE('',*,*,#1326,.F.);
#1822=ORIENTED_EDGE('',*,*,#1315,.F.);
#1823=ORIENTED_EDGE('',*,*,#1319,.F.);
#1824=ORIENTED_EDGE('',*,*,#1322,.T.);
#1825=ORIENTED_EDGE('',*,*,#1329,.F.);
#1826=ORIENTED_EDGE('',*,*,#1330,.T.);
#1827=ORIENTED_EDGE('',*,*,#1331,.T.);
#1828=ORIENTED_EDGE('',*,*,#1332,.T.);
#1829=ORIENTED_EDGE('',*,*,#1333,.F.);
#1830=ORIENTED_EDGE('',*,*,#1333,.T.);
#1831=ORIENTED_EDGE('',*,*,#1334,.T.);
#1832=ORIENTED_EDGE('',*,*,#1335,.F.);
#1833=ORIENTED_EDGE('',*,*,#1336,.T.);
#1834=ORIENTED_EDGE('',*,*,#1335,.T.);
#1835=ORIENTED_EDGE('',*,*,#1337,.T.);
#1836=ORIENTED_EDGE('',*,*,#1338,.F.);
#1837=ORIENTED_EDGE('',*,*,#1339,.F.);
#1838=ORIENTED_EDGE('',*,*,#1340,.F.);
#1839=ORIENTED_EDGE('',*,*,#1337,.F.);
#1840=ORIENTED_EDGE('',*,*,#1334,.F.);
#1841=ORIENTED_EDGE('',*,*,#1332,.F.);
#1842=ORIENTED_EDGE('',*,*,#1341,.T.);
#1843=ORIENTED_EDGE('',*,*,#1342,.T.);
#1844=ORIENTED_EDGE('',*,*,#1343,.T.);
#1845=ORIENTED_EDGE('',*,*,#1344,.T.);
#1846=ORIENTED_EDGE('',*,*,#1341,.F.);
#1847=ORIENTED_EDGE('',*,*,#1331,.F.);
#1848=ORIENTED_EDGE('',*,*,#1345,.T.);
#1849=ORIENTED_EDGE('',*,*,#1343,.F.);
#1850=ORIENTED_EDGE('',*,*,#1330,.F.);
#1851=ORIENTED_EDGE('',*,*,#1336,.F.);
#1852=ORIENTED_EDGE('',*,*,#1339,.T.);
#1853=ORIENTED_EDGE('',*,*,#1346,.F.);
#1854=ORIENTED_EDGE('',*,*,#1328,.F.);
#1855=ORIENTED_EDGE('',*,*,#1347,.F.);
#1856=ORIENTED_EDGE('',*,*,#1342,.F.);
#1857=ORIENTED_EDGE('',*,*,#1344,.F.);
#1858=ORIENTED_EDGE('',*,*,#1345,.F.);
#1859=ORIENTED_EDGE('',*,*,#1348,.F.);
#1860=ORIENTED_EDGE('',*,*,#1349,.F.);
#1861=ORIENTED_EDGE('',*,*,#1350,.T.);
#1862=ORIENTED_EDGE('',*,*,#1351,.T.);
#1863=ORIENTED_EDGE('',*,*,#1352,.F.);
#1864=ORIENTED_EDGE('',*,*,#1325,.F.);
#1865=ORIENTED_EDGE('',*,*,#1327,.F.);
#1866=ORIENTED_EDGE('',*,*,#1353,.T.);
#1867=ORIENTED_EDGE('',*,*,#1279,.T.);
#1868=ORIENTED_EDGE('',*,*,#1280,.T.);
#1869=ORIENTED_EDGE('',*,*,#1273,.T.);
#1870=ORIENTED_EDGE('',*,*,#1354,.T.);
#1871=ORIENTED_EDGE('',*,*,#1355,.T.);
#1872=ORIENTED_EDGE('',*,*,#1348,.T.);
#1873=ORIENTED_EDGE('',*,*,#1346,.T.);
#1874=ORIENTED_EDGE('',*,*,#1338,.T.);
#1875=ORIENTED_EDGE('',*,*,#1340,.T.);
#1876=ORIENTED_EDGE('',*,*,#1347,.T.);
#1877=ORIENTED_EDGE('',*,*,#1329,.T.);
#1878=ORIENTED_EDGE('',*,*,#1321,.T.);
#1879=ORIENTED_EDGE('',*,*,#1323,.T.);
#1880=ORIENTED_EDGE('',*,*,#1352,.T.);
#1881=ORIENTED_EDGE('',*,*,#1356,.T.);
#1882=ORIENTED_EDGE('',*,*,#1357,.T.);
#1883=ORIENTED_EDGE('',*,*,#1297,.T.);
#1884=ORIENTED_EDGE('',*,*,#1289,.T.);
#1885=ORIENTED_EDGE('',*,*,#1291,.T.);
#1886=ORIENTED_EDGE('',*,*,#1311,.T.);
#1887=ORIENTED_EDGE('',*,*,#1312,.T.);
#1888=ORIENTED_EDGE('',*,*,#1304,.T.);
#1889=ORIENTED_EDGE('',*,*,#1307,.T.);
#1890=ORIENTED_EDGE('',*,*,#1309,.T.);
#1891=ORIENTED_EDGE('',*,*,#1358,.F.);
#1892=ORIENTED_EDGE('',*,*,#1359,.T.);
#1893=ORIENTED_EDGE('',*,*,#1349,.T.);
#1894=ORIENTED_EDGE('',*,*,#1355,.F.);
#1895=ORIENTED_EDGE('',*,*,#1251,.F.);
#1896=ORIENTED_EDGE('',*,*,#1245,.F.);
#1897=ORIENTED_EDGE('',*,*,#1248,.F.);
#1898=ORIENTED_EDGE('',*,*,#1250,.F.);
#1899=ORIENTED_EDGE('',*,*,#1263,.F.);
#1900=ORIENTED_EDGE('',*,*,#1257,.F.);
#1901=ORIENTED_EDGE('',*,*,#1260,.F.);
#1902=ORIENTED_EDGE('',*,*,#1262,.F.);
#1903=ORIENTED_EDGE('',*,*,#1350,.F.);
#1904=ORIENTED_EDGE('',*,*,#1359,.F.);
#1905=ORIENTED_EDGE('',*,*,#1360,.F.);
#1906=ORIENTED_EDGE('',*,*,#1361,.F.);
#1907=ORIENTED_EDGE('',*,*,#1209,.F.);
#1908=ORIENTED_EDGE('',*,*,#1351,.F.);
#1909=ORIENTED_EDGE('',*,*,#1361,.T.);
#1910=ORIENTED_EDGE('',*,*,#1362,.T.);
#1911=ORIENTED_EDGE('',*,*,#1356,.F.);
#1912=ORIENTED_EDGE('',*,*,#1227,.F.);
#1913=ORIENTED_EDGE('',*,*,#1221,.F.);
#1914=ORIENTED_EDGE('',*,*,#1224,.F.);
#1915=ORIENTED_EDGE('',*,*,#1226,.F.);
#1916=ORIENTED_EDGE('',*,*,#1239,.F.);
#1917=ORIENTED_EDGE('',*,*,#1233,.F.);
#1918=ORIENTED_EDGE('',*,*,#1236,.F.);
#1919=ORIENTED_EDGE('',*,*,#1238,.F.);
#1920=ORIENTED_EDGE('',*,*,#1277,.F.);
#1921=ORIENTED_EDGE('',*,*,#1353,.F.);
#1922=ORIENTED_EDGE('',*,*,#1293,.F.);
#1923=ORIENTED_EDGE('',*,*,#1295,.F.);
#1924=ORIENTED_EDGE('',*,*,#1296,.F.);
#1925=ORIENTED_EDGE('',*,*,#1357,.F.);
#1926=ORIENTED_EDGE('',*,*,#1362,.F.);
#1927=ORIENTED_EDGE('',*,*,#1360,.T.);
#1928=ORIENTED_EDGE('',*,*,#1358,.T.);
#1929=ORIENTED_EDGE('',*,*,#1354,.F.);
#1930=ORIENTED_EDGE('',*,*,#1272,.F.);
#1931=ORIENTED_EDGE('',*,*,#1276,.F.);
#1932=ORIENTED_EDGE('',*,*,#1214,.T.);
#1933=ORIENTED_EDGE('',*,*,#1363,.T.);
#1934=ORIENTED_EDGE('',*,*,#1364,.T.);
#1935=ORIENTED_EDGE('',*,*,#1365,.T.);
#1936=ORIENTED_EDGE('',*,*,#1366,.T.);
#1937=ORIENTED_EDGE('',*,*,#1367,.F.);
#1938=ORIENTED_EDGE('',*,*,#1368,.T.);
#1939=ORIENTED_EDGE('',*,*,#1369,.T.);
#1940=ORIENTED_EDGE('',*,*,#1364,.F.);
#1941=ORIENTED_EDGE('',*,*,#1369,.F.);
#1942=ORIENTED_EDGE('',*,*,#1370,.F.);
#1943=ORIENTED_EDGE('',*,*,#1371,.T.);
#1944=ORIENTED_EDGE('',*,*,#1365,.F.);
#1945=ORIENTED_EDGE('',*,*,#1371,.F.);
#1946=ORIENTED_EDGE('',*,*,#1372,.T.);
#1947=ORIENTED_EDGE('',*,*,#1373,.T.);
#1948=ORIENTED_EDGE('',*,*,#1366,.F.);
#1949=ORIENTED_EDGE('',*,*,#1374,.T.);
#1950=ORIENTED_EDGE('',*,*,#1367,.T.);
#1951=ORIENTED_EDGE('',*,*,#1363,.F.);
#1952=ORIENTED_EDGE('',*,*,#1373,.F.);
#1953=ORIENTED_EDGE('',*,*,#1372,.F.);
#1954=ORIENTED_EDGE('',*,*,#1370,.T.);
#1955=ORIENTED_EDGE('',*,*,#1368,.F.);
#1956=ORIENTED_EDGE('',*,*,#1374,.F.);
#1957=PLANE('',#2224);
#1958=PLANE('',#2225);
#1959=PLANE('',#2226);
#1960=PLANE('',#2227);
#1961=PLANE('',#2228);
#1962=PLANE('',#2229);
#1963=PLANE('',#2230);
#1964=PLANE('',#2231);
#1965=PLANE('',#2232);
#1966=PLANE('',#2233);
#1967=PLANE('',#2234);
#1968=PLANE('',#2235);
#1969=PLANE('',#2236);
#1970=PLANE('',#2237);
#1971=PLANE('',#2238);
#1972=PLANE('',#2239);
#1973=PLANE('',#2240);
#1974=PLANE('',#2241);
#1975=PLANE('',#2242);
#1976=PLANE('',#2243);
#1977=PLANE('',#2244);
#1978=PLANE('',#2245);
#1979=PLANE('',#2246);
#1980=PLANE('',#2247);
#1981=PLANE('',#2248);
#1982=PLANE('',#2249);
#1983=PLANE('',#2250);
#1984=PLANE('',#2251);
#1985=PLANE('',#2252);
#1986=PLANE('',#2253);
#1987=PLANE('',#2254);
#1988=PLANE('',#2255);
#1989=PLANE('',#2256);
#1990=PLANE('',#2257);
#1991=PLANE('',#2258);
#1992=PLANE('',#2259);
#1993=PLANE('',#2260);
#1994=PLANE('',#2261);
#1995=PLANE('',#2262);
#1996=PLANE('',#2263);
#1997=PLANE('',#2264);
#1998=PLANE('',#2265);
#1999=PLANE('',#2266);
#2000=PLANE('',#2267);
#2001=PLANE('',#2268);
#2002=PLANE('',#2269);
#2003=PLANE('',#2270);
#2004=PLANE('',#2271);
#2005=PLANE('',#2272);
#2006=PLANE('',#2273);
#2007=PLANE('',#2274);
#2008=PLANE('',#2275);
#2009=PLANE('',#2276);
#2010=PLANE('',#2277);
#2011=PLANE('',#2278);
#2012=PLANE('',#2279);
#2013=PLANE('',#2280);
#2014=PLANE('',#2293);
#2015=PLANE('',#2294);
#2016=PLANE('',#2295);
#2017=PLANE('',#2296);
#2018=PLANE('',#2297);
#2019=PLANE('',#2298);
#2020=PLANE('',#2299);
#2021=PLANE('',#2300);
#2022=PLANE('',#2301);
#2023=PLANE('',#2302);
#2024=PLANE('',#2303);
#2025=PLANE('',#2304);
#2026=PLANE('',#2305);
#2027=PLANE('',#2306);
#2028=PLANE('',#2307);
#2029=PLANE('',#2308);
#2030=PLANE('',#2309);
#2031=PLANE('',#2310);
#2032=PLANE('',#2311);
#2033=PLANE('',#2312);
#2034=PLANE('',#2313);
#2035=PLANE('',#2314);
#2036=PLANE('',#2315);
#2037=PLANE('',#2316);
#2038=PLANE('',#2317);
#2039=PLANE('',#2318);
#2040=PLANE('',#2319);
#2041=PLANE('',#2320);
#2042=PLANE('',#2321);
#2043=PLANE('',#2322);
#2044=PLANE('',#2323);
#2045=PLANE('',#2324);
#2046=PLANE('',#2325);
#2047=PLANE('',#2326);
#2048=PLANE('',#2327);
#2049=PLANE('',#2328);
#2050=PLANE('',#2329);
#2051=PLANE('',#2330);
#2052=PLANE('',#2331);
#2053=PLANE('',#2332);
#2054=PLANE('',#2333);
#2055=PLANE('',#2334);
#2056=PLANE('',#2335);
#2057=PLANE('',#2336);
#2058=PLANE('',#2337);
#2059=PLANE('',#2338);
#2060=PLANE('',#2339);
#2061=PLANE('',#2340);
#2062=PLANE('',#2341);
#2063=PLANE('',#2342);
#2064=PLANE('',#2343);
#2065=PLANE('',#2344);
#2066=PLANE('',#2345);
#2067=PLANE('',#2346);
#2068=PLANE('',#2347);
#2069=PLANE('',#2348);
#2070=PLANE('',#2349);
#2071=PLANE('',#2350);
#2072=PLANE('',#2351);
#2073=PLANE('',#2352);
#2074=PLANE('',#2353);
#2075=PLANE('',#2354);
#2076=PLANE('',#2355);
#2077=ADVANCED_FACE('',(#73),#1957,.F.);
#2078=ADVANCED_FACE('',(#74),#1958,.T.);
#2079=ADVANCED_FACE('',(#75),#1959,.T.);
#2080=ADVANCED_FACE('',(#76),#1960,.F.);
#2081=ADVANCED_FACE('',(#77),#1961,.T.);
#2082=ADVANCED_FACE('',(#78),#1962,.T.);
#2083=ADVANCED_FACE('',(#79),#1963,.F.);
#2084=ADVANCED_FACE('',(#80),#1964,.F.);
#2085=ADVANCED_FACE('',(#81),#1965,.T.);
#2086=ADVANCED_FACE('',(#82),#1966,.T.);
#2087=ADVANCED_FACE('',(#83),#1967,.T.);
#2088=ADVANCED_FACE('',(#84),#1968,.T.);
#2089=ADVANCED_FACE('',(#85),#1969,.F.);
#2090=ADVANCED_FACE('',(#86),#1970,.T.);
#2091=ADVANCED_FACE('',(#87),#1971,.T.);
#2092=ADVANCED_FACE('',(#88),#1972,.F.);
#2093=ADVANCED_FACE('',(#89),#1973,.T.);
#2094=ADVANCED_FACE('',(#90),#1974,.T.);
#2095=ADVANCED_FACE('',(#91),#1975,.T.);
#2096=ADVANCED_FACE('',(#92),#1976,.F.);
#2097=ADVANCED_FACE('',(#93),#1977,.T.);
#2098=ADVANCED_FACE('',(#94),#1978,.F.);
#2099=ADVANCED_FACE('',(#95),#1979,.T.);
#2100=ADVANCED_FACE('',(#96),#1980,.T.);
#2101=ADVANCED_FACE('',(#97),#1981,.F.);
#2102=ADVANCED_FACE('',(#98),#1982,.T.);
#2103=ADVANCED_FACE('',(#99),#1983,.T.);
#2104=ADVANCED_FACE('',(#100),#1984,.F.);
#2105=ADVANCED_FACE('',(#101),#1985,.T.);
#2106=ADVANCED_FACE('',(#102),#1986,.F.);
#2107=ADVANCED_FACE('',(#103),#1987,.T.);
#2108=ADVANCED_FACE('',(#104),#1988,.T.);
#2109=ADVANCED_FACE('',(#105),#1989,.F.);
#2110=ADVANCED_FACE('',(#106),#1990,.T.);
#2111=ADVANCED_FACE('',(#107),#1991,.T.);
#2112=ADVANCED_FACE('',(#108),#1992,.F.);
#2113=ADVANCED_FACE('',(#109),#1993,.F.);
#2114=ADVANCED_FACE('',(#110),#1994,.F.);
#2115=ADVANCED_FACE('',(#111),#1995,.F.);
#2116=ADVANCED_FACE('',(#112),#1996,.F.);
#2117=ADVANCED_FACE('',(#113),#1997,.F.);
#2118=ADVANCED_FACE('',(#114),#1998,.F.);
#2119=ADVANCED_FACE('',(#115),#1999,.T.);
#2120=ADVANCED_FACE('',(#116),#2000,.T.);
#2121=ADVANCED_FACE('',(#117),#2001,.T.);
#2122=ADVANCED_FACE('',(#118),#2002,.F.);
#2123=ADVANCED_FACE('',(#119),#2003,.T.);
#2124=ADVANCED_FACE('',(#120),#2004,.T.);
#2125=ADVANCED_FACE('',(#121),#2005,.F.);
#2126=ADVANCED_FACE('',(#122),#2006,.T.);
#2127=ADVANCED_FACE('',(#123),#2007,.T.);
#2128=ADVANCED_FACE('',(#124),#2008,.T.);
#2129=ADVANCED_FACE('',(#125),#2009,.F.);
#2130=ADVANCED_FACE('',(#126),#2010,.T.);
#2131=ADVANCED_FACE('',(#127),#2011,.T.);
#2132=ADVANCED_FACE('',(#128),#2012,.F.);
#2133=ADVANCED_FACE('',(#129),#2013,.F.);
#2134=ADVANCED_FACE('',(#130),#29,.T.);
#2135=ADVANCED_FACE('',(#131),#30,.T.);
#2136=ADVANCED_FACE('',(#132),#19,.T.);
#2137=ADVANCED_FACE('',(#133),#31,.F.);
#2138=ADVANCED_FACE('',(#134),#2014,.T.);
#2139=ADVANCED_FACE('',(#135),#2015,.F.);
#2140=ADVANCED_FACE('',(#136),#2016,.F.);
#2141=ADVANCED_FACE('',(#137),#2017,.T.);
#2142=ADVANCED_FACE('',(#138),#2018,.F.);
#2143=ADVANCED_FACE('',(#139),#2019,.T.);
#2144=ADVANCED_FACE('',(#140),#2020,.F.);
#2145=ADVANCED_FACE('',(#141),#2021,.F.);
#2146=ADVANCED_FACE('',(#142),#2022,.T.);
#2147=ADVANCED_FACE('',(#143),#2023,.F.);
#2148=ADVANCED_FACE('',(#144),#2024,.T.);
#2149=ADVANCED_FACE('',(#145),#2025,.T.);
#2150=ADVANCED_FACE('',(#146),#2026,.F.);
#2151=ADVANCED_FACE('',(#147),#2027,.F.);
#2152=ADVANCED_FACE('',(#148),#2028,.F.);
#2153=ADVANCED_FACE('',(#149),#2029,.T.);
#2154=ADVANCED_FACE('',(#150),#2030,.F.);
#2155=ADVANCED_FACE('',(#151),#2031,.F.);
#2156=ADVANCED_FACE('',(#152),#2032,.T.);
#2157=ADVANCED_FACE('',(#153),#2033,.F.);
#2158=ADVANCED_FACE('',(#154),#2034,.F.);
#2159=ADVANCED_FACE('',(#155),#2035,.T.);
#2160=ADVANCED_FACE('',(#156),#2036,.T.);
#2161=ADVANCED_FACE('',(#157),#2037,.F.);
#2162=ADVANCED_FACE('',(#158),#2038,.F.);
#2163=ADVANCED_FACE('',(#159),#2039,.F.);
#2164=ADVANCED_FACE('',(#160),#2040,.T.);
#2165=ADVANCED_FACE('',(#161),#2041,.F.);
#2166=ADVANCED_FACE('',(#162),#2042,.F.);
#2167=ADVANCED_FACE('',(#163),#2043,.T.);
#2168=ADVANCED_FACE('',(#164),#2044,.F.);
#2169=ADVANCED_FACE('',(#165),#2045,.F.);
#2170=ADVANCED_FACE('',(#166),#2046,.F.);
#2171=ADVANCED_FACE('',(#167),#2047,.T.);
#2172=ADVANCED_FACE('',(#168),#2048,.T.);
#2173=ADVANCED_FACE('',(#169),#2049,.T.);
#2174=ADVANCED_FACE('',(#170),#2050,.T.);
#2175=ADVANCED_FACE('',(#171),#2051,.T.);
#2176=ADVANCED_FACE('',(#172),#2052,.T.);
#2177=ADVANCED_FACE('',(#173),#2053,.F.);
#2178=ADVANCED_FACE('',(#174),#2054,.F.);
#2179=ADVANCED_FACE('',(#175),#2055,.T.);
#2180=ADVANCED_FACE('',(#176),#2056,.F.);
#2181=ADVANCED_FACE('',(#177),#2057,.F.);
#2182=ADVANCED_FACE('',(#178),#2058,.T.);
#2183=ADVANCED_FACE('',(#179),#2059,.F.);
#2184=ADVANCED_FACE('',(#180),#2060,.F.);
#2185=ADVANCED_FACE('',(#181),#2061,.T.);
#2186=ADVANCED_FACE('',(#182),#2062,.F.);
#2187=ADVANCED_FACE('',(#183),#2063,.F.);
#2188=ADVANCED_FACE('',(#184),#2064,.T.);
#2189=ADVANCED_FACE('',(#185,#13),#2065,.F.);
#2190=ADVANCED_FACE('',(#186,#14,#15),#2066,.T.);
#2191=ADVANCED_FACE('',(#187,#16),#2067,.F.);
#2192=ADVANCED_FACE('',(#188,#17,#18),#2068,.T.);
#2193=ADVANCED_FACE('',(#189),#2069,.T.);
#2194=ADVANCED_FACE('',(#190),#2070,.T.);
#2195=ADVANCED_FACE('',(#191),#2071,.T.);
#2196=ADVANCED_FACE('',(#192),#2072,.T.);
#2197=ADVANCED_FACE('',(#193),#2073,.F.);
#2198=ADVANCED_FACE('',(#194),#2074,.T.);
#2199=ADVANCED_FACE('',(#195),#2075,.T.);
#2200=ADVANCED_FACE('',(#196),#2076,.F.);
#2201=CLOSED_SHELL('',(#2077,#2078,#2079,#2080,#2081,#2082));
#2202=CLOSED_SHELL('',(#2083,#2084,#2085,#2086,#2087,#2088));
#2203=CLOSED_SHELL('',(#2089,#2090,#2091,#2092,#2093,#2094));
#2204=CLOSED_SHELL('',(#2095,#2096,#2097,#2098,#2099,#2100,#2101,#2102));
#2205=CLOSED_SHELL('',(#2103,#2104,#2105,#2106,#2107,#2108,#2109,#2110));
#2206=CLOSED_SHELL('',(#2111,#2112,#2113,#2114,#2115,#2116,#2117));
#2207=CLOSED_SHELL('',(#2118,#2119,#2120,#2121,#2122,#2123,#2124,#2125));
#2208=CLOSED_SHELL('',(#2126,#2127,#2128,#2129,#2130,#2131,#2132,#2133));
#2209=CLOSED_SHELL('',(#2134,#2135,#2136,#2137,#2138,#2139,#2140,#2141,
#2142,#2143,#2144,#2145,#2146,#2147,#2148,#2149,#2150,#2151,#2152,#2153,
#2154,#2155,#2156,#2157,#2158,#2159,#2160,#2161,#2162,#2163,#2164,#2165,
#2166,#2167,#2168,#2169,#2170,#2171,#2172,#2173,#2174,#2175,#2176,#2177,
#2178,#2179,#2180,#2181,#2182,#2183,#2184,#2185,#2186,#2187,#2188,#2189,
#2190,#2191,#2192,#2193,#2194));
#2210=CLOSED_SHELL('',(#2195,#2196,#2197,#2198,#2199,#2200));
#2211=DERIVED_UNIT_ELEMENT(#2213,1.);
#2212=DERIVED_UNIT_ELEMENT(#3544,-3.);
#2213=(
MASS_UNIT()
NAMED_UNIT(*)
SI_UNIT(.KILO.,.GRAM.)
);
#2214=DERIVED_UNIT((#2211,#2212));
#2215=MEASURE_REPRESENTATION_ITEM('density measure',
POSITIVE_RATIO_MEASURE(7850.),#2214);
#2216=PROPERTY_DEFINITION_REPRESENTATION(#2221,#2218);
#2217=PROPERTY_DEFINITION_REPRESENTATION(#2222,#2219);
#2218=REPRESENTATION('material name',(#2220),#3541);
#2219=REPRESENTATION('density',(#2215),#3541);
#2220=DESCRIPTIVE_REPRESENTATION_ITEM('Steel','Steel');
#2221=PROPERTY_DEFINITION('material property','material name',#3551);
#2222=PROPERTY_DEFINITION('material property','density of part',#3551);
#2223=AXIS2_PLACEMENT_3D('',#2904,#2356,#2357);
#2224=AXIS2_PLACEMENT_3D('',#2905,#2358,#2359);
#2225=AXIS2_PLACEMENT_3D('',#2914,#2364,#2365);
#2226=AXIS2_PLACEMENT_3D('',#2920,#2369,#2370);
#2227=AXIS2_PLACEMENT_3D('',#2924,#2373,#2374);
#2228=AXIS2_PLACEMENT_3D('',#2928,#2377,#2378);
#2229=AXIS2_PLACEMENT_3D('',#2930,#2380,#2381);
#2230=AXIS2_PLACEMENT_3D('',#2931,#2382,#2383);
#2231=AXIS2_PLACEMENT_3D('',#2940,#2388,#2389);
#2232=AXIS2_PLACEMENT_3D('',#2946,#2393,#2394);
#2233=AXIS2_PLACEMENT_3D('',#2950,#2397,#2398);
#2234=AXIS2_PLACEMENT_3D('',#2954,#2401,#2402);
#2235=AXIS2_PLACEMENT_3D('',#2956,#2404,#2405);
#2236=AXIS2_PLACEMENT_3D('',#2957,#2406,#2407);
#2237=AXIS2_PLACEMENT_3D('',#2966,#2412,#2413);
#2238=AXIS2_PLACEMENT_3D('',#2972,#2417,#2418);
#2239=AXIS2_PLACEMENT_3D('',#2976,#2421,#2422);
#2240=AXIS2_PLACEMENT_3D('',#2980,#2425,#2426);
#2241=AXIS2_PLACEMENT_3D('',#2982,#2428,#2429);
#2242=AXIS2_PLACEMENT_3D('',#2983,#2430,#2431);
#2243=AXIS2_PLACEMENT_3D('',#2992,#2436,#2437);
#2244=AXIS2_PLACEMENT_3D('',#2998,#2441,#2442);
#2245=AXIS2_PLACEMENT_3D('',#3004,#2446,#2447);
#2246=AXIS2_PLACEMENT_3D('',#3010,#2451,#2452);
#2247=AXIS2_PLACEMENT_3D('',#3014,#2455,#2456);
#2248=AXIS2_PLACEMENT_3D('',#3018,#2459,#2460);
#2249=AXIS2_PLACEMENT_3D('',#3020,#2462,#2463);
#2250=AXIS2_PLACEMENT_3D('',#3021,#2464,#2465);
#2251=AXIS2_PLACEMENT_3D('',#3030,#2470,#2471);
#2252=AXIS2_PLACEMENT_3D('',#3036,#2475,#2476);
#2253=AXIS2_PLACEMENT_3D('',#3042,#2480,#2481);
#2254=AXIS2_PLACEMENT_3D('',#3048,#2485,#2486);
#2255=AXIS2_PLACEMENT_3D('',#3052,#2489,#2490);
#2256=AXIS2_PLACEMENT_3D('',#3056,#2493,#2494);
#2257=AXIS2_PLACEMENT_3D('',#3058,#2496,#2497);
#2258=AXIS2_PLACEMENT_3D('',#3059,#2498,#2499);
#2259=AXIS2_PLACEMENT_3D('',#3070,#2505,#2506);
#2260=AXIS2_PLACEMENT_3D('',#3076,#2510,#2511);
#2261=AXIS2_PLACEMENT_3D('',#3080,#2514,#2515);
#2262=AXIS2_PLACEMENT_3D('',#3084,#2518,#2519);
#2263=AXIS2_PLACEMENT_3D('',#3088,#2522,#2523);
#2264=AXIS2_PLACEMENT_3D('',#3090,#2525,#2526);
#2265=AXIS2_PLACEMENT_3D('',#3091,#2527,#2528);
#2266=AXIS2_PLACEMENT_3D('',#3100,#2533,#2534);
#2267=AXIS2_PLACEMENT_3D('',#3106,#2538,#2539);
#2268=AXIS2_PLACEMENT_3D('',#3112,#2543,#2544);
#2269=AXIS2_PLACEMENT_3D('',#3118,#2548,#2549);
#2270=AXIS2_PLACEMENT_3D('',#3122,#2552,#2553);
#2271=AXIS2_PLACEMENT_3D('',#3126,#2556,#2557);
#2272=AXIS2_PLACEMENT_3D('',#3128,#2559,#2560);
#2273=AXIS2_PLACEMENT_3D('',#3129,#2561,#2562);
#2274=AXIS2_PLACEMENT_3D('',#3138,#2567,#2568);
#2275=AXIS2_PLACEMENT_3D('',#3147,#2573,#2574);
#2276=AXIS2_PLACEMENT_3D('',#3153,#2578,#2579);
#2277=AXIS2_PLACEMENT_3D('',#3158,#2583,#2584);
#2278=AXIS2_PLACEMENT_3D('',#3163,#2588,#2589);
#2279=AXIS2_PLACEMENT_3D('',#3165,#2591,#2592);
#2280=AXIS2_PLACEMENT_3D('',#3166,#2593,#2594);
#2281=AXIS2_PLACEMENT_3D('',#3167,#2595,#2596);
#2282=AXIS2_PLACEMENT_3D('',#3169,#2597,#2598);
#2283=AXIS2_PLACEMENT_3D('',#3171,#2599,#2600);
#2284=AXIS2_PLACEMENT_3D('',#3172,#2601,#2602);
#2285=AXIS2_PLACEMENT_3D('',#3173,#2603,#2604);
#2286=AXIS2_PLACEMENT_3D('',#3175,#2605,#2606);
#2287=AXIS2_PLACEMENT_3D('',#3176,#2607,#2608);
#2288=AXIS2_PLACEMENT_3D('',#3205,#2609,#2610);
#2289=AXIS2_PLACEMENT_3D('',#3206,#2611,#2612);
#2290=AXIS2_PLACEMENT_3D('',#3207,#2613,#2614);
#2291=AXIS2_PLACEMENT_3D('',#3209,#2615,#2616);
#2292=AXIS2_PLACEMENT_3D('',#3210,#2617,#2618);
#2293=AXIS2_PLACEMENT_3D('',#3211,#2619,#2620);
#2294=AXIS2_PLACEMENT_3D('',#3220,#2625,#2626);
#2295=AXIS2_PLACEMENT_3D('',#3226,#2630,#2631);
#2296=AXIS2_PLACEMENT_3D('',#3230,#2634,#2635);
#2297=AXIS2_PLACEMENT_3D('',#3234,#2638,#2639);
#2298=AXIS2_PLACEMENT_3D('',#3236,#2641,#2642);
#2299=AXIS2_PLACEMENT_3D('',#3245,#2647,#2648);
#2300=AXIS2_PLACEMENT_3D('',#3251,#2652,#2653);
#2301=AXIS2_PLACEMENT_3D('',#3255,#2656,#2657);
#2302=AXIS2_PLACEMENT_3D('',#3259,#2660,#2661);
#2303=AXIS2_PLACEMENT_3D('',#3261,#2663,#2664);
#2304=AXIS2_PLACEMENT_3D('',#3270,#2669,#2670);
#2305=AXIS2_PLACEMENT_3D('',#3276,#2674,#2675);
#2306=AXIS2_PLACEMENT_3D('',#3280,#2678,#2679);
#2307=AXIS2_PLACEMENT_3D('',#3284,#2682,#2683);
#2308=AXIS2_PLACEMENT_3D('',#3286,#2685,#2686);
#2309=AXIS2_PLACEMENT_3D('',#3295,#2691,#2692);
#2310=AXIS2_PLACEMENT_3D('',#3301,#2696,#2697);
#2311=AXIS2_PLACEMENT_3D('',#3305,#2700,#2701);
#2312=AXIS2_PLACEMENT_3D('',#3309,#2704,#2705);
#2313=AXIS2_PLACEMENT_3D('',#3311,#2707,#2708);
#2314=AXIS2_PLACEMENT_3D('',#3320,#2713,#2714);
#2315=AXIS2_PLACEMENT_3D('',#3326,#2718,#2719);
#2316=AXIS2_PLACEMENT_3D('',#3334,#2724,#2725);
#2317=AXIS2_PLACEMENT_3D('',#3338,#2728,#2729);
#2318=AXIS2_PLACEMENT_3D('',#3344,#2733,#2734);
#2319=AXIS2_PLACEMENT_3D('',#3346,#2736,#2737);
#2320=AXIS2_PLACEMENT_3D('',#3355,#2742,#2743);
#2321=AXIS2_PLACEMENT_3D('',#3361,#2747,#2748);
#2322=AXIS2_PLACEMENT_3D('',#3367,#2752,#2753);
#2323=AXIS2_PLACEMENT_3D('',#3373,#2757,#2758);
#2324=AXIS2_PLACEMENT_3D('',#3377,#2761,#2762);
#2325=AXIS2_PLACEMENT_3D('',#3381,#2765,#2766);
#2326=AXIS2_PLACEMENT_3D('',#3392,#2772,#2773);
#2327=AXIS2_PLACEMENT_3D('',#3398,#2777,#2778);
#2328=AXIS2_PLACEMENT_3D('',#3402,#2781,#2782);
#2329=AXIS2_PLACEMENT_3D('',#3406,#2785,#2786);
#2330=AXIS2_PLACEMENT_3D('',#3410,#2789,#2790);
#2331=AXIS2_PLACEMENT_3D('',#3412,#2792,#2793);
#2332=AXIS2_PLACEMENT_3D('',#3421,#2798,#2799);
#2333=AXIS2_PLACEMENT_3D('',#3427,#2803,#2804);
#2334=AXIS2_PLACEMENT_3D('',#3433,#2808,#2809);
#2335=AXIS2_PLACEMENT_3D('',#3439,#2813,#2814);
#2336=AXIS2_PLACEMENT_3D('',#3443,#2817,#2818);
#2337=AXIS2_PLACEMENT_3D('',#3447,#2821,#2822);
#2338=AXIS2_PLACEMENT_3D('',#3456,#2827,#2828);
#2339=AXIS2_PLACEMENT_3D('',#3462,#2832,#2833);
#2340=AXIS2_PLACEMENT_3D('',#3468,#2837,#2838);
#2341=AXIS2_PLACEMENT_3D('',#3474,#2842,#2843);
#2342=AXIS2_PLACEMENT_3D('',#3478,#2846,#2847);
#2343=AXIS2_PLACEMENT_3D('',#3482,#2850,#2851);
#2344=AXIS2_PLACEMENT_3D('',#3493,#2858,#2859);
#2345=AXIS2_PLACEMENT_3D('',#3501,#2865,#2866);
#2346=AXIS2_PLACEMENT_3D('',#3505,#2869,#2870);
#2347=AXIS2_PLACEMENT_3D('',#3509,#2873,#2874);
#2348=AXIS2_PLACEMENT_3D('',#3511,#2876,#2877);
#2349=AXIS2_PLACEMENT_3D('',#3512,#2878,#2879);
#2350=AXIS2_PLACEMENT_3D('',#3513,#2880,#2881);
#2351=AXIS2_PLACEMENT_3D('',#3522,#2886,#2887);
#2352=AXIS2_PLACEMENT_3D('',#3528,#2891,#2892);
#2353=AXIS2_PLACEMENT_3D('',#3532,#2895,#2896);
#2354=AXIS2_PLACEMENT_3D('',#3536,#2899,#2900);
#2355=AXIS2_PLACEMENT_3D('',#3538,#2902,#2903);
#2356=DIRECTION('axis',(0.,0.,1.));
#2357=DIRECTION('refdir',(1.,0.,0.));
#2358=DIRECTION('center_axis',(0.,0.,-1.));
#2359=DIRECTION('ref_axis',(-1.,0.,0.));
#2360=DIRECTION('',(0.,1.,0.));
#2361=DIRECTION('',(1.,0.,0.));
#2362=DIRECTION('',(0.,-1.,0.));
#2363=DIRECTION('',(1.,0.,0.));
#2364=DIRECTION('center_axis',(0.,1.,0.));
#2365=DIRECTION('ref_axis',(1.,0.,0.));
#2366=DIRECTION('',(0.,0.,-1.));
#2367=DIRECTION('',(1.,0.,-8.59336871186086E-46));
#2368=DIRECTION('',(0.,0.,-1.));
#2369=DIRECTION('center_axis',(-1.,0.,0.));
#2370=DIRECTION('ref_axis',(0.,1.,0.));
#2371=DIRECTION('',(0.,0.,-1.));
#2372=DIRECTION('',(0.,1.,-2.41881825803711E-31));
#2373=DIRECTION('center_axis',(0.,1.,0.));
#2374=DIRECTION('ref_axis',(1.,0.,0.));
#2375=DIRECTION('',(0.,0.,-1.));
#2376=DIRECTION('',(-1.,0.,8.59336871186086E-46));
#2377=DIRECTION('center_axis',(1.,0.,0.));
#2378=DIRECTION('ref_axis',(0.,-1.,0.));
#2379=DIRECTION('',(0.,-1.,2.41881825803711E-31));
#2380=DIRECTION('center_axis',(-8.59336871186086E-46,-2.41881825803711E-31,
-1.));
#2381=DIRECTION('ref_axis',(0.,1.,-2.41881825803711E-31));
#2382=DIRECTION('center_axis',(0.,0.,1.));
#2383=DIRECTION('ref_axis',(1.,0.,0.));
#2384=DIRECTION('',(0.,-1.,0.));
#2385=DIRECTION('',(-1.,0.,0.));
#2386=DIRECTION('',(0.,1.,0.));
#2387=DIRECTION('',(-1.,0.,0.));
#2388=DIRECTION('center_axis',(0.,1.,0.));
#2389=DIRECTION('ref_axis',(-1.,0.,0.));
#2390=DIRECTION('',(0.,0.,1.));
#2391=DIRECTION('',(1.,0.,-8.59336871186086E-46));
#2392=DIRECTION('',(0.,0.,1.));
#2393=DIRECTION('center_axis',(-1.,0.,0.));
#2394=DIRECTION('ref_axis',(0.,-1.,0.));
#2395=DIRECTION('',(0.,0.,1.));
#2396=DIRECTION('',(0.,-1.,2.41881825803711E-31));
#2397=DIRECTION('center_axis',(0.,1.,0.));
#2398=DIRECTION('ref_axis',(-1.,0.,0.));
#2399=DIRECTION('',(0.,0.,1.));
#2400=DIRECTION('',(-1.,0.,8.59336871186086E-46));
#2401=DIRECTION('center_axis',(1.,0.,0.));
#2402=DIRECTION('ref_axis',(0.,1.,0.));
#2403=DIRECTION('',(0.,1.,-2.41881825803711E-31));
#2404=DIRECTION('center_axis',(8.59336871186086E-46,2.41881825803711E-31,
1.));
#2405=DIRECTION('ref_axis',(0.,-1.,2.41881825803711E-31));
#2406=DIRECTION('center_axis',(0.,0.,1.));
#2407=DIRECTION('ref_axis',(1.,0.,0.));
#2408=DIRECTION('',(0.,1.,0.));
#2409=DIRECTION('',(-1.,0.,0.));
#2410=DIRECTION('',(0.,-1.,0.));
#2411=DIRECTION('',(-1.,0.,0.));
#2412=DIRECTION('center_axis',(0.,1.,0.));
#2413=DIRECTION('ref_axis',(-1.,0.,0.));
#2414=DIRECTION('',(0.,0.,1.));
#2415=DIRECTION('',(-1.,0.,8.59336871186086E-46));
#2416=DIRECTION('',(0.,0.,1.));
#2417=DIRECTION('center_axis',(1.,0.,0.));
#2418=DIRECTION('ref_axis',(0.,1.,0.));
#2419=DIRECTION('',(0.,0.,1.));
#2420=DIRECTION('',(0.,1.,-2.41881825803711E-31));
#2421=DIRECTION('center_axis',(0.,1.,0.));
#2422=DIRECTION('ref_axis',(-1.,0.,0.));
#2423=DIRECTION('',(0.,0.,1.));
#2424=DIRECTION('',(1.,0.,-8.59336871186086E-46));
#2425=DIRECTION('center_axis',(-1.,0.,0.));
#2426=DIRECTION('ref_axis',(0.,-1.,0.));
#2427=DIRECTION('',(0.,-1.,2.41881825803711E-31));
#2428=DIRECTION('center_axis',(8.59336871186086E-46,2.41881825803711E-31,
1.));
#2429=DIRECTION('ref_axis',(0.,-1.,2.41881825803711E-31));
#2430=DIRECTION('center_axis',(0.,1.,0.));
#2431=DIRECTION('ref_axis',(0.,0.,1.));
#2432=DIRECTION('',(0.,0.,1.));
#2433=DIRECTION('',(1.,0.,0.));
#2434=DIRECTION('',(0.,0.,1.));
#2435=DIRECTION('',(-1.,0.,0.));
#2436=DIRECTION('center_axis',(1.,0.,0.));
#2437=DIRECTION('ref_axis',(0.,0.,-1.));
#2438=DIRECTION('',(0.,-1.,0.));
#2439=DIRECTION('',(0.,0.,1.));
#2440=DIRECTION('',(0.,1.,0.));
#2441=DIRECTION('center_axis',(-1.,0.,0.));
#2442=DIRECTION('ref_axis',(0.,0.,1.));
#2443=DIRECTION('',(0.,-1.,0.));
#2444=DIRECTION('',(0.,-1.,0.));
#2445=DIRECTION('',(0.,0.,1.));
#2446=DIRECTION('center_axis',(0.,0.,-1.));
#2447=DIRECTION('ref_axis',(-1.,0.,0.));
#2448=DIRECTION('',(1.,0.,0.));
#2449=DIRECTION('',(-3.5527136788005E-15,-1.,0.));
#2450=DIRECTION('',(1.,0.,0.));
#2451=DIRECTION('center_axis',(0.,1.,0.));
#2452=DIRECTION('ref_axis',(0.,0.,1.));
#2453=DIRECTION('',(1.,0.,0.));
#2454=DIRECTION('',(0.,0.,1.));
#2455=DIRECTION('center_axis',(0.,0.,-1.));
#2456=DIRECTION('ref_axis',(0.,1.,0.));
#2457=DIRECTION('',(3.5527136788005E-15,1.,0.));
#2458=DIRECTION('',(-1.,0.,0.));
#2459=DIRECTION('center_axis',(0.,1.,0.));
#2460=DIRECTION('ref_axis',(0.,0.,1.));
#2461=DIRECTION('',(0.,0.,1.));
#2462=DIRECTION('center_axis',(1.,-3.5527136788005E-15,0.));
#2463=DIRECTION('ref_axis',(3.5527136788005E-15,1.,0.));
#2464=DIRECTION('center_axis',(0.,1.,0.));
#2465=DIRECTION('ref_axis',(0.,0.,1.));
#2466=DIRECTION('',(0.,0.,1.));
#2467=DIRECTION('',(1.,0.,0.));
#2468=DIRECTION('',(0.,0.,1.));
#2469=DIRECTION('',(-1.,0.,0.));
#2470=DIRECTION('center_axis',(1.,0.,0.));
#2471=DIRECTION('ref_axis',(0.,0.,-1.));
#2472=DIRECTION('',(0.,-1.,0.));
#2473=DIRECTION('',(0.,0.,1.));
#2474=DIRECTION('',(0.,1.,0.));
#2475=DIRECTION('center_axis',(-1.,0.,0.));
#2476=DIRECTION('ref_axis',(0.,0.,1.));
#2477=DIRECTION('',(0.,-1.,0.));
#2478=DIRECTION('',(0.,0.,1.));
#2479=DIRECTION('',(0.,-1.,0.));
#2480=DIRECTION('center_axis',(0.,0.,-1.));
#2481=DIRECTION('ref_axis',(-1.,0.,0.));
#2482=DIRECTION('',(1.,0.,0.));
#2483=DIRECTION('',(-3.5527136788005E-15,-1.,0.));
#2484=DIRECTION('',(1.,0.,0.));
#2485=DIRECTION('center_axis',(0.,1.,0.));
#2486=DIRECTION('ref_axis',(0.,0.,1.));
#2487=DIRECTION('',(1.,0.,0.));
#2488=DIRECTION('',(0.,0.,1.));
#2489=DIRECTION('center_axis',(0.,0.,-1.));
#2490=DIRECTION('ref_axis',(0.,1.,0.));
#2491=DIRECTION('',(3.5527136788005E-15,1.,0.));
#2492=DIRECTION('',(-1.,0.,0.));
#2493=DIRECTION('center_axis',(0.,1.,0.));
#2494=DIRECTION('ref_axis',(0.,0.,1.));
#2495=DIRECTION('',(0.,0.,1.));
#2496=DIRECTION('center_axis',(1.,-3.5527136788005E-15,0.));
#2497=DIRECTION('ref_axis',(3.5527136788005E-15,1.,0.));
#2498=DIRECTION('center_axis',(0.,1.,0.));
#2499=DIRECTION('ref_axis',(0.,0.,1.));
#2500=DIRECTION('',(0.70710678118656,0.,-0.707106781186535));
#2501=DIRECTION('',(0.,0.,-1.));
#2502=DIRECTION('',(-1.,0.,0.));
#2503=DIRECTION('',(0.,0.,1.));
#2504=DIRECTION('',(1.,0.,0.));
#2505=DIRECTION('center_axis',(0.,0.,1.));
#2506=DIRECTION('ref_axis',(1.,0.,0.));
#2507=DIRECTION('',(0.,-1.,0.));
#2508=DIRECTION('',(-1.,0.,0.));
#2509=DIRECTION('',(0.,-1.,0.));
#2510=DIRECTION('center_axis',(0.707106781186535,0.,0.70710678118656));
#2511=DIRECTION('ref_axis',(0.70710678118656,0.,-0.707106781186535));
#2512=DIRECTION('',(0.,-1.,0.));
#2513=DIRECTION('',(-0.70710678118656,0.,0.707106781186535));
#2514=DIRECTION('center_axis',(1.,0.,0.));
#2515=DIRECTION('ref_axis',(0.,0.,-1.));
#2516=DIRECTION('',(0.,-1.,0.));
#2517=DIRECTION('',(0.,0.,1.));
#2518=DIRECTION('center_axis',(0.,0.,-1.));
#2519=DIRECTION('ref_axis',(-1.,0.,0.));
#2520=DIRECTION('',(0.,-1.,0.));
#2521=DIRECTION('',(1.,0.,0.));
#2522=DIRECTION('center_axis',(-1.,0.,0.));
#2523=DIRECTION('ref_axis',(0.,0.,1.));
#2524=DIRECTION('',(0.,0.,-1.));
#2525=DIRECTION('center_axis',(0.,1.,0.));
#2526=DIRECTION('ref_axis',(0.,0.,1.));
#2527=DIRECTION('center_axis',(-1.,0.,0.));
#2528=DIRECTION('ref_axis',(0.,0.,1.));
#2529=DIRECTION('',(0.,-1.,0.));
#2530=DIRECTION('',(0.,0.,-1.));
#2531=DIRECTION('',(0.,1.,0.));
#2532=DIRECTION('',(0.,0.,-1.));
#2533=DIRECTION('center_axis',(0.,1.,0.));
#2534=DIRECTION('ref_axis',(0.,0.,1.));
#2535=DIRECTION('',(-1.,0.,0.));
#2536=DIRECTION('',(0.,0.,-1.));
#2537=DIRECTION('',(1.,0.,0.));
#2538=DIRECTION('center_axis',(0.,1.,0.));
#2539=DIRECTION('ref_axis',(0.,0.,-1.));
#2540=DIRECTION('',(-1.,0.,0.));
#2541=DIRECTION('',(-1.,0.,0.));
#2542=DIRECTION('',(0.,0.,-1.));
#2543=DIRECTION('center_axis',(1.,0.,0.));
#2544=DIRECTION('ref_axis',(0.,0.,-1.));
#2545=DIRECTION('',(0.,-1.,0.));
#2546=DIRECTION('',(0.,0.,-1.));
#2547=DIRECTION('',(0.,-1.,0.));
#2548=DIRECTION('center_axis',(0.,0.,1.));
#2549=DIRECTION('ref_axis',(1.,0.,0.));
#2550=DIRECTION('',(-1.,0.,0.));
#2551=DIRECTION('',(0.,-1.,0.));
#2552=DIRECTION('center_axis',(0.,0.,1.));
#2553=DIRECTION('ref_axis',(0.,1.,0.));
#2554=DIRECTION('',(0.,1.,0.));
#2555=DIRECTION('',(1.,0.,0.));
#2556=DIRECTION('center_axis',(-1.,0.,0.));
#2557=DIRECTION('ref_axis',(0.,0.,1.));
#2558=DIRECTION('',(0.,0.,-1.));
#2559=DIRECTION('center_axis',(0.,1.,0.));
#2560=DIRECTION('ref_axis',(0.,0.,1.));
#2561=DIRECTION('center_axis',(0.,1.,0.));
#2562=DIRECTION('ref_axis',(0.,0.,1.));
#2563=DIRECTION('',(0.,0.,-1.));
#2564=DIRECTION('',(-1.,0.,0.));
#2565=DIRECTION('',(0.,0.,-1.));
#2566=DIRECTION('',(1.,0.,0.));
#2567=DIRECTION('center_axis',(0.,1.,0.));
#2568=DIRECTION('ref_axis',(0.,0.,-1.));
#2569=DIRECTION('',(-1.,0.,0.));
#2570=DIRECTION('',(0.,0.,-1.));
#2571=DIRECTION('',(-1.,0.,0.));
#2572=DIRECTION('',(0.,0.,-1.));
#2573=DIRECTION('center_axis',(1.,0.,0.));
#2574=DIRECTION('ref_axis',(0.,0.,-1.));
#2575=DIRECTION('',(0.,-1.,0.));
#2576=DIRECTION('',(0.,0.,-1.));
#2577=DIRECTION('',(0.,-1.,0.));
#2578=DIRECTION('center_axis',(0.,0.,1.));
#2579=DIRECTION('ref_axis',(1.,0.,0.));
#2580=DIRECTION('',(-1.,0.,0.));
#2581=DIRECTION('',(0.,-1.,0.));
#2582=DIRECTION('',(0.,-1.,0.));
#2583=DIRECTION('center_axis',(0.,0.,1.));
#2584=DIRECTION('ref_axis',(0.,1.,0.));
#2585=DIRECTION('',(0.,1.,0.));
#2586=DIRECTION('',(1.,0.,0.));
#2587=DIRECTION('',(0.,1.,0.));
#2588=DIRECTION('center_axis',(-1.,0.,0.));
#2589=DIRECTION('ref_axis',(0.,0.,1.));
#2590=DIRECTION('',(0.,0.,-1.));
#2591=DIRECTION('center_axis',(0.,1.,0.));
#2592=DIRECTION('ref_axis',(0.,0.,1.));
#2593=DIRECTION('center_axis',(-1.,0.,0.));
#2594=DIRECTION('ref_axis',(0.,0.,1.));
#2595=DIRECTION('center_axis',(3.5527136788005E-15,1.,-2.41881825803711E-31));
#2596=DIRECTION('ref_axis',(-1.,3.58530738227571E-15,0.));
#2597=DIRECTION('center_axis',(3.5527136788005E-15,1.,-2.41881825803711E-31));
#2598=DIRECTION('ref_axis',(-1.,3.5527136788005E-15,-2.01407079184247E-47));
#2599=DIRECTION('center_axis',(-2.03710646720211E-16,4.81843775316477E-31,
-1.));
#2600=DIRECTION('ref_axis',(1.,-3.56493631760368E-15,-2.03710646720211E-16));
#2601=DIRECTION('center_axis',(3.5527136788005E-15,1.,-2.41881825803711E-31));
#2602=DIRECTION('ref_axis',(-1.,3.5527136788005E-15,-2.01407079184247E-47));
#2603=DIRECTION('center_axis',(3.5527136788005E-15,1.,-2.41881825803711E-31));
#2604=DIRECTION('ref_axis',(-1.,3.54996892966885E-15,0.));
#2605=DIRECTION('center_axis',(3.5527136788005E-15,1.,-2.41881825803711E-31));
#2606=DIRECTION('ref_axis',(-1.,3.5527136788005E-15,-1.06806784415105E-48));
#2607=DIRECTION('center_axis',(-9.10248443504833E-17,8.15033838309371E-32,
-1.));
#2608=DIRECTION('ref_axis',(1.,-3.54996892966885E-15,-9.10248443504833E-17));
#2609=DIRECTION('center_axis',(3.5527136788005E-15,1.,-2.41881825803711E-31));
#2610=DIRECTION('ref_axis',(-1.,3.5527136788005E-15,4.63491299049964E-47));
#2611=DIRECTION('center_axis',(8.48591330416172E-46,2.41881825803711E-31,
1.));
#2612=DIRECTION('ref_axis',(1.,-3.50828892413277E-15,0.));
#2613=DIRECTION('center_axis',(3.5527136788005E-15,1.,-2.41881825803711E-31));
#2614=DIRECTION('ref_axis',(-1.,3.5188406435584E-15,0.));
#2615=DIRECTION('center_axis',(0.,1.,0.));
#2616=DIRECTION('ref_axis',(0.,0.,1.));
#2617=DIRECTION('center_axis',(8.64442718319592E-46,2.41881825803711E-31,
1.));
#2618=DIRECTION('ref_axis',(1.,-3.57382252861401E-15,0.));
#2619=DIRECTION('center_axis',(0.,0.,-1.));
#2620=DIRECTION('ref_axis',(-1.,0.,0.));
#2621=DIRECTION('',(0.,1.,0.));
#2622=DIRECTION('',(1.,0.,0.));
#2623=DIRECTION('',(0.,-1.,0.));
#2624=DIRECTION('',(1.,0.,0.));
#2625=DIRECTION('center_axis',(0.,1.,0.));
#2626=DIRECTION('ref_axis',(1.,0.,0.));
#2627=DIRECTION('',(0.,0.,-1.));
#2628=DIRECTION('',(1.,0.,-8.59336871186086E-46));
#2629=DIRECTION('',(0.,0.,-1.));
#2630=DIRECTION('center_axis',(-1.,0.,0.));
#2631=DIRECTION('ref_axis',(0.,1.,0.));
#2632=DIRECTION('',(0.,0.,-1.));
#2633=DIRECTION('',(0.,1.,-2.41881825803711E-31));
#2634=DIRECTION('center_axis',(0.,1.,0.));
#2635=DIRECTION('ref_axis',(1.,0.,0.));
#2636=DIRECTION('',(0.,0.,-1.));
#2637=DIRECTION('',(-1.,0.,8.59336871186086E-46));
#2638=DIRECTION('center_axis',(1.,0.,0.));
#2639=DIRECTION('ref_axis',(0.,-1.,0.));
#2640=DIRECTION('',(0.,-1.,2.41881825803711E-31));
#2641=DIRECTION('center_axis',(0.,0.,-1.));
#2642=DIRECTION('ref_axis',(-1.,0.,0.));
#2643=DIRECTION('',(0.,1.,0.));
#2644=DIRECTION('',(1.,0.,0.));
#2645=DIRECTION('',(0.,-1.,0.));
#2646=DIRECTION('',(1.,0.,0.));
#2647=DIRECTION('center_axis',(0.,1.,0.));
#2648=DIRECTION('ref_axis',(1.,0.,0.));
#2649=DIRECTION('',(0.,0.,-1.));
#2650=DIRECTION('',(1.,0.,-8.59336871186086E-46));
#2651=DIRECTION('',(0.,0.,-1.));
#2652=DIRECTION('center_axis',(-1.,0.,0.));
#2653=DIRECTION('ref_axis',(0.,1.,0.));
#2654=DIRECTION('',(0.,0.,-1.));
#2655=DIRECTION('',(0.,1.,-2.41881825803711E-31));
#2656=DIRECTION('center_axis',(0.,1.,0.));
#2657=DIRECTION('ref_axis',(1.,0.,0.));
#2658=DIRECTION('',(0.,0.,-1.));
#2659=DIRECTION('',(-1.,0.,8.59336871186086E-46));
#2660=DIRECTION('center_axis',(1.,0.,0.));
#2661=DIRECTION('ref_axis',(0.,-1.,0.));
#2662=DIRECTION('',(0.,-1.,2.41881825803711E-31));
#2663=DIRECTION('center_axis',(0.,0.,1.));
#2664=DIRECTION('ref_axis',(1.,0.,0.));
#2665=DIRECTION('',(0.,-1.,0.));
#2666=DIRECTION('',(-1.,0.,0.));
#2667=DIRECTION('',(0.,1.,0.));
#2668=DIRECTION('',(-1.,0.,0.));
#2669=DIRECTION('center_axis',(0.,1.,0.));
#2670=DIRECTION('ref_axis',(-1.,0.,0.));
#2671=DIRECTION('',(0.,0.,1.));
#2672=DIRECTION('',(1.,0.,-8.59336871186086E-46));
#2673=DIRECTION('',(0.,0.,1.));
#2674=DIRECTION('center_axis',(-1.,0.,0.));
#2675=DIRECTION('ref_axis',(0.,-1.,0.));
#2676=DIRECTION('',(0.,0.,1.));
#2677=DIRECTION('',(0.,-1.,2.41881825803711E-31));
#2678=DIRECTION('center_axis',(0.,1.,0.));
#2679=DIRECTION('ref_axis',(-1.,0.,0.));
#2680=DIRECTION('',(0.,0.,1.));
#2681=DIRECTION('',(-1.,0.,8.59336871186086E-46));
#2682=DIRECTION('center_axis',(1.,0.,0.));
#2683=DIRECTION('ref_axis',(0.,1.,0.));
#2684=DIRECTION('',(0.,1.,-2.41881825803711E-31));
#2685=DIRECTION('center_axis',(0.,0.,1.));
#2686=DIRECTION('ref_axis',(1.,0.,0.));
#2687=DIRECTION('',(0.,1.,0.));
#2688=DIRECTION('',(-1.,0.,0.));
#2689=DIRECTION('',(0.,-1.,0.));
#2690=DIRECTION('',(-1.,0.,0.));
#2691=DIRECTION('center_axis',(0.,1.,0.));
#2692=DIRECTION('ref_axis',(-1.,0.,0.));
#2693=DIRECTION('',(0.,0.,1.));
#2694=DIRECTION('',(-1.,0.,8.59336871186086E-46));
#2695=DIRECTION('',(0.,0.,1.));
#2696=DIRECTION('center_axis',(1.,0.,0.));
#2697=DIRECTION('ref_axis',(0.,1.,0.));
#2698=DIRECTION('',(0.,0.,1.));
#2699=DIRECTION('',(0.,1.,-2.41881825803711E-31));
#2700=DIRECTION('center_axis',(0.,1.,0.));
#2701=DIRECTION('ref_axis',(-1.,0.,0.));
#2702=DIRECTION('',(0.,0.,1.));
#2703=DIRECTION('',(1.,0.,-8.59336871186086E-46));
#2704=DIRECTION('center_axis',(-1.,0.,0.));
#2705=DIRECTION('ref_axis',(0.,-1.,0.));
#2706=DIRECTION('',(0.,-1.,2.41881825803711E-31));
#2707=DIRECTION('center_axis',(0.,1.,0.));
#2708=DIRECTION('ref_axis',(0.,0.,1.));
#2709=DIRECTION('',(0.,0.,1.));
#2710=DIRECTION('',(-1.,0.,0.));
#2711=DIRECTION('',(0.,0.,1.));
#2712=DIRECTION('',(1.,0.,0.));
#2713=DIRECTION('center_axis',(1.,0.,0.));
#2714=DIRECTION('ref_axis',(0.,0.,-1.));
#2715=DIRECTION('',(0.,-1.,0.));
#2716=DIRECTION('',(0.,1.,0.));
#2717=DIRECTION('',(0.,0.,1.));
#2718=DIRECTION('center_axis',(0.,0.,-1.));
#2719=DIRECTION('ref_axis',(-1.,0.,0.));
#2720=DIRECTION('',(1.,0.,0.));
#2721=DIRECTION('',(-3.5527136788005E-15,-1.,0.));
#2722=DIRECTION('',(1.,0.,0.));
#2723=DIRECTION('',(0.,-1.,0.));
#2724=DIRECTION('center_axis',(0.,1.,0.));
#2725=DIRECTION('ref_axis',(0.,0.,1.));
#2726=DIRECTION('',(1.,0.,0.));
#2727=DIRECTION('',(0.,0.,1.));
#2728=DIRECTION('center_axis',(0.,0.,-1.));
#2729=DIRECTION('ref_axis',(0.,1.,0.));
#2730=DIRECTION('',(3.5527136788005E-15,1.,0.));
#2731=DIRECTION('',(0.,-1.,0.));
#2732=DIRECTION('',(-1.,0.,0.));
#2733=DIRECTION('center_axis',(-1.,0.,0.));
#2734=DIRECTION('ref_axis',(0.,0.,1.));
#2735=DIRECTION('',(0.,0.,1.));
#2736=DIRECTION('center_axis',(1.,0.,0.));
#2737=DIRECTION('ref_axis',(0.,0.,-1.));
#2738=DIRECTION('',(0.,-1.,0.));
#2739=DIRECTION('',(0.,0.,1.));
#2740=DIRECTION('',(0.,1.,0.));
#2741=DIRECTION('',(0.,0.,1.));
#2742=DIRECTION('center_axis',(0.,1.,0.));
#2743=DIRECTION('ref_axis',(0.,0.,1.));
#2744=DIRECTION('',(-1.,0.,0.));
#2745=DIRECTION('',(0.,0.,1.));
#2746=DIRECTION('',(1.,0.,0.));
#2747=DIRECTION('center_axis',(-1.,0.,0.));
#2748=DIRECTION('ref_axis',(0.,0.,1.));
#2749=DIRECTION('',(0.,-1.,0.));
#2750=DIRECTION('',(0.,0.,1.));
#2751=DIRECTION('',(0.,-1.,0.));
#2752=DIRECTION('center_axis',(0.,0.,-1.));
#2753=DIRECTION('ref_axis',(-1.,0.,0.));
#2754=DIRECTION('',(1.,0.,0.));
#2755=DIRECTION('',(1.,0.,0.));
#2756=DIRECTION('',(-3.5527136788005E-15,-1.,0.));
#2757=DIRECTION('center_axis',(0.,1.,0.));
#2758=DIRECTION('ref_axis',(0.,0.,1.));
#2759=DIRECTION('',(1.,0.,0.));
#2760=DIRECTION('',(0.,0.,1.));
#2761=DIRECTION('center_axis',(0.,0.,-1.));
#2762=DIRECTION('ref_axis',(0.,1.,0.));
#2763=DIRECTION('',(3.5527136788005E-15,1.,0.));
#2764=DIRECTION('',(-1.,0.,0.));
#2765=DIRECTION('center_axis',(0.,1.,0.));
#2766=DIRECTION('ref_axis',(0.,0.,1.));
#2767=DIRECTION('',(0.70710678118656,0.,-0.707106781186535));
#2768=DIRECTION('',(1.,0.,0.));
#2769=DIRECTION('',(0.,0.,1.));
#2770=DIRECTION('',(-1.,0.,0.));
#2771=DIRECTION('',(0.,0.,-1.));
#2772=DIRECTION('center_axis',(0.,0.,1.));
#2773=DIRECTION('ref_axis',(1.,0.,0.));
#2774=DIRECTION('',(0.,-1.,0.));
#2775=DIRECTION('',(-1.,0.,0.));
#2776=DIRECTION('',(0.,-1.,0.));
#2777=DIRECTION('center_axis',(0.707106781186535,0.,0.70710678118656));
#2778=DIRECTION('ref_axis',(0.70710678118656,0.,-0.707106781186535));
#2779=DIRECTION('',(0.,-1.,0.));
#2780=DIRECTION('',(-0.70710678118656,0.,0.707106781186535));
#2781=DIRECTION('center_axis',(1.,0.,0.));
#2782=DIRECTION('ref_axis',(0.,0.,-1.));
#2783=DIRECTION('',(0.,-1.,0.));
#2784=DIRECTION('',(0.,0.,1.));
#2785=DIRECTION('center_axis',(0.,0.,-1.));
#2786=DIRECTION('ref_axis',(-1.,0.,0.));
#2787=DIRECTION('',(0.,-1.,0.));
#2788=DIRECTION('',(1.,0.,0.));
#2789=DIRECTION('center_axis',(-1.,0.,0.));
#2790=DIRECTION('ref_axis',(0.,0.,1.));
#2791=DIRECTION('',(0.,0.,-1.));
#2792=DIRECTION('center_axis',(-1.,0.,0.));
#2793=DIRECTION('ref_axis',(0.,0.,1.));
#2794=DIRECTION('',(0.,-1.,0.));
#2795=DIRECTION('',(0.,0.,-1.));
#2796=DIRECTION('',(0.,1.,0.));
#2797=DIRECTION('',(0.,0.,-1.));
#2798=DIRECTION('center_axis',(0.,1.,0.));
#2799=DIRECTION('ref_axis',(0.,0.,1.));
#2800=DIRECTION('',(1.,0.,0.));
#2801=DIRECTION('',(0.,0.,-1.));
#2802=DIRECTION('',(-1.,0.,0.));
#2803=DIRECTION('center_axis',(1.,0.,0.));
#2804=DIRECTION('ref_axis',(0.,0.,-1.));
#2805=DIRECTION('',(0.,-1.,0.));
#2806=DIRECTION('',(0.,0.,-1.));
#2807=DIRECTION('',(0.,-1.,0.));
#2808=DIRECTION('center_axis',(0.,0.,1.));
#2809=DIRECTION('ref_axis',(1.,0.,0.));
#2810=DIRECTION('',(-1.,0.,0.));
#2811=DIRECTION('',(-1.,0.,0.));
#2812=DIRECTION('',(0.,-1.,0.));
#2813=DIRECTION('center_axis',(0.,1.,0.));
#2814=DIRECTION('ref_axis',(0.,0.,-1.));
#2815=DIRECTION('',(-1.,0.,0.));
#2816=DIRECTION('',(0.,0.,-1.));
#2817=DIRECTION('center_axis',(0.,0.,1.));
#2818=DIRECTION('ref_axis',(0.,1.,0.));
#2819=DIRECTION('',(0.,1.,0.));
#2820=DIRECTION('',(1.,0.,0.));
#2821=DIRECTION('center_axis',(-1.,0.,0.));
#2822=DIRECTION('ref_axis',(0.,0.,1.));
#2823=DIRECTION('',(0.,1.,0.));
#2824=DIRECTION('',(0.,0.,-1.));
#2825=DIRECTION('',(0.,-1.,0.));
#2826=DIRECTION('',(0.,0.,-1.));
#2827=DIRECTION('center_axis',(0.,1.,0.));
#2828=DIRECTION('ref_axis',(0.,0.,1.));
#2829=DIRECTION('',(1.,0.,0.));
#2830=DIRECTION('',(0.,0.,-1.));
#2831=DIRECTION('',(-1.,0.,0.));
#2832=DIRECTION('center_axis',(1.,0.,0.));
#2833=DIRECTION('ref_axis',(0.,0.,-1.));
#2834=DIRECTION('',(0.,-1.,0.));
#2835=DIRECTION('',(0.,0.,-1.));
#2836=DIRECTION('',(0.,-1.,0.));
#2837=DIRECTION('center_axis',(0.,0.,1.));
#2838=DIRECTION('ref_axis',(1.,0.,0.));
#2839=DIRECTION('',(-1.,0.,0.));
#2840=DIRECTION('',(-1.,0.,0.));
#2841=DIRECTION('',(0.,-1.,0.));
#2842=DIRECTION('center_axis',(0.,1.,0.));
#2843=DIRECTION('ref_axis',(0.,0.,-1.));
#2844=DIRECTION('',(-1.,0.,0.));
#2845=DIRECTION('',(0.,0.,-1.));
#2846=DIRECTION('center_axis',(0.,0.,1.));
#2847=DIRECTION('ref_axis',(0.,1.,0.));
#2848=DIRECTION('',(0.,1.,0.));
#2849=DIRECTION('',(1.,0.,0.));
#2850=DIRECTION('center_axis',(-1.,0.,0.));
#2851=DIRECTION('ref_axis',(0.,0.,1.));
#2852=DIRECTION('',(0.,0.,-1.));
#2853=DIRECTION('',(0.,0.,-1.));
#2854=DIRECTION('',(-3.5527136788005E-15,-1.,2.41881825803711E-31));
#2855=DIRECTION('',(-6.80836812848306E-17,0.,-1.));
#2856=DIRECTION('',(-3.5527136788005E-15,-1.,2.41881825803711E-31));
#2857=DIRECTION('',(0.,0.,-1.));
#2858=DIRECTION('center_axis',(0.,1.,0.));
#2859=DIRECTION('ref_axis',(0.,0.,1.));
#2860=DIRECTION('',(0.,0.,1.));
#2861=DIRECTION('',(0.,0.,1.));
#2862=DIRECTION('',(-1.,3.5527136788005E-15,0.));
#2863=DIRECTION('',(1.,-3.5527136788005E-15,0.));
#2864=DIRECTION('',(0.,0.,1.));
#2865=DIRECTION('center_axis',(8.59336871186086E-46,2.41881825803711E-31,
1.));
#2866=DIRECTION('ref_axis',(0.,-1.,2.41881825803711E-31));
#2867=DIRECTION('',(-3.5527136788005E-15,-1.,2.41881825803711E-31));
#2868=DIRECTION('',(-1.,3.5527136788005E-15,6.80836812848306E-17));
#2869=DIRECTION('center_axis',(-3.5527136788005E-15,-1.,2.41881825803711E-31));
#2870=DIRECTION('ref_axis',(1.,-3.5527136788005E-15,-6.80836812848306E-17));
#2871=DIRECTION('',(6.80836812848306E-17,0.,1.));
#2872=DIRECTION('',(1.,-3.5527136788005E-15,-6.80836812848306E-17));
#2873=DIRECTION('center_axis',(-8.59336871186086E-46,-2.41881825803711E-31,
-1.));
#2874=DIRECTION('ref_axis',(0.,1.,-2.41881825803711E-31));
#2875=DIRECTION('',(-3.5527136788005E-15,-1.,2.41881825803711E-31));
#2876=DIRECTION('center_axis',(1.,-3.5527136788005E-15,0.));
#2877=DIRECTION('ref_axis',(3.5527136788005E-15,1.,0.));
#2878=DIRECTION('center_axis',(0.,1.,0.));
#2879=DIRECTION('ref_axis',(0.,0.,1.));
#2880=DIRECTION('center_axis',(-8.59336871186086E-46,-2.41881825803711E-31,
-1.));
#2881=DIRECTION('ref_axis',(0.,1.,-2.41881825803711E-31));
#2882=DIRECTION('',(1.,0.,-8.59336871186086E-46));
#2883=DIRECTION('',(0.,-1.,2.41881825803711E-31));
#2884=DIRECTION('',(-1.,0.,8.59336871186086E-46));
#2885=DIRECTION('',(0.,1.,-2.41881825803711E-31));
#2886=DIRECTION('center_axis',(1.,0.,0.));
#2887=DIRECTION('ref_axis',(0.,-1.,0.));
#2888=DIRECTION('',(0.,0.,-1.));
#2889=DIRECTION('',(0.,-1.,0.));
#2890=DIRECTION('',(0.,0.,-1.));
#2891=DIRECTION('center_axis',(0.,1.,0.));
#2892=DIRECTION('ref_axis',(1.,0.,0.));
#2893=DIRECTION('',(1.,0.,0.));
#2894=DIRECTION('',(0.,0.,-1.));
#2895=DIRECTION('center_axis',(-1.,0.,0.));
#2896=DIRECTION('ref_axis',(0.,1.,0.));
#2897=DIRECTION('',(0.,1.,0.));
#2898=DIRECTION('',(0.,0.,-1.));
#2899=DIRECTION('center_axis',(0.,1.,0.));
#2900=DIRECTION('ref_axis',(1.,0.,0.));
#2901=DIRECTION('',(1.,0.,0.));
#2902=DIRECTION('center_axis',(0.,0.,-1.));
#2903=DIRECTION('ref_axis',(-1.,0.,0.));
#2904=CARTESIAN_POINT('',(0.,0.,0.));
#2905=CARTESIAN_POINT('Origin',(-2.00000000000001,0.152000000000438,0.01000000000001));
#2906=CARTESIAN_POINT('',(-1.45000000000001,0.0770000000004379,0.01000000000001));
#2907=CARTESIAN_POINT('',(-1.45000000000001,0.152000000000438,0.01000000000001));
#2908=CARTESIAN_POINT('',(-1.45000000000001,0.152000000000438,0.01000000000001));
#2909=CARTESIAN_POINT('',(-1.25,0.0770000000004379,0.01000000000001));
#2910=CARTESIAN_POINT('',(-2.00000000000001,0.0770000000004379,0.01000000000001));
#2911=CARTESIAN_POINT('',(-1.25,0.152000000000438,0.01000000000001));
#2912=CARTESIAN_POINT('',(-1.25,0.152000000000438,0.01000000000001));
#2913=CARTESIAN_POINT('',(-2.00000000000001,0.152000000000438,0.01000000000001));
#2914=CARTESIAN_POINT('Origin',(-2.00000000000001,0.152000000000438,6.66133814775094E-15));
#2915=CARTESIAN_POINT('',(-1.25,0.152000000000438,0.));
#2916=CARTESIAN_POINT('',(-1.25,0.152000000000438,6.66133814775094E-15));
#2917=CARTESIAN_POINT('',(-1.45000000000001,0.152000000000438,0.));
#2918=CARTESIAN_POINT('',(-1.99999999999999,0.152000000000438,0.));
#2919=CARTESIAN_POINT('',(-1.45000000000001,0.152000000000438,6.66133814775094E-15));
#2920=CARTESIAN_POINT('Origin',(-1.45000000000001,4.37871960912162E-13,
6.66133814775094E-15));
#2921=CARTESIAN_POINT('',(-1.45000000000001,0.0770000000004381,0.));
#2922=CARTESIAN_POINT('',(-1.45000000000001,0.0770000000004379,6.66133814775094E-15));
#2923=CARTESIAN_POINT('',(-1.45000000000001,3.31242712474663,0.));
#2924=CARTESIAN_POINT('Origin',(-2.15000000000002,0.0770000000004379,6.66133814775094E-15));
#2925=CARTESIAN_POINT('',(-1.25,0.0770000000004377,0.));
#2926=CARTESIAN_POINT('',(-1.25,0.0770000000004379,6.66133814775094E-15));
#2927=CARTESIAN_POINT('',(-1.99999999999999,0.0770000000004377,0.));
#2928=CARTESIAN_POINT('Origin',(-1.25,4.37871960912162E-13,6.66133814775094E-15));
#2929=CARTESIAN_POINT('',(-1.25,3.31242712474663,0.));
#2930=CARTESIAN_POINT('Origin',(-1.99999999999999,3.31242712474663,0.));
#2931=CARTESIAN_POINT('Origin',(-2.00000000000001,0.152000000000438,1.99000000000001));
#2932=CARTESIAN_POINT('',(-1.45000000000001,0.152000000000438,1.99000000000001));
#2933=CARTESIAN_POINT('',(-1.45000000000001,0.0770000000004379,1.99000000000001));
#2934=CARTESIAN_POINT('',(-1.45000000000001,0.152000000000438,1.99000000000001));
#2935=CARTESIAN_POINT('',(-1.25,0.152000000000438,1.99000000000001));
#2936=CARTESIAN_POINT('',(-2.00000000000001,0.152000000000438,1.99000000000001));
#2937=CARTESIAN_POINT('',(-1.25,0.0770000000004379,1.99000000000001));
#2938=CARTESIAN_POINT('',(-1.25,0.152000000000438,1.99000000000001));
#2939=CARTESIAN_POINT('',(-2.00000000000001,0.0770000000004379,1.99000000000001));
#2940=CARTESIAN_POINT('Origin',(-2.15000000000002,0.0770000000004379,2.00000000000001));
#2941=CARTESIAN_POINT('',(-1.25,0.0770000000004377,2.));
#2942=CARTESIAN_POINT('',(-1.25,0.0770000000004379,2.00000000000001));
#2943=CARTESIAN_POINT('',(-1.45000000000001,0.0770000000004377,2.));
#2944=CARTESIAN_POINT('',(-1.99999999999999,0.0770000000004377,2.));
#2945=CARTESIAN_POINT('',(-1.45000000000001,0.0770000000004379,2.00000000000001));
#2946=CARTESIAN_POINT('Origin',(-1.45000000000001,4.37871960912162E-13,
2.00000000000001));
#2947=CARTESIAN_POINT('',(-1.45000000000001,0.152000000000438,2.));
#2948=CARTESIAN_POINT('',(-1.45000000000001,0.152000000000438,2.00000000000001));
#2949=CARTESIAN_POINT('',(-1.45000000000001,3.31242712474663,2.));
#2950=CARTESIAN_POINT('Origin',(-2.00000000000001,0.152000000000438,2.00000000000001));
#2951=CARTESIAN_POINT('',(-1.25,0.152000000000438,2.));
#2952=CARTESIAN_POINT('',(-1.25,0.152000000000438,2.00000000000001));
#2953=CARTESIAN_POINT('',(-1.99999999999999,0.152000000000438,2.));
#2954=CARTESIAN_POINT('Origin',(-1.25,4.37871960912162E-13,2.00000000000001));
#2955=CARTESIAN_POINT('',(-1.25,3.31242712474663,2.));
#2956=CARTESIAN_POINT('Origin',(-1.99999999999999,3.31242712474663,2.));
#2957=CARTESIAN_POINT('Origin',(-2.00000000000001,0.152000000000438,1.99000000000001));
#2958=CARTESIAN_POINT('',(-0.550000000000015,0.0770000000004379,1.99000000000001));
#2959=CARTESIAN_POINT('',(-0.550000000000015,0.152000000000438,1.99000000000001));
#2960=CARTESIAN_POINT('',(-0.550000000000015,0.152000000000438,1.99000000000001));
#2961=CARTESIAN_POINT('',(-0.750000000000028,0.0770000000004379,1.99000000000001));
#2962=CARTESIAN_POINT('',(-2.00000000000001,0.0770000000004379,1.99000000000001));
#2963=CARTESIAN_POINT('',(-0.750000000000028,0.152000000000438,1.99000000000001));
#2964=CARTESIAN_POINT('',(-0.750000000000028,0.152000000000438,1.99000000000001));
#2965=CARTESIAN_POINT('',(-2.00000000000001,0.152000000000438,1.99000000000001));
#2966=CARTESIAN_POINT('Origin',(-2.00000000000001,0.152000000000438,2.00000000000001));
#2967=CARTESIAN_POINT('',(-0.750000000000028,0.152000000000438,2.));
#2968=CARTESIAN_POINT('',(-0.750000000000028,0.152000000000438,2.00000000000001));
#2969=CARTESIAN_POINT('',(-0.550000000000015,0.152000000000438,2.));
#2970=CARTESIAN_POINT('',(-1.99999999999999,0.152000000000438,2.));
#2971=CARTESIAN_POINT('',(-0.550000000000015,0.152000000000438,2.00000000000001));
#2972=CARTESIAN_POINT('Origin',(-0.550000000000015,4.37871960912162E-13,
2.00000000000001));
#2973=CARTESIAN_POINT('',(-0.550000000000015,0.0770000000004381,2.));
#2974=CARTESIAN_POINT('',(-0.550000000000015,0.0770000000004379,2.00000000000001));
#2975=CARTESIAN_POINT('',(-0.550000000000015,3.31242712474663,2.));
#2976=CARTESIAN_POINT('Origin',(-2.15000000000002,0.0770000000004379,2.00000000000001));
#2977=CARTESIAN_POINT('',(-0.750000000000028,0.0770000000004377,2.));
#2978=CARTESIAN_POINT('',(-0.750000000000028,0.0770000000004379,2.00000000000001));
#2979=CARTESIAN_POINT('',(-1.99999999999999,0.0770000000004377,2.));
#2980=CARTESIAN_POINT('Origin',(-0.750000000000028,4.37871960912162E-13,
2.00000000000001));
#2981=CARTESIAN_POINT('',(-0.750000000000028,3.31242712474663,2.));
#2982=CARTESIAN_POINT('Origin',(-1.99999999999999,3.31242712474663,2.));
#2983=CARTESIAN_POINT('Origin',(39.25,0.0100000000004379,45.8000000000001));
#2984=CARTESIAN_POINT('',(-0.0100000000000122,0.0100000000004379,1.32500000000002));
#2985=CARTESIAN_POINT('',(-0.0100000000000122,0.0100000000004379,1.67500000000003));
#2986=CARTESIAN_POINT('',(-0.0100000000000122,0.0100000000004379,2.00000000000001));
#2987=CARTESIAN_POINT('',(-0.350000000000019,0.0100000000004379,1.32500000000002));
#2988=CARTESIAN_POINT('',(39.25,0.0100000000004379,1.32500000000002));
#2989=CARTESIAN_POINT('',(-0.350000000000019,0.0100000000004379,1.67499999999998));
#2990=CARTESIAN_POINT('',(-0.350000000000019,0.0100000000004379,45.8000000000001));
#2991=CARTESIAN_POINT('',(39.25,0.0100000000004379,1.67500000000003));
#2992=CARTESIAN_POINT('Origin',(-0.0100000000000122,0.152000000000438,2.00000000000001));
#2993=CARTESIAN_POINT('',(-0.0100000000000122,0.152000000000438,1.67500000000003));
#2994=CARTESIAN_POINT('',(-0.0100000000000122,0.152000000000438,1.67500000000003));
#2995=CARTESIAN_POINT('',(-0.0100000000000122,0.152000000000438,1.32500000000002));
#2996=CARTESIAN_POINT('',(-0.0100000000000122,0.152000000000438,2.00000000000001));
#2997=CARTESIAN_POINT('',(-0.0100000000000122,0.152000000000438,1.32500000000002));
#2998=CARTESIAN_POINT('Origin',(-0.350000000000019,4.37871960912162E-13,
1.32500000000002));
#2999=CARTESIAN_POINT('',(-0.350000000000019,4.37871960912162E-13,1.67500000000003));
#3000=CARTESIAN_POINT('',(-0.350000000000019,4.37871960912162E-13,1.67499999999998));
#3001=CARTESIAN_POINT('',(-0.350000000000019,4.37871960912162E-13,1.32500000000002));
#3002=CARTESIAN_POINT('',(-0.350000000000019,4.37871960912162E-13,1.32500000000002));
#3003=CARTESIAN_POINT('',(-0.350000000000019,4.37871960912162E-13,45.8000000000001));
#3004=CARTESIAN_POINT('Origin',(0.0499999999999901,4.37871960912162E-13,
1.67500000000003));
#3005=CARTESIAN_POINT('',(0.,0.,1.67500000000003));
#3006=CARTESIAN_POINT('',(39.25,4.37871960912162E-13,1.67500000000003));
#3007=CARTESIAN_POINT('',(0.,0.152000000000438,1.67500000000003));
#3008=CARTESIAN_POINT('',(0.,3.31242712474663,1.67500000000003));
#3009=CARTESIAN_POINT('',(0.,0.152000000000438,1.67500000000003));
#3010=CARTESIAN_POINT('Origin',(0.,0.152000000000438,2.00000000000001));
#3011=CARTESIAN_POINT('',(0.,0.152000000000438,1.32500000000002));
#3012=CARTESIAN_POINT('',(0.,0.152000000000438,1.32500000000002));
#3013=CARTESIAN_POINT('',(0.,0.152000000000438,2.));
#3014=CARTESIAN_POINT('Origin',(0.,4.37871960912162E-13,1.32500000000002));
#3015=CARTESIAN_POINT('',(0.,0.,1.32500000000002));
#3016=CARTESIAN_POINT('',(0.,3.31242712474663,1.32500000000002));
#3017=CARTESIAN_POINT('',(39.25,4.37871960912162E-13,1.32500000000002));
#3018=CARTESIAN_POINT('Origin',(39.25,4.37871960912162E-13,45.8000000000001));
#3019=CARTESIAN_POINT('',(0.,0.,2.));
#3020=CARTESIAN_POINT('Origin',(0.,3.31242712474663,2.));
#3021=CARTESIAN_POINT('Origin',(39.25,0.0100000000004379,45.8000000000001));
#3022=CARTESIAN_POINT('',(-0.0100000000000122,0.0100000000004379,0.325000000000006));
#3023=CARTESIAN_POINT('',(-0.0100000000000122,0.0100000000004379,0.675000000000012));
#3024=CARTESIAN_POINT('',(-0.0100000000000122,0.0100000000004379,2.00000000000001));
#3025=CARTESIAN_POINT('',(-0.350000000000019,0.0100000000004379,0.325000000000006));
#3026=CARTESIAN_POINT('',(39.25,0.0100000000004379,0.325000000000006));
#3027=CARTESIAN_POINT('',(-0.350000000000019,0.0100000000004379,0.675000000000019));
#3028=CARTESIAN_POINT('',(-0.350000000000019,0.0100000000004379,45.8000000000001));
#3029=CARTESIAN_POINT('',(39.25,0.0100000000004379,0.675000000000012));
#3030=CARTESIAN_POINT('Origin',(-0.0100000000000122,0.152000000000438,2.00000000000001));
#3031=CARTESIAN_POINT('',(-0.0100000000000122,0.152000000000438,0.675000000000012));
#3032=CARTESIAN_POINT('',(-0.0100000000000122,0.152000000000438,0.675000000000012));
#3033=CARTESIAN_POINT('',(-0.0100000000000122,0.152000000000438,0.325000000000006));
#3034=CARTESIAN_POINT('',(-0.0100000000000122,0.152000000000438,2.00000000000001));
#3035=CARTESIAN_POINT('',(-0.0100000000000122,0.152000000000438,0.325000000000006));
#3036=CARTESIAN_POINT('Origin',(-0.350000000000019,4.37871960912162E-13,
0.325000000000006));
#3037=CARTESIAN_POINT('',(-0.350000000000019,4.37871960912162E-13,0.325000000000006));
#3038=CARTESIAN_POINT('',(-0.350000000000019,4.37871960912162E-13,0.325000000000006));
#3039=CARTESIAN_POINT('',(-0.350000000000019,4.37871960912162E-13,0.675000000000019));
#3040=CARTESIAN_POINT('',(-0.350000000000019,4.37871960912162E-13,45.8000000000001));
#3041=CARTESIAN_POINT('',(-0.350000000000019,4.37871960912162E-13,0.675000000000019));
#3042=CARTESIAN_POINT('Origin',(0.0499999999999901,4.37871960912162E-13,
0.675000000000012));
#3043=CARTESIAN_POINT('',(0.,0.,0.675000000000012));
#3044=CARTESIAN_POINT('',(39.25,4.37871960912162E-13,0.675000000000012));
#3045=CARTESIAN_POINT('',(0.,0.152000000000438,0.675000000000012));
#3046=CARTESIAN_POINT('',(0.,3.31242712474663,0.675000000000012));
#3047=CARTESIAN_POINT('',(0.,0.152000000000438,0.675000000000012));
#3048=CARTESIAN_POINT('Origin',(0.,0.152000000000438,2.00000000000001));
#3049=CARTESIAN_POINT('',(0.,0.152000000000438,0.325000000000006));
#3050=CARTESIAN_POINT('',(0.,0.152000000000438,0.325000000000006));
#3051=CARTESIAN_POINT('',(0.,0.152000000000438,2.));
#3052=CARTESIAN_POINT('Origin',(0.,4.37871960912162E-13,0.325000000000006));
#3053=CARTESIAN_POINT('',(0.,0.,0.325000000000006));
#3054=CARTESIAN_POINT('',(0.,3.31242712474663,0.325000000000006));
#3055=CARTESIAN_POINT('',(39.25,4.37871960912162E-13,0.325000000000006));
#3056=CARTESIAN_POINT('Origin',(39.25,4.37871960912162E-13,45.8000000000001));
#3057=CARTESIAN_POINT('',(0.,0.,2.));
#3058=CARTESIAN_POINT('Origin',(0.,3.31242712474663,2.));
#3059=CARTESIAN_POINT('Origin',(39.25,0.0100000000004379,45.8000000000001));
#3060=CARTESIAN_POINT('',(-1.35000000000002,0.0100000000004379,0.399999999999998));
#3061=CARTESIAN_POINT('',(-1.15000000000002,0.0100000000004379,0.199999999999994));
#3062=CARTESIAN_POINT('',(-1.35000000000002,0.0100000000004379,0.399999999999996));
#3063=CARTESIAN_POINT('',(-1.35000000000002,0.0100000000004379,1.8));
#3064=CARTESIAN_POINT('',(-1.35000000000002,0.0100000000004379,45.8000000000001));
#3065=CARTESIAN_POINT('',(-0.650000000000031,0.0100000000004379,1.8));
#3066=CARTESIAN_POINT('',(39.25,0.0100000000004379,1.8));
#3067=CARTESIAN_POINT('',(-0.650000000000031,0.0100000000004379,0.199999999999994));
#3068=CARTESIAN_POINT('',(-0.650000000000031,0.0100000000004379,45.8000000000001));
#3069=CARTESIAN_POINT('',(39.25,0.0100000000004379,0.199999999999994));
#3070=CARTESIAN_POINT('Origin',(-1.25,4.37871960912162E-13,0.199999999999996));
#3071=CARTESIAN_POINT('',(-0.650000000000031,4.37871960912162E-13,0.199999999999994));
#3072=CARTESIAN_POINT('',(-0.650000000000031,4.37871960912162E-13,0.199999999999996));
#3073=CARTESIAN_POINT('',(-1.15000000000002,4.37871960912162E-13,0.199999999999994));
#3074=CARTESIAN_POINT('',(39.25,4.37871960912162E-13,0.199999999999994));
#3075=CARTESIAN_POINT('',(-1.15000000000002,4.37871960912162E-13,0.199999999999996));
#3076=CARTESIAN_POINT('Origin',(-1.35000000000002,4.37871960912162E-13,
0.399999999999996));
#3077=CARTESIAN_POINT('',(-1.35000000000002,4.37871960912162E-13,0.399999999999998));
#3078=CARTESIAN_POINT('',(-1.35000000000002,4.37871960912162E-13,0.399999999999996));
#3079=CARTESIAN_POINT('',(-3.74999999999936,4.37871960912162E-13,2.79999999999927));
#3080=CARTESIAN_POINT('Origin',(-1.35000000000002,4.37871960912162E-13,
0.399999999999996));
#3081=CARTESIAN_POINT('',(-1.35000000000002,4.37871960912162E-13,1.8));
#3082=CARTESIAN_POINT('',(-1.35000000000002,4.37871960912162E-13,1.8));
#3083=CARTESIAN_POINT('',(-1.35000000000002,4.37871960912162E-13,45.8000000000001));
#3084=CARTESIAN_POINT('Origin',(-1.25,4.37871960912162E-13,1.8));
#3085=CARTESIAN_POINT('',(-0.650000000000031,4.37871960912162E-13,1.8));
#3086=CARTESIAN_POINT('',(-0.650000000000031,4.37871960912162E-13,1.8));
#3087=CARTESIAN_POINT('',(39.25,4.37871960912162E-13,1.8));
#3088=CARTESIAN_POINT('Origin',(-0.650000000000031,4.37871960912162E-13,
0.199999999999996));
#3089=CARTESIAN_POINT('',(-0.650000000000031,4.37871960912162E-13,45.8000000000001));
#3090=CARTESIAN_POINT('Origin',(39.25,4.37871960912162E-13,45.8000000000001));
#3091=CARTESIAN_POINT('Origin',(-1.99000000000002,0.152000000000438,2.00000000000001));
#3092=CARTESIAN_POINT('',(-1.99000000000002,0.152000000000438,0.325000000000024));
#3093=CARTESIAN_POINT('',(-1.99000000000002,0.0100000000004379,0.325000000000022));
#3094=CARTESIAN_POINT('',(-1.99000000000002,0.152000000000438,0.325000000000024));
#3095=CARTESIAN_POINT('',(-1.99000000000002,0.152000000000438,0.675000000000019));
#3096=CARTESIAN_POINT('',(-1.99000000000002,0.152000000000438,2.00000000000001));
#3097=CARTESIAN_POINT('',(-1.99000000000002,0.0100000000004379,0.675000000000019));
#3098=CARTESIAN_POINT('',(-1.99000000000002,0.152000000000438,0.675000000000019));
#3099=CARTESIAN_POINT('',(-1.99000000000002,0.0100000000004379,2.00000000000001));
#3100=CARTESIAN_POINT('Origin',(39.25,0.0100000000004379,45.8000000000001));
#3101=CARTESIAN_POINT('',(-1.65000000000004,0.0100000000004379,0.675000000000019));
#3102=CARTESIAN_POINT('',(39.25,0.0100000000004379,0.675000000000019));
#3103=CARTESIAN_POINT('',(-1.65000000000004,0.0100000000004379,0.325000000000006));
#3104=CARTESIAN_POINT('',(-1.65000000000004,0.0100000000004379,45.8000000000001));
#3105=CARTESIAN_POINT('',(39.25,0.0100000000004379,0.325000000000022));
#3106=CARTESIAN_POINT('Origin',(-2.00000000000001,0.152000000000438,2.00000000000001));
#3107=CARTESIAN_POINT('',(-2.00000000000001,0.152000000000438,0.675000000000019));
#3108=CARTESIAN_POINT('',(-2.00000000000001,0.152000000000438,0.675000000000019));
#3109=CARTESIAN_POINT('',(-2.00000000000001,0.152000000000438,0.325000000000024));
#3110=CARTESIAN_POINT('',(-2.00000000000001,0.152000000000438,0.325000000000024));
#3111=CARTESIAN_POINT('',(-2.00000000000001,0.152000000000438,2.00000000000001));
#3112=CARTESIAN_POINT('Origin',(-1.65000000000004,4.37871960912162E-13,
0.325000000000011));
#3113=CARTESIAN_POINT('',(-1.65000000000004,4.37871960912162E-13,0.675000000000019));
#3114=CARTESIAN_POINT('',(-1.65000000000004,4.37871960912162E-13,0.675000000000019));
#3115=CARTESIAN_POINT('',(-1.65000000000004,4.37871960912162E-13,0.325000000000006));
#3116=CARTESIAN_POINT('',(-1.65000000000004,4.37871960912162E-13,45.8000000000001));
#3117=CARTESIAN_POINT('',(-1.65000000000004,4.37871960912162E-13,0.325000000000011));
#3118=CARTESIAN_POINT('Origin',(-2.95000000000002,4.37871960912162E-13,
0.325000000000024));
#3119=CARTESIAN_POINT('',(-2.00000000000001,4.37871960912162E-13,0.325000000000024));
#3120=CARTESIAN_POINT('',(39.25,4.37871960912162E-13,0.325000000000022));
#3121=CARTESIAN_POINT('',(-2.00000000000001,0.152000000000438,0.325000000000024));
#3122=CARTESIAN_POINT('Origin',(-2.00000000000001,4.37871960912162E-13,
0.675000000000019));
#3123=CARTESIAN_POINT('',(-2.00000000000001,4.37871960912162E-13,0.675000000000019));
#3124=CARTESIAN_POINT('',(-2.00000000000001,0.152000000000438,0.675000000000019));
#3125=CARTESIAN_POINT('',(39.25,4.37871960912162E-13,0.675000000000019));
#3126=CARTESIAN_POINT('Origin',(-2.00000000000001,0.152000000000438,2.00000000000001));
#3127=CARTESIAN_POINT('',(-2.00000000000001,4.37871960912162E-13,2.00000000000001));
#3128=CARTESIAN_POINT('Origin',(39.25,4.37871960912162E-13,45.8000000000001));
#3129=CARTESIAN_POINT('Origin',(39.25,0.0100000000004379,45.8000000000001));
#3130=CARTESIAN_POINT('',(-1.99000000000002,0.0100000000004379,1.67499999999998));
#3131=CARTESIAN_POINT('',(-1.99000000000002,0.0100000000004379,1.325));
#3132=CARTESIAN_POINT('',(-1.99000000000002,0.0100000000004379,2.00000000000001));
#3133=CARTESIAN_POINT('',(-1.65000000000004,0.0100000000004379,1.67499999999998));
#3134=CARTESIAN_POINT('',(39.25,0.0100000000004379,1.67499999999998));
#3135=CARTESIAN_POINT('',(-1.65000000000004,0.0100000000004379,1.32500000000002));
#3136=CARTESIAN_POINT('',(-1.65000000000004,0.0100000000004379,45.8000000000001));
#3137=CARTESIAN_POINT('',(39.25,0.0100000000004379,1.32499999999998));
#3138=CARTESIAN_POINT('Origin',(-2.00000000000001,0.152000000000438,2.00000000000001));
#3139=CARTESIAN_POINT('',(-1.99000000000002,0.152000000000438,1.67499999999998));
#3140=CARTESIAN_POINT('',(-2.00000000000001,0.152000000000438,1.67499999999998));
#3141=CARTESIAN_POINT('',(-2.00000000000001,0.152000000000438,1.67499999999998));
#3142=CARTESIAN_POINT('',(-1.99000000000002,0.152000000000438,1.32500000000002));
#3143=CARTESIAN_POINT('',(-1.99000000000002,0.152000000000438,2.00000000000001));
#3144=CARTESIAN_POINT('',(-2.00000000000001,0.152000000000438,1.32499999999999));
#3145=CARTESIAN_POINT('',(-2.00000000000001,0.152000000000438,1.32500000000002));
#3146=CARTESIAN_POINT('',(-2.00000000000001,0.152000000000438,2.00000000000001));
#3147=CARTESIAN_POINT('Origin',(-1.65000000000004,4.37871960912162E-13,
1.32500000000002));
#3148=CARTESIAN_POINT('',(-1.65000000000004,4.37871960912162E-13,1.67499999999998));
#3149=CARTESIAN_POINT('',(-1.65000000000004,4.37871960912162E-13,1.67499999999998));
#3150=CARTESIAN_POINT('',(-1.65000000000004,4.37871960912162E-13,1.32500000000002));
#3151=CARTESIAN_POINT('',(-1.65000000000004,4.37871960912162E-13,45.8000000000001));
#3152=CARTESIAN_POINT('',(-1.65000000000004,4.37871960912162E-13,1.32500000000002));
#3153=CARTESIAN_POINT('Origin',(-2.95000000000002,4.37871960912162E-13,
1.32499999999999));
#3154=CARTESIAN_POINT('',(-2.00000000000001,4.37871960912162E-13,1.32499999999999));
#3155=CARTESIAN_POINT('',(39.25,4.37871960912162E-13,1.32499999999998));
#3156=CARTESIAN_POINT('',(-2.00000000000001,0.152000000000438,1.32499999999999));
#3157=CARTESIAN_POINT('',(-1.99000000000002,0.152000000000438,1.32500000000002));
#3158=CARTESIAN_POINT('Origin',(-2.00000000000001,4.37871960912162E-13,
1.67499999999998));
#3159=CARTESIAN_POINT('',(-2.00000000000001,4.37871960912162E-13,1.67499999999998));
#3160=CARTESIAN_POINT('',(-2.00000000000001,0.152000000000438,1.67499999999998));
#3161=CARTESIAN_POINT('',(39.25,4.37871960912162E-13,1.67499999999998));
#3162=CARTESIAN_POINT('',(-1.99000000000002,0.152000000000438,1.67499999999998));
#3163=CARTESIAN_POINT('Origin',(-2.00000000000001,0.152000000000438,2.00000000000001));
#3164=CARTESIAN_POINT('',(-2.00000000000001,4.37871960912162E-13,2.00000000000001));
#3165=CARTESIAN_POINT('Origin',(39.25,4.37871960912162E-13,45.8000000000001));
#3166=CARTESIAN_POINT('Origin',(-1.99000000000002,0.152000000000438,2.00000000000001));
#3167=CARTESIAN_POINT('Origin',(-1.00000000000001,0.568749999999999,0.999999999999968));
#3168=CARTESIAN_POINT('',(-0.625000000000014,0.700000000000003,0.999999999999967));
#3169=CARTESIAN_POINT('Origin',(-1.00000000000001,0.700000000000005,0.999999999999968));
#3170=CARTESIAN_POINT('',(-0.500000000000014,0.750000000000002,0.999999999999967));
#3171=CARTESIAN_POINT('Origin',(-0.500000000000014,0.568749999999997,0.999999999999967));
#3172=CARTESIAN_POINT('Origin',(-1.00000000000001,0.750000000000004,0.999999999999968));
#3173=CARTESIAN_POINT('Origin',(-1.00000000000001,0.207307692310974,0.999999999999968));
#3174=CARTESIAN_POINT('',(-0.725000000000017,0.579999999999997,0.999999999999967));
#3175=CARTESIAN_POINT('Origin',(-1.00000000000001,0.579999999999997,0.999999999999968));
#3176=CARTESIAN_POINT('Origin',(-0.155769230773192,0.207307692310971,0.999999999999967));
#3177=CARTESIAN_POINT('Ctrl Pts',(-0.768353446377494,0.518999823735318,
0.999999999999968));
#3178=CARTESIAN_POINT('Ctrl Pts',(-0.768353446377494,0.518999823735318,
0.768353446377446));
#3179=CARTESIAN_POINT('Ctrl Pts',(-1.00000000000002,0.518999823735319,0.768353446377446));
#3180=CARTESIAN_POINT('Ctrl Pts',(-1.23164655362254,0.51899982373532,0.768353446377446));
#3181=CARTESIAN_POINT('Ctrl Pts',(-1.23164655362254,0.51899982373532,0.999999999999968));
#3182=CARTESIAN_POINT('Ctrl Pts',(-1.23164655362254,0.51899982373532,1.23164655362249));
#3183=CARTESIAN_POINT('Ctrl Pts',(-1.00000000000002,0.518999823735319,1.23164655362249));
#3184=CARTESIAN_POINT('Ctrl Pts',(-0.768353446377494,0.518999823735318,
1.23164655362249));
#3185=CARTESIAN_POINT('Ctrl Pts',(-0.768353446377494,0.518999823735318,
0.999999999999968));
#3186=CARTESIAN_POINT('Ctrl Pts',(-0.745511513450296,0.548671785442324,
0.999999999999968));
#3187=CARTESIAN_POINT('Ctrl Pts',(-0.745511513450296,0.548671785442324,
0.745511513450248));
#3188=CARTESIAN_POINT('Ctrl Pts',(-1.00000000000002,0.548671785442325,0.745511513450248));
#3189=CARTESIAN_POINT('Ctrl Pts',(-1.25448848654974,0.548671785442326,0.745511513450248));
#3190=CARTESIAN_POINT('Ctrl Pts',(-1.25448848654974,0.548671785442326,0.999999999999968));
#3191=CARTESIAN_POINT('Ctrl Pts',(-1.25448848654974,0.548671785442326,1.25448848654969));
#3192=CARTESIAN_POINT('Ctrl Pts',(-1.00000000000002,0.548671785442325,1.25448848654969));
#3193=CARTESIAN_POINT('Ctrl Pts',(-0.745511513450296,0.548671785442324,
1.25448848654969));
#3194=CARTESIAN_POINT('Ctrl Pts',(-0.745511513450296,0.548671785442324,
0.999999999999968));
#3195=CARTESIAN_POINT('Ctrl Pts',(-0.725000000000015,0.579999999999996,
0.999999999999968));
#3196=CARTESIAN_POINT('Ctrl Pts',(-0.725000000000015,0.579999999999996,
0.724999999999967));
#3197=CARTESIAN_POINT('Ctrl Pts',(-1.00000000000002,0.579999999999997,0.724999999999967));
#3198=CARTESIAN_POINT('Ctrl Pts',(-1.27500000000002,0.579999999999997,0.724999999999967));
#3199=CARTESIAN_POINT('Ctrl Pts',(-1.27500000000002,0.579999999999997,0.999999999999968));
#3200=CARTESIAN_POINT('Ctrl Pts',(-1.27500000000002,0.579999999999997,1.27499999999997));
#3201=CARTESIAN_POINT('Ctrl Pts',(-1.00000000000002,0.579999999999997,1.27499999999997));
#3202=CARTESIAN_POINT('Ctrl Pts',(-0.725000000000015,0.579999999999996,
1.27499999999997));
#3203=CARTESIAN_POINT('Ctrl Pts',(-0.725000000000015,0.579999999999996,
0.999999999999968));
#3204=CARTESIAN_POINT('',(-0.768353446377489,0.518999823735318,0.999999999999968));
#3205=CARTESIAN_POINT('Origin',(-1.00000000000001,0.518999823735318,0.999999999999968));
#3206=CARTESIAN_POINT('Origin',(-1.54503546099932,1.11690159574942,0.999999999999968));
#3207=CARTESIAN_POINT('Origin',(-1.00000000000001,0.580000000000004,0.999999999999968));
#3208=CARTESIAN_POINT('',(-0.819593452027669,0.484000000000438,0.999999999999968));
#3209=CARTESIAN_POINT('Origin',(-1.00000000000001,0.484000000000438,0.999999999999968));
#3210=CARTESIAN_POINT('Origin',(-0.847593452029157,0.580000000000003,0.999999999999968));
#3211=CARTESIAN_POINT('Origin',(-2.00000000000001,0.152000000000438,0.01000000000001));
#3212=CARTESIAN_POINT('',(-0.750000000000028,0.0770000000004379,0.01000000000001));
#3213=CARTESIAN_POINT('',(-0.750000000000028,0.152000000000438,0.01000000000001));
#3214=CARTESIAN_POINT('',(-0.750000000000028,0.152000000000438,0.01000000000001));
#3215=CARTESIAN_POINT('',(-0.550000000000015,0.152000000000438,0.01000000000001));
#3216=CARTESIAN_POINT('',(-2.00000000000001,0.152000000000438,0.01000000000001));
#3217=CARTESIAN_POINT('',(-0.550000000000015,0.0770000000004379,0.01000000000001));
#3218=CARTESIAN_POINT('',(-0.550000000000015,0.152000000000438,0.01000000000001));
#3219=CARTESIAN_POINT('',(-2.00000000000001,0.0770000000004379,0.01000000000001));
#3220=CARTESIAN_POINT('Origin',(-2.00000000000001,0.152000000000438,6.66133814775094E-15));
#3221=CARTESIAN_POINT('',(-0.750000000000028,0.152000000000438,0.));
#3222=CARTESIAN_POINT('',(-0.750000000000028,0.152000000000438,6.66133814775094E-15));
#3223=CARTESIAN_POINT('',(-0.550000000000015,0.152000000000438,0.));
#3224=CARTESIAN_POINT('',(-1.99999999999999,0.152000000000438,0.));
#3225=CARTESIAN_POINT('',(-0.550000000000015,0.152000000000438,6.66133814775094E-15));
#3226=CARTESIAN_POINT('Origin',(-0.750000000000028,4.37871960912162E-13,
6.66133814775094E-15));
#3227=CARTESIAN_POINT('',(-0.750000000000028,0.0770000000004381,0.));
#3228=CARTESIAN_POINT('',(-0.750000000000028,0.0770000000004379,6.66133814775094E-15));
#3229=CARTESIAN_POINT('',(-0.750000000000028,3.31242712474663,0.));
#3230=CARTESIAN_POINT('Origin',(-2.15000000000002,0.0770000000004379,6.66133814775094E-15));
#3231=CARTESIAN_POINT('',(-0.550000000000015,0.0770000000004377,0.));
#3232=CARTESIAN_POINT('',(-0.550000000000015,0.0770000000004379,6.66133814775094E-15));
#3233=CARTESIAN_POINT('',(-1.99999999999999,0.0770000000004377,0.));
#3234=CARTESIAN_POINT('Origin',(-0.550000000000015,4.37871960912162E-13,
6.66133814775094E-15));
#3235=CARTESIAN_POINT('',(-0.550000000000015,3.31242712474663,0.));
#3236=CARTESIAN_POINT('Origin',(-2.00000000000001,0.152000000000438,0.01000000000001));
#3237=CARTESIAN_POINT('',(-1.45000000000001,0.0770000000004379,0.01000000000001));
#3238=CARTESIAN_POINT('',(-1.45000000000001,0.152000000000438,0.01000000000001));
#3239=CARTESIAN_POINT('',(-1.45000000000001,0.152000000000438,0.01000000000001));
#3240=CARTESIAN_POINT('',(-1.25,0.152000000000438,0.01000000000001));
#3241=CARTESIAN_POINT('',(-2.00000000000001,0.152000000000438,0.01000000000001));
#3242=CARTESIAN_POINT('',(-1.25,0.0770000000004379,0.01000000000001));
#3243=CARTESIAN_POINT('',(-1.25,0.152000000000438,0.01000000000001));
#3244=CARTESIAN_POINT('',(-2.00000000000001,0.0770000000004379,0.01000000000001));
#3245=CARTESIAN_POINT('Origin',(-2.00000000000001,0.152000000000438,6.66133814775094E-15));
#3246=CARTESIAN_POINT('',(-1.45000000000001,0.152000000000438,0.));
#3247=CARTESIAN_POINT('',(-1.45000000000001,0.152000000000438,6.66133814775094E-15));
#3248=CARTESIAN_POINT('',(-1.25,0.152000000000438,0.));
#3249=CARTESIAN_POINT('',(-1.99999999999999,0.152000000000438,0.));
#3250=CARTESIAN_POINT('',(-1.25,0.152000000000438,6.66133814775094E-15));
#3251=CARTESIAN_POINT('Origin',(-1.45000000000001,4.37871960912162E-13,
6.66133814775094E-15));
#3252=CARTESIAN_POINT('',(-1.45000000000001,0.0770000000004381,0.));
#3253=CARTESIAN_POINT('',(-1.45000000000001,0.0770000000004379,6.66133814775094E-15));
#3254=CARTESIAN_POINT('',(-1.45000000000001,3.31242712474663,0.));
#3255=CARTESIAN_POINT('Origin',(-2.15000000000002,0.0770000000004379,6.66133814775094E-15));
#3256=CARTESIAN_POINT('',(-1.25,0.0770000000004377,0.));
#3257=CARTESIAN_POINT('',(-1.25,0.0770000000004379,6.66133814775094E-15));
#3258=CARTESIAN_POINT('',(-1.99999999999999,0.0770000000004377,0.));
#3259=CARTESIAN_POINT('Origin',(-1.25,4.37871960912162E-13,6.66133814775094E-15));
#3260=CARTESIAN_POINT('',(-1.25,3.31242712474663,0.));
#3261=CARTESIAN_POINT('Origin',(-2.00000000000001,0.152000000000438,1.99000000000001));
#3262=CARTESIAN_POINT('',(-1.45000000000001,0.152000000000438,1.99000000000001));
#3263=CARTESIAN_POINT('',(-1.45000000000001,0.0770000000004379,1.99000000000001));
#3264=CARTESIAN_POINT('',(-1.45000000000001,0.152000000000438,1.99000000000001));
#3265=CARTESIAN_POINT('',(-1.25,0.0770000000004379,1.99000000000001));
#3266=CARTESIAN_POINT('',(-2.00000000000001,0.0770000000004379,1.99000000000001));
#3267=CARTESIAN_POINT('',(-1.25,0.152000000000438,1.99000000000001));
#3268=CARTESIAN_POINT('',(-1.25,0.152000000000438,1.99000000000001));
#3269=CARTESIAN_POINT('',(-2.00000000000001,0.152000000000438,1.99000000000001));
#3270=CARTESIAN_POINT('Origin',(-2.15000000000002,0.0770000000004379,2.00000000000001));
#3271=CARTESIAN_POINT('',(-1.45000000000001,0.0770000000004377,2.));
#3272=CARTESIAN_POINT('',(-1.45000000000001,0.0770000000004379,2.00000000000001));
#3273=CARTESIAN_POINT('',(-1.25,0.0770000000004377,2.));
#3274=CARTESIAN_POINT('',(-1.99999999999999,0.0770000000004377,2.));
#3275=CARTESIAN_POINT('',(-1.25,0.0770000000004379,2.00000000000001));
#3276=CARTESIAN_POINT('Origin',(-1.45000000000001,4.37871960912162E-13,
2.00000000000001));
#3277=CARTESIAN_POINT('',(-1.45000000000001,0.152000000000438,2.));
#3278=CARTESIAN_POINT('',(-1.45000000000001,0.152000000000438,2.00000000000001));
#3279=CARTESIAN_POINT('',(-1.45000000000001,3.31242712474663,2.));
#3280=CARTESIAN_POINT('Origin',(-2.00000000000001,0.152000000000438,2.00000000000001));
#3281=CARTESIAN_POINT('',(-1.25,0.152000000000438,2.));
#3282=CARTESIAN_POINT('',(-1.25,0.152000000000438,2.00000000000001));
#3283=CARTESIAN_POINT('',(-1.99999999999999,0.152000000000438,2.));
#3284=CARTESIAN_POINT('Origin',(-1.25,4.37871960912162E-13,2.00000000000001));
#3285=CARTESIAN_POINT('',(-1.25,3.31242712474663,2.));
#3286=CARTESIAN_POINT('Origin',(-2.00000000000001,0.152000000000438,1.99000000000001));
#3287=CARTESIAN_POINT('',(-0.550000000000015,0.0770000000004379,1.99000000000001));
#3288=CARTESIAN_POINT('',(-0.550000000000015,0.152000000000438,1.99000000000001));
#3289=CARTESIAN_POINT('',(-0.550000000000015,0.152000000000438,1.99000000000001));
#3290=CARTESIAN_POINT('',(-0.750000000000028,0.152000000000438,1.99000000000001));
#3291=CARTESIAN_POINT('',(-2.00000000000001,0.152000000000438,1.99000000000001));
#3292=CARTESIAN_POINT('',(-0.750000000000028,0.0770000000004379,1.99000000000001));
#3293=CARTESIAN_POINT('',(-0.750000000000028,0.152000000000438,1.99000000000001));
#3294=CARTESIAN_POINT('',(-2.00000000000001,0.0770000000004379,1.99000000000001));
#3295=CARTESIAN_POINT('Origin',(-2.00000000000001,0.152000000000438,2.00000000000001));
#3296=CARTESIAN_POINT('',(-0.550000000000015,0.152000000000438,2.));
#3297=CARTESIAN_POINT('',(-0.550000000000015,0.152000000000438,2.00000000000001));
#3298=CARTESIAN_POINT('',(-0.750000000000028,0.152000000000438,2.));
#3299=CARTESIAN_POINT('',(-1.99999999999999,0.152000000000438,2.));
#3300=CARTESIAN_POINT('',(-0.750000000000028,0.152000000000438,2.00000000000001));
#3301=CARTESIAN_POINT('Origin',(-0.550000000000015,4.37871960912162E-13,
2.00000000000001));
#3302=CARTESIAN_POINT('',(-0.550000000000015,0.0770000000004381,2.));
#3303=CARTESIAN_POINT('',(-0.550000000000015,0.0770000000004379,2.00000000000001));
#3304=CARTESIAN_POINT('',(-0.550000000000015,3.31242712474663,2.));
#3305=CARTESIAN_POINT('Origin',(-2.15000000000002,0.0770000000004379,2.00000000000001));
#3306=CARTESIAN_POINT('',(-0.750000000000028,0.0770000000004377,2.));
#3307=CARTESIAN_POINT('',(-0.750000000000028,0.0770000000004379,2.00000000000001));
#3308=CARTESIAN_POINT('',(-1.99999999999999,0.0770000000004377,2.));
#3309=CARTESIAN_POINT('Origin',(-0.750000000000028,4.37871960912162E-13,
2.00000000000001));
#3310=CARTESIAN_POINT('',(-0.750000000000028,3.31242712474663,2.));
#3311=CARTESIAN_POINT('Origin',(39.25,0.0100000000004379,45.8000000000001));
#3312=CARTESIAN_POINT('',(-0.0100000000000122,0.0100000000004379,1.32500000000002));
#3313=CARTESIAN_POINT('',(-0.0100000000000122,0.0100000000004379,1.67500000000003));
#3314=CARTESIAN_POINT('',(-0.0100000000000122,0.0100000000004379,2.00000000000001));
#3315=CARTESIAN_POINT('',(-0.350000000000019,0.0100000000004379,1.67499999999998));
#3316=CARTESIAN_POINT('',(39.25,0.0100000000004379,1.67500000000003));
#3317=CARTESIAN_POINT('',(-0.350000000000019,0.0100000000004379,1.32500000000002));
#3318=CARTESIAN_POINT('',(-0.350000000000019,0.0100000000004379,45.8000000000001));
#3319=CARTESIAN_POINT('',(39.25,0.0100000000004379,1.32500000000002));
#3320=CARTESIAN_POINT('Origin',(-0.0100000000000122,0.152000000000438,2.00000000000001));
#3321=CARTESIAN_POINT('',(-0.0100000000000122,0.152000000000438,1.67500000000003));
#3322=CARTESIAN_POINT('',(-0.0100000000000122,0.152000000000438,1.67500000000003));
#3323=CARTESIAN_POINT('',(-0.0100000000000122,0.152000000000438,1.32500000000002));
#3324=CARTESIAN_POINT('',(-0.0100000000000122,0.152000000000438,1.32500000000002));
#3325=CARTESIAN_POINT('',(-0.0100000000000122,0.152000000000438,2.00000000000001));
#3326=CARTESIAN_POINT('Origin',(0.0499999999999901,4.37871960912162E-13,
1.67500000000003));
#3327=CARTESIAN_POINT('',(0.,0.152000000000438,1.67500000000003));
#3328=CARTESIAN_POINT('',(0.,0.152000000000438,1.67500000000003));
#3329=CARTESIAN_POINT('',(0.,0.,1.67500000000003));
#3330=CARTESIAN_POINT('',(0.,3.31242712474663,1.67500000000003));
#3331=CARTESIAN_POINT('',(-0.350000000000019,4.37871960912162E-13,1.67500000000003));
#3332=CARTESIAN_POINT('',(39.25,4.37871960912162E-13,1.67500000000003));
#3333=CARTESIAN_POINT('',(-0.350000000000019,4.37871960912162E-13,1.67499999999998));
#3334=CARTESIAN_POINT('Origin',(0.,0.152000000000438,2.00000000000001));
#3335=CARTESIAN_POINT('',(0.,0.152000000000438,1.32500000000002));
#3336=CARTESIAN_POINT('',(0.,0.152000000000438,1.32500000000002));
#3337=CARTESIAN_POINT('',(0.,0.152000000000438,2.));
#3338=CARTESIAN_POINT('Origin',(0.,4.37871960912162E-13,1.32500000000002));
#3339=CARTESIAN_POINT('',(0.,0.,1.32500000000002));
#3340=CARTESIAN_POINT('',(0.,3.31242712474663,1.32500000000002));
#3341=CARTESIAN_POINT('',(-0.350000000000019,4.37871960912162E-13,1.32500000000002));
#3342=CARTESIAN_POINT('',(-0.350000000000019,4.37871960912162E-13,1.32500000000002));
#3343=CARTESIAN_POINT('',(39.25,4.37871960912162E-13,1.32500000000002));
#3344=CARTESIAN_POINT('Origin',(-0.350000000000019,4.37871960912162E-13,
1.32500000000002));
#3345=CARTESIAN_POINT('',(-0.350000000000019,4.37871960912162E-13,45.8000000000001));
#3346=CARTESIAN_POINT('Origin',(-0.0100000000000122,0.152000000000438,2.00000000000001));
#3347=CARTESIAN_POINT('',(-0.0100000000000122,0.152000000000438,0.675000000000012));
#3348=CARTESIAN_POINT('',(-0.0100000000000122,0.0100000000004379,0.675000000000012));
#3349=CARTESIAN_POINT('',(-0.0100000000000122,0.152000000000438,0.675000000000012));
#3350=CARTESIAN_POINT('',(-0.0100000000000122,0.0100000000004379,0.325000000000006));
#3351=CARTESIAN_POINT('',(-0.0100000000000122,0.0100000000004379,2.00000000000001));
#3352=CARTESIAN_POINT('',(-0.0100000000000122,0.152000000000438,0.325000000000006));
#3353=CARTESIAN_POINT('',(-0.0100000000000122,0.152000000000438,0.325000000000006));
#3354=CARTESIAN_POINT('',(-0.0100000000000122,0.152000000000438,2.00000000000001));
#3355=CARTESIAN_POINT('Origin',(39.25,0.0100000000004379,45.8000000000001));
#3356=CARTESIAN_POINT('',(-0.350000000000019,0.0100000000004379,0.675000000000019));
#3357=CARTESIAN_POINT('',(39.25,0.0100000000004379,0.675000000000012));
#3358=CARTESIAN_POINT('',(-0.350000000000019,0.0100000000004379,0.325000000000006));
#3359=CARTESIAN_POINT('',(-0.350000000000019,0.0100000000004379,45.8000000000001));
#3360=CARTESIAN_POINT('',(39.25,0.0100000000004379,0.325000000000006));
#3361=CARTESIAN_POINT('Origin',(-0.350000000000019,4.37871960912162E-13,
0.325000000000006));
#3362=CARTESIAN_POINT('',(-0.350000000000019,4.37871960912162E-13,0.675000000000019));
#3363=CARTESIAN_POINT('',(-0.350000000000019,4.37871960912162E-13,0.675000000000019));
#3364=CARTESIAN_POINT('',(-0.350000000000019,4.37871960912162E-13,0.325000000000006));
#3365=CARTESIAN_POINT('',(-0.350000000000019,4.37871960912162E-13,45.8000000000001));
#3366=CARTESIAN_POINT('',(-0.350000000000019,4.37871960912162E-13,0.325000000000006));
#3367=CARTESIAN_POINT('Origin',(0.0499999999999901,4.37871960912162E-13,
0.675000000000012));
#3368=CARTESIAN_POINT('',(0.,0.,0.675000000000012));
#3369=CARTESIAN_POINT('',(39.25,4.37871960912162E-13,0.675000000000012));
#3370=CARTESIAN_POINT('',(0.,0.152000000000438,0.675000000000012));
#3371=CARTESIAN_POINT('',(0.,0.152000000000438,0.675000000000012));
#3372=CARTESIAN_POINT('',(0.,3.31242712474663,0.675000000000012));
#3373=CARTESIAN_POINT('Origin',(0.,0.152000000000438,2.00000000000001));
#3374=CARTESIAN_POINT('',(0.,0.152000000000438,0.325000000000006));
#3375=CARTESIAN_POINT('',(0.,0.152000000000438,0.325000000000006));
#3376=CARTESIAN_POINT('',(0.,0.152000000000438,2.));
#3377=CARTESIAN_POINT('Origin',(0.,4.37871960912162E-13,0.325000000000006));
#3378=CARTESIAN_POINT('',(0.,0.,0.325000000000006));
#3379=CARTESIAN_POINT('',(0.,3.31242712474663,0.325000000000006));
#3380=CARTESIAN_POINT('',(39.25,4.37871960912162E-13,0.325000000000006));
#3381=CARTESIAN_POINT('Origin',(39.25,0.0100000000004379,45.8000000000001));
#3382=CARTESIAN_POINT('',(-1.35000000000002,0.0100000000004379,0.399999999999998));
#3383=CARTESIAN_POINT('',(-1.15000000000002,0.0100000000004379,0.199999999999994));
#3384=CARTESIAN_POINT('',(-1.35000000000002,0.0100000000004379,0.399999999999996));
#3385=CARTESIAN_POINT('',(-0.650000000000031,0.0100000000004379,0.199999999999994));
#3386=CARTESIAN_POINT('',(39.25,0.0100000000004379,0.199999999999994));
#3387=CARTESIAN_POINT('',(-0.650000000000031,0.0100000000004379,1.8));
#3388=CARTESIAN_POINT('',(-0.650000000000031,0.0100000000004379,45.8000000000001));
#3389=CARTESIAN_POINT('',(-1.35000000000002,0.0100000000004379,1.8));
#3390=CARTESIAN_POINT('',(39.25,0.0100000000004379,1.8));
#3391=CARTESIAN_POINT('',(-1.35000000000002,0.0100000000004379,45.8000000000001));
#3392=CARTESIAN_POINT('Origin',(-1.25,4.37871960912162E-13,0.199999999999996));
#3393=CARTESIAN_POINT('',(-1.15000000000002,4.37871960912162E-13,0.199999999999994));
#3394=CARTESIAN_POINT('',(-1.15000000000002,4.37871960912162E-13,0.199999999999996));
#3395=CARTESIAN_POINT('',(-0.650000000000031,4.37871960912162E-13,0.199999999999994));
#3396=CARTESIAN_POINT('',(39.25,4.37871960912162E-13,0.199999999999994));
#3397=CARTESIAN_POINT('',(-0.650000000000031,4.37871960912162E-13,0.199999999999996));
#3398=CARTESIAN_POINT('Origin',(-1.35000000000002,4.37871960912162E-13,
0.399999999999996));
#3399=CARTESIAN_POINT('',(-1.35000000000002,4.37871960912162E-13,0.399999999999998));
#3400=CARTESIAN_POINT('',(-1.35000000000002,4.37871960912162E-13,0.399999999999996));
#3401=CARTESIAN_POINT('',(-3.74999999999936,4.37871960912162E-13,2.79999999999927));
#3402=CARTESIAN_POINT('Origin',(-1.35000000000002,4.37871960912162E-13,
0.399999999999996));
#3403=CARTESIAN_POINT('',(-1.35000000000002,4.37871960912162E-13,1.8));
#3404=CARTESIAN_POINT('',(-1.35000000000002,4.37871960912162E-13,1.8));
#3405=CARTESIAN_POINT('',(-1.35000000000002,4.37871960912162E-13,45.8000000000001));
#3406=CARTESIAN_POINT('Origin',(-1.25,4.37871960912162E-13,1.8));
#3407=CARTESIAN_POINT('',(-0.650000000000031,4.37871960912162E-13,1.8));
#3408=CARTESIAN_POINT('',(-0.650000000000031,4.37871960912162E-13,1.8));
#3409=CARTESIAN_POINT('',(39.25,4.37871960912162E-13,1.8));
#3410=CARTESIAN_POINT('Origin',(-0.650000000000031,4.37871960912162E-13,
0.199999999999996));
#3411=CARTESIAN_POINT('',(-0.650000000000031,4.37871960912162E-13,45.8000000000001));
#3412=CARTESIAN_POINT('Origin',(-1.99000000000002,0.152000000000438,2.00000000000001));
#3413=CARTESIAN_POINT('',(-1.99000000000002,0.152000000000438,0.325000000000024));
#3414=CARTESIAN_POINT('',(-1.99000000000002,0.0100000000004379,0.325000000000022));
#3415=CARTESIAN_POINT('',(-1.99000000000002,0.152000000000438,0.325000000000024));
#3416=CARTESIAN_POINT('',(-1.99000000000002,0.0100000000004379,0.675000000000019));
#3417=CARTESIAN_POINT('',(-1.99000000000002,0.0100000000004379,2.00000000000001));
#3418=CARTESIAN_POINT('',(-1.99000000000002,0.152000000000438,0.675000000000019));
#3419=CARTESIAN_POINT('',(-1.99000000000002,0.152000000000438,0.675000000000019));
#3420=CARTESIAN_POINT('',(-1.99000000000002,0.152000000000438,2.00000000000001));
#3421=CARTESIAN_POINT('Origin',(39.25,0.0100000000004379,45.8000000000001));
#3422=CARTESIAN_POINT('',(-1.65000000000004,0.0100000000004379,0.325000000000006));
#3423=CARTESIAN_POINT('',(39.25,0.0100000000004379,0.325000000000022));
#3424=CARTESIAN_POINT('',(-1.65000000000004,0.0100000000004379,0.675000000000019));
#3425=CARTESIAN_POINT('',(-1.65000000000004,0.0100000000004379,45.8000000000001));
#3426=CARTESIAN_POINT('',(39.25,0.0100000000004379,0.675000000000019));
#3427=CARTESIAN_POINT('Origin',(-1.65000000000004,4.37871960912162E-13,
0.325000000000011));
#3428=CARTESIAN_POINT('',(-1.65000000000004,4.37871960912162E-13,0.325000000000006));
#3429=CARTESIAN_POINT('',(-1.65000000000004,4.37871960912162E-13,0.325000000000011));
#3430=CARTESIAN_POINT('',(-1.65000000000004,4.37871960912162E-13,0.675000000000019));
#3431=CARTESIAN_POINT('',(-1.65000000000004,4.37871960912162E-13,45.8000000000001));
#3432=CARTESIAN_POINT('',(-1.65000000000004,4.37871960912162E-13,0.675000000000019));
#3433=CARTESIAN_POINT('Origin',(-2.95000000000002,4.37871960912162E-13,
0.325000000000024));
#3434=CARTESIAN_POINT('',(-2.00000000000001,4.37871960912162E-13,0.325000000000024));
#3435=CARTESIAN_POINT('',(39.25,4.37871960912162E-13,0.325000000000022));
#3436=CARTESIAN_POINT('',(-2.00000000000001,0.152000000000438,0.325000000000024));
#3437=CARTESIAN_POINT('',(-2.00000000000001,0.152000000000438,0.325000000000024));
#3438=CARTESIAN_POINT('',(-2.00000000000001,0.152000000000438,0.325000000000024));
#3439=CARTESIAN_POINT('Origin',(-2.00000000000001,0.152000000000438,2.00000000000001));
#3440=CARTESIAN_POINT('',(-2.00000000000001,0.152000000000438,0.675000000000019));
#3441=CARTESIAN_POINT('',(-2.00000000000001,0.152000000000438,0.675000000000019));
#3442=CARTESIAN_POINT('',(-2.00000000000001,0.152000000000438,2.00000000000001));
#3443=CARTESIAN_POINT('Origin',(-2.00000000000001,4.37871960912162E-13,
0.675000000000019));
#3444=CARTESIAN_POINT('',(-2.00000000000001,4.37871960912162E-13,0.675000000000019));
#3445=CARTESIAN_POINT('',(-2.00000000000001,0.152000000000438,0.675000000000019));
#3446=CARTESIAN_POINT('',(39.25,4.37871960912162E-13,0.675000000000019));
#3447=CARTESIAN_POINT('Origin',(-1.99000000000002,0.152000000000438,2.00000000000001));
#3448=CARTESIAN_POINT('',(-1.99000000000002,0.0100000000004379,1.67499999999998));
#3449=CARTESIAN_POINT('',(-1.99000000000002,0.152000000000438,1.67499999999998));
#3450=CARTESIAN_POINT('',(-1.99000000000002,0.152000000000438,1.67499999999998));
#3451=CARTESIAN_POINT('',(-1.99000000000002,0.152000000000438,1.32500000000002));
#3452=CARTESIAN_POINT('',(-1.99000000000002,0.152000000000438,2.00000000000001));
#3453=CARTESIAN_POINT('',(-1.99000000000002,0.0100000000004379,1.325));
#3454=CARTESIAN_POINT('',(-1.99000000000002,0.152000000000438,1.32500000000002));
#3455=CARTESIAN_POINT('',(-1.99000000000002,0.0100000000004379,2.00000000000001));
#3456=CARTESIAN_POINT('Origin',(39.25,0.0100000000004379,45.8000000000001));
#3457=CARTESIAN_POINT('',(-1.65000000000004,0.0100000000004379,1.32500000000002));
#3458=CARTESIAN_POINT('',(39.25,0.0100000000004379,1.32499999999998));
#3459=CARTESIAN_POINT('',(-1.65000000000004,0.0100000000004379,1.67499999999998));
#3460=CARTESIAN_POINT('',(-1.65000000000004,0.0100000000004379,45.8000000000001));
#3461=CARTESIAN_POINT('',(39.25,0.0100000000004379,1.67499999999998));
#3462=CARTESIAN_POINT('Origin',(-1.65000000000004,4.37871960912162E-13,
1.32500000000002));
#3463=CARTESIAN_POINT('',(-1.65000000000004,4.37871960912162E-13,1.32500000000002));
#3464=CARTESIAN_POINT('',(-1.65000000000004,4.37871960912162E-13,1.32500000000002));
#3465=CARTESIAN_POINT('',(-1.65000000000004,4.37871960912162E-13,1.67499999999998));
#3466=CARTESIAN_POINT('',(-1.65000000000004,4.37871960912162E-13,45.8000000000001));
#3467=CARTESIAN_POINT('',(-1.65000000000004,4.37871960912162E-13,1.67499999999998));
#3468=CARTESIAN_POINT('Origin',(-2.95000000000002,4.37871960912162E-13,
1.32499999999999));
#3469=CARTESIAN_POINT('',(-2.00000000000001,4.37871960912162E-13,1.32499999999999));
#3470=CARTESIAN_POINT('',(39.25,4.37871960912162E-13,1.32499999999998));
#3471=CARTESIAN_POINT('',(-2.00000000000001,0.152000000000438,1.32499999999999));
#3472=CARTESIAN_POINT('',(-2.00000000000001,0.152000000000438,1.32500000000002));
#3473=CARTESIAN_POINT('',(-2.00000000000001,0.152000000000438,1.32499999999999));
#3474=CARTESIAN_POINT('Origin',(-2.00000000000001,0.152000000000438,2.00000000000001));
#3475=CARTESIAN_POINT('',(-2.00000000000001,0.152000000000438,1.67499999999998));
#3476=CARTESIAN_POINT('',(-2.00000000000001,0.152000000000438,1.67499999999998));
#3477=CARTESIAN_POINT('',(-2.00000000000001,0.152000000000438,2.00000000000001));
#3478=CARTESIAN_POINT('Origin',(-2.00000000000001,4.37871960912162E-13,
1.67499999999998));
#3479=CARTESIAN_POINT('',(-2.00000000000001,4.37871960912162E-13,1.67499999999998));
#3480=CARTESIAN_POINT('',(-2.00000000000001,0.152000000000438,1.67499999999998));
#3481=CARTESIAN_POINT('',(39.25,4.37871960912162E-13,1.67499999999998));
#3482=CARTESIAN_POINT('Origin',(-2.00000000000001,0.152000000000438,2.00000000000001));
#3483=CARTESIAN_POINT('',(-2.00000000000001,4.37871960912162E-13,2.00000000000001));
#3484=CARTESIAN_POINT('',(-2.00000000000001,7.10542735760098E-15,2.));
#3485=CARTESIAN_POINT('',(-2.00000000000001,4.37871960912162E-13,2.00000000000001));
#3486=CARTESIAN_POINT('',(-2.00000000000001,0.750000000000007,2.));
#3487=CARTESIAN_POINT('',(-1.99999999999999,3.31242712474663,2.));
#3488=CARTESIAN_POINT('',(-2.00000000000001,0.750000000000007,0.));
#3489=CARTESIAN_POINT('',(-2.00000000000001,0.750000000000007,2.));
#3490=CARTESIAN_POINT('',(-2.00000000000001,7.10542735760098E-15,0.));
#3491=CARTESIAN_POINT('',(-1.99999999999999,3.31242712474663,0.));
#3492=CARTESIAN_POINT('',(-2.00000000000001,4.37871960912162E-13,2.00000000000001));
#3493=CARTESIAN_POINT('Origin',(39.25,4.37871960912162E-13,45.8000000000001));
#3494=CARTESIAN_POINT('',(0.,0.,2.));
#3495=CARTESIAN_POINT('',(0.,0.,2.));
#3496=CARTESIAN_POINT('',(0.,0.,2.));
#3497=CARTESIAN_POINT('',(-2.00000000000001,7.10542735760098E-15,2.));
#3498=CARTESIAN_POINT('',(0.,0.,0.));
#3499=CARTESIAN_POINT('',(-2.00000000000001,7.10542735760098E-15,0.));
#3500=CARTESIAN_POINT('',(0.,0.,2.));
#3501=CARTESIAN_POINT('Origin',(-1.99999999999999,3.31242712474663,2.));
#3502=CARTESIAN_POINT('',(0.,0.75,2.));
#3503=CARTESIAN_POINT('',(0.,3.31242712474663,2.));
#3504=CARTESIAN_POINT('',(-2.00000000000001,0.750000000000007,2.));
#3505=CARTESIAN_POINT('Origin',(-2.00000000000001,0.750000000000007,0.));
#3506=CARTESIAN_POINT('',(0.,0.75,0.));
#3507=CARTESIAN_POINT('',(0.,0.75,2.));
#3508=CARTESIAN_POINT('',(-2.00000000000001,0.750000000000007,0.));
#3509=CARTESIAN_POINT('Origin',(-1.99999999999999,3.31242712474663,0.));
#3510=CARTESIAN_POINT('',(0.,3.31242712474663,0.));
#3511=CARTESIAN_POINT('Origin',(0.,3.31242712474663,2.));
#3512=CARTESIAN_POINT('Origin',(-1.00000000000001,0.484000000000438,0.999999999999985));
#3513=CARTESIAN_POINT('Origin',(-1.99999999999999,3.31242712474663,0.));
#3514=CARTESIAN_POINT('',(-0.750000000000028,0.152000000000438,0.));
#3515=CARTESIAN_POINT('',(-0.550000000000015,0.152000000000438,0.));
#3516=CARTESIAN_POINT('',(-1.99999999999999,0.152000000000438,0.));
#3517=CARTESIAN_POINT('',(-0.550000000000015,0.0770000000004377,0.));
#3518=CARTESIAN_POINT('',(-0.550000000000015,3.31242712474663,0.));
#3519=CARTESIAN_POINT('',(-0.750000000000028,0.0770000000004381,0.));
#3520=CARTESIAN_POINT('',(-1.99999999999999,0.0770000000004377,0.));
#3521=CARTESIAN_POINT('',(-0.750000000000028,3.31242712474663,0.));
#3522=CARTESIAN_POINT('Origin',(-0.550000000000015,4.37871960912162E-13,
6.66133814775094E-15));
#3523=CARTESIAN_POINT('',(-0.550000000000015,0.152000000000438,0.01000000000001));
#3524=CARTESIAN_POINT('',(-0.550000000000015,0.152000000000438,6.66133814775094E-15));
#3525=CARTESIAN_POINT('',(-0.550000000000015,0.0770000000004379,0.01000000000001));
#3526=CARTESIAN_POINT('',(-0.550000000000015,0.152000000000438,0.01000000000001));
#3527=CARTESIAN_POINT('',(-0.550000000000015,0.0770000000004379,6.66133814775094E-15));
#3528=CARTESIAN_POINT('Origin',(-2.15000000000002,0.0770000000004379,6.66133814775094E-15));
#3529=CARTESIAN_POINT('',(-0.750000000000028,0.0770000000004379,0.01000000000001));
#3530=CARTESIAN_POINT('',(-2.00000000000001,0.0770000000004379,0.01000000000001));
#3531=CARTESIAN_POINT('',(-0.750000000000028,0.0770000000004379,6.66133814775094E-15));
#3532=CARTESIAN_POINT('Origin',(-0.750000000000028,4.37871960912162E-13,
6.66133814775094E-15));
#3533=CARTESIAN_POINT('',(-0.750000000000028,0.152000000000438,0.01000000000001));
#3534=CARTESIAN_POINT('',(-0.750000000000028,0.152000000000438,0.01000000000001));
#3535=CARTESIAN_POINT('',(-0.750000000000028,0.152000000000438,6.66133814775094E-15));
#3536=CARTESIAN_POINT('Origin',(-2.00000000000001,0.152000000000438,6.66133814775094E-15));
#3537=CARTESIAN_POINT('',(-2.00000000000001,0.152000000000438,0.01000000000001));
#3538=CARTESIAN_POINT('Origin',(-2.00000000000001,0.152000000000438,0.01000000000001));
#3539=UNCERTAINTY_MEASURE_WITH_UNIT(LENGTH_MEASURE(0.01),#3543,
'DISTANCE_ACCURACY_VALUE',
'Maximum model space distance between geometric entities at asserted c
onnectivities');
#3540=UNCERTAINTY_MEASURE_WITH_UNIT(LENGTH_MEASURE(0.01),#3543,
'DISTANCE_ACCURACY_VALUE',
'Maximum model space distance between geometric entities at asserted c
onnectivities');
#3541=(
GEOMETRIC_REPRESENTATION_CONTEXT(3)
GLOBAL_UNCERTAINTY_ASSIGNED_CONTEXT((#3539))
GLOBAL_UNIT_ASSIGNED_CONTEXT((#3543,#3545,#3546))
REPRESENTATION_CONTEXT('','3D')
);
#3542=(
GEOMETRIC_REPRESENTATION_CONTEXT(3)
GLOBAL_UNCERTAINTY_ASSIGNED_CONTEXT((#3540))
GLOBAL_UNIT_ASSIGNED_CONTEXT((#3543,#3545,#3546))
REPRESENTATION_CONTEXT('','3D')
);
#3543=(
LENGTH_UNIT()
NAMED_UNIT(*)
SI_UNIT(.MILLI.,.METRE.)
);
#3544=(
LENGTH_UNIT()
NAMED_UNIT(*)
SI_UNIT($,.METRE.)
);
#3545=(
NAMED_UNIT(*)
PLANE_ANGLE_UNIT()
SI_UNIT($,.RADIAN.)
);
#3546=(
NAMED_UNIT(*)
SI_UNIT($,.STERADIAN.)
SOLID_ANGLE_UNIT()
);
#3547=SHAPE_DEFINITION_REPRESENTATION(#3548,#3549);
#3548=PRODUCT_DEFINITION_SHAPE('',$,#3551);
#3549=SHAPE_REPRESENTATION('',(#2223),#3541);
#3550=PRODUCT_DEFINITION_CONTEXT('part definition',#3555,'design');
#3551=PRODUCT_DEFINITION('SHTC1','Sensirion_DFN-4 v1',#3552,#3550);
#3552=PRODUCT_DEFINITION_FORMATION('',$,#3557);
#3553=PRODUCT_RELATED_PRODUCT_CATEGORY('Sensirion_DFN-4 v1',
'Sensirion_DFN-4 v1',(#3557));
#3554=APPLICATION_PROTOCOL_DEFINITION('international standard',
'automotive_design',2009,#3555);
#3555=APPLICATION_CONTEXT(
'Core Data for Automotive Mechanical Design Process');
#3556=PRODUCT_CONTEXT('part definition',#3555,'mechanical');
#3557=PRODUCT('SHTC1','Sensirion_DFN-4 v1','STEP AP214',(#3556));
#3558=PRESENTATION_STYLE_ASSIGNMENT((#3563));
#3559=PRESENTATION_STYLE_ASSIGNMENT((#3564));
#3560=PRESENTATION_STYLE_ASSIGNMENT((#3565));
#3561=PRESENTATION_STYLE_ASSIGNMENT((#3566));
#3562=PRESENTATION_STYLE_ASSIGNMENT((#3567));
#3563=SURFACE_STYLE_USAGE(.BOTH.,#3568);
#3564=SURFACE_STYLE_USAGE(.BOTH.,#3569);
#3565=SURFACE_STYLE_USAGE(.BOTH.,#3570);
#3566=SURFACE_STYLE_USAGE(.BOTH.,#3571);
#3567=SURFACE_STYLE_USAGE(.BOTH.,#3572);
#3568=SURFACE_SIDE_STYLE('',(#3573));
#3569=SURFACE_SIDE_STYLE('',(#3574));
#3570=SURFACE_SIDE_STYLE('',(#3575));
#3571=SURFACE_SIDE_STYLE('',(#3576));
#3572=SURFACE_SIDE_STYLE('',(#3577));
#3573=SURFACE_STYLE_FILL_AREA(#3578);
#3574=SURFACE_STYLE_FILL_AREA(#3579);
#3575=SURFACE_STYLE_FILL_AREA(#3580);
#3576=SURFACE_STYLE_FILL_AREA(#3581);
#3577=SURFACE_STYLE_FILL_AREA(#3582);
#3578=FILL_AREA_STYLE('Steel - Satin',(#3583));
#3579=FILL_AREA_STYLE('Opaque(255,139,39)',(#3584));
#3580=FILL_AREA_STYLE('Opaque(247,135,0)',(#3585));
#3581=FILL_AREA_STYLE('Opaque(128,128,128)',(#3586));
#3582=FILL_AREA_STYLE('Opaque(126,126,126)',(#3587));
#3583=FILL_AREA_STYLE_COLOUR('Steel - Satin',#3588);
#3584=FILL_AREA_STYLE_COLOUR('Opaque(255,139,39)',#3589);
#3585=FILL_AREA_STYLE_COLOUR('Opaque(247,135,0)',#3590);
#3586=FILL_AREA_STYLE_COLOUR('Opaque(128,128,128)',#3591);
#3587=FILL_AREA_STYLE_COLOUR('Opaque(126,126,126)',#3592);
#3588=COLOUR_RGB('Steel - Satin',0.627450980392157,0.627450980392157,0.627450980392157);
#3589=COLOUR_RGB('Opaque(255,139,39)',1.,0.545098039215686,0.152941176470588);
#3590=COLOUR_RGB('Opaque(247,135,0)',0.968627450980392,0.529411764705882,
0.);
#3591=COLOUR_RGB('Opaque(128,128,128)',0.501960784313725,0.501960784313725,
0.501960784313725);
#3592=COLOUR_RGB('Opaque(126,126,126)',0.494117647058824,0.494117647058824,
0.494117647058824);
ENDSEC;
END-ISO-10303-21;
