ISO-10303-21;
HEADER;
/* Generated by software containing ST-Developer
 * from STEP Tools, Inc. (www.steptools.com) 
 */

FILE_DESCRIPTION(
/* description */ ('STEP AP203'),
/* implementation_level */ '2;1');

FILE_NAME(
/* name */ 'SW_KSC241JLFS.step',
/* time_stamp */ '2025-11-30T20:09:12+02:00',
/* author */ (''),
/* organization */ (''),
/* preprocessor_version */ 'ST-DEVELOPER v20.1',
/* originating_system */ 'Autodesk Translation Framework v14.21.0.0',
/* authorisation */ '');

FILE_SCHEMA (('AUTOMOTIVE_DESIGN { 1 0 10303 214 3 1 1 }'));
ENDSEC;

DATA;
#10=MECHANICAL_DESIGN_GEOMETRIC_PRESENTATION_REPRESENTATION('',(#64,#65,
#66,#67,#68),#7304);
#11=CONTEXT_DEPENDENT_OVER_RIDING_STYLED_ITEM('',(#7357),#7328,#68,(#28));
#12=CONTEXT_DEPENDENT_OVER_RIDING_STYLED_ITEM('',(#7356),#7327,#68,(#27));
#13=CONTEXT_DEPENDENT_OVER_RIDING_STYLED_ITEM('',(#7358),#7329,#68,(#29));
#14=CONTEXT_DEPENDENT_OVER_RIDING_STYLED_ITEM('',(#7358),#7330,#68,(#30));
#15=CONTEXT_DEPENDENT_OVER_RIDING_STYLED_ITEM('',(#7358),#7330,#68,(#31));
#16=CONTEXT_DEPENDENT_OVER_RIDING_STYLED_ITEM('',(#7358),#7330,#68,(#32));
#17=CONTEXT_DEPENDENT_OVER_RIDING_STYLED_ITEM('',(#7358),#7330,#68,(#33));
#18=MAPPED_ITEM('',#19,#4791);
#19=REPRESENTATION_MAP(#4791,#7326);
#20=ITEM_DEFINED_TRANSFORMATION($,$,#4464,#4784);
#21=ITEM_DEFINED_TRANSFORMATION($,$,#4574,#4785);
#22=ITEM_DEFINED_TRANSFORMATION($,$,#4649,#4786);
#23=ITEM_DEFINED_TRANSFORMATION($,$,#4755,#4787);
#24=ITEM_DEFINED_TRANSFORMATION($,$,#4755,#4788);
#25=ITEM_DEFINED_TRANSFORMATION($,$,#4755,#4789);
#26=ITEM_DEFINED_TRANSFORMATION($,$,#4755,#4790);
#27=(
REPRESENTATION_RELATIONSHIP($,$,#7327,#7326)
REPRESENTATION_RELATIONSHIP_WITH_TRANSFORMATION(#20)
SHAPE_REPRESENTATION_RELATIONSHIP()
);
#28=(
REPRESENTATION_RELATIONSHIP($,$,#7328,#7326)
REPRESENTATION_RELATIONSHIP_WITH_TRANSFORMATION(#21)
SHAPE_REPRESENTATION_RELATIONSHIP()
);
#29=(
REPRESENTATION_RELATIONSHIP($,$,#7329,#7326)
REPRESENTATION_RELATIONSHIP_WITH_TRANSFORMATION(#22)
SHAPE_REPRESENTATION_RELATIONSHIP()
);
#30=(
REPRESENTATION_RELATIONSHIP($,$,#7330,#7326)
REPRESENTATION_RELATIONSHIP_WITH_TRANSFORMATION(#23)
SHAPE_REPRESENTATION_RELATIONSHIP()
);
#31=(
REPRESENTATION_RELATIONSHIP($,$,#7330,#7326)
REPRESENTATION_RELATIONSHIP_WITH_TRANSFORMATION(#24)
SHAPE_REPRESENTATION_RELATIONSHIP()
);
#32=(
REPRESENTATION_RELATIONSHIP($,$,#7330,#7326)
REPRESENTATION_RELATIONSHIP_WITH_TRANSFORMATION(#25)
SHAPE_REPRESENTATION_RELATIONSHIP()
);
#33=(
REPRESENTATION_RELATIONSHIP($,$,#7330,#7326)
REPRESENTATION_RELATIONSHIP_WITH_TRANSFORMATION(#26)
SHAPE_REPRESENTATION_RELATIONSHIP()
);
#34=CONTEXT_DEPENDENT_SHAPE_REPRESENTATION(#27,#7319);
#35=CONTEXT_DEPENDENT_SHAPE_REPRESENTATION(#28,#7320);
#36=CONTEXT_DEPENDENT_SHAPE_REPRESENTATION(#29,#7321);
#37=CONTEXT_DEPENDENT_SHAPE_REPRESENTATION(#30,#7322);
#38=CONTEXT_DEPENDENT_SHAPE_REPRESENTATION(#31,#7323);
#39=CONTEXT_DEPENDENT_SHAPE_REPRESENTATION(#32,#7324);
#40=CONTEXT_DEPENDENT_SHAPE_REPRESENTATION(#33,#7325);
#41=NEXT_ASSEMBLY_USAGE_OCCURRENCE('KSC2 - body:1','KSC2 - body:1',
'KSC2 - body:1',#7332,#7333,'KSC2 - body:1');
#42=NEXT_ASSEMBLY_USAGE_OCCURRENCE('KSC2  - button:1',
'KSC2  - button:1','KSC2  - button:1',#7332,#7334,'KSC2  - button:1');
#43=NEXT_ASSEMBLY_USAGE_OCCURRENCE('KSC2 - cover:1','KSC2 - cover:1',
'KSC2 - cover:1',#7332,#7335,'KSC2 - cover:1');
#44=NEXT_ASSEMBLY_USAGE_OCCURRENCE('KSC21J_pin:1','KSC21J_pin:1',
'KSC21J_pin:1',#7332,#7336,'KSC21J_pin:1');
#45=NEXT_ASSEMBLY_USAGE_OCCURRENCE('KSC21J_pin:2','KSC21J_pin:2',
'KSC21J_pin:2',#7332,#7336,'KSC21J_pin:2');
#46=NEXT_ASSEMBLY_USAGE_OCCURRENCE('KSC21J_pin:3','KSC21J_pin:3',
'KSC21J_pin:3',#7332,#7336,'KSC21J_pin:3');
#47=NEXT_ASSEMBLY_USAGE_OCCURRENCE('KSC21J_pin:4','KSC21J_pin:4',
'KSC21J_pin:4',#7332,#7336,'KSC21J_pin:4');
#48=B_SPLINE_CURVE_WITH_KNOTS('',3,(#7181,#7182,#7183,#7184,#7185,#7186),
 .UNSPECIFIED.,.F.,.F.,(4,2,4),(-0.0453144520395149,-0.0415299855682273,
-0.0395623152001718),.UNSPECIFIED.);
#49=B_SPLINE_CURVE_WITH_KNOTS('',3,(#7189,#7190,#7191,#7192,#7193,#7194),
 .UNSPECIFIED.,.F.,.F.,(4,2,4),(-0.0208317523941522,-0.0188608252887073,
-0.0150798850873613),.UNSPECIFIED.);
#50=B_SPLINE_CURVE_WITH_KNOTS('',3,(#7196,#7197,#7198,#7199,#7200,#7201,
#7202),.UNSPECIFIED.,.F.,.F.,(4,3,4),(1.7683321645493E-19,3.02318916419233E-5,
6.04637832838464E-5),.UNSPECIFIED.);
#51=B_SPLINE_CURVE_WITH_KNOTS('',3,(#7209,#7210,#7211,#7212,#7213,#7214,
#7215),.UNSPECIFIED.,.F.,.F.,(4,3,4),(5.36385912837744E-19,3.02367311825523E-5,
6.04734623651041E-5),.UNSPECIFIED.);
#52=B_SPLINE_CURVE_WITH_KNOTS('',3,(#7218,#7219,#7220,#7221,#7222,#7223),
 .UNSPECIFIED.,.F.,.F.,(4,2,4),(0.0397228573294226,0.0416925541137937,0.0455067764766511),
 .UNSPECIFIED.);
#53=B_SPLINE_CURVE_WITH_KNOTS('',3,(#7225,#7226,#7227,#7228,#7229,#7230),
 .UNSPECIFIED.,.F.,.F.,(4,2,4),(0.00937290010114488,0.0114340320993284,
0.0153171260326973),.UNSPECIFIED.);
#54=B_SPLINE_CURVE_WITH_KNOTS('',3,(#7238,#7239,#7240,#7241,#7242,#7243),
 .UNSPECIFIED.,.F.,.F.,(4,2,4),(0.0474229526073646,0.051322312878436,0.0533684241829584),
 .UNSPECIFIED.);
#55=B_SPLINE_CURVE_WITH_KNOTS('',3,(#7244,#7245,#7246,#7247,#7248,#7249),
 .UNSPECIFIED.,.F.,.F.,(4,2,4),(0.01510058958719,0.0189052827256922,0.0208837678336519),
 .UNSPECIFIED.);
#56=SHAPE_REPRESENTATION_RELATIONSHIP('SRR','None',#7327,#60);
#57=SHAPE_REPRESENTATION_RELATIONSHIP('SRR','None',#7328,#61);
#58=SHAPE_REPRESENTATION_RELATIONSHIP('SRR','None',#7329,#62);
#59=SHAPE_REPRESENTATION_RELATIONSHIP('SRR','None',#7330,#63);
#60=ADVANCED_BREP_SHAPE_REPRESENTATION('',(#69),#7300);
#61=ADVANCED_BREP_SHAPE_REPRESENTATION('',(#70),#7301);
#62=ADVANCED_BREP_SHAPE_REPRESENTATION('',(#71),#7302);
#63=ADVANCED_BREP_SHAPE_REPRESENTATION('',(#72),#7303);
#64=STYLED_ITEM('',(#7356),#69);
#65=STYLED_ITEM('',(#7357),#70);
#66=STYLED_ITEM('',(#7358),#71);
#67=STYLED_ITEM('',(#7358),#72);
#68=STYLED_ITEM('',(#7359),#18);
#69=MANIFOLD_SOLID_BREP('Body1',#4414);
#70=MANIFOLD_SOLID_BREP('Body1',#4415);
#71=MANIFOLD_SOLID_BREP('Body1',#4416);
#72=MANIFOLD_SOLID_BREP('Body1',#4417);
#73=CONICAL_SURFACE('',#4560,0.355,0.347766987857016);
#74=CONICAL_SURFACE('',#4564,0.65,0.521834279814411);
#75=CONICAL_SURFACE('',#4567,0.8,0.52183427981441);
#76=CONICAL_SURFACE('',#4648,1.415,0.0349065850398867);
#77=CYLINDRICAL_SURFACE('',#4526,0.6);
#78=CYLINDRICAL_SURFACE('',#4531,0.600000000000001);
#79=CYLINDRICAL_SURFACE('',#4532,0.6);
#80=CYLINDRICAL_SURFACE('',#4537,0.600000000000001);
#81=CYLINDRICAL_SURFACE('',#4542,0.575);
#82=CYLINDRICAL_SURFACE('',#4546,0.575);
#83=CYLINDRICAL_SURFACE('',#4552,0.575);
#84=CYLINDRICAL_SURFACE('',#4556,0.575);
#85=CYLINDRICAL_SURFACE('',#4570,0.75);
#86=CYLINDRICAL_SURFACE('',#4576,0.15);
#87=CYLINDRICAL_SURFACE('',#4580,0.150000000000002);
#88=CYLINDRICAL_SURFACE('',#4584,0.150000000000002);
#89=CYLINDRICAL_SURFACE('',#4589,0.15);
#90=CYLINDRICAL_SURFACE('',#4593,0.15);
#91=CYLINDRICAL_SURFACE('',#4598,0.150000000000002);
#92=CYLINDRICAL_SURFACE('',#4602,0.150000000000003);
#93=CYLINDRICAL_SURFACE('',#4606,0.150000000000001);
#94=CYLINDRICAL_SURFACE('',#4610,0.15);
#95=CYLINDRICAL_SURFACE('',#4614,0.150000000000002);
#96=CYLINDRICAL_SURFACE('',#4618,0.150000000000001);
#97=CYLINDRICAL_SURFACE('',#4623,0.15);
#98=CYLINDRICAL_SURFACE('',#4627,0.15);
#99=CYLINDRICAL_SURFACE('',#4632,0.150000000000002);
#100=CYLINDRICAL_SURFACE('',#4636,0.150000000000001);
#101=CYLINDRICAL_SURFACE('',#4640,0.15);
#102=CYLINDRICAL_SURFACE('',#4701,1.64);
#103=CYLINDRICAL_SURFACE('',#4713,0.560000000000001);
#104=CYLINDRICAL_SURFACE('',#4715,0.499999999999998);
#105=CYLINDRICAL_SURFACE('',#4717,0.559999999999999);
#106=CYLINDRICAL_SURFACE('',#4722,0.2);
#107=CYLINDRICAL_SURFACE('',#4724,0.85);
#108=CYLINDRICAL_SURFACE('',#4726,0.2);
#109=CYLINDRICAL_SURFACE('',#4738,0.560000000000001);
#110=CYLINDRICAL_SURFACE('',#4740,0.499999999999998);
#111=CYLINDRICAL_SURFACE('',#4742,0.559999999999999);
#112=CYLINDRICAL_SURFACE('',#4747,0.2);
#113=CYLINDRICAL_SURFACE('',#4749,0.85);
#114=CYLINDRICAL_SURFACE('',#4751,0.2);
#115=CYLINDRICAL_SURFACE('',#4764,0.65);
#116=CYLINDRICAL_SURFACE('',#4767,0.4);
#117=CYLINDRICAL_SURFACE('',#4774,0.3);
#118=CYLINDRICAL_SURFACE('',#4779,0.100000000000001);
#119=CYLINDRICAL_SURFACE('',#4780,0.0999999999999996);
#120=CYLINDRICAL_SURFACE('',#4781,0.100000000000002);
#121=CYLINDRICAL_SURFACE('',#4782,0.100000000000001);
#122=FACE_BOUND('',#352,.T.);
#123=FACE_BOUND('',#353,.T.);
#124=FACE_BOUND('',#354,.T.);
#125=FACE_BOUND('',#431,.T.);
#126=FACE_BOUND('',#477,.T.);
#127=FACE_BOUND('',#482,.T.);
#128=FACE_BOUND('',#523,.T.);
#129=FACE_OUTER_BOUND('',#351,.T.);
#130=FACE_OUTER_BOUND('',#355,.T.);
#131=FACE_OUTER_BOUND('',#356,.T.);
#132=FACE_OUTER_BOUND('',#357,.T.);
#133=FACE_OUTER_BOUND('',#358,.T.);
#134=FACE_OUTER_BOUND('',#359,.T.);
#135=FACE_OUTER_BOUND('',#360,.T.);
#136=FACE_OUTER_BOUND('',#361,.T.);
#137=FACE_OUTER_BOUND('',#362,.T.);
#138=FACE_OUTER_BOUND('',#363,.T.);
#139=FACE_OUTER_BOUND('',#364,.T.);
#140=FACE_OUTER_BOUND('',#365,.T.);
#141=FACE_OUTER_BOUND('',#366,.T.);
#142=FACE_OUTER_BOUND('',#367,.T.);
#143=FACE_OUTER_BOUND('',#368,.T.);
#144=FACE_OUTER_BOUND('',#369,.T.);
#145=FACE_OUTER_BOUND('',#370,.T.);
#146=FACE_OUTER_BOUND('',#371,.T.);
#147=FACE_OUTER_BOUND('',#372,.T.);
#148=FACE_OUTER_BOUND('',#373,.T.);
#149=FACE_OUTER_BOUND('',#374,.T.);
#150=FACE_OUTER_BOUND('',#375,.T.);
#151=FACE_OUTER_BOUND('',#376,.T.);
#152=FACE_OUTER_BOUND('',#377,.T.);
#153=FACE_OUTER_BOUND('',#378,.T.);
#154=FACE_OUTER_BOUND('',#379,.T.);
#155=FACE_OUTER_BOUND('',#380,.T.);
#156=FACE_OUTER_BOUND('',#381,.T.);
#157=FACE_OUTER_BOUND('',#382,.T.);
#158=FACE_OUTER_BOUND('',#383,.T.);
#159=FACE_OUTER_BOUND('',#384,.T.);
#160=FACE_OUTER_BOUND('',#385,.T.);
#161=FACE_OUTER_BOUND('',#386,.T.);
#162=FACE_OUTER_BOUND('',#387,.T.);
#163=FACE_OUTER_BOUND('',#388,.T.);
#164=FACE_OUTER_BOUND('',#389,.T.);
#165=FACE_OUTER_BOUND('',#390,.T.);
#166=FACE_OUTER_BOUND('',#391,.T.);
#167=FACE_OUTER_BOUND('',#392,.T.);
#168=FACE_OUTER_BOUND('',#393,.T.);
#169=FACE_OUTER_BOUND('',#394,.T.);
#170=FACE_OUTER_BOUND('',#395,.T.);
#171=FACE_OUTER_BOUND('',#396,.T.);
#172=FACE_OUTER_BOUND('',#397,.T.);
#173=FACE_OUTER_BOUND('',#398,.T.);
#174=FACE_OUTER_BOUND('',#399,.T.);
#175=FACE_OUTER_BOUND('',#400,.T.);
#176=FACE_OUTER_BOUND('',#401,.T.);
#177=FACE_OUTER_BOUND('',#402,.T.);
#178=FACE_OUTER_BOUND('',#403,.T.);
#179=FACE_OUTER_BOUND('',#404,.T.);
#180=FACE_OUTER_BOUND('',#405,.T.);
#181=FACE_OUTER_BOUND('',#406,.T.);
#182=FACE_OUTER_BOUND('',#407,.T.);
#183=FACE_OUTER_BOUND('',#408,.T.);
#184=FACE_OUTER_BOUND('',#409,.T.);
#185=FACE_OUTER_BOUND('',#410,.T.);
#186=FACE_OUTER_BOUND('',#411,.T.);
#187=FACE_OUTER_BOUND('',#412,.T.);
#188=FACE_OUTER_BOUND('',#413,.T.);
#189=FACE_OUTER_BOUND('',#414,.T.);
#190=FACE_OUTER_BOUND('',#415,.T.);
#191=FACE_OUTER_BOUND('',#416,.T.);
#192=FACE_OUTER_BOUND('',#417,.T.);
#193=FACE_OUTER_BOUND('',#418,.T.);
#194=FACE_OUTER_BOUND('',#419,.T.);
#195=FACE_OUTER_BOUND('',#420,.T.);
#196=FACE_OUTER_BOUND('',#421,.T.);
#197=FACE_OUTER_BOUND('',#422,.T.);
#198=FACE_OUTER_BOUND('',#423,.T.);
#199=FACE_OUTER_BOUND('',#424,.T.);
#200=FACE_OUTER_BOUND('',#425,.T.);
#201=FACE_OUTER_BOUND('',#426,.T.);
#202=FACE_OUTER_BOUND('',#427,.T.);
#203=FACE_OUTER_BOUND('',#428,.T.);
#204=FACE_OUTER_BOUND('',#429,.T.);
#205=FACE_OUTER_BOUND('',#430,.T.);
#206=FACE_OUTER_BOUND('',#432,.T.);
#207=FACE_OUTER_BOUND('',#433,.T.);
#208=FACE_OUTER_BOUND('',#434,.T.);
#209=FACE_OUTER_BOUND('',#435,.T.);
#210=FACE_OUTER_BOUND('',#436,.T.);
#211=FACE_OUTER_BOUND('',#437,.T.);
#212=FACE_OUTER_BOUND('',#438,.T.);
#213=FACE_OUTER_BOUND('',#439,.T.);
#214=FACE_OUTER_BOUND('',#440,.T.);
#215=FACE_OUTER_BOUND('',#441,.T.);
#216=FACE_OUTER_BOUND('',#442,.T.);
#217=FACE_OUTER_BOUND('',#443,.T.);
#218=FACE_OUTER_BOUND('',#444,.T.);
#219=FACE_OUTER_BOUND('',#445,.T.);
#220=FACE_OUTER_BOUND('',#446,.T.);
#221=FACE_OUTER_BOUND('',#447,.T.);
#222=FACE_OUTER_BOUND('',#448,.T.);
#223=FACE_OUTER_BOUND('',#449,.T.);
#224=FACE_OUTER_BOUND('',#450,.T.);
#225=FACE_OUTER_BOUND('',#451,.T.);
#226=FACE_OUTER_BOUND('',#452,.T.);
#227=FACE_OUTER_BOUND('',#453,.T.);
#228=FACE_OUTER_BOUND('',#454,.T.);
#229=FACE_OUTER_BOUND('',#455,.T.);
#230=FACE_OUTER_BOUND('',#456,.T.);
#231=FACE_OUTER_BOUND('',#457,.T.);
#232=FACE_OUTER_BOUND('',#458,.T.);
#233=FACE_OUTER_BOUND('',#459,.T.);
#234=FACE_OUTER_BOUND('',#460,.T.);
#235=FACE_OUTER_BOUND('',#461,.T.);
#236=FACE_OUTER_BOUND('',#462,.T.);
#237=FACE_OUTER_BOUND('',#463,.T.);
#238=FACE_OUTER_BOUND('',#464,.T.);
#239=FACE_OUTER_BOUND('',#465,.T.);
#240=FACE_OUTER_BOUND('',#466,.T.);
#241=FACE_OUTER_BOUND('',#467,.T.);
#242=FACE_OUTER_BOUND('',#468,.T.);
#243=FACE_OUTER_BOUND('',#469,.T.);
#244=FACE_OUTER_BOUND('',#470,.T.);
#245=FACE_OUTER_BOUND('',#471,.T.);
#246=FACE_OUTER_BOUND('',#472,.T.);
#247=FACE_OUTER_BOUND('',#473,.T.);
#248=FACE_OUTER_BOUND('',#474,.T.);
#249=FACE_OUTER_BOUND('',#475,.T.);
#250=FACE_OUTER_BOUND('',#476,.T.);
#251=FACE_OUTER_BOUND('',#478,.T.);
#252=FACE_OUTER_BOUND('',#479,.T.);
#253=FACE_OUTER_BOUND('',#480,.T.);
#254=FACE_OUTER_BOUND('',#481,.T.);
#255=FACE_OUTER_BOUND('',#483,.T.);
#256=FACE_OUTER_BOUND('',#484,.T.);
#257=FACE_OUTER_BOUND('',#485,.T.);
#258=FACE_OUTER_BOUND('',#486,.T.);
#259=FACE_OUTER_BOUND('',#487,.T.);
#260=FACE_OUTER_BOUND('',#488,.T.);
#261=FACE_OUTER_BOUND('',#489,.T.);
#262=FACE_OUTER_BOUND('',#490,.T.);
#263=FACE_OUTER_BOUND('',#491,.T.);
#264=FACE_OUTER_BOUND('',#492,.T.);
#265=FACE_OUTER_BOUND('',#493,.T.);
#266=FACE_OUTER_BOUND('',#494,.T.);
#267=FACE_OUTER_BOUND('',#495,.T.);
#268=FACE_OUTER_BOUND('',#496,.T.);
#269=FACE_OUTER_BOUND('',#497,.T.);
#270=FACE_OUTER_BOUND('',#498,.T.);
#271=FACE_OUTER_BOUND('',#499,.T.);
#272=FACE_OUTER_BOUND('',#500,.T.);
#273=FACE_OUTER_BOUND('',#501,.T.);
#274=FACE_OUTER_BOUND('',#502,.T.);
#275=FACE_OUTER_BOUND('',#503,.T.);
#276=FACE_OUTER_BOUND('',#504,.T.);
#277=FACE_OUTER_BOUND('',#505,.T.);
#278=FACE_OUTER_BOUND('',#506,.T.);
#279=FACE_OUTER_BOUND('',#507,.T.);
#280=FACE_OUTER_BOUND('',#508,.T.);
#281=FACE_OUTER_BOUND('',#509,.T.);
#282=FACE_OUTER_BOUND('',#510,.T.);
#283=FACE_OUTER_BOUND('',#511,.T.);
#284=FACE_OUTER_BOUND('',#512,.T.);
#285=FACE_OUTER_BOUND('',#513,.T.);
#286=FACE_OUTER_BOUND('',#514,.T.);
#287=FACE_OUTER_BOUND('',#515,.T.);
#288=FACE_OUTER_BOUND('',#516,.T.);
#289=FACE_OUTER_BOUND('',#517,.T.);
#290=FACE_OUTER_BOUND('',#518,.T.);
#291=FACE_OUTER_BOUND('',#519,.T.);
#292=FACE_OUTER_BOUND('',#520,.T.);
#293=FACE_OUTER_BOUND('',#521,.T.);
#294=FACE_OUTER_BOUND('',#522,.T.);
#295=FACE_OUTER_BOUND('',#524,.T.);
#296=FACE_OUTER_BOUND('',#525,.T.);
#297=FACE_OUTER_BOUND('',#526,.T.);
#298=FACE_OUTER_BOUND('',#527,.T.);
#299=FACE_OUTER_BOUND('',#528,.T.);
#300=FACE_OUTER_BOUND('',#529,.T.);
#301=FACE_OUTER_BOUND('',#530,.T.);
#302=FACE_OUTER_BOUND('',#531,.T.);
#303=FACE_OUTER_BOUND('',#532,.T.);
#304=FACE_OUTER_BOUND('',#533,.T.);
#305=FACE_OUTER_BOUND('',#534,.T.);
#306=FACE_OUTER_BOUND('',#535,.T.);
#307=FACE_OUTER_BOUND('',#536,.T.);
#308=FACE_OUTER_BOUND('',#537,.T.);
#309=FACE_OUTER_BOUND('',#538,.T.);
#310=FACE_OUTER_BOUND('',#539,.T.);
#311=FACE_OUTER_BOUND('',#540,.T.);
#312=FACE_OUTER_BOUND('',#541,.T.);
#313=FACE_OUTER_BOUND('',#542,.T.);
#314=FACE_OUTER_BOUND('',#543,.T.);
#315=FACE_OUTER_BOUND('',#544,.T.);
#316=FACE_OUTER_BOUND('',#545,.T.);
#317=FACE_OUTER_BOUND('',#546,.T.);
#318=FACE_OUTER_BOUND('',#547,.T.);
#319=FACE_OUTER_BOUND('',#548,.T.);
#320=FACE_OUTER_BOUND('',#549,.T.);
#321=FACE_OUTER_BOUND('',#550,.T.);
#322=FACE_OUTER_BOUND('',#551,.T.);
#323=FACE_OUTER_BOUND('',#552,.T.);
#324=FACE_OUTER_BOUND('',#553,.T.);
#325=FACE_OUTER_BOUND('',#554,.T.);
#326=FACE_OUTER_BOUND('',#555,.T.);
#327=FACE_OUTER_BOUND('',#556,.T.);
#328=FACE_OUTER_BOUND('',#557,.T.);
#329=FACE_OUTER_BOUND('',#558,.T.);
#330=FACE_OUTER_BOUND('',#559,.T.);
#331=FACE_OUTER_BOUND('',#560,.T.);
#332=FACE_OUTER_BOUND('',#561,.T.);
#333=FACE_OUTER_BOUND('',#562,.T.);
#334=FACE_OUTER_BOUND('',#563,.T.);
#335=FACE_OUTER_BOUND('',#564,.T.);
#336=FACE_OUTER_BOUND('',#565,.T.);
#337=FACE_OUTER_BOUND('',#566,.T.);
#338=FACE_OUTER_BOUND('',#567,.T.);
#339=FACE_OUTER_BOUND('',#568,.T.);
#340=FACE_OUTER_BOUND('',#569,.T.);
#341=FACE_OUTER_BOUND('',#570,.T.);
#342=FACE_OUTER_BOUND('',#571,.T.);
#343=FACE_OUTER_BOUND('',#572,.T.);
#344=FACE_OUTER_BOUND('',#573,.T.);
#345=FACE_OUTER_BOUND('',#574,.T.);
#346=FACE_OUTER_BOUND('',#575,.T.);
#347=FACE_OUTER_BOUND('',#576,.T.);
#348=FACE_OUTER_BOUND('',#577,.T.);
#349=FACE_OUTER_BOUND('',#578,.T.);
#350=FACE_OUTER_BOUND('',#579,.T.);
#351=EDGE_LOOP('',(#2765,#2766,#2767,#2768,#2769,#2770,#2771,#2772,#2773,
#2774,#2775,#2776,#2777,#2778,#2779,#2780,#2781,#2782,#2783,#2784,#2785,
#2786,#2787,#2788));
#352=EDGE_LOOP('',(#2789));
#353=EDGE_LOOP('',(#2790));
#354=EDGE_LOOP('',(#2791));
#355=EDGE_LOOP('',(#2792,#2793,#2794,#2795,#2796,#2797,#2798,#2799,#2800,
#2801,#2802,#2803,#2804,#2805,#2806,#2807,#2808,#2809,#2810,#2811,#2812,
#2813,#2814,#2815,#2816,#2817,#2818,#2819));
#356=EDGE_LOOP('',(#2820,#2821,#2822,#2823));
#357=EDGE_LOOP('',(#2824,#2825,#2826,#2827));
#358=EDGE_LOOP('',(#2828,#2829,#2830,#2831,#2832,#2833,#2834,#2835,#2836,
#2837,#2838,#2839,#2840,#2841,#2842,#2843,#2844,#2845,#2846,#2847,#2848,
#2849,#2850,#2851));
#359=EDGE_LOOP('',(#2852,#2853,#2854,#2855));
#360=EDGE_LOOP('',(#2856,#2857,#2858,#2859));
#361=EDGE_LOOP('',(#2860,#2861,#2862,#2863,#2864,#2865,#2866,#2867,#2868,
#2869,#2870,#2871,#2872,#2873,#2874,#2875));
#362=EDGE_LOOP('',(#2876,#2877,#2878,#2879,#2880,#2881,#2882,#2883,#2884,
#2885,#2886,#2887,#2888,#2889,#2890,#2891));
#363=EDGE_LOOP('',(#2892,#2893,#2894,#2895));
#364=EDGE_LOOP('',(#2896,#2897,#2898,#2899,#2900,#2901,#2902,#2903));
#365=EDGE_LOOP('',(#2904,#2905,#2906,#2907));
#366=EDGE_LOOP('',(#2908,#2909,#2910,#2911,#2912,#2913,#2914,#2915,#2916,
#2917,#2918,#2919,#2920,#2921,#2922,#2923,#2924,#2925,#2926,#2927,#2928,
#2929,#2930,#2931,#2932,#2933,#2934,#2935));
#367=EDGE_LOOP('',(#2936,#2937,#2938,#2939));
#368=EDGE_LOOP('',(#2940,#2941,#2942,#2943,#2944,#2945,#2946,#2947));
#369=EDGE_LOOP('',(#2948,#2949,#2950,#2951));
#370=EDGE_LOOP('',(#2952,#2953,#2954,#2955,#2956,#2957));
#371=EDGE_LOOP('',(#2958,#2959,#2960,#2961));
#372=EDGE_LOOP('',(#2962,#2963,#2964,#2965));
#373=EDGE_LOOP('',(#2966,#2967,#2968,#2969));
#374=EDGE_LOOP('',(#2970,#2971,#2972,#2973));
#375=EDGE_LOOP('',(#2974,#2975,#2976,#2977));
#376=EDGE_LOOP('',(#2978,#2979,#2980,#2981,#2982,#2983));
#377=EDGE_LOOP('',(#2984,#2985,#2986,#2987));
#378=EDGE_LOOP('',(#2988,#2989,#2990,#2991));
#379=EDGE_LOOP('',(#2992,#2993,#2994,#2995));
#380=EDGE_LOOP('',(#2996,#2997,#2998,#2999));
#381=EDGE_LOOP('',(#3000,#3001,#3002,#3003));
#382=EDGE_LOOP('',(#3004,#3005,#3006,#3007));
#383=EDGE_LOOP('',(#3008,#3009,#3010,#3011));
#384=EDGE_LOOP('',(#3012,#3013,#3014,#3015));
#385=EDGE_LOOP('',(#3016,#3017,#3018,#3019));
#386=EDGE_LOOP('',(#3020,#3021,#3022,#3023));
#387=EDGE_LOOP('',(#3024,#3025,#3026,#3027,#3028,#3029));
#388=EDGE_LOOP('',(#3030,#3031,#3032,#3033,#3034,#3035));
#389=EDGE_LOOP('',(#3036,#3037,#3038,#3039));
#390=EDGE_LOOP('',(#3040,#3041,#3042,#3043));
#391=EDGE_LOOP('',(#3044,#3045,#3046,#3047));
#392=EDGE_LOOP('',(#3048,#3049,#3050,#3051));
#393=EDGE_LOOP('',(#3052,#3053,#3054,#3055));
#394=EDGE_LOOP('',(#3056,#3057,#3058,#3059));
#395=EDGE_LOOP('',(#3060,#3061,#3062,#3063));
#396=EDGE_LOOP('',(#3064,#3065,#3066,#3067));
#397=EDGE_LOOP('',(#3068,#3069,#3070,#3071));
#398=EDGE_LOOP('',(#3072,#3073,#3074,#3075));
#399=EDGE_LOOP('',(#3076,#3077,#3078,#3079));
#400=EDGE_LOOP('',(#3080,#3081,#3082,#3083));
#401=EDGE_LOOP('',(#3084,#3085,#3086,#3087));
#402=EDGE_LOOP('',(#3088,#3089,#3090,#3091));
#403=EDGE_LOOP('',(#3092,#3093,#3094,#3095));
#404=EDGE_LOOP('',(#3096,#3097,#3098,#3099,#3100));
#405=EDGE_LOOP('',(#3101,#3102,#3103));
#406=EDGE_LOOP('',(#3104,#3105,#3106));
#407=EDGE_LOOP('',(#3107,#3108,#3109,#3110,#3111));
#408=EDGE_LOOP('',(#3112,#3113,#3114,#3115,#3116));
#409=EDGE_LOOP('',(#3117,#3118,#3119));
#410=EDGE_LOOP('',(#3120,#3121,#3122));
#411=EDGE_LOOP('',(#3123,#3124,#3125,#3126,#3127));
#412=EDGE_LOOP('',(#3128,#3129,#3130,#3131,#3132,#3133));
#413=EDGE_LOOP('',(#3134,#3135,#3136,#3137));
#414=EDGE_LOOP('',(#3138,#3139,#3140,#3141));
#415=EDGE_LOOP('',(#3142,#3143,#3144,#3145));
#416=EDGE_LOOP('',(#3146,#3147,#3148,#3149,#3150,#3151));
#417=EDGE_LOOP('',(#3152,#3153,#3154,#3155));
#418=EDGE_LOOP('',(#3156,#3157,#3158,#3159));
#419=EDGE_LOOP('',(#3160,#3161,#3162,#3163));
#420=EDGE_LOOP('',(#3164,#3165,#3166,#3167,#3168,#3169));
#421=EDGE_LOOP('',(#3170,#3171,#3172,#3173));
#422=EDGE_LOOP('',(#3174,#3175,#3176,#3177));
#423=EDGE_LOOP('',(#3178,#3179,#3180,#3181));
#424=EDGE_LOOP('',(#3182,#3183,#3184,#3185,#3186,#3187));
#425=EDGE_LOOP('',(#3188,#3189,#3190,#3191));
#426=EDGE_LOOP('',(#3192,#3193,#3194,#3195));
#427=EDGE_LOOP('',(#3196,#3197,#3198,#3199));
#428=EDGE_LOOP('',(#3200));
#429=EDGE_LOOP('',(#3201,#3202,#3203,#3204));
#430=EDGE_LOOP('',(#3205));
#431=EDGE_LOOP('',(#3206));
#432=EDGE_LOOP('',(#3207,#3208,#3209,#3210));
#433=EDGE_LOOP('',(#3211));
#434=EDGE_LOOP('',(#3212,#3213,#3214,#3215));
#435=EDGE_LOOP('',(#3216));
#436=EDGE_LOOP('',(#3217,#3218,#3219,#3220));
#437=EDGE_LOOP('',(#3221,#3222,#3223,#3224));
#438=EDGE_LOOP('',(#3225,#3226,#3227));
#439=EDGE_LOOP('',(#3228,#3229,#3230));
#440=EDGE_LOOP('',(#3231,#3232,#3233,#3234));
#441=EDGE_LOOP('',(#3235,#3236,#3237,#3238));
#442=EDGE_LOOP('',(#3239,#3240,#3241,#3242));
#443=EDGE_LOOP('',(#3243,#3244,#3245,#3246));
#444=EDGE_LOOP('',(#3247,#3248,#3249,#3250));
#445=EDGE_LOOP('',(#3251,#3252,#3253,#3254));
#446=EDGE_LOOP('',(#3255,#3256,#3257,#3258));
#447=EDGE_LOOP('',(#3259,#3260,#3261,#3262));
#448=EDGE_LOOP('',(#3263,#3264,#3265,#3266));
#449=EDGE_LOOP('',(#3267,#3268,#3269,#3270));
#450=EDGE_LOOP('',(#3271,#3272,#3273,#3274));
#451=EDGE_LOOP('',(#3275,#3276,#3277,#3278));
#452=EDGE_LOOP('',(#3279,#3280,#3281,#3282));
#453=EDGE_LOOP('',(#3283,#3284,#3285,#3286));
#454=EDGE_LOOP('',(#3287,#3288,#3289,#3290));
#455=EDGE_LOOP('',(#3291,#3292,#3293,#3294));
#456=EDGE_LOOP('',(#3295,#3296,#3297,#3298));
#457=EDGE_LOOP('',(#3299,#3300,#3301,#3302));
#458=EDGE_LOOP('',(#3303,#3304,#3305,#3306));
#459=EDGE_LOOP('',(#3307,#3308,#3309,#3310));
#460=EDGE_LOOP('',(#3311,#3312,#3313,#3314));
#461=EDGE_LOOP('',(#3315,#3316,#3317,#3318));
#462=EDGE_LOOP('',(#3319,#3320,#3321,#3322));
#463=EDGE_LOOP('',(#3323,#3324,#3325,#3326));
#464=EDGE_LOOP('',(#3327,#3328,#3329,#3330));
#465=EDGE_LOOP('',(#3331,#3332,#3333,#3334));
#466=EDGE_LOOP('',(#3335,#3336,#3337,#3338));
#467=EDGE_LOOP('',(#3339,#3340,#3341,#3342));
#468=EDGE_LOOP('',(#3343,#3344,#3345,#3346));
#469=EDGE_LOOP('',(#3347,#3348,#3349,#3350));
#470=EDGE_LOOP('',(#3351,#3352,#3353,#3354));
#471=EDGE_LOOP('',(#3355,#3356,#3357,#3358));
#472=EDGE_LOOP('',(#3359,#3360,#3361,#3362));
#473=EDGE_LOOP('',(#3363,#3364,#3365,#3366));
#474=EDGE_LOOP('',(#3367,#3368,#3369,#3370));
#475=EDGE_LOOP('',(#3371,#3372,#3373,#3374));
#476=EDGE_LOOP('',(#3375,#3376,#3377,#3378,#3379,#3380,#3381,#3382,#3383,
#3384,#3385,#3386,#3387,#3388,#3389,#3390,#3391,#3392,#3393,#3394,#3395,
#3396,#3397,#3398,#3399,#3400,#3401,#3402,#3403,#3404,#3405,#3406,#3407,
#3408,#3409,#3410));
#477=EDGE_LOOP('',(#3411));
#478=EDGE_LOOP('',(#3412,#3413,#3414,#3415,#3416,#3417,#3418,#3419,#3420,
#3421,#3422,#3423,#3424,#3425,#3426,#3427,#3428,#3429,#3430,#3431,#3432,
#3433,#3434,#3435,#3436,#3437,#3438,#3439,#3440,#3441,#3442,#3443,#3444,
#3445,#3446,#3447));
#479=EDGE_LOOP('',(#3448));
#480=EDGE_LOOP('',(#3449,#3450,#3451,#3452));
#481=EDGE_LOOP('',(#3453,#3454,#3455,#3456,#3457,#3458,#3459,#3460,#3461,
#3462,#3463,#3464,#3465,#3466,#3467,#3468,#3469,#3470,#3471,#3472,#3473,
#3474,#3475,#3476,#3477,#3478,#3479,#3480,#3481,#3482,#3483,#3484));
#482=EDGE_LOOP('',(#3485));
#483=EDGE_LOOP('',(#3486,#3487,#3488,#3489));
#484=EDGE_LOOP('',(#3490,#3491,#3492,#3493));
#485=EDGE_LOOP('',(#3494,#3495,#3496,#3497,#3498));
#486=EDGE_LOOP('',(#3499,#3500,#3501,#3502,#3503));
#487=EDGE_LOOP('',(#3504,#3505,#3506,#3507));
#488=EDGE_LOOP('',(#3508,#3509,#3510,#3511));
#489=EDGE_LOOP('',(#3512,#3513,#3514,#3515));
#490=EDGE_LOOP('',(#3516,#3517,#3518,#3519));
#491=EDGE_LOOP('',(#3520,#3521,#3522,#3523));
#492=EDGE_LOOP('',(#3524,#3525,#3526,#3527,#3528));
#493=EDGE_LOOP('',(#3529,#3530,#3531,#3532,#3533,#3534,#3535,#3536,#3537,
#3538,#3539,#3540,#3541,#3542,#3543,#3544,#3545,#3546,#3547,#3548,#3549,
#3550,#3551,#3552));
#494=EDGE_LOOP('',(#3553,#3554,#3555,#3556,#3557));
#495=EDGE_LOOP('',(#3558,#3559,#3560,#3561));
#496=EDGE_LOOP('',(#3562,#3563,#3564,#3565));
#497=EDGE_LOOP('',(#3566,#3567,#3568,#3569));
#498=EDGE_LOOP('',(#3570,#3571,#3572,#3573));
#499=EDGE_LOOP('',(#3574,#3575,#3576,#3577));
#500=EDGE_LOOP('',(#3578,#3579,#3580,#3581));
#501=EDGE_LOOP('',(#3582,#3583,#3584,#3585));
#502=EDGE_LOOP('',(#3586,#3587,#3588,#3589));
#503=EDGE_LOOP('',(#3590,#3591,#3592,#3593));
#504=EDGE_LOOP('',(#3594,#3595,#3596,#3597,#3598));
#505=EDGE_LOOP('',(#3599,#3600,#3601,#3602,#3603));
#506=EDGE_LOOP('',(#3604,#3605,#3606,#3607));
#507=EDGE_LOOP('',(#3608,#3609,#3610,#3611));
#508=EDGE_LOOP('',(#3612,#3613,#3614,#3615));
#509=EDGE_LOOP('',(#3616,#3617,#3618,#3619));
#510=EDGE_LOOP('',(#3620,#3621,#3622,#3623));
#511=EDGE_LOOP('',(#3624,#3625,#3626,#3627,#3628));
#512=EDGE_LOOP('',(#3629,#3630,#3631,#3632,#3633,#3634,#3635,#3636,#3637,
#3638,#3639,#3640,#3641,#3642,#3643,#3644,#3645,#3646,#3647,#3648,#3649,
#3650,#3651,#3652));
#513=EDGE_LOOP('',(#3653,#3654,#3655,#3656,#3657));
#514=EDGE_LOOP('',(#3658,#3659,#3660,#3661));
#515=EDGE_LOOP('',(#3662,#3663,#3664,#3665));
#516=EDGE_LOOP('',(#3666,#3667,#3668,#3669));
#517=EDGE_LOOP('',(#3670,#3671,#3672,#3673));
#518=EDGE_LOOP('',(#3674,#3675,#3676,#3677));
#519=EDGE_LOOP('',(#3678,#3679,#3680,#3681));
#520=EDGE_LOOP('',(#3682,#3683,#3684,#3685));
#521=EDGE_LOOP('',(#3686,#3687,#3688,#3689));
#522=EDGE_LOOP('',(#3690,#3691,#3692,#3693,#3694,#3695,#3696,#3697,#3698,
#3699,#3700,#3701,#3702,#3703,#3704,#3705,#3706,#3707,#3708,#3709,#3710,
#3711,#3712,#3713,#3714,#3715,#3716,#3717,#3718,#3719,#3720,#3721,#3722,
#3723,#3724,#3725,#3726,#3727,#3728,#3729));
#523=EDGE_LOOP('',(#3730));
#524=EDGE_LOOP('',(#3731,#3732,#3733,#3734,#3735,#3736,#3737,#3738,#3739,
#3740,#3741,#3742,#3743,#3744,#3745,#3746,#3747,#3748,#3749,#3750,#3751,
#3752,#3753,#3754));
#525=EDGE_LOOP('',(#3755,#3756,#3757,#3758));
#526=EDGE_LOOP('',(#3759,#3760,#3761,#3762));
#527=EDGE_LOOP('',(#3763,#3764,#3765,#3766));
#528=EDGE_LOOP('',(#3767,#3768,#3769,#3770));
#529=EDGE_LOOP('',(#3771,#3772,#3773,#3774));
#530=EDGE_LOOP('',(#3775,#3776,#3777,#3778));
#531=EDGE_LOOP('',(#3779,#3780,#3781,#3782));
#532=EDGE_LOOP('',(#3783,#3784,#3785,#3786));
#533=EDGE_LOOP('',(#3787,#3788,#3789,#3790));
#534=EDGE_LOOP('',(#3791,#3792,#3793,#3794));
#535=EDGE_LOOP('',(#3795,#3796,#3797,#3798));
#536=EDGE_LOOP('',(#3799,#3800,#3801,#3802));
#537=EDGE_LOOP('',(#3803,#3804,#3805,#3806));
#538=EDGE_LOOP('',(#3807,#3808,#3809,#3810));
#539=EDGE_LOOP('',(#3811,#3812,#3813,#3814));
#540=EDGE_LOOP('',(#3815,#3816,#3817,#3818));
#541=EDGE_LOOP('',(#3819,#3820,#3821,#3822));
#542=EDGE_LOOP('',(#3823,#3824,#3825,#3826));
#543=EDGE_LOOP('',(#3827,#3828,#3829,#3830,#3831,#3832,#3833,#3834,#3835,
#3836,#3837,#3838,#3839,#3840,#3841,#3842,#3843,#3844,#3845,#3846,#3847,
#3848,#3849,#3850));
#544=EDGE_LOOP('',(#3851,#3852,#3853,#3854));
#545=EDGE_LOOP('',(#3855,#3856,#3857,#3858));
#546=EDGE_LOOP('',(#3859,#3860,#3861,#3862));
#547=EDGE_LOOP('',(#3863,#3864,#3865,#3866));
#548=EDGE_LOOP('',(#3867,#3868,#3869,#3870));
#549=EDGE_LOOP('',(#3871,#3872,#3873,#3874));
#550=EDGE_LOOP('',(#3875,#3876,#3877,#3878));
#551=EDGE_LOOP('',(#3879,#3880,#3881,#3882));
#552=EDGE_LOOP('',(#3883,#3884,#3885,#3886));
#553=EDGE_LOOP('',(#3887,#3888,#3889,#3890));
#554=EDGE_LOOP('',(#3891,#3892,#3893,#3894));
#555=EDGE_LOOP('',(#3895,#3896,#3897,#3898));
#556=EDGE_LOOP('',(#3899,#3900,#3901,#3902));
#557=EDGE_LOOP('',(#3903,#3904,#3905,#3906));
#558=EDGE_LOOP('',(#3907,#3908,#3909,#3910));
#559=EDGE_LOOP('',(#3911,#3912,#3913,#3914));
#560=EDGE_LOOP('',(#3915,#3916,#3917,#3918));
#561=EDGE_LOOP('',(#3919,#3920,#3921,#3922));
#562=EDGE_LOOP('',(#3923,#3924,#3925,#3926,#3927,#3928,#3929,#3930));
#563=EDGE_LOOP('',(#3931,#3932,#3933,#3934,#3935,#3936,#3937,#3938));
#564=EDGE_LOOP('',(#3939,#3940,#3941,#3942,#3943,#3944,#3945,#3946,#3947,
#3948));
#565=EDGE_LOOP('',(#3949,#3950,#3951,#3952,#3953,#3954,#3955,#3956,#3957,
#3958));
#566=EDGE_LOOP('',(#3959,#3960,#3961,#3962));
#567=EDGE_LOOP('',(#3963,#3964,#3965,#3966));
#568=EDGE_LOOP('',(#3967,#3968,#3969,#3970));
#569=EDGE_LOOP('',(#3971,#3972,#3973,#3974));
#570=EDGE_LOOP('',(#3975,#3976,#3977,#3978));
#571=EDGE_LOOP('',(#3979,#3980,#3981,#3982));
#572=EDGE_LOOP('',(#3983,#3984,#3985,#3986));
#573=EDGE_LOOP('',(#3987,#3988,#3989,#3990));
#574=EDGE_LOOP('',(#3991,#3992,#3993,#3994,#3995,#3996));
#575=EDGE_LOOP('',(#3997,#3998,#3999,#4000));
#576=EDGE_LOOP('',(#4001,#4002,#4003,#4004));
#577=EDGE_LOOP('',(#4005,#4006,#4007,#4008));
#578=EDGE_LOOP('',(#4009,#4010,#4011,#4012));
#579=EDGE_LOOP('',(#4013,#4014,#4015,#4016,#4017,#4018));
#580=CIRCLE('',#4466,0.575);
#581=CIRCLE('',#4467,0.575);
#582=CIRCLE('',#4468,0.575);
#583=CIRCLE('',#4469,0.575);
#584=CIRCLE('',#4470,0.75);
#585=CIRCLE('',#4471,0.915);
#586=CIRCLE('',#4472,0.765);
#587=CIRCLE('',#4480,0.600000000000001);
#588=CIRCLE('',#4481,0.6);
#589=CIRCLE('',#4483,0.600000000000001);
#590=CIRCLE('',#4484,0.6);
#591=CIRCLE('',#4527,0.6);
#592=CIRCLE('',#4530,0.600000000000001);
#593=CIRCLE('',#4533,0.6);
#594=CIRCLE('',#4536,0.600000000000001);
#595=CIRCLE('',#4539,0.575);
#596=CIRCLE('',#4544,0.575);
#597=CIRCLE('',#4549,0.575);
#598=CIRCLE('',#4554,0.575);
#599=CIRCLE('',#4559,0.355);
#600=CIRCLE('',#4561,0.5);
#601=CIRCLE('',#4563,0.65);
#602=CIRCLE('',#4566,0.8);
#603=CIRCLE('',#4569,0.75);
#604=CIRCLE('',#4577,0.15);
#605=CIRCLE('',#4578,0.15);
#606=CIRCLE('',#4581,0.150000000000002);
#607=CIRCLE('',#4582,0.150000000000002);
#608=CIRCLE('',#4585,0.150000000000002);
#609=CIRCLE('',#4586,0.150000000000002);
#610=CIRCLE('',#4590,0.15);
#611=CIRCLE('',#4591,0.15);
#612=CIRCLE('',#4594,0.15);
#613=CIRCLE('',#4595,0.15);
#614=CIRCLE('',#4599,0.150000000000002);
#615=CIRCLE('',#4600,0.150000000000002);
#616=CIRCLE('',#4603,0.150000000000003);
#617=CIRCLE('',#4604,0.150000000000003);
#618=CIRCLE('',#4607,0.150000000000001);
#619=CIRCLE('',#4608,0.150000000000001);
#620=CIRCLE('',#4611,0.15);
#621=CIRCLE('',#4612,0.15);
#622=CIRCLE('',#4615,0.150000000000002);
#623=CIRCLE('',#4616,0.150000000000002);
#624=CIRCLE('',#4619,0.150000000000001);
#625=CIRCLE('',#4620,0.150000000000001);
#626=CIRCLE('',#4624,0.15);
#627=CIRCLE('',#4625,0.15);
#628=CIRCLE('',#4628,0.15);
#629=CIRCLE('',#4629,0.15);
#630=CIRCLE('',#4633,0.150000000000002);
#631=CIRCLE('',#4634,0.150000000000002);
#632=CIRCLE('',#4637,0.150000000000001);
#633=CIRCLE('',#4638,0.150000000000001);
#634=CIRCLE('',#4641,0.15);
#635=CIRCLE('',#4642,0.15);
#636=CIRCLE('',#4644,1.44992076949175);
#637=CIRCLE('',#4647,1.415);
#638=CIRCLE('',#4651,1.64);
#639=CIRCLE('',#4663,0.2);
#640=CIRCLE('',#4664,0.85);
#641=CIRCLE('',#4665,0.2);
#642=CIRCLE('',#4666,0.560000000000001);
#643=CIRCLE('',#4667,0.499999999999998);
#644=CIRCLE('',#4668,0.559999999999999);
#645=CIRCLE('',#4688,0.2);
#646=CIRCLE('',#4689,0.85);
#647=CIRCLE('',#4690,0.2);
#648=CIRCLE('',#4691,0.559999999999999);
#649=CIRCLE('',#4692,0.499999999999998);
#650=CIRCLE('',#4693,0.560000000000001);
#651=CIRCLE('',#4702,1.64);
#652=CIRCLE('',#4706,0.2);
#653=CIRCLE('',#4707,0.85);
#654=CIRCLE('',#4708,0.2);
#655=CIRCLE('',#4709,0.559999999999999);
#656=CIRCLE('',#4710,0.499999999999998);
#657=CIRCLE('',#4711,0.560000000000001);
#658=CIRCLE('',#4731,0.560000000000001);
#659=CIRCLE('',#4732,0.499999999999998);
#660=CIRCLE('',#4733,0.559999999999999);
#661=CIRCLE('',#4734,0.2);
#662=CIRCLE('',#4735,0.85);
#663=CIRCLE('',#4736,0.2);
#664=CIRCLE('',#4757,0.65);
#665=CIRCLE('',#4758,0.3);
#666=CIRCLE('',#4759,0.4);
#667=CIRCLE('',#4761,0.4);
#668=CIRCLE('',#4762,0.3);
#669=CIRCLE('',#4763,0.65);
#670=CIRCLE('',#4765,0.65);
#671=CIRCLE('',#4766,0.65);
#672=CIRCLE('',#4768,0.4);
#673=CIRCLE('',#4769,0.4);
#674=LINE('',#5980,#1199);
#675=LINE('',#5982,#1200);
#676=LINE('',#5984,#1201);
#677=LINE('',#5986,#1202);
#678=LINE('',#5990,#1203);
#679=LINE('',#5992,#1204);
#680=LINE('',#5994,#1205);
#681=LINE('',#5996,#1206);
#682=LINE('',#5998,#1207);
#683=LINE('',#6002,#1208);
#684=LINE('',#6004,#1209);
#685=LINE('',#6006,#1210);
#686=LINE('',#6010,#1211);
#687=LINE('',#6012,#1212);
#688=LINE('',#6014,#1213);
#689=LINE('',#6016,#1214);
#690=LINE('',#6018,#1215);
#691=LINE('',#6022,#1216);
#692=LINE('',#6024,#1217);
#693=LINE('',#6025,#1218);
#694=LINE('',#6034,#1219);
#695=LINE('',#6036,#1220);
#696=LINE('',#6037,#1221);
#697=LINE('',#6039,#1222);
#698=LINE('',#6041,#1223);
#699=LINE('',#6043,#1224);
#700=LINE('',#6045,#1225);
#701=LINE('',#6047,#1226);
#702=LINE('',#6049,#1227);
#703=LINE('',#6051,#1228);
#704=LINE('',#6053,#1229);
#705=LINE('',#6055,#1230);
#706=LINE('',#6057,#1231);
#707=LINE('',#6059,#1232);
#708=LINE('',#6061,#1233);
#709=LINE('',#6063,#1234);
#710=LINE('',#6065,#1235);
#711=LINE('',#6067,#1236);
#712=LINE('',#6069,#1237);
#713=LINE('',#6071,#1238);
#714=LINE('',#6073,#1239);
#715=LINE('',#6075,#1240);
#716=LINE('',#6077,#1241);
#717=LINE('',#6079,#1242);
#718=LINE('',#6081,#1243);
#719=LINE('',#6082,#1244);
#720=LINE('',#6085,#1245);
#721=LINE('',#6087,#1246);
#722=LINE('',#6088,#1247);
#723=LINE('',#6091,#1248);
#724=LINE('',#6093,#1249);
#725=LINE('',#6094,#1250);
#726=LINE('',#6097,#1251);
#727=LINE('',#6099,#1252);
#728=LINE('',#6101,#1253);
#729=LINE('',#6103,#1254);
#730=LINE('',#6105,#1255);
#731=LINE('',#6107,#1256);
#732=LINE('',#6109,#1257);
#733=LINE('',#6111,#1258);
#734=LINE('',#6113,#1259);
#735=LINE('',#6115,#1260);
#736=LINE('',#6117,#1261);
#737=LINE('',#6119,#1262);
#738=LINE('',#6121,#1263);
#739=LINE('',#6123,#1264);
#740=LINE('',#6125,#1265);
#741=LINE('',#6127,#1266);
#742=LINE('',#6129,#1267);
#743=LINE('',#6131,#1268);
#744=LINE('',#6133,#1269);
#745=LINE('',#6135,#1270);
#746=LINE('',#6137,#1271);
#747=LINE('',#6139,#1272);
#748=LINE('',#6140,#1273);
#749=LINE('',#6144,#1274);
#750=LINE('',#6145,#1275);
#751=LINE('',#6146,#1276);
#752=LINE('',#6149,#1277);
#753=LINE('',#6151,#1278);
#754=LINE('',#6152,#1279);
#755=LINE('',#6157,#1280);
#756=LINE('',#6159,#1281);
#757=LINE('',#6161,#1282);
#758=LINE('',#6163,#1283);
#759=LINE('',#6165,#1284);
#760=LINE('',#6167,#1285);
#761=LINE('',#6169,#1286);
#762=LINE('',#6171,#1287);
#763=LINE('',#6172,#1288);
#764=LINE('',#6176,#1289);
#765=LINE('',#6178,#1290);
#766=LINE('',#6180,#1291);
#767=LINE('',#6182,#1292);
#768=LINE('',#6184,#1293);
#769=LINE('',#6186,#1294);
#770=LINE('',#6188,#1295);
#771=LINE('',#6190,#1296);
#772=LINE('',#6191,#1297);
#773=LINE('',#6195,#1298);
#774=LINE('',#6197,#1299);
#775=LINE('',#6198,#1300);
#776=LINE('',#6202,#1301);
#777=LINE('',#6204,#1302);
#778=LINE('',#6206,#1303);
#779=LINE('',#6207,#1304);
#780=LINE('',#6209,#1305);
#781=LINE('',#6211,#1306);
#782=LINE('',#6212,#1307);
#783=LINE('',#6214,#1308);
#784=LINE('',#6215,#1309);
#785=LINE('',#6218,#1310);
#786=LINE('',#6220,#1311);
#787=LINE('',#6222,#1312);
#788=LINE('',#6223,#1313);
#789=LINE('',#6225,#1314);
#790=LINE('',#6227,#1315);
#791=LINE('',#6228,#1316);
#792=LINE('',#6230,#1317);
#793=LINE('',#6232,#1318);
#794=LINE('',#6233,#1319);
#795=LINE('',#6235,#1320);
#796=LINE('',#6237,#1321);
#797=LINE('',#6238,#1322);
#798=LINE('',#6240,#1323);
#799=LINE('',#6241,#1324);
#800=LINE('',#6244,#1325);
#801=LINE('',#6245,#1326);
#802=LINE('',#6248,#1327);
#803=LINE('',#6250,#1328);
#804=LINE('',#6252,#1329);
#805=LINE('',#6254,#1330);
#806=LINE('',#6256,#1331);
#807=LINE('',#6257,#1332);
#808=LINE('',#6259,#1333);
#809=LINE('',#6262,#1334);
#810=LINE('',#6264,#1335);
#811=LINE('',#6266,#1336);
#812=LINE('',#6268,#1337);
#813=LINE('',#6269,#1338);
#814=LINE('',#6271,#1339);
#815=LINE('',#6273,#1340);
#816=LINE('',#6275,#1341);
#817=LINE('',#6277,#1342);
#818=LINE('',#6281,#1343);
#819=LINE('',#6283,#1344);
#820=LINE('',#6285,#1345);
#821=LINE('',#6287,#1346);
#822=LINE('',#6288,#1347);
#823=LINE('',#6290,#1348);
#824=LINE('',#6292,#1349);
#825=LINE('',#6294,#1350);
#826=LINE('',#6296,#1351);
#827=LINE('',#6300,#1352);
#828=LINE('',#6301,#1353);
#829=LINE('',#6304,#1354);
#830=LINE('',#6305,#1355);
#831=LINE('',#6308,#1356);
#832=LINE('',#6309,#1357);
#833=LINE('',#6312,#1358);
#834=LINE('',#6313,#1359);
#835=LINE('',#6315,#1360);
#836=LINE('',#6319,#1361);
#837=LINE('',#6321,#1362);
#838=LINE('',#6323,#1363);
#839=LINE('',#6325,#1364);
#840=LINE('',#6326,#1365);
#841=LINE('',#6328,#1366);
#842=LINE('',#6330,#1367);
#843=LINE('',#6332,#1368);
#844=LINE('',#6334,#1369);
#845=LINE('',#6337,#1370);
#846=LINE('',#6339,#1371);
#847=LINE('',#6341,#1372);
#848=LINE('',#6343,#1373);
#849=LINE('',#6346,#1374);
#850=LINE('',#6348,#1375);
#851=LINE('',#6350,#1376);
#852=LINE('',#6352,#1377);
#853=LINE('',#6357,#1378);
#854=LINE('',#6359,#1379);
#855=LINE('',#6362,#1380);
#856=LINE('',#6365,#1381);
#857=LINE('',#6368,#1382);
#858=LINE('',#6371,#1383);
#859=LINE('',#6374,#1384);
#860=LINE('',#6377,#1385);
#861=LINE('',#6380,#1386);
#862=LINE('',#6383,#1387);
#863=LINE('',#6385,#1388);
#864=LINE('',#6387,#1389);
#865=LINE('',#6391,#1390);
#866=LINE('',#6394,#1391);
#867=LINE('',#6396,#1392);
#868=LINE('',#6398,#1393);
#869=LINE('',#6402,#1394);
#870=LINE('',#6405,#1395);
#871=LINE('',#6407,#1396);
#872=LINE('',#6409,#1397);
#873=LINE('',#6413,#1398);
#874=LINE('',#6416,#1399);
#875=LINE('',#6418,#1400);
#876=LINE('',#6420,#1401);
#877=LINE('',#6427,#1402);
#878=LINE('',#6433,#1403);
#879=LINE('',#6438,#1404);
#880=LINE('',#6443,#1405);
#881=LINE('',#6445,#1406);
#882=LINE('',#6446,#1407);
#883=LINE('',#6453,#1408);
#884=LINE('',#6455,#1409);
#885=LINE('',#6457,#1410);
#886=LINE('',#6458,#1411);
#887=LINE('',#6463,#1412);
#888=LINE('',#6467,#1413);
#889=LINE('',#6469,#1414);
#890=LINE('',#6470,#1415);
#891=LINE('',#6475,#1416);
#892=LINE('',#6479,#1417);
#893=LINE('',#6481,#1418);
#894=LINE('',#6482,#1419);
#895=LINE('',#6487,#1420);
#896=LINE('',#6491,#1421);
#897=LINE('',#6493,#1422);
#898=LINE('',#6494,#1423);
#899=LINE('',#6497,#1424);
#900=LINE('',#6499,#1425);
#901=LINE('',#6500,#1426);
#902=LINE('',#6505,#1427);
#903=LINE('',#6509,#1428);
#904=LINE('',#6511,#1429);
#905=LINE('',#6512,#1430);
#906=LINE('',#6517,#1431);
#907=LINE('',#6521,#1432);
#908=LINE('',#6523,#1433);
#909=LINE('',#6524,#1434);
#910=LINE('',#6527,#1435);
#911=LINE('',#6529,#1436);
#912=LINE('',#6530,#1437);
#913=LINE('',#6535,#1438);
#914=LINE('',#6539,#1439);
#915=LINE('',#6541,#1440);
#916=LINE('',#6542,#1441);
#917=LINE('',#6547,#1442);
#918=LINE('',#6551,#1443);
#919=LINE('',#6553,#1444);
#920=LINE('',#6554,#1445);
#921=LINE('',#6559,#1446);
#922=LINE('',#6563,#1447);
#923=LINE('',#6565,#1448);
#924=LINE('',#6566,#1449);
#925=LINE('',#6571,#1450);
#926=LINE('',#6575,#1451);
#927=LINE('',#6577,#1452);
#928=LINE('',#6578,#1453);
#929=LINE('',#6583,#1454);
#930=LINE('',#6587,#1455);
#931=LINE('',#6589,#1456);
#932=LINE('',#6590,#1457);
#933=LINE('',#6595,#1458);
#934=LINE('',#6599,#1459);
#935=LINE('',#6601,#1460);
#936=LINE('',#6602,#1461);
#937=LINE('',#6605,#1462);
#938=LINE('',#6607,#1463);
#939=LINE('',#6608,#1464);
#940=LINE('',#6613,#1465);
#941=LINE('',#6617,#1466);
#942=LINE('',#6619,#1467);
#943=LINE('',#6620,#1468);
#944=LINE('',#6625,#1469);
#945=LINE('',#6629,#1470);
#946=LINE('',#6631,#1471);
#947=LINE('',#6632,#1472);
#948=LINE('',#6635,#1473);
#949=LINE('',#6637,#1474);
#950=LINE('',#6638,#1475);
#951=LINE('',#6643,#1476);
#952=LINE('',#6647,#1477);
#953=LINE('',#6649,#1478);
#954=LINE('',#6650,#1479);
#955=LINE('',#6655,#1480);
#956=LINE('',#6659,#1481);
#957=LINE('',#6661,#1482);
#958=LINE('',#6662,#1483);
#959=LINE('',#6674,#1484);
#960=LINE('',#6679,#1485);
#961=LINE('',#6681,#1486);
#962=LINE('',#6683,#1487);
#963=LINE('',#6685,#1488);
#964=LINE('',#6687,#1489);
#965=LINE('',#6689,#1490);
#966=LINE('',#6691,#1491);
#967=LINE('',#6693,#1492);
#968=LINE('',#6695,#1493);
#969=LINE('',#6697,#1494);
#970=LINE('',#6699,#1495);
#971=LINE('',#6701,#1496);
#972=LINE('',#6703,#1497);
#973=LINE('',#6705,#1498);
#974=LINE('',#6707,#1499);
#975=LINE('',#6709,#1500);
#976=LINE('',#6711,#1501);
#977=LINE('',#6713,#1502);
#978=LINE('',#6715,#1503);
#979=LINE('',#6717,#1504);
#980=LINE('',#6719,#1505);
#981=LINE('',#6721,#1506);
#982=LINE('',#6723,#1507);
#983=LINE('',#6725,#1508);
#984=LINE('',#6727,#1509);
#985=LINE('',#6729,#1510);
#986=LINE('',#6731,#1511);
#987=LINE('',#6733,#1512);
#988=LINE('',#6735,#1513);
#989=LINE('',#6737,#1514);
#990=LINE('',#6739,#1515);
#991=LINE('',#6740,#1516);
#992=LINE('',#6745,#1517);
#993=LINE('',#6747,#1518);
#994=LINE('',#6748,#1519);
#995=LINE('',#6751,#1520);
#996=LINE('',#6752,#1521);
#997=LINE('',#6755,#1522);
#998=LINE('',#6757,#1523);
#999=LINE('',#6759,#1524);
#1000=LINE('',#6760,#1525);
#1001=LINE('',#6764,#1526);
#1002=LINE('',#6766,#1527);
#1003=LINE('',#6767,#1528);
#1004=LINE('',#6769,#1529);
#1005=LINE('',#6770,#1530);
#1006=LINE('',#6773,#1531);
#1007=LINE('',#6774,#1532);
#1008=LINE('',#6777,#1533);
#1009=LINE('',#6778,#1534);
#1010=LINE('',#6781,#1535);
#1011=LINE('',#6782,#1536);
#1012=LINE('',#6785,#1537);
#1013=LINE('',#6786,#1538);
#1014=LINE('',#6789,#1539);
#1015=LINE('',#6790,#1540);
#1016=LINE('',#6793,#1541);
#1017=LINE('',#6795,#1542);
#1018=LINE('',#6797,#1543);
#1019=LINE('',#6798,#1544);
#1020=LINE('',#6801,#1545);
#1021=LINE('',#6803,#1546);
#1022=LINE('',#6805,#1547);
#1023=LINE('',#6809,#1548);
#1024=LINE('',#6813,#1549);
#1025=LINE('',#6817,#1550);
#1026=LINE('',#6819,#1551);
#1027=LINE('',#6820,#1552);
#1028=LINE('',#6821,#1553);
#1029=LINE('',#6823,#1554);
#1030=LINE('',#6827,#1555);
#1031=LINE('',#6831,#1556);
#1032=LINE('',#6835,#1557);
#1033=LINE('',#6837,#1558);
#1034=LINE('',#6838,#1559);
#1035=LINE('',#6841,#1560);
#1036=LINE('',#6842,#1561);
#1037=LINE('',#6844,#1562);
#1038=LINE('',#6845,#1563);
#1039=LINE('',#6848,#1564);
#1040=LINE('',#6849,#1565);
#1041=LINE('',#6852,#1566);
#1042=LINE('',#6853,#1567);
#1043=LINE('',#6856,#1568);
#1044=LINE('',#6857,#1569);
#1045=LINE('',#6860,#1570);
#1046=LINE('',#6861,#1571);
#1047=LINE('',#6864,#1572);
#1048=LINE('',#6865,#1573);
#1049=LINE('',#6868,#1574);
#1050=LINE('',#6869,#1575);
#1051=LINE('',#6872,#1576);
#1052=LINE('',#6873,#1577);
#1053=LINE('',#6876,#1578);
#1054=LINE('',#6877,#1579);
#1055=LINE('',#6880,#1580);
#1056=LINE('',#6881,#1581);
#1057=LINE('',#6884,#1582);
#1058=LINE('',#6886,#1583);
#1059=LINE('',#6888,#1584);
#1060=LINE('',#6889,#1585);
#1061=LINE('',#6893,#1586);
#1062=LINE('',#6895,#1587);
#1063=LINE('',#6896,#1588);
#1064=LINE('',#6898,#1589);
#1065=LINE('',#6899,#1590);
#1066=LINE('',#6902,#1591);
#1067=LINE('',#6903,#1592);
#1068=LINE('',#6906,#1593);
#1069=LINE('',#6907,#1594);
#1070=LINE('',#6910,#1595);
#1071=LINE('',#6911,#1596);
#1072=LINE('',#6914,#1597);
#1073=LINE('',#6915,#1598);
#1074=LINE('',#6918,#1599);
#1075=LINE('',#6919,#1600);
#1076=LINE('',#6922,#1601);
#1077=LINE('',#6924,#1602);
#1078=LINE('',#6926,#1603);
#1079=LINE('',#6927,#1604);
#1080=LINE('',#6930,#1605);
#1081=LINE('',#6932,#1606);
#1082=LINE('',#6934,#1607);
#1083=LINE('',#6938,#1608);
#1084=LINE('',#6942,#1609);
#1085=LINE('',#6946,#1610);
#1086=LINE('',#6948,#1611);
#1087=LINE('',#6949,#1612);
#1088=LINE('',#6950,#1613);
#1089=LINE('',#6952,#1614);
#1090=LINE('',#6956,#1615);
#1091=LINE('',#6960,#1616);
#1092=LINE('',#6964,#1617);
#1093=LINE('',#6966,#1618);
#1094=LINE('',#6967,#1619);
#1095=LINE('',#6970,#1620);
#1096=LINE('',#6971,#1621);
#1097=LINE('',#6973,#1622);
#1098=LINE('',#6974,#1623);
#1099=LINE('',#6977,#1624);
#1100=LINE('',#6978,#1625);
#1101=LINE('',#6981,#1626);
#1102=LINE('',#6982,#1627);
#1103=LINE('',#6985,#1628);
#1104=LINE('',#6986,#1629);
#1105=LINE('',#6989,#1630);
#1106=LINE('',#6990,#1631);
#1107=LINE('',#6993,#1632);
#1108=LINE('',#6994,#1633);
#1109=LINE('',#6997,#1634);
#1110=LINE('',#6998,#1635);
#1111=LINE('',#7002,#1636);
#1112=LINE('',#7004,#1637);
#1113=LINE('',#7008,#1638);
#1114=LINE('',#7010,#1639);
#1115=LINE('',#7012,#1640);
#1116=LINE('',#7016,#1641);
#1117=LINE('',#7020,#1642);
#1118=LINE('',#7024,#1643);
#1119=LINE('',#7026,#1644);
#1120=LINE('',#7027,#1645);
#1121=LINE('',#7029,#1646);
#1122=LINE('',#7033,#1647);
#1123=LINE('',#7037,#1648);
#1124=LINE('',#7040,#1649);
#1125=LINE('',#7042,#1650);
#1126=LINE('',#7044,#1651);
#1127=LINE('',#7046,#1652);
#1128=LINE('',#7048,#1653);
#1129=LINE('',#7050,#1654);
#1130=LINE('',#7052,#1655);
#1131=LINE('',#7055,#1656);
#1132=LINE('',#7057,#1657);
#1133=LINE('',#7059,#1658);
#1134=LINE('',#7061,#1659);
#1135=LINE('',#7063,#1660);
#1136=LINE('',#7065,#1661);
#1137=LINE('',#7067,#1662);
#1138=LINE('',#7069,#1663);
#1139=LINE('',#7071,#1664);
#1140=LINE('',#7073,#1665);
#1141=LINE('',#7077,#1666);
#1142=LINE('',#7081,#1667);
#1143=LINE('',#7085,#1668);
#1144=LINE('',#7088,#1669);
#1145=LINE('',#7090,#1670);
#1146=LINE('',#7092,#1671);
#1147=LINE('',#7094,#1672);
#1148=LINE('',#7098,#1673);
#1149=LINE('',#7102,#1674);
#1150=LINE('',#7106,#1675);
#1151=LINE('',#7108,#1676);
#1152=LINE('',#7109,#1677);
#1153=LINE('',#7111,#1678);
#1154=LINE('',#7113,#1679);
#1155=LINE('',#7115,#1680);
#1156=LINE('',#7117,#1681);
#1157=LINE('',#7119,#1682);
#1158=LINE('',#7121,#1683);
#1159=LINE('',#7124,#1684);
#1160=LINE('',#7126,#1685);
#1161=LINE('',#7128,#1686);
#1162=LINE('',#7130,#1687);
#1163=LINE('',#7132,#1688);
#1164=LINE('',#7134,#1689);
#1165=LINE('',#7136,#1690);
#1166=LINE('',#7138,#1691);
#1167=LINE('',#7140,#1692);
#1168=LINE('',#7142,#1693);
#1169=LINE('',#7148,#1694);
#1170=LINE('',#7152,#1695);
#1171=LINE('',#7156,#1696);
#1172=LINE('',#7158,#1697);
#1173=LINE('',#7160,#1698);
#1174=LINE('',#7165,#1699);
#1175=LINE('',#7169,#1700);
#1176=LINE('',#7171,#1701);
#1177=LINE('',#7173,#1702);
#1178=LINE('',#7177,#1703);
#1179=LINE('',#7187,#1704);
#1180=LINE('',#7206,#1705);
#1181=LINE('',#7234,#1706);
#1182=LINE('',#7250,#1707);
#1183=LINE('',#7253,#1708);
#1184=LINE('',#7255,#1709);
#1185=LINE('',#7256,#1710);
#1186=LINE('',#7259,#1711);
#1187=LINE('',#7261,#1712);
#1188=LINE('',#7262,#1713);
#1189=LINE('',#7264,#1714);
#1190=LINE('',#7265,#1715);
#1191=LINE('',#7267,#1716);
#1192=LINE('',#7268,#1717);
#1193=LINE('',#7270,#1718);
#1194=LINE('',#7271,#1719);
#1195=LINE('',#7276,#1720);
#1196=LINE('',#7278,#1721);
#1197=LINE('',#7281,#1722);
#1198=LINE('',#7283,#1723);
#1199=VECTOR('',#4798,1000.);
#1200=VECTOR('',#4799,1000.);
#1201=VECTOR('',#4800,1000.);
#1202=VECTOR('',#4801,1000.);
#1203=VECTOR('',#4804,1000.);
#1204=VECTOR('',#4805,1000.);
#1205=VECTOR('',#4806,1000.);
#1206=VECTOR('',#4807,1000.);
#1207=VECTOR('',#4808,1000.);
#1208=VECTOR('',#4811,1000.);
#1209=VECTOR('',#4812,1000.);
#1210=VECTOR('',#4813,1000.);
#1211=VECTOR('',#4816,1000.);
#1212=VECTOR('',#4817,1000.);
#1213=VECTOR('',#4818,1000.);
#1214=VECTOR('',#4819,1000.);
#1215=VECTOR('',#4820,1000.);
#1216=VECTOR('',#4823,1000.);
#1217=VECTOR('',#4824,1000.);
#1218=VECTOR('',#4825,1000.);
#1219=VECTOR('',#4834,1000.);
#1220=VECTOR('',#4835,1000.);
#1221=VECTOR('',#4836,1000.);
#1222=VECTOR('',#4837,1000.);
#1223=VECTOR('',#4838,1000.);
#1224=VECTOR('',#4839,1000.);
#1225=VECTOR('',#4840,1000.);
#1226=VECTOR('',#4841,1000.);
#1227=VECTOR('',#4842,1000.);
#1228=VECTOR('',#4843,1000.);
#1229=VECTOR('',#4844,1000.);
#1230=VECTOR('',#4845,1000.);
#1231=VECTOR('',#4846,1000.);
#1232=VECTOR('',#4847,1000.);
#1233=VECTOR('',#4848,1000.);
#1234=VECTOR('',#4849,1000.);
#1235=VECTOR('',#4850,1000.);
#1236=VECTOR('',#4851,1000.);
#1237=VECTOR('',#4852,1000.);
#1238=VECTOR('',#4853,1000.);
#1239=VECTOR('',#4854,1000.);
#1240=VECTOR('',#4855,1000.);
#1241=VECTOR('',#4856,1000.);
#1242=VECTOR('',#4857,1000.);
#1243=VECTOR('',#4858,1000.);
#1244=VECTOR('',#4859,1000.);
#1245=VECTOR('',#4862,1000.);
#1246=VECTOR('',#4863,1000.);
#1247=VECTOR('',#4864,1000.);
#1248=VECTOR('',#4867,1000.);
#1249=VECTOR('',#4868,1000.);
#1250=VECTOR('',#4869,1000.);
#1251=VECTOR('',#4872,1000.);
#1252=VECTOR('',#4873,1000.);
#1253=VECTOR('',#4874,1000.);
#1254=VECTOR('',#4875,1000.);
#1255=VECTOR('',#4876,1000.);
#1256=VECTOR('',#4877,1000.);
#1257=VECTOR('',#4878,1000.);
#1258=VECTOR('',#4879,1000.);
#1259=VECTOR('',#4880,1000.);
#1260=VECTOR('',#4881,1000.);
#1261=VECTOR('',#4882,1000.);
#1262=VECTOR('',#4883,1000.);
#1263=VECTOR('',#4884,1000.);
#1264=VECTOR('',#4885,1000.);
#1265=VECTOR('',#4886,1000.);
#1266=VECTOR('',#4887,1000.);
#1267=VECTOR('',#4888,1000.);
#1268=VECTOR('',#4889,1000.);
#1269=VECTOR('',#4890,1000.);
#1270=VECTOR('',#4891,1000.);
#1271=VECTOR('',#4892,1000.);
#1272=VECTOR('',#4893,1000.);
#1273=VECTOR('',#4894,1000.);
#1274=VECTOR('',#4897,1000.);
#1275=VECTOR('',#4898,1000.);
#1276=VECTOR('',#4899,1000.);
#1277=VECTOR('',#4902,1000.);
#1278=VECTOR('',#4903,1000.);
#1279=VECTOR('',#4904,1000.);
#1280=VECTOR('',#4911,1000.);
#1281=VECTOR('',#4912,1000.);
#1282=VECTOR('',#4913,1000.);
#1283=VECTOR('',#4914,1000.);
#1284=VECTOR('',#4915,1000.);
#1285=VECTOR('',#4916,1000.);
#1286=VECTOR('',#4917,1000.);
#1287=VECTOR('',#4918,1000.);
#1288=VECTOR('',#4919,1000.);
#1289=VECTOR('',#4924,1000.);
#1290=VECTOR('',#4925,1000.);
#1291=VECTOR('',#4926,1000.);
#1292=VECTOR('',#4927,1000.);
#1293=VECTOR('',#4928,1000.);
#1294=VECTOR('',#4929,1000.);
#1295=VECTOR('',#4930,1000.);
#1296=VECTOR('',#4931,1000.);
#1297=VECTOR('',#4932,1000.);
#1298=VECTOR('',#4937,1000.);
#1299=VECTOR('',#4938,1000.);
#1300=VECTOR('',#4939,1000.);
#1301=VECTOR('',#4942,1000.);
#1302=VECTOR('',#4943,1000.);
#1303=VECTOR('',#4944,1000.);
#1304=VECTOR('',#4945,1000.);
#1305=VECTOR('',#4946,1000.);
#1306=VECTOR('',#4947,1000.);
#1307=VECTOR('',#4948,1000.);
#1308=VECTOR('',#4951,1000.);
#1309=VECTOR('',#4952,1000.);
#1310=VECTOR('',#4955,1000.);
#1311=VECTOR('',#4956,1000.);
#1312=VECTOR('',#4957,1000.);
#1313=VECTOR('',#4958,1000.);
#1314=VECTOR('',#4959,1000.);
#1315=VECTOR('',#4960,1000.);
#1316=VECTOR('',#4961,1000.);
#1317=VECTOR('',#4962,1000.);
#1318=VECTOR('',#4963,1000.);
#1319=VECTOR('',#4964,1000.);
#1320=VECTOR('',#4965,1000.);
#1321=VECTOR('',#4966,1000.);
#1322=VECTOR('',#4967,1000.);
#1323=VECTOR('',#4968,1000.);
#1324=VECTOR('',#4969,1000.);
#1325=VECTOR('',#4972,1000.);
#1326=VECTOR('',#4973,1000.);
#1327=VECTOR('',#4976,1000.);
#1328=VECTOR('',#4977,1000.);
#1329=VECTOR('',#4978,1000.);
#1330=VECTOR('',#4979,1000.);
#1331=VECTOR('',#4980,1000.);
#1332=VECTOR('',#4981,1000.);
#1333=VECTOR('',#4984,1000.);
#1334=VECTOR('',#4987,1000.);
#1335=VECTOR('',#4988,1000.);
#1336=VECTOR('',#4989,1000.);
#1337=VECTOR('',#4990,1000.);
#1338=VECTOR('',#4991,1000.);
#1339=VECTOR('',#4994,1000.);
#1340=VECTOR('',#4997,1000.);
#1341=VECTOR('',#5000,1000.);
#1342=VECTOR('',#5003,1000.);
#1343=VECTOR('',#5008,1000.);
#1344=VECTOR('',#5009,1000.);
#1345=VECTOR('',#5010,1000.);
#1346=VECTOR('',#5011,1000.);
#1347=VECTOR('',#5012,1000.);
#1348=VECTOR('',#5015,1000.);
#1349=VECTOR('',#5018,1000.);
#1350=VECTOR('',#5021,1000.);
#1351=VECTOR('',#5024,1000.);
#1352=VECTOR('',#5029,1000.);
#1353=VECTOR('',#5030,1000.);
#1354=VECTOR('',#5033,1000.);
#1355=VECTOR('',#5034,1000.);
#1356=VECTOR('',#5037,1000.);
#1357=VECTOR('',#5038,1000.);
#1358=VECTOR('',#5041,1000.);
#1359=VECTOR('',#5042,1000.);
#1360=VECTOR('',#5045,1000.);
#1361=VECTOR('',#5050,1000.);
#1362=VECTOR('',#5051,1000.);
#1363=VECTOR('',#5052,1000.);
#1364=VECTOR('',#5053,1000.);
#1365=VECTOR('',#5054,1000.);
#1366=VECTOR('',#5057,1000.);
#1367=VECTOR('',#5060,1000.);
#1368=VECTOR('',#5063,1000.);
#1369=VECTOR('',#5066,1000.);
#1370=VECTOR('',#5071,1000.);
#1371=VECTOR('',#5074,1000.);
#1372=VECTOR('',#5077,1000.);
#1373=VECTOR('',#5080,1000.);
#1374=VECTOR('',#5085,1000.);
#1375=VECTOR('',#5088,1000.);
#1376=VECTOR('',#5091,1000.);
#1377=VECTOR('',#5094,1000.);
#1378=VECTOR('',#5101,1000.);
#1379=VECTOR('',#5104,1000.);
#1380=VECTOR('',#5107,1000.);
#1381=VECTOR('',#5112,1000.);
#1382=VECTOR('',#5115,1000.);
#1383=VECTOR('',#5120,1000.);
#1384=VECTOR('',#5123,1000.);
#1385=VECTOR('',#5128,1000.);
#1386=VECTOR('',#5131,1000.);
#1387=VECTOR('',#5134,1000.);
#1388=VECTOR('',#5137,1000.);
#1389=VECTOR('',#5140,1000.);
#1390=VECTOR('',#5145,1000.);
#1391=VECTOR('',#5148,1000.);
#1392=VECTOR('',#5151,1000.);
#1393=VECTOR('',#5154,1000.);
#1394=VECTOR('',#5159,1000.);
#1395=VECTOR('',#5162,1000.);
#1396=VECTOR('',#5165,1000.);
#1397=VECTOR('',#5168,1000.);
#1398=VECTOR('',#5173,1000.);
#1399=VECTOR('',#5176,1000.);
#1400=VECTOR('',#5179,1000.);
#1401=VECTOR('',#5182,1000.);
#1402=VECTOR('',#5191,0.355);
#1403=VECTOR('',#5200,0.65);
#1404=VECTOR('',#5207,0.8);
#1405=VECTOR('',#5214,0.75);
#1406=VECTOR('',#5217,1000.);
#1407=VECTOR('',#5218,1000.);
#1408=VECTOR('',#5227,1000.);
#1409=VECTOR('',#5228,1000.);
#1410=VECTOR('',#5229,1000.);
#1411=VECTOR('',#5230,1000.);
#1412=VECTOR('',#5235,1000.);
#1413=VECTOR('',#5240,1000.);
#1414=VECTOR('',#5241,1000.);
#1415=VECTOR('',#5242,1000.);
#1416=VECTOR('',#5247,1000.);
#1417=VECTOR('',#5252,1000.);
#1418=VECTOR('',#5253,1000.);
#1419=VECTOR('',#5254,1000.);
#1420=VECTOR('',#5259,1000.);
#1421=VECTOR('',#5264,1000.);
#1422=VECTOR('',#5265,1000.);
#1423=VECTOR('',#5266,1000.);
#1424=VECTOR('',#5269,1000.);
#1425=VECTOR('',#5270,1000.);
#1426=VECTOR('',#5271,1000.);
#1427=VECTOR('',#5276,1000.);
#1428=VECTOR('',#5281,1000.);
#1429=VECTOR('',#5282,1000.);
#1430=VECTOR('',#5283,1000.);
#1431=VECTOR('',#5288,1000.);
#1432=VECTOR('',#5293,1000.);
#1433=VECTOR('',#5294,1000.);
#1434=VECTOR('',#5295,1000.);
#1435=VECTOR('',#5298,1000.);
#1436=VECTOR('',#5299,1000.);
#1437=VECTOR('',#5300,1000.);
#1438=VECTOR('',#5305,1000.);
#1439=VECTOR('',#5310,1000.);
#1440=VECTOR('',#5311,1000.);
#1441=VECTOR('',#5312,1000.);
#1442=VECTOR('',#5317,1000.);
#1443=VECTOR('',#5322,1000.);
#1444=VECTOR('',#5323,1000.);
#1445=VECTOR('',#5324,1000.);
#1446=VECTOR('',#5329,1000.);
#1447=VECTOR('',#5334,1000.);
#1448=VECTOR('',#5335,1000.);
#1449=VECTOR('',#5336,1000.);
#1450=VECTOR('',#5341,1000.);
#1451=VECTOR('',#5346,1000.);
#1452=VECTOR('',#5347,1000.);
#1453=VECTOR('',#5348,1000.);
#1454=VECTOR('',#5353,1000.);
#1455=VECTOR('',#5358,1000.);
#1456=VECTOR('',#5359,1000.);
#1457=VECTOR('',#5360,1000.);
#1458=VECTOR('',#5365,1000.);
#1459=VECTOR('',#5370,1000.);
#1460=VECTOR('',#5371,1000.);
#1461=VECTOR('',#5372,1000.);
#1462=VECTOR('',#5375,1000.);
#1463=VECTOR('',#5376,1000.);
#1464=VECTOR('',#5377,1000.);
#1465=VECTOR('',#5382,1000.);
#1466=VECTOR('',#5387,1000.);
#1467=VECTOR('',#5388,1000.);
#1468=VECTOR('',#5389,1000.);
#1469=VECTOR('',#5394,1000.);
#1470=VECTOR('',#5399,1000.);
#1471=VECTOR('',#5400,1000.);
#1472=VECTOR('',#5401,1000.);
#1473=VECTOR('',#5404,1000.);
#1474=VECTOR('',#5405,1000.);
#1475=VECTOR('',#5406,1000.);
#1476=VECTOR('',#5411,1000.);
#1477=VECTOR('',#5416,1000.);
#1478=VECTOR('',#5417,1000.);
#1479=VECTOR('',#5418,1000.);
#1480=VECTOR('',#5423,1000.);
#1481=VECTOR('',#5428,1000.);
#1482=VECTOR('',#5429,1000.);
#1483=VECTOR('',#5430,1000.);
#1484=VECTOR('',#5449,1.415);
#1485=VECTOR('',#5454,1000.);
#1486=VECTOR('',#5455,1000.);
#1487=VECTOR('',#5456,1000.);
#1488=VECTOR('',#5457,1000.);
#1489=VECTOR('',#5458,1000.);
#1490=VECTOR('',#5459,1000.);
#1491=VECTOR('',#5460,1000.);
#1492=VECTOR('',#5461,1000.);
#1493=VECTOR('',#5462,1000.);
#1494=VECTOR('',#5463,1000.);
#1495=VECTOR('',#5464,1000.);
#1496=VECTOR('',#5465,1000.);
#1497=VECTOR('',#5466,1000.);
#1498=VECTOR('',#5467,1000.);
#1499=VECTOR('',#5468,1000.);
#1500=VECTOR('',#5469,1000.);
#1501=VECTOR('',#5470,1000.);
#1502=VECTOR('',#5471,1000.);
#1503=VECTOR('',#5472,1000.);
#1504=VECTOR('',#5473,1000.);
#1505=VECTOR('',#5474,1000.);
#1506=VECTOR('',#5475,1000.);
#1507=VECTOR('',#5476,1000.);
#1508=VECTOR('',#5477,1000.);
#1509=VECTOR('',#5478,1000.);
#1510=VECTOR('',#5479,1000.);
#1511=VECTOR('',#5480,1000.);
#1512=VECTOR('',#5481,1000.);
#1513=VECTOR('',#5482,1000.);
#1514=VECTOR('',#5483,1000.);
#1515=VECTOR('',#5484,1000.);
#1516=VECTOR('',#5485,1000.);
#1517=VECTOR('',#5490,1000.);
#1518=VECTOR('',#5491,1000.);
#1519=VECTOR('',#5492,1000.);
#1520=VECTOR('',#5495,1000.);
#1521=VECTOR('',#5496,1000.);
#1522=VECTOR('',#5499,1000.);
#1523=VECTOR('',#5500,1000.);
#1524=VECTOR('',#5501,1000.);
#1525=VECTOR('',#5502,1000.);
#1526=VECTOR('',#5505,1000.);
#1527=VECTOR('',#5506,1000.);
#1528=VECTOR('',#5507,1000.);
#1529=VECTOR('',#5508,1000.);
#1530=VECTOR('',#5509,1000.);
#1531=VECTOR('',#5512,1000.);
#1532=VECTOR('',#5513,1000.);
#1533=VECTOR('',#5516,1000.);
#1534=VECTOR('',#5517,1000.);
#1535=VECTOR('',#5520,1000.);
#1536=VECTOR('',#5521,1000.);
#1537=VECTOR('',#5524,1000.);
#1538=VECTOR('',#5525,1000.);
#1539=VECTOR('',#5528,1000.);
#1540=VECTOR('',#5529,1000.);
#1541=VECTOR('',#5532,1000.);
#1542=VECTOR('',#5533,1000.);
#1543=VECTOR('',#5534,1000.);
#1544=VECTOR('',#5535,1000.);
#1545=VECTOR('',#5538,1000.);
#1546=VECTOR('',#5539,1000.);
#1547=VECTOR('',#5540,1000.);
#1548=VECTOR('',#5543,1000.);
#1549=VECTOR('',#5546,1000.);
#1550=VECTOR('',#5549,1000.);
#1551=VECTOR('',#5550,1000.);
#1552=VECTOR('',#5551,1000.);
#1553=VECTOR('',#5552,1000.);
#1554=VECTOR('',#5553,1000.);
#1555=VECTOR('',#5556,1000.);
#1556=VECTOR('',#5559,1000.);
#1557=VECTOR('',#5562,1000.);
#1558=VECTOR('',#5563,1000.);
#1559=VECTOR('',#5564,1000.);
#1560=VECTOR('',#5567,1000.);
#1561=VECTOR('',#5568,1000.);
#1562=VECTOR('',#5569,1000.);
#1563=VECTOR('',#5570,1000.);
#1564=VECTOR('',#5573,1000.);
#1565=VECTOR('',#5574,1000.);
#1566=VECTOR('',#5577,1000.);
#1567=VECTOR('',#5578,1000.);
#1568=VECTOR('',#5581,1000.);
#1569=VECTOR('',#5582,1000.);
#1570=VECTOR('',#5585,1000.);
#1571=VECTOR('',#5586,1000.);
#1572=VECTOR('',#5589,1000.);
#1573=VECTOR('',#5590,1000.);
#1574=VECTOR('',#5593,1000.);
#1575=VECTOR('',#5594,1000.);
#1576=VECTOR('',#5597,1000.);
#1577=VECTOR('',#5598,1000.);
#1578=VECTOR('',#5601,1000.);
#1579=VECTOR('',#5602,1000.);
#1580=VECTOR('',#5605,1000.);
#1581=VECTOR('',#5606,1000.);
#1582=VECTOR('',#5609,1000.);
#1583=VECTOR('',#5610,1000.);
#1584=VECTOR('',#5611,1000.);
#1585=VECTOR('',#5612,1000.);
#1586=VECTOR('',#5615,1000.);
#1587=VECTOR('',#5616,1000.);
#1588=VECTOR('',#5617,1000.);
#1589=VECTOR('',#5618,1000.);
#1590=VECTOR('',#5619,1000.);
#1591=VECTOR('',#5622,1000.);
#1592=VECTOR('',#5623,1000.);
#1593=VECTOR('',#5626,1000.);
#1594=VECTOR('',#5627,1000.);
#1595=VECTOR('',#5630,1000.);
#1596=VECTOR('',#5631,1000.);
#1597=VECTOR('',#5634,1000.);
#1598=VECTOR('',#5635,1000.);
#1599=VECTOR('',#5638,1000.);
#1600=VECTOR('',#5639,1000.);
#1601=VECTOR('',#5642,1000.);
#1602=VECTOR('',#5643,1000.);
#1603=VECTOR('',#5644,1000.);
#1604=VECTOR('',#5645,1000.);
#1605=VECTOR('',#5648,1000.);
#1606=VECTOR('',#5649,1000.);
#1607=VECTOR('',#5650,1000.);
#1608=VECTOR('',#5653,1000.);
#1609=VECTOR('',#5656,1000.);
#1610=VECTOR('',#5659,1000.);
#1611=VECTOR('',#5660,1000.);
#1612=VECTOR('',#5661,1000.);
#1613=VECTOR('',#5662,1000.);
#1614=VECTOR('',#5663,1000.);
#1615=VECTOR('',#5666,1000.);
#1616=VECTOR('',#5669,1000.);
#1617=VECTOR('',#5672,1000.);
#1618=VECTOR('',#5673,1000.);
#1619=VECTOR('',#5674,1000.);
#1620=VECTOR('',#5677,1000.);
#1621=VECTOR('',#5678,1000.);
#1622=VECTOR('',#5679,1000.);
#1623=VECTOR('',#5680,1000.);
#1624=VECTOR('',#5683,1000.);
#1625=VECTOR('',#5684,1000.);
#1626=VECTOR('',#5687,1000.);
#1627=VECTOR('',#5688,1000.);
#1628=VECTOR('',#5691,1000.);
#1629=VECTOR('',#5692,1000.);
#1630=VECTOR('',#5695,1000.);
#1631=VECTOR('',#5696,1000.);
#1632=VECTOR('',#5699,1000.);
#1633=VECTOR('',#5700,1000.);
#1634=VECTOR('',#5703,1000.);
#1635=VECTOR('',#5704,1000.);
#1636=VECTOR('',#5709,1.64);
#1637=VECTOR('',#5712,1000.);
#1638=VECTOR('',#5717,1000.);
#1639=VECTOR('',#5718,1000.);
#1640=VECTOR('',#5719,1000.);
#1641=VECTOR('',#5722,1000.);
#1642=VECTOR('',#5725,1000.);
#1643=VECTOR('',#5728,1000.);
#1644=VECTOR('',#5729,1000.);
#1645=VECTOR('',#5730,1000.);
#1646=VECTOR('',#5731,1000.);
#1647=VECTOR('',#5734,1000.);
#1648=VECTOR('',#5737,1000.);
#1649=VECTOR('',#5740,1000.);
#1650=VECTOR('',#5743,1000.);
#1651=VECTOR('',#5746,1000.);
#1652=VECTOR('',#5749,1000.);
#1653=VECTOR('',#5752,1000.);
#1654=VECTOR('',#5755,1000.);
#1655=VECTOR('',#5758,1000.);
#1656=VECTOR('',#5763,1000.);
#1657=VECTOR('',#5766,1000.);
#1658=VECTOR('',#5769,1000.);
#1659=VECTOR('',#5772,1000.);
#1660=VECTOR('',#5775,1000.);
#1661=VECTOR('',#5778,1000.);
#1662=VECTOR('',#5781,1000.);
#1663=VECTOR('',#5784,1000.);
#1664=VECTOR('',#5787,1000.);
#1665=VECTOR('',#5790,1000.);
#1666=VECTOR('',#5795,1000.);
#1667=VECTOR('',#5798,1000.);
#1668=VECTOR('',#5801,1000.);
#1669=VECTOR('',#5804,1000.);
#1670=VECTOR('',#5805,1000.);
#1671=VECTOR('',#5806,1000.);
#1672=VECTOR('',#5807,1000.);
#1673=VECTOR('',#5810,1000.);
#1674=VECTOR('',#5813,1000.);
#1675=VECTOR('',#5816,1000.);
#1676=VECTOR('',#5817,1000.);
#1677=VECTOR('',#5818,1000.);
#1678=VECTOR('',#5821,1000.);
#1679=VECTOR('',#5824,1000.);
#1680=VECTOR('',#5827,1000.);
#1681=VECTOR('',#5830,1000.);
#1682=VECTOR('',#5833,1000.);
#1683=VECTOR('',#5836,1000.);
#1684=VECTOR('',#5841,1000.);
#1685=VECTOR('',#5844,1000.);
#1686=VECTOR('',#5847,1000.);
#1687=VECTOR('',#5850,1000.);
#1688=VECTOR('',#5853,1000.);
#1689=VECTOR('',#5856,1000.);
#1690=VECTOR('',#5859,1000.);
#1691=VECTOR('',#5862,1000.);
#1692=VECTOR('',#5865,1000.);
#1693=VECTOR('',#5868,1000.);
#1694=VECTOR('',#5875,1000.);
#1695=VECTOR('',#5878,1000.);
#1696=VECTOR('',#5881,1000.);
#1697=VECTOR('',#5882,1000.);
#1698=VECTOR('',#5883,1000.);
#1699=VECTOR('',#5888,1000.);
#1700=VECTOR('',#5891,1000.);
#1701=VECTOR('',#5892,1000.);
#1702=VECTOR('',#5893,1000.);
#1703=VECTOR('',#5896,1000.);
#1704=VECTOR('',#5901,1000.);
#1705=VECTOR('',#5904,1000.);
#1706=VECTOR('',#5911,1000.);
#1707=VECTOR('',#5914,1000.);
#1708=VECTOR('',#5917,1000.);
#1709=VECTOR('',#5918,1000.);
#1710=VECTOR('',#5919,1000.);
#1711=VECTOR('',#5922,1000.);
#1712=VECTOR('',#5923,1000.);
#1713=VECTOR('',#5924,1000.);
#1714=VECTOR('',#5927,1000.);
#1715=VECTOR('',#5928,1000.);
#1716=VECTOR('',#5931,1000.);
#1717=VECTOR('',#5932,1000.);
#1718=VECTOR('',#5935,1000.);
#1719=VECTOR('',#5936,1000.);
#1720=VECTOR('',#5945,1000.);
#1721=VECTOR('',#5948,1000.);
#1722=VECTOR('',#5953,1000.);
#1723=VECTOR('',#5956,1000.);
#1724=VERTEX_POINT('',#5978);
#1725=VERTEX_POINT('',#5979);
#1726=VERTEX_POINT('',#5981);
#1727=VERTEX_POINT('',#5983);
#1728=VERTEX_POINT('',#5985);
#1729=VERTEX_POINT('',#5987);
#1730=VERTEX_POINT('',#5989);
#1731=VERTEX_POINT('',#5991);
#1732=VERTEX_POINT('',#5993);
#1733=VERTEX_POINT('',#5995);
#1734=VERTEX_POINT('',#5997);
#1735=VERTEX_POINT('',#5999);
#1736=VERTEX_POINT('',#6001);
#1737=VERTEX_POINT('',#6003);
#1738=VERTEX_POINT('',#6005);
#1739=VERTEX_POINT('',#6007);
#1740=VERTEX_POINT('',#6009);
#1741=VERTEX_POINT('',#6011);
#1742=VERTEX_POINT('',#6013);
#1743=VERTEX_POINT('',#6015);
#1744=VERTEX_POINT('',#6017);
#1745=VERTEX_POINT('',#6019);
#1746=VERTEX_POINT('',#6021);
#1747=VERTEX_POINT('',#6023);
#1748=VERTEX_POINT('',#6026);
#1749=VERTEX_POINT('',#6028);
#1750=VERTEX_POINT('',#6030);
#1751=VERTEX_POINT('',#6033);
#1752=VERTEX_POINT('',#6035);
#1753=VERTEX_POINT('',#6038);
#1754=VERTEX_POINT('',#6040);
#1755=VERTEX_POINT('',#6042);
#1756=VERTEX_POINT('',#6044);
#1757=VERTEX_POINT('',#6046);
#1758=VERTEX_POINT('',#6048);
#1759=VERTEX_POINT('',#6050);
#1760=VERTEX_POINT('',#6052);
#1761=VERTEX_POINT('',#6054);
#1762=VERTEX_POINT('',#6056);
#1763=VERTEX_POINT('',#6058);
#1764=VERTEX_POINT('',#6060);
#1765=VERTEX_POINT('',#6062);
#1766=VERTEX_POINT('',#6064);
#1767=VERTEX_POINT('',#6066);
#1768=VERTEX_POINT('',#6068);
#1769=VERTEX_POINT('',#6070);
#1770=VERTEX_POINT('',#6072);
#1771=VERTEX_POINT('',#6074);
#1772=VERTEX_POINT('',#6076);
#1773=VERTEX_POINT('',#6078);
#1774=VERTEX_POINT('',#6080);
#1775=VERTEX_POINT('',#6084);
#1776=VERTEX_POINT('',#6086);
#1777=VERTEX_POINT('',#6090);
#1778=VERTEX_POINT('',#6092);
#1779=VERTEX_POINT('',#6096);
#1780=VERTEX_POINT('',#6098);
#1781=VERTEX_POINT('',#6100);
#1782=VERTEX_POINT('',#6102);
#1783=VERTEX_POINT('',#6104);
#1784=VERTEX_POINT('',#6106);
#1785=VERTEX_POINT('',#6108);
#1786=VERTEX_POINT('',#6110);
#1787=VERTEX_POINT('',#6112);
#1788=VERTEX_POINT('',#6114);
#1789=VERTEX_POINT('',#6116);
#1790=VERTEX_POINT('',#6118);
#1791=VERTEX_POINT('',#6120);
#1792=VERTEX_POINT('',#6122);
#1793=VERTEX_POINT('',#6124);
#1794=VERTEX_POINT('',#6126);
#1795=VERTEX_POINT('',#6128);
#1796=VERTEX_POINT('',#6130);
#1797=VERTEX_POINT('',#6132);
#1798=VERTEX_POINT('',#6134);
#1799=VERTEX_POINT('',#6136);
#1800=VERTEX_POINT('',#6138);
#1801=VERTEX_POINT('',#6142);
#1802=VERTEX_POINT('',#6143);
#1803=VERTEX_POINT('',#6148);
#1804=VERTEX_POINT('',#6150);
#1805=VERTEX_POINT('',#6156);
#1806=VERTEX_POINT('',#6158);
#1807=VERTEX_POINT('',#6160);
#1808=VERTEX_POINT('',#6162);
#1809=VERTEX_POINT('',#6164);
#1810=VERTEX_POINT('',#6166);
#1811=VERTEX_POINT('',#6168);
#1812=VERTEX_POINT('',#6170);
#1813=VERTEX_POINT('',#6175);
#1814=VERTEX_POINT('',#6177);
#1815=VERTEX_POINT('',#6179);
#1816=VERTEX_POINT('',#6181);
#1817=VERTEX_POINT('',#6183);
#1818=VERTEX_POINT('',#6185);
#1819=VERTEX_POINT('',#6187);
#1820=VERTEX_POINT('',#6189);
#1821=VERTEX_POINT('',#6194);
#1822=VERTEX_POINT('',#6196);
#1823=VERTEX_POINT('',#6200);
#1824=VERTEX_POINT('',#6201);
#1825=VERTEX_POINT('',#6203);
#1826=VERTEX_POINT('',#6205);
#1827=VERTEX_POINT('',#6208);
#1828=VERTEX_POINT('',#6210);
#1829=VERTEX_POINT('',#6217);
#1830=VERTEX_POINT('',#6219);
#1831=VERTEX_POINT('',#6221);
#1832=VERTEX_POINT('',#6224);
#1833=VERTEX_POINT('',#6226);
#1834=VERTEX_POINT('',#6229);
#1835=VERTEX_POINT('',#6231);
#1836=VERTEX_POINT('',#6234);
#1837=VERTEX_POINT('',#6236);
#1838=VERTEX_POINT('',#6239);
#1839=VERTEX_POINT('',#6243);
#1840=VERTEX_POINT('',#6247);
#1841=VERTEX_POINT('',#6249);
#1842=VERTEX_POINT('',#6251);
#1843=VERTEX_POINT('',#6253);
#1844=VERTEX_POINT('',#6255);
#1845=VERTEX_POINT('',#6261);
#1846=VERTEX_POINT('',#6263);
#1847=VERTEX_POINT('',#6265);
#1848=VERTEX_POINT('',#6267);
#1849=VERTEX_POINT('',#6280);
#1850=VERTEX_POINT('',#6282);
#1851=VERTEX_POINT('',#6284);
#1852=VERTEX_POINT('',#6286);
#1853=VERTEX_POINT('',#6299);
#1854=VERTEX_POINT('',#6303);
#1855=VERTEX_POINT('',#6307);
#1856=VERTEX_POINT('',#6311);
#1857=VERTEX_POINT('',#6318);
#1858=VERTEX_POINT('',#6320);
#1859=VERTEX_POINT('',#6322);
#1860=VERTEX_POINT('',#6324);
#1861=VERTEX_POINT('',#6355);
#1862=VERTEX_POINT('',#6361);
#1863=VERTEX_POINT('',#6367);
#1864=VERTEX_POINT('',#6373);
#1865=VERTEX_POINT('',#6379);
#1866=VERTEX_POINT('',#6381);
#1867=VERTEX_POINT('',#6390);
#1868=VERTEX_POINT('',#6392);
#1869=VERTEX_POINT('',#6401);
#1870=VERTEX_POINT('',#6403);
#1871=VERTEX_POINT('',#6412);
#1872=VERTEX_POINT('',#6414);
#1873=VERTEX_POINT('',#6423);
#1874=VERTEX_POINT('',#6426);
#1875=VERTEX_POINT('',#6430);
#1876=VERTEX_POINT('',#6435);
#1877=VERTEX_POINT('',#6440);
#1878=VERTEX_POINT('',#6451);
#1879=VERTEX_POINT('',#6452);
#1880=VERTEX_POINT('',#6454);
#1881=VERTEX_POINT('',#6456);
#1882=VERTEX_POINT('',#6460);
#1883=VERTEX_POINT('',#6462);
#1884=VERTEX_POINT('',#6466);
#1885=VERTEX_POINT('',#6468);
#1886=VERTEX_POINT('',#6472);
#1887=VERTEX_POINT('',#6474);
#1888=VERTEX_POINT('',#6478);
#1889=VERTEX_POINT('',#6480);
#1890=VERTEX_POINT('',#6484);
#1891=VERTEX_POINT('',#6486);
#1892=VERTEX_POINT('',#6490);
#1893=VERTEX_POINT('',#6492);
#1894=VERTEX_POINT('',#6496);
#1895=VERTEX_POINT('',#6498);
#1896=VERTEX_POINT('',#6502);
#1897=VERTEX_POINT('',#6504);
#1898=VERTEX_POINT('',#6508);
#1899=VERTEX_POINT('',#6510);
#1900=VERTEX_POINT('',#6514);
#1901=VERTEX_POINT('',#6516);
#1902=VERTEX_POINT('',#6520);
#1903=VERTEX_POINT('',#6522);
#1904=VERTEX_POINT('',#6526);
#1905=VERTEX_POINT('',#6528);
#1906=VERTEX_POINT('',#6532);
#1907=VERTEX_POINT('',#6534);
#1908=VERTEX_POINT('',#6538);
#1909=VERTEX_POINT('',#6540);
#1910=VERTEX_POINT('',#6544);
#1911=VERTEX_POINT('',#6546);
#1912=VERTEX_POINT('',#6550);
#1913=VERTEX_POINT('',#6552);
#1914=VERTEX_POINT('',#6556);
#1915=VERTEX_POINT('',#6558);
#1916=VERTEX_POINT('',#6562);
#1917=VERTEX_POINT('',#6564);
#1918=VERTEX_POINT('',#6568);
#1919=VERTEX_POINT('',#6570);
#1920=VERTEX_POINT('',#6574);
#1921=VERTEX_POINT('',#6576);
#1922=VERTEX_POINT('',#6580);
#1923=VERTEX_POINT('',#6582);
#1924=VERTEX_POINT('',#6586);
#1925=VERTEX_POINT('',#6588);
#1926=VERTEX_POINT('',#6592);
#1927=VERTEX_POINT('',#6594);
#1928=VERTEX_POINT('',#6598);
#1929=VERTEX_POINT('',#6600);
#1930=VERTEX_POINT('',#6604);
#1931=VERTEX_POINT('',#6606);
#1932=VERTEX_POINT('',#6610);
#1933=VERTEX_POINT('',#6612);
#1934=VERTEX_POINT('',#6616);
#1935=VERTEX_POINT('',#6618);
#1936=VERTEX_POINT('',#6622);
#1937=VERTEX_POINT('',#6624);
#1938=VERTEX_POINT('',#6628);
#1939=VERTEX_POINT('',#6630);
#1940=VERTEX_POINT('',#6634);
#1941=VERTEX_POINT('',#6636);
#1942=VERTEX_POINT('',#6640);
#1943=VERTEX_POINT('',#6642);
#1944=VERTEX_POINT('',#6646);
#1945=VERTEX_POINT('',#6648);
#1946=VERTEX_POINT('',#6652);
#1947=VERTEX_POINT('',#6654);
#1948=VERTEX_POINT('',#6658);
#1949=VERTEX_POINT('',#6660);
#1950=VERTEX_POINT('',#6667);
#1951=VERTEX_POINT('',#6671);
#1952=VERTEX_POINT('',#6677);
#1953=VERTEX_POINT('',#6678);
#1954=VERTEX_POINT('',#6680);
#1955=VERTEX_POINT('',#6682);
#1956=VERTEX_POINT('',#6684);
#1957=VERTEX_POINT('',#6686);
#1958=VERTEX_POINT('',#6688);
#1959=VERTEX_POINT('',#6690);
#1960=VERTEX_POINT('',#6692);
#1961=VERTEX_POINT('',#6694);
#1962=VERTEX_POINT('',#6696);
#1963=VERTEX_POINT('',#6698);
#1964=VERTEX_POINT('',#6700);
#1965=VERTEX_POINT('',#6702);
#1966=VERTEX_POINT('',#6704);
#1967=VERTEX_POINT('',#6706);
#1968=VERTEX_POINT('',#6708);
#1969=VERTEX_POINT('',#6710);
#1970=VERTEX_POINT('',#6712);
#1971=VERTEX_POINT('',#6714);
#1972=VERTEX_POINT('',#6716);
#1973=VERTEX_POINT('',#6718);
#1974=VERTEX_POINT('',#6720);
#1975=VERTEX_POINT('',#6722);
#1976=VERTEX_POINT('',#6724);
#1977=VERTEX_POINT('',#6726);
#1978=VERTEX_POINT('',#6728);
#1979=VERTEX_POINT('',#6730);
#1980=VERTEX_POINT('',#6732);
#1981=VERTEX_POINT('',#6734);
#1982=VERTEX_POINT('',#6736);
#1983=VERTEX_POINT('',#6738);
#1984=VERTEX_POINT('',#6741);
#1985=VERTEX_POINT('',#6744);
#1986=VERTEX_POINT('',#6746);
#1987=VERTEX_POINT('',#6750);
#1988=VERTEX_POINT('',#6754);
#1989=VERTEX_POINT('',#6756);
#1990=VERTEX_POINT('',#6758);
#1991=VERTEX_POINT('',#6762);
#1992=VERTEX_POINT('',#6763);
#1993=VERTEX_POINT('',#6765);
#1994=VERTEX_POINT('',#6768);
#1995=VERTEX_POINT('',#6772);
#1996=VERTEX_POINT('',#6776);
#1997=VERTEX_POINT('',#6780);
#1998=VERTEX_POINT('',#6784);
#1999=VERTEX_POINT('',#6788);
#2000=VERTEX_POINT('',#6792);
#2001=VERTEX_POINT('',#6794);
#2002=VERTEX_POINT('',#6796);
#2003=VERTEX_POINT('',#6800);
#2004=VERTEX_POINT('',#6802);
#2005=VERTEX_POINT('',#6804);
#2006=VERTEX_POINT('',#6806);
#2007=VERTEX_POINT('',#6808);
#2008=VERTEX_POINT('',#6810);
#2009=VERTEX_POINT('',#6812);
#2010=VERTEX_POINT('',#6814);
#2011=VERTEX_POINT('',#6816);
#2012=VERTEX_POINT('',#6818);
#2013=VERTEX_POINT('',#6822);
#2014=VERTEX_POINT('',#6824);
#2015=VERTEX_POINT('',#6826);
#2016=VERTEX_POINT('',#6828);
#2017=VERTEX_POINT('',#6830);
#2018=VERTEX_POINT('',#6832);
#2019=VERTEX_POINT('',#6834);
#2020=VERTEX_POINT('',#6836);
#2021=VERTEX_POINT('',#6840);
#2022=VERTEX_POINT('',#6843);
#2023=VERTEX_POINT('',#6847);
#2024=VERTEX_POINT('',#6851);
#2025=VERTEX_POINT('',#6855);
#2026=VERTEX_POINT('',#6859);
#2027=VERTEX_POINT('',#6863);
#2028=VERTEX_POINT('',#6867);
#2029=VERTEX_POINT('',#6871);
#2030=VERTEX_POINT('',#6875);
#2031=VERTEX_POINT('',#6879);
#2032=VERTEX_POINT('',#6883);
#2033=VERTEX_POINT('',#6885);
#2034=VERTEX_POINT('',#6887);
#2035=VERTEX_POINT('',#6891);
#2036=VERTEX_POINT('',#6892);
#2037=VERTEX_POINT('',#6894);
#2038=VERTEX_POINT('',#6897);
#2039=VERTEX_POINT('',#6901);
#2040=VERTEX_POINT('',#6905);
#2041=VERTEX_POINT('',#6909);
#2042=VERTEX_POINT('',#6913);
#2043=VERTEX_POINT('',#6917);
#2044=VERTEX_POINT('',#6921);
#2045=VERTEX_POINT('',#6923);
#2046=VERTEX_POINT('',#6925);
#2047=VERTEX_POINT('',#6929);
#2048=VERTEX_POINT('',#6931);
#2049=VERTEX_POINT('',#6933);
#2050=VERTEX_POINT('',#6935);
#2051=VERTEX_POINT('',#6937);
#2052=VERTEX_POINT('',#6939);
#2053=VERTEX_POINT('',#6941);
#2054=VERTEX_POINT('',#6943);
#2055=VERTEX_POINT('',#6945);
#2056=VERTEX_POINT('',#6947);
#2057=VERTEX_POINT('',#6951);
#2058=VERTEX_POINT('',#6953);
#2059=VERTEX_POINT('',#6955);
#2060=VERTEX_POINT('',#6957);
#2061=VERTEX_POINT('',#6959);
#2062=VERTEX_POINT('',#6961);
#2063=VERTEX_POINT('',#6963);
#2064=VERTEX_POINT('',#6965);
#2065=VERTEX_POINT('',#6969);
#2066=VERTEX_POINT('',#6972);
#2067=VERTEX_POINT('',#6976);
#2068=VERTEX_POINT('',#6980);
#2069=VERTEX_POINT('',#6984);
#2070=VERTEX_POINT('',#6988);
#2071=VERTEX_POINT('',#6992);
#2072=VERTEX_POINT('',#6996);
#2073=VERTEX_POINT('',#7000);
#2074=VERTEX_POINT('',#7007);
#2075=VERTEX_POINT('',#7009);
#2076=VERTEX_POINT('',#7011);
#2077=VERTEX_POINT('',#7013);
#2078=VERTEX_POINT('',#7015);
#2079=VERTEX_POINT('',#7017);
#2080=VERTEX_POINT('',#7019);
#2081=VERTEX_POINT('',#7021);
#2082=VERTEX_POINT('',#7023);
#2083=VERTEX_POINT('',#7025);
#2084=VERTEX_POINT('',#7028);
#2085=VERTEX_POINT('',#7030);
#2086=VERTEX_POINT('',#7032);
#2087=VERTEX_POINT('',#7034);
#2088=VERTEX_POINT('',#7036);
#2089=VERTEX_POINT('',#7038);
#2090=VERTEX_POINT('',#7076);
#2091=VERTEX_POINT('',#7078);
#2092=VERTEX_POINT('',#7080);
#2093=VERTEX_POINT('',#7082);
#2094=VERTEX_POINT('',#7084);
#2095=VERTEX_POINT('',#7086);
#2096=VERTEX_POINT('',#7089);
#2097=VERTEX_POINT('',#7091);
#2098=VERTEX_POINT('',#7093);
#2099=VERTEX_POINT('',#7095);
#2100=VERTEX_POINT('',#7097);
#2101=VERTEX_POINT('',#7099);
#2102=VERTEX_POINT('',#7101);
#2103=VERTEX_POINT('',#7103);
#2104=VERTEX_POINT('',#7105);
#2105=VERTEX_POINT('',#7107);
#2106=VERTEX_POINT('',#7146);
#2107=VERTEX_POINT('',#7147);
#2108=VERTEX_POINT('',#7149);
#2109=VERTEX_POINT('',#7151);
#2110=VERTEX_POINT('',#7153);
#2111=VERTEX_POINT('',#7155);
#2112=VERTEX_POINT('',#7157);
#2113=VERTEX_POINT('',#7159);
#2114=VERTEX_POINT('',#7163);
#2115=VERTEX_POINT('',#7164);
#2116=VERTEX_POINT('',#7166);
#2117=VERTEX_POINT('',#7168);
#2118=VERTEX_POINT('',#7170);
#2119=VERTEX_POINT('',#7172);
#2120=VERTEX_POINT('',#7174);
#2121=VERTEX_POINT('',#7176);
#2122=VERTEX_POINT('',#7180);
#2123=VERTEX_POINT('',#7188);
#2124=VERTEX_POINT('',#7195);
#2125=VERTEX_POINT('',#7203);
#2126=VERTEX_POINT('',#7205);
#2127=VERTEX_POINT('',#7207);
#2128=VERTEX_POINT('',#7217);
#2129=VERTEX_POINT('',#7224);
#2130=VERTEX_POINT('',#7231);
#2131=VERTEX_POINT('',#7233);
#2132=VERTEX_POINT('',#7235);
#2133=VERTEX_POINT('',#7237);
#2134=VERTEX_POINT('',#7252);
#2135=VERTEX_POINT('',#7254);
#2136=VERTEX_POINT('',#7258);
#2137=VERTEX_POINT('',#7260);
#2138=EDGE_CURVE('',#1724,#1725,#674,.T.);
#2139=EDGE_CURVE('',#1724,#1726,#675,.T.);
#2140=EDGE_CURVE('',#1727,#1726,#676,.T.);
#2141=EDGE_CURVE('',#1727,#1728,#677,.T.);
#2142=EDGE_CURVE('',#1728,#1729,#580,.T.);
#2143=EDGE_CURVE('',#1729,#1730,#678,.T.);
#2144=EDGE_CURVE('',#1731,#1730,#679,.T.);
#2145=EDGE_CURVE('',#1732,#1731,#680,.T.);
#2146=EDGE_CURVE('',#1732,#1733,#681,.T.);
#2147=EDGE_CURVE('',#1733,#1734,#682,.T.);
#2148=EDGE_CURVE('',#1734,#1735,#581,.T.);
#2149=EDGE_CURVE('',#1735,#1736,#683,.T.);
#2150=EDGE_CURVE('',#1737,#1736,#684,.T.);
#2151=EDGE_CURVE('',#1737,#1738,#685,.T.);
#2152=EDGE_CURVE('',#1738,#1739,#582,.T.);
#2153=EDGE_CURVE('',#1739,#1740,#686,.T.);
#2154=EDGE_CURVE('',#1741,#1740,#687,.T.);
#2155=EDGE_CURVE('',#1742,#1741,#688,.T.);
#2156=EDGE_CURVE('',#1742,#1743,#689,.T.);
#2157=EDGE_CURVE('',#1743,#1744,#690,.T.);
#2158=EDGE_CURVE('',#1744,#1745,#583,.T.);
#2159=EDGE_CURVE('',#1745,#1746,#691,.T.);
#2160=EDGE_CURVE('',#1747,#1746,#692,.T.);
#2161=EDGE_CURVE('',#1725,#1747,#693,.T.);
#2162=EDGE_CURVE('',#1748,#1748,#584,.T.);
#2163=EDGE_CURVE('',#1749,#1749,#585,.T.);
#2164=EDGE_CURVE('',#1750,#1750,#586,.T.);
#2165=EDGE_CURVE('',#1726,#1751,#694,.T.);
#2166=EDGE_CURVE('',#1751,#1752,#695,.T.);
#2167=EDGE_CURVE('',#1747,#1752,#696,.T.);
#2168=EDGE_CURVE('',#1746,#1753,#697,.T.);
#2169=EDGE_CURVE('',#1754,#1753,#698,.T.);
#2170=EDGE_CURVE('',#1755,#1754,#699,.T.);
#2171=EDGE_CURVE('',#1756,#1755,#700,.T.);
#2172=EDGE_CURVE('',#1756,#1757,#701,.T.);
#2173=EDGE_CURVE('',#1758,#1757,#702,.T.);
#2174=EDGE_CURVE('',#1758,#1759,#703,.T.);
#2175=EDGE_CURVE('',#1759,#1760,#704,.T.);
#2176=EDGE_CURVE('',#1760,#1761,#705,.T.);
#2177=EDGE_CURVE('',#1761,#1762,#706,.T.);
#2178=EDGE_CURVE('',#1762,#1763,#707,.T.);
#2179=EDGE_CURVE('',#1764,#1763,#708,.T.);
#2180=EDGE_CURVE('',#1764,#1765,#709,.T.);
#2181=EDGE_CURVE('',#1765,#1766,#710,.T.);
#2182=EDGE_CURVE('',#1766,#1767,#711,.T.);
#2183=EDGE_CURVE('',#1767,#1768,#712,.T.);
#2184=EDGE_CURVE('',#1768,#1769,#713,.T.);
#2185=EDGE_CURVE('',#1770,#1769,#714,.T.);
#2186=EDGE_CURVE('',#1771,#1770,#715,.T.);
#2187=EDGE_CURVE('',#1771,#1772,#716,.T.);
#2188=EDGE_CURVE('',#1772,#1773,#717,.T.);
#2189=EDGE_CURVE('',#1774,#1773,#718,.T.);
#2190=EDGE_CURVE('',#1774,#1727,#719,.T.);
#2191=EDGE_CURVE('',#1730,#1775,#720,.T.);
#2192=EDGE_CURVE('',#1776,#1775,#721,.T.);
#2193=EDGE_CURVE('',#1731,#1776,#722,.T.);
#2194=EDGE_CURVE('',#1743,#1777,#723,.T.);
#2195=EDGE_CURVE('',#1742,#1778,#724,.T.);
#2196=EDGE_CURVE('',#1778,#1777,#725,.T.);
#2197=EDGE_CURVE('',#1736,#1779,#726,.T.);
#2198=EDGE_CURVE('',#1780,#1779,#727,.T.);
#2199=EDGE_CURVE('',#1780,#1781,#728,.T.);
#2200=EDGE_CURVE('',#1782,#1781,#729,.T.);
#2201=EDGE_CURVE('',#1782,#1783,#730,.T.);
#2202=EDGE_CURVE('',#1784,#1783,#731,.T.);
#2203=EDGE_CURVE('',#1785,#1784,#732,.T.);
#2204=EDGE_CURVE('',#1786,#1785,#733,.T.);
#2205=EDGE_CURVE('',#1787,#1786,#734,.T.);
#2206=EDGE_CURVE('',#1788,#1787,#735,.T.);
#2207=EDGE_CURVE('',#1789,#1788,#736,.T.);
#2208=EDGE_CURVE('',#1790,#1789,#737,.T.);
#2209=EDGE_CURVE('',#1791,#1790,#738,.T.);
#2210=EDGE_CURVE('',#1792,#1791,#739,.T.);
#2211=EDGE_CURVE('',#1793,#1792,#740,.T.);
#2212=EDGE_CURVE('',#1794,#1793,#741,.T.);
#2213=EDGE_CURVE('',#1795,#1794,#742,.T.);
#2214=EDGE_CURVE('',#1796,#1795,#743,.T.);
#2215=EDGE_CURVE('',#1797,#1796,#744,.T.);
#2216=EDGE_CURVE('',#1797,#1798,#745,.T.);
#2217=EDGE_CURVE('',#1799,#1798,#746,.T.);
#2218=EDGE_CURVE('',#1800,#1799,#747,.T.);
#2219=EDGE_CURVE('',#1800,#1737,#748,.T.);
#2220=EDGE_CURVE('',#1801,#1802,#749,.T.);
#2221=EDGE_CURVE('',#1802,#1733,#750,.T.);
#2222=EDGE_CURVE('',#1801,#1732,#751,.T.);
#2223=EDGE_CURVE('',#1803,#1740,#752,.T.);
#2224=EDGE_CURVE('',#1804,#1803,#753,.T.);
#2225=EDGE_CURVE('',#1804,#1741,#754,.T.);
#2226=EDGE_CURVE('',#1756,#1778,#587,.T.);
#2227=EDGE_CURVE('',#1804,#1797,#588,.T.);
#2228=EDGE_CURVE('',#1805,#1796,#755,.T.);
#2229=EDGE_CURVE('',#1806,#1805,#756,.T.);
#2230=EDGE_CURVE('',#1807,#1806,#757,.T.);
#2231=EDGE_CURVE('',#1808,#1807,#758,.T.);
#2232=EDGE_CURVE('',#1809,#1808,#759,.T.);
#2233=EDGE_CURVE('',#1810,#1809,#760,.T.);
#2234=EDGE_CURVE('',#1811,#1810,#761,.T.);
#2235=EDGE_CURVE('',#1811,#1812,#762,.T.);
#2236=EDGE_CURVE('',#1757,#1812,#763,.T.);
#2237=EDGE_CURVE('',#1771,#1776,#589,.F.);
#2238=EDGE_CURVE('',#1813,#1770,#764,.T.);
#2239=EDGE_CURVE('',#1814,#1813,#765,.T.);
#2240=EDGE_CURVE('',#1814,#1815,#766,.T.);
#2241=EDGE_CURVE('',#1815,#1816,#767,.T.);
#2242=EDGE_CURVE('',#1816,#1817,#768,.T.);
#2243=EDGE_CURVE('',#1817,#1818,#769,.T.);
#2244=EDGE_CURVE('',#1818,#1819,#770,.T.);
#2245=EDGE_CURVE('',#1819,#1820,#771,.T.);
#2246=EDGE_CURVE('',#1783,#1820,#772,.T.);
#2247=EDGE_CURVE('',#1801,#1782,#590,.F.);
#2248=EDGE_CURVE('',#1819,#1821,#773,.T.);
#2249=EDGE_CURVE('',#1821,#1822,#774,.T.);
#2250=EDGE_CURVE('',#1820,#1822,#775,.T.);
#2251=EDGE_CURVE('',#1823,#1824,#776,.T.);
#2252=EDGE_CURVE('',#1824,#1825,#777,.T.);
#2253=EDGE_CURVE('',#1825,#1826,#778,.T.);
#2254=EDGE_CURVE('',#1822,#1826,#779,.T.);
#2255=EDGE_CURVE('',#1821,#1827,#780,.T.);
#2256=EDGE_CURVE('',#1827,#1828,#781,.T.);
#2257=EDGE_CURVE('',#1828,#1823,#782,.T.);
#2258=EDGE_CURVE('',#1825,#1814,#783,.T.);
#2259=EDGE_CURVE('',#1826,#1813,#784,.T.);
#2260=EDGE_CURVE('',#1784,#1829,#785,.T.);
#2261=EDGE_CURVE('',#1769,#1830,#786,.T.);
#2262=EDGE_CURVE('',#1830,#1831,#787,.T.);
#2263=EDGE_CURVE('',#1831,#1764,#788,.T.);
#2264=EDGE_CURVE('',#1763,#1832,#789,.T.);
#2265=EDGE_CURVE('',#1832,#1833,#790,.T.);
#2266=EDGE_CURVE('',#1833,#1758,#791,.T.);
#2267=EDGE_CURVE('',#1812,#1834,#792,.T.);
#2268=EDGE_CURVE('',#1834,#1835,#793,.T.);
#2269=EDGE_CURVE('',#1835,#1805,#794,.T.);
#2270=EDGE_CURVE('',#1836,#1795,#795,.T.);
#2271=EDGE_CURVE('',#1837,#1836,#796,.T.);
#2272=EDGE_CURVE('',#1790,#1837,#797,.T.);
#2273=EDGE_CURVE('',#1838,#1789,#798,.T.);
#2274=EDGE_CURVE('',#1829,#1838,#799,.T.);
#2275=EDGE_CURVE('',#1839,#1811,#800,.T.);
#2276=EDGE_CURVE('',#1839,#1834,#801,.T.);
#2277=EDGE_CURVE('',#1840,#1839,#802,.T.);
#2278=EDGE_CURVE('',#1841,#1840,#803,.T.);
#2279=EDGE_CURVE('',#1842,#1841,#804,.T.);
#2280=EDGE_CURVE('',#1843,#1842,#805,.T.);
#2281=EDGE_CURVE('',#1844,#1843,#806,.T.);
#2282=EDGE_CURVE('',#1844,#1835,#807,.T.);
#2283=EDGE_CURVE('',#1806,#1844,#808,.T.);
#2284=EDGE_CURVE('',#1832,#1845,#809,.T.);
#2285=EDGE_CURVE('',#1845,#1846,#810,.T.);
#2286=EDGE_CURVE('',#1846,#1847,#811,.T.);
#2287=EDGE_CURVE('',#1847,#1848,#812,.T.);
#2288=EDGE_CURVE('',#1848,#1833,#813,.T.);
#2289=EDGE_CURVE('',#1759,#1848,#814,.T.);
#2290=EDGE_CURVE('',#1762,#1845,#815,.T.);
#2291=EDGE_CURVE('',#1760,#1847,#816,.T.);
#2292=EDGE_CURVE('',#1761,#1846,#817,.T.);
#2293=EDGE_CURVE('',#1830,#1849,#818,.T.);
#2294=EDGE_CURVE('',#1849,#1850,#819,.T.);
#2295=EDGE_CURVE('',#1850,#1851,#820,.T.);
#2296=EDGE_CURVE('',#1851,#1852,#821,.T.);
#2297=EDGE_CURVE('',#1852,#1831,#822,.T.);
#2298=EDGE_CURVE('',#1768,#1849,#823,.T.);
#2299=EDGE_CURVE('',#1767,#1850,#824,.T.);
#2300=EDGE_CURVE('',#1766,#1851,#825,.T.);
#2301=EDGE_CURVE('',#1765,#1852,#826,.T.);
#2302=EDGE_CURVE('',#1794,#1853,#827,.T.);
#2303=EDGE_CURVE('',#1853,#1836,#828,.T.);
#2304=EDGE_CURVE('',#1793,#1854,#829,.T.);
#2305=EDGE_CURVE('',#1854,#1853,#830,.T.);
#2306=EDGE_CURVE('',#1792,#1855,#831,.T.);
#2307=EDGE_CURVE('',#1855,#1854,#832,.T.);
#2308=EDGE_CURVE('',#1791,#1856,#833,.T.);
#2309=EDGE_CURVE('',#1856,#1855,#834,.T.);
#2310=EDGE_CURVE('',#1837,#1856,#835,.T.);
#2311=EDGE_CURVE('',#1857,#1838,#836,.T.);
#2312=EDGE_CURVE('',#1858,#1857,#837,.T.);
#2313=EDGE_CURVE('',#1859,#1858,#838,.T.);
#2314=EDGE_CURVE('',#1860,#1859,#839,.T.);
#2315=EDGE_CURVE('',#1829,#1860,#840,.T.);
#2316=EDGE_CURVE('',#1785,#1860,#841,.T.);
#2317=EDGE_CURVE('',#1786,#1859,#842,.T.);
#2318=EDGE_CURVE('',#1787,#1858,#843,.T.);
#2319=EDGE_CURVE('',#1788,#1857,#844,.T.);
#2320=EDGE_CURVE('',#1824,#1815,#845,.T.);
#2321=EDGE_CURVE('',#1823,#1816,#846,.T.);
#2322=EDGE_CURVE('',#1828,#1817,#847,.T.);
#2323=EDGE_CURVE('',#1827,#1818,#848,.T.);
#2324=EDGE_CURVE('',#1840,#1810,#849,.T.);
#2325=EDGE_CURVE('',#1841,#1809,#850,.T.);
#2326=EDGE_CURVE('',#1842,#1808,#851,.T.);
#2327=EDGE_CURVE('',#1843,#1807,#852,.T.);
#2328=EDGE_CURVE('',#1781,#1861,#591,.T.);
#2329=EDGE_CURVE('',#1802,#1861,#853,.T.);
#2330=EDGE_CURVE('',#1861,#1780,#854,.T.);
#2331=EDGE_CURVE('',#1773,#1862,#855,.T.);
#2332=EDGE_CURVE('',#1862,#1772,#592,.T.);
#2333=EDGE_CURVE('',#1862,#1775,#856,.T.);
#2334=EDGE_CURVE('',#1803,#1863,#857,.T.);
#2335=EDGE_CURVE('',#1798,#1863,#593,.T.);
#2336=EDGE_CURVE('',#1863,#1799,#858,.T.);
#2337=EDGE_CURVE('',#1754,#1864,#859,.T.);
#2338=EDGE_CURVE('',#1864,#1755,#594,.T.);
#2339=EDGE_CURVE('',#1777,#1864,#860,.T.);
#2340=EDGE_CURVE('',#1865,#1803,#861,.T.);
#2341=EDGE_CURVE('',#1866,#1865,#595,.T.);
#2342=EDGE_CURVE('',#1800,#1866,#862,.T.);
#2343=EDGE_CURVE('',#1865,#1739,#863,.T.);
#2344=EDGE_CURVE('',#1866,#1738,#864,.T.);
#2345=EDGE_CURVE('',#1867,#1779,#865,.T.);
#2346=EDGE_CURVE('',#1868,#1867,#596,.T.);
#2347=EDGE_CURVE('',#1802,#1868,#866,.T.);
#2348=EDGE_CURVE('',#1868,#1734,#867,.T.);
#2349=EDGE_CURVE('',#1867,#1735,#868,.T.);
#2350=EDGE_CURVE('',#1869,#1753,#869,.T.);
#2351=EDGE_CURVE('',#1870,#1869,#597,.T.);
#2352=EDGE_CURVE('',#1777,#1870,#870,.T.);
#2353=EDGE_CURVE('',#1870,#1744,#871,.T.);
#2354=EDGE_CURVE('',#1869,#1745,#872,.T.);
#2355=EDGE_CURVE('',#1871,#1775,#873,.T.);
#2356=EDGE_CURVE('',#1872,#1871,#598,.T.);
#2357=EDGE_CURVE('',#1774,#1872,#874,.T.);
#2358=EDGE_CURVE('',#1872,#1728,#875,.T.);
#2359=EDGE_CURVE('',#1871,#1729,#876,.T.);
#2360=EDGE_CURVE('',#1873,#1873,#599,.T.);
#2361=EDGE_CURVE('',#1873,#1874,#877,.T.);
#2362=EDGE_CURVE('',#1874,#1874,#600,.T.);
#2363=EDGE_CURVE('',#1875,#1875,#601,.T.);
#2364=EDGE_CURVE('',#1875,#1750,#878,.T.);
#2365=EDGE_CURVE('',#1876,#1876,#602,.T.);
#2366=EDGE_CURVE('',#1876,#1749,#879,.T.);
#2367=EDGE_CURVE('',#1877,#1877,#603,.T.);
#2368=EDGE_CURVE('',#1877,#1748,#880,.T.);
#2369=EDGE_CURVE('',#1752,#1725,#881,.T.);
#2370=EDGE_CURVE('',#1751,#1724,#882,.T.);
#2371=EDGE_CURVE('',#1878,#1879,#883,.T.);
#2372=EDGE_CURVE('',#1880,#1879,#884,.T.);
#2373=EDGE_CURVE('',#1881,#1880,#885,.T.);
#2374=EDGE_CURVE('',#1881,#1878,#886,.T.);
#2375=EDGE_CURVE('',#1879,#1882,#604,.T.);
#2376=EDGE_CURVE('',#1883,#1882,#887,.T.);
#2377=EDGE_CURVE('',#1880,#1883,#605,.T.);
#2378=EDGE_CURVE('',#1882,#1884,#888,.T.);
#2379=EDGE_CURVE('',#1885,#1884,#889,.T.);
#2380=EDGE_CURVE('',#1883,#1885,#890,.T.);
#2381=EDGE_CURVE('',#1886,#1884,#606,.T.);
#2382=EDGE_CURVE('',#1887,#1886,#891,.T.);
#2383=EDGE_CURVE('',#1887,#1885,#607,.T.);
#2384=EDGE_CURVE('',#1886,#1888,#892,.T.);
#2385=EDGE_CURVE('',#1889,#1888,#893,.T.);
#2386=EDGE_CURVE('',#1887,#1889,#894,.T.);
#2387=EDGE_CURVE('',#1888,#1890,#608,.T.);
#2388=EDGE_CURVE('',#1891,#1890,#895,.T.);
#2389=EDGE_CURVE('',#1889,#1891,#609,.T.);
#2390=EDGE_CURVE('',#1890,#1892,#896,.T.);
#2391=EDGE_CURVE('',#1893,#1892,#897,.T.);
#2392=EDGE_CURVE('',#1891,#1893,#898,.T.);
#2393=EDGE_CURVE('',#1892,#1894,#899,.T.);
#2394=EDGE_CURVE('',#1895,#1894,#900,.T.);
#2395=EDGE_CURVE('',#1893,#1895,#901,.T.);
#2396=EDGE_CURVE('',#1894,#1896,#610,.T.);
#2397=EDGE_CURVE('',#1897,#1896,#902,.T.);
#2398=EDGE_CURVE('',#1895,#1897,#611,.T.);
#2399=EDGE_CURVE('',#1896,#1898,#903,.T.);
#2400=EDGE_CURVE('',#1899,#1898,#904,.T.);
#2401=EDGE_CURVE('',#1897,#1899,#905,.T.);
#2402=EDGE_CURVE('',#1898,#1900,#612,.T.);
#2403=EDGE_CURVE('',#1901,#1900,#906,.T.);
#2404=EDGE_CURVE('',#1899,#1901,#613,.T.);
#2405=EDGE_CURVE('',#1900,#1902,#907,.T.);
#2406=EDGE_CURVE('',#1903,#1902,#908,.T.);
#2407=EDGE_CURVE('',#1901,#1903,#909,.T.);
#2408=EDGE_CURVE('',#1902,#1904,#910,.T.);
#2409=EDGE_CURVE('',#1905,#1904,#911,.T.);
#2410=EDGE_CURVE('',#1903,#1905,#912,.T.);
#2411=EDGE_CURVE('',#1904,#1906,#614,.T.);
#2412=EDGE_CURVE('',#1907,#1906,#913,.T.);
#2413=EDGE_CURVE('',#1905,#1907,#615,.T.);
#2414=EDGE_CURVE('',#1906,#1908,#914,.T.);
#2415=EDGE_CURVE('',#1909,#1908,#915,.T.);
#2416=EDGE_CURVE('',#1907,#1909,#916,.T.);
#2417=EDGE_CURVE('',#1910,#1908,#616,.T.);
#2418=EDGE_CURVE('',#1911,#1910,#917,.T.);
#2419=EDGE_CURVE('',#1911,#1909,#617,.T.);
#2420=EDGE_CURVE('',#1910,#1912,#918,.T.);
#2421=EDGE_CURVE('',#1913,#1912,#919,.T.);
#2422=EDGE_CURVE('',#1911,#1913,#920,.T.);
#2423=EDGE_CURVE('',#1912,#1914,#618,.T.);
#2424=EDGE_CURVE('',#1915,#1914,#921,.T.);
#2425=EDGE_CURVE('',#1913,#1915,#619,.T.);
#2426=EDGE_CURVE('',#1914,#1916,#922,.T.);
#2427=EDGE_CURVE('',#1917,#1916,#923,.T.);
#2428=EDGE_CURVE('',#1915,#1917,#924,.T.);
#2429=EDGE_CURVE('',#1916,#1918,#620,.T.);
#2430=EDGE_CURVE('',#1919,#1918,#925,.T.);
#2431=EDGE_CURVE('',#1917,#1919,#621,.T.);
#2432=EDGE_CURVE('',#1918,#1920,#926,.T.);
#2433=EDGE_CURVE('',#1921,#1920,#927,.T.);
#2434=EDGE_CURVE('',#1919,#1921,#928,.T.);
#2435=EDGE_CURVE('',#1922,#1920,#622,.T.);
#2436=EDGE_CURVE('',#1923,#1922,#929,.T.);
#2437=EDGE_CURVE('',#1923,#1921,#623,.T.);
#2438=EDGE_CURVE('',#1922,#1924,#930,.T.);
#2439=EDGE_CURVE('',#1925,#1924,#931,.T.);
#2440=EDGE_CURVE('',#1923,#1925,#932,.T.);
#2441=EDGE_CURVE('',#1924,#1926,#624,.T.);
#2442=EDGE_CURVE('',#1927,#1926,#933,.T.);
#2443=EDGE_CURVE('',#1925,#1927,#625,.T.);
#2444=EDGE_CURVE('',#1926,#1928,#934,.T.);
#2445=EDGE_CURVE('',#1929,#1928,#935,.T.);
#2446=EDGE_CURVE('',#1927,#1929,#936,.T.);
#2447=EDGE_CURVE('',#1928,#1930,#937,.T.);
#2448=EDGE_CURVE('',#1931,#1930,#938,.T.);
#2449=EDGE_CURVE('',#1929,#1931,#939,.T.);
#2450=EDGE_CURVE('',#1930,#1932,#626,.T.);
#2451=EDGE_CURVE('',#1933,#1932,#940,.T.);
#2452=EDGE_CURVE('',#1931,#1933,#627,.T.);
#2453=EDGE_CURVE('',#1932,#1934,#941,.T.);
#2454=EDGE_CURVE('',#1935,#1934,#942,.T.);
#2455=EDGE_CURVE('',#1933,#1935,#943,.T.);
#2456=EDGE_CURVE('',#1934,#1936,#628,.T.);
#2457=EDGE_CURVE('',#1937,#1936,#944,.T.);
#2458=EDGE_CURVE('',#1935,#1937,#629,.T.);
#2459=EDGE_CURVE('',#1936,#1938,#945,.T.);
#2460=EDGE_CURVE('',#1939,#1938,#946,.T.);
#2461=EDGE_CURVE('',#1937,#1939,#947,.T.);
#2462=EDGE_CURVE('',#1938,#1940,#948,.T.);
#2463=EDGE_CURVE('',#1941,#1940,#949,.T.);
#2464=EDGE_CURVE('',#1939,#1941,#950,.T.);
#2465=EDGE_CURVE('',#1940,#1942,#630,.T.);
#2466=EDGE_CURVE('',#1943,#1942,#951,.T.);
#2467=EDGE_CURVE('',#1941,#1943,#631,.T.);
#2468=EDGE_CURVE('',#1942,#1944,#952,.T.);
#2469=EDGE_CURVE('',#1945,#1944,#953,.T.);
#2470=EDGE_CURVE('',#1943,#1945,#954,.T.);
#2471=EDGE_CURVE('',#1946,#1944,#632,.T.);
#2472=EDGE_CURVE('',#1947,#1946,#955,.T.);
#2473=EDGE_CURVE('',#1947,#1945,#633,.T.);
#2474=EDGE_CURVE('',#1946,#1948,#956,.T.);
#2475=EDGE_CURVE('',#1949,#1948,#957,.T.);
#2476=EDGE_CURVE('',#1947,#1949,#958,.T.);
#2477=EDGE_CURVE('',#1948,#1878,#634,.T.);
#2478=EDGE_CURVE('',#1949,#1881,#635,.T.);
#2479=EDGE_CURVE('',#1950,#1950,#636,.T.);
#2480=EDGE_CURVE('',#1951,#1951,#637,.T.);
#2481=EDGE_CURVE('',#1950,#1951,#959,.T.);
#2482=EDGE_CURVE('',#1952,#1953,#960,.T.);
#2483=EDGE_CURVE('',#1952,#1954,#961,.T.);
#2484=EDGE_CURVE('',#1955,#1954,#962,.T.);
#2485=EDGE_CURVE('',#1956,#1955,#963,.T.);
#2486=EDGE_CURVE('',#1957,#1956,#964,.T.);
#2487=EDGE_CURVE('',#1958,#1957,#965,.T.);
#2488=EDGE_CURVE('',#1959,#1958,#966,.T.);
#2489=EDGE_CURVE('',#1959,#1960,#967,.T.);
#2490=EDGE_CURVE('',#1961,#1960,#968,.T.);
#2491=EDGE_CURVE('',#1962,#1961,#969,.T.);
#2492=EDGE_CURVE('',#1963,#1962,#970,.T.);
#2493=EDGE_CURVE('',#1964,#1963,#971,.T.);
#2494=EDGE_CURVE('',#1965,#1964,#972,.T.);
#2495=EDGE_CURVE('',#1966,#1965,#973,.T.);
#2496=EDGE_CURVE('',#1967,#1966,#974,.T.);
#2497=EDGE_CURVE('',#1968,#1967,#975,.T.);
#2498=EDGE_CURVE('',#1969,#1968,#976,.T.);
#2499=EDGE_CURVE('',#1970,#1969,#977,.T.);
#2500=EDGE_CURVE('',#1971,#1970,#978,.T.);
#2501=EDGE_CURVE('',#1972,#1971,#979,.T.);
#2502=EDGE_CURVE('',#1973,#1972,#980,.T.);
#2503=EDGE_CURVE('',#1974,#1973,#981,.T.);
#2504=EDGE_CURVE('',#1975,#1974,#982,.T.);
#2505=EDGE_CURVE('',#1976,#1975,#983,.T.);
#2506=EDGE_CURVE('',#1977,#1976,#984,.T.);
#2507=EDGE_CURVE('',#1978,#1977,#985,.T.);
#2508=EDGE_CURVE('',#1979,#1978,#986,.T.);
#2509=EDGE_CURVE('',#1980,#1979,#987,.T.);
#2510=EDGE_CURVE('',#1981,#1980,#988,.T.);
#2511=EDGE_CURVE('',#1982,#1981,#989,.T.);
#2512=EDGE_CURVE('',#1983,#1982,#990,.T.);
#2513=EDGE_CURVE('',#1953,#1983,#991,.T.);
#2514=EDGE_CURVE('',#1984,#1984,#638,.T.);
#2515=EDGE_CURVE('',#1985,#1977,#992,.T.);
#2516=EDGE_CURVE('',#1986,#1985,#993,.T.);
#2517=EDGE_CURVE('',#1986,#1978,#994,.T.);
#2518=EDGE_CURVE('',#1987,#1976,#995,.T.);
#2519=EDGE_CURVE('',#1985,#1987,#996,.T.);
#2520=EDGE_CURVE('',#1976,#1988,#997,.T.);
#2521=EDGE_CURVE('',#1988,#1989,#998,.T.);
#2522=EDGE_CURVE('',#1990,#1989,#999,.T.);
#2523=EDGE_CURVE('',#1987,#1990,#1000,.T.);
#2524=EDGE_CURVE('',#1991,#1992,#1001,.T.);
#2525=EDGE_CURVE('',#1993,#1992,#1002,.T.);
#2526=EDGE_CURVE('',#1993,#1975,#1003,.T.);
#2527=EDGE_CURVE('',#1994,#1975,#1004,.T.);
#2528=EDGE_CURVE('',#1991,#1994,#1005,.T.);
#2529=EDGE_CURVE('',#1995,#1974,#1006,.T.);
#2530=EDGE_CURVE('',#1994,#1995,#1007,.T.);
#2531=EDGE_CURVE('',#1996,#1973,#1008,.T.);
#2532=EDGE_CURVE('',#1995,#1996,#1009,.T.);
#2533=EDGE_CURVE('',#1997,#1972,#1010,.T.);
#2534=EDGE_CURVE('',#1996,#1997,#1011,.T.);
#2535=EDGE_CURVE('',#1998,#1971,#1012,.T.);
#2536=EDGE_CURVE('',#1997,#1998,#1013,.T.);
#2537=EDGE_CURVE('',#1999,#1970,#1014,.T.);
#2538=EDGE_CURVE('',#1998,#1999,#1015,.T.);
#2539=EDGE_CURVE('',#1970,#2000,#1016,.T.);
#2540=EDGE_CURVE('',#2000,#2001,#1017,.T.);
#2541=EDGE_CURVE('',#2002,#2001,#1018,.T.);
#2542=EDGE_CURVE('',#1999,#2002,#1019,.T.);
#2543=EDGE_CURVE('',#2001,#2003,#1020,.T.);
#2544=EDGE_CURVE('',#2003,#2004,#1021,.T.);
#2545=EDGE_CURVE('',#2004,#2005,#1022,.T.);
#2546=EDGE_CURVE('',#2006,#2005,#639,.T.);
#2547=EDGE_CURVE('',#2006,#2007,#1023,.T.);
#2548=EDGE_CURVE('',#2007,#2008,#640,.T.);
#2549=EDGE_CURVE('',#2008,#2009,#1024,.T.);
#2550=EDGE_CURVE('',#2010,#2009,#641,.T.);
#2551=EDGE_CURVE('',#2010,#2011,#1025,.T.);
#2552=EDGE_CURVE('',#2011,#2012,#1026,.T.);
#2553=EDGE_CURVE('',#2012,#1992,#1027,.T.);
#2554=EDGE_CURVE('',#1990,#1991,#1028,.T.);
#2555=EDGE_CURVE('',#1989,#2013,#1029,.T.);
#2556=EDGE_CURVE('',#2013,#2014,#642,.T.);
#2557=EDGE_CURVE('',#2014,#2015,#1030,.T.);
#2558=EDGE_CURVE('',#2016,#2015,#643,.T.);
#2559=EDGE_CURVE('',#2016,#2017,#1031,.T.);
#2560=EDGE_CURVE('',#2017,#2018,#644,.T.);
#2561=EDGE_CURVE('',#2018,#2019,#1032,.T.);
#2562=EDGE_CURVE('',#2020,#2019,#1033,.T.);
#2563=EDGE_CURVE('',#2002,#2020,#1034,.T.);
#2564=EDGE_CURVE('',#2021,#2019,#1035,.T.);
#2565=EDGE_CURVE('',#2021,#1969,#1036,.T.);
#2566=EDGE_CURVE('',#2022,#1969,#1037,.T.);
#2567=EDGE_CURVE('',#2020,#2022,#1038,.T.);
#2568=EDGE_CURVE('',#2023,#1968,#1039,.T.);
#2569=EDGE_CURVE('',#2022,#2023,#1040,.T.);
#2570=EDGE_CURVE('',#2024,#1967,#1041,.T.);
#2571=EDGE_CURVE('',#2023,#2024,#1042,.T.);
#2572=EDGE_CURVE('',#2025,#1966,#1043,.T.);
#2573=EDGE_CURVE('',#2024,#2025,#1044,.T.);
#2574=EDGE_CURVE('',#2026,#1965,#1045,.T.);
#2575=EDGE_CURVE('',#2025,#2026,#1046,.T.);
#2576=EDGE_CURVE('',#2027,#1964,#1047,.T.);
#2577=EDGE_CURVE('',#2026,#2027,#1048,.T.);
#2578=EDGE_CURVE('',#2028,#1963,#1049,.T.);
#2579=EDGE_CURVE('',#2027,#2028,#1050,.T.);
#2580=EDGE_CURVE('',#2029,#1962,#1051,.T.);
#2581=EDGE_CURVE('',#2028,#2029,#1052,.T.);
#2582=EDGE_CURVE('',#2030,#1961,#1053,.T.);
#2583=EDGE_CURVE('',#2029,#2030,#1054,.T.);
#2584=EDGE_CURVE('',#2031,#1960,#1055,.T.);
#2585=EDGE_CURVE('',#2030,#2031,#1056,.T.);
#2586=EDGE_CURVE('',#2032,#1960,#1057,.T.);
#2587=EDGE_CURVE('',#2032,#2033,#1058,.T.);
#2588=EDGE_CURVE('',#2034,#2033,#1059,.T.);
#2589=EDGE_CURVE('',#2031,#2034,#1060,.T.);
#2590=EDGE_CURVE('',#2035,#2036,#1061,.T.);
#2591=EDGE_CURVE('',#2037,#2036,#1062,.T.);
#2592=EDGE_CURVE('',#1959,#2037,#1063,.T.);
#2593=EDGE_CURVE('',#2038,#1959,#1064,.T.);
#2594=EDGE_CURVE('',#2035,#2038,#1065,.T.);
#2595=EDGE_CURVE('',#2039,#1958,#1066,.T.);
#2596=EDGE_CURVE('',#2038,#2039,#1067,.T.);
#2597=EDGE_CURVE('',#2040,#1957,#1068,.T.);
#2598=EDGE_CURVE('',#2039,#2040,#1069,.T.);
#2599=EDGE_CURVE('',#2041,#1956,#1070,.T.);
#2600=EDGE_CURVE('',#2040,#2041,#1071,.T.);
#2601=EDGE_CURVE('',#2042,#1955,#1072,.T.);
#2602=EDGE_CURVE('',#2041,#2042,#1073,.T.);
#2603=EDGE_CURVE('',#2043,#1954,#1074,.T.);
#2604=EDGE_CURVE('',#2042,#2043,#1075,.T.);
#2605=EDGE_CURVE('',#2044,#1954,#1076,.T.);
#2606=EDGE_CURVE('',#2044,#2045,#1077,.T.);
#2607=EDGE_CURVE('',#2046,#2045,#1078,.T.);
#2608=EDGE_CURVE('',#2043,#2046,#1079,.T.);
#2609=EDGE_CURVE('',#2047,#2045,#1080,.T.);
#2610=EDGE_CURVE('',#2048,#2047,#1081,.T.);
#2611=EDGE_CURVE('',#2049,#2048,#1082,.T.);
#2612=EDGE_CURVE('',#2049,#2050,#645,.T.);
#2613=EDGE_CURVE('',#2051,#2050,#1083,.T.);
#2614=EDGE_CURVE('',#2052,#2051,#646,.T.);
#2615=EDGE_CURVE('',#2053,#2052,#1084,.T.);
#2616=EDGE_CURVE('',#2053,#2054,#647,.T.);
#2617=EDGE_CURVE('',#2055,#2054,#1085,.T.);
#2618=EDGE_CURVE('',#2056,#2055,#1086,.T.);
#2619=EDGE_CURVE('',#2036,#2056,#1087,.T.);
#2620=EDGE_CURVE('',#2034,#2035,#1088,.T.);
#2621=EDGE_CURVE('',#2057,#2033,#1089,.T.);
#2622=EDGE_CURVE('',#2058,#2057,#648,.T.);
#2623=EDGE_CURVE('',#2059,#2058,#1090,.T.);
#2624=EDGE_CURVE('',#2059,#2060,#649,.T.);
#2625=EDGE_CURVE('',#2061,#2060,#1091,.T.);
#2626=EDGE_CURVE('',#2062,#2061,#650,.T.);
#2627=EDGE_CURVE('',#2063,#2062,#1092,.T.);
#2628=EDGE_CURVE('',#2064,#2063,#1093,.T.);
#2629=EDGE_CURVE('',#2046,#2064,#1094,.T.);
#2630=EDGE_CURVE('',#2065,#2063,#1095,.T.);
#2631=EDGE_CURVE('',#1952,#2065,#1096,.T.);
#2632=EDGE_CURVE('',#2066,#1952,#1097,.T.);
#2633=EDGE_CURVE('',#2064,#2066,#1098,.T.);
#2634=EDGE_CURVE('',#2067,#1953,#1099,.T.);
#2635=EDGE_CURVE('',#2066,#2067,#1100,.T.);
#2636=EDGE_CURVE('',#2068,#1983,#1101,.T.);
#2637=EDGE_CURVE('',#2067,#2068,#1102,.T.);
#2638=EDGE_CURVE('',#2069,#1982,#1103,.T.);
#2639=EDGE_CURVE('',#2068,#2069,#1104,.T.);
#2640=EDGE_CURVE('',#2070,#1981,#1105,.T.);
#2641=EDGE_CURVE('',#2069,#2070,#1106,.T.);
#2642=EDGE_CURVE('',#2071,#1980,#1107,.T.);
#2643=EDGE_CURVE('',#2070,#2071,#1108,.T.);
#2644=EDGE_CURVE('',#2072,#1979,#1109,.T.);
#2645=EDGE_CURVE('',#2071,#2072,#1110,.T.);
#2646=EDGE_CURVE('',#2073,#2073,#651,.T.);
#2647=EDGE_CURVE('',#2073,#1984,#1111,.T.);
#2648=EDGE_CURVE('',#2072,#1986,#1112,.T.);
#2649=EDGE_CURVE('',#2074,#1993,#1113,.T.);
#2650=EDGE_CURVE('',#2075,#2074,#1114,.T.);
#2651=EDGE_CURVE('',#2076,#2075,#1115,.T.);
#2652=EDGE_CURVE('',#2076,#2077,#652,.T.);
#2653=EDGE_CURVE('',#2078,#2077,#1116,.T.);
#2654=EDGE_CURVE('',#2079,#2078,#653,.T.);
#2655=EDGE_CURVE('',#2080,#2079,#1117,.T.);
#2656=EDGE_CURVE('',#2080,#2081,#654,.T.);
#2657=EDGE_CURVE('',#2082,#2081,#1118,.T.);
#2658=EDGE_CURVE('',#2083,#2082,#1119,.T.);
#2659=EDGE_CURVE('',#2000,#2083,#1120,.T.);
#2660=EDGE_CURVE('',#2084,#2021,#1121,.T.);
#2661=EDGE_CURVE('',#2085,#2084,#655,.T.);
#2662=EDGE_CURVE('',#2086,#2085,#1122,.T.);
#2663=EDGE_CURVE('',#2086,#2087,#656,.T.);
#2664=EDGE_CURVE('',#2088,#2087,#1123,.T.);
#2665=EDGE_CURVE('',#2089,#2088,#657,.T.);
#2666=EDGE_CURVE('',#1988,#2089,#1124,.T.);
#2667=EDGE_CURVE('',#2089,#2013,#1125,.T.);
#2668=EDGE_CURVE('',#2088,#2014,#1126,.T.);
#2669=EDGE_CURVE('',#2087,#2015,#1127,.T.);
#2670=EDGE_CURVE('',#2086,#2016,#1128,.T.);
#2671=EDGE_CURVE('',#2085,#2017,#1129,.T.);
#2672=EDGE_CURVE('',#2084,#2018,#1130,.T.);
#2673=EDGE_CURVE('',#2083,#2003,#1131,.T.);
#2674=EDGE_CURVE('',#2082,#2004,#1132,.T.);
#2675=EDGE_CURVE('',#2081,#2005,#1133,.T.);
#2676=EDGE_CURVE('',#2080,#2006,#1134,.T.);
#2677=EDGE_CURVE('',#2079,#2007,#1135,.T.);
#2678=EDGE_CURVE('',#2078,#2008,#1136,.T.);
#2679=EDGE_CURVE('',#2077,#2009,#1137,.T.);
#2680=EDGE_CURVE('',#2076,#2010,#1138,.T.);
#2681=EDGE_CURVE('',#2075,#2011,#1139,.T.);
#2682=EDGE_CURVE('',#2074,#2012,#1140,.T.);
#2683=EDGE_CURVE('',#2065,#2090,#1141,.T.);
#2684=EDGE_CURVE('',#2090,#2091,#658,.T.);
#2685=EDGE_CURVE('',#2091,#2092,#1142,.T.);
#2686=EDGE_CURVE('',#2093,#2092,#659,.T.);
#2687=EDGE_CURVE('',#2093,#2094,#1143,.T.);
#2688=EDGE_CURVE('',#2094,#2095,#660,.T.);
#2689=EDGE_CURVE('',#2095,#2032,#1144,.T.);
#2690=EDGE_CURVE('',#2037,#2096,#1145,.T.);
#2691=EDGE_CURVE('',#2096,#2097,#1146,.T.);
#2692=EDGE_CURVE('',#2097,#2098,#1147,.T.);
#2693=EDGE_CURVE('',#2099,#2098,#661,.T.);
#2694=EDGE_CURVE('',#2099,#2100,#1148,.T.);
#2695=EDGE_CURVE('',#2100,#2101,#662,.T.);
#2696=EDGE_CURVE('',#2101,#2102,#1149,.T.);
#2697=EDGE_CURVE('',#2103,#2102,#663,.T.);
#2698=EDGE_CURVE('',#2103,#2104,#1150,.T.);
#2699=EDGE_CURVE('',#2104,#2105,#1151,.T.);
#2700=EDGE_CURVE('',#2105,#2044,#1152,.T.);
#2701=EDGE_CURVE('',#2090,#2062,#1153,.T.);
#2702=EDGE_CURVE('',#2091,#2061,#1154,.T.);
#2703=EDGE_CURVE('',#2092,#2060,#1155,.T.);
#2704=EDGE_CURVE('',#2093,#2059,#1156,.T.);
#2705=EDGE_CURVE('',#2094,#2058,#1157,.T.);
#2706=EDGE_CURVE('',#2095,#2057,#1158,.T.);
#2707=EDGE_CURVE('',#2096,#2056,#1159,.T.);
#2708=EDGE_CURVE('',#2097,#2055,#1160,.T.);
#2709=EDGE_CURVE('',#2098,#2054,#1161,.T.);
#2710=EDGE_CURVE('',#2099,#2053,#1162,.T.);
#2711=EDGE_CURVE('',#2100,#2052,#1163,.T.);
#2712=EDGE_CURVE('',#2101,#2051,#1164,.T.);
#2713=EDGE_CURVE('',#2102,#2050,#1165,.T.);
#2714=EDGE_CURVE('',#2103,#2049,#1166,.T.);
#2715=EDGE_CURVE('',#2104,#2048,#1167,.T.);
#2716=EDGE_CURVE('',#2105,#2047,#1168,.T.);
#2717=EDGE_CURVE('',#2106,#2107,#1169,.T.);
#2718=EDGE_CURVE('',#2108,#2106,#664,.T.);
#2719=EDGE_CURVE('',#2108,#2109,#1170,.T.);
#2720=EDGE_CURVE('',#2110,#2109,#665,.T.);
#2721=EDGE_CURVE('',#2111,#2110,#1171,.T.);
#2722=EDGE_CURVE('',#2111,#2112,#1172,.T.);
#2723=EDGE_CURVE('',#2113,#2112,#1173,.T.);
#2724=EDGE_CURVE('',#2113,#2107,#666,.T.);
#2725=EDGE_CURVE('',#2114,#2115,#1174,.T.);
#2726=EDGE_CURVE('',#2116,#2115,#667,.T.);
#2727=EDGE_CURVE('',#2116,#2117,#1175,.T.);
#2728=EDGE_CURVE('',#2117,#2118,#1176,.T.);
#2729=EDGE_CURVE('',#2119,#2118,#1177,.T.);
#2730=EDGE_CURVE('',#2119,#2120,#668,.T.);
#2731=EDGE_CURVE('',#2121,#2120,#1178,.T.);
#2732=EDGE_CURVE('',#2121,#2114,#669,.T.);
#2733=EDGE_CURVE('',#2114,#2122,#48,.T.);
#2734=EDGE_CURVE('',#2121,#2108,#1179,.T.);
#2735=EDGE_CURVE('',#2123,#2106,#49,.T.);
#2736=EDGE_CURVE('',#2123,#2124,#50,.T.);
#2737=EDGE_CURVE('',#2124,#2125,#670,.F.);
#2738=EDGE_CURVE('',#2126,#2125,#1180,.T.);
#2739=EDGE_CURVE('',#2126,#2127,#671,.F.);
#2740=EDGE_CURVE('',#2127,#2122,#51,.T.);
#2741=EDGE_CURVE('',#2128,#2115,#52,.T.);
#2742=EDGE_CURVE('',#2128,#2129,#53,.T.);
#2743=EDGE_CURVE('',#2129,#2130,#672,.T.);
#2744=EDGE_CURVE('',#2131,#2130,#1181,.T.);
#2745=EDGE_CURVE('',#2131,#2132,#673,.T.);
#2746=EDGE_CURVE('',#2132,#2133,#54,.T.);
#2747=EDGE_CURVE('',#2107,#2133,#55,.T.);
#2748=EDGE_CURVE('',#2113,#2116,#1182,.T.);
#2749=EDGE_CURVE('',#2126,#2134,#1183,.T.);
#2750=EDGE_CURVE('',#2135,#2125,#1184,.T.);
#2751=EDGE_CURVE('',#2134,#2135,#1185,.T.);
#2752=EDGE_CURVE('',#2136,#2130,#1186,.T.);
#2753=EDGE_CURVE('',#2137,#2136,#1187,.T.);
#2754=EDGE_CURVE('',#2131,#2137,#1188,.T.);
#2755=EDGE_CURVE('',#2136,#2134,#1189,.T.);
#2756=EDGE_CURVE('',#2135,#2137,#1190,.T.);
#2757=EDGE_CURVE('',#2112,#2117,#1191,.T.);
#2758=EDGE_CURVE('',#2118,#2111,#1192,.T.);
#2759=EDGE_CURVE('',#2110,#2119,#1193,.T.);
#2760=EDGE_CURVE('',#2109,#2120,#1194,.T.);
#2761=EDGE_CURVE('',#2124,#2132,#1195,.T.);
#2762=EDGE_CURVE('',#2123,#2133,#1196,.T.);
#2763=EDGE_CURVE('',#2122,#2128,#1197,.T.);
#2764=EDGE_CURVE('',#2127,#2129,#1198,.T.);
#2765=ORIENTED_EDGE('',*,*,#2138,.F.);
#2766=ORIENTED_EDGE('',*,*,#2139,.T.);
#2767=ORIENTED_EDGE('',*,*,#2140,.F.);
#2768=ORIENTED_EDGE('',*,*,#2141,.T.);
#2769=ORIENTED_EDGE('',*,*,#2142,.T.);
#2770=ORIENTED_EDGE('',*,*,#2143,.T.);
#2771=ORIENTED_EDGE('',*,*,#2144,.F.);
#2772=ORIENTED_EDGE('',*,*,#2145,.F.);
#2773=ORIENTED_EDGE('',*,*,#2146,.T.);
#2774=ORIENTED_EDGE('',*,*,#2147,.T.);
#2775=ORIENTED_EDGE('',*,*,#2148,.T.);
#2776=ORIENTED_EDGE('',*,*,#2149,.T.);
#2777=ORIENTED_EDGE('',*,*,#2150,.F.);
#2778=ORIENTED_EDGE('',*,*,#2151,.T.);
#2779=ORIENTED_EDGE('',*,*,#2152,.T.);
#2780=ORIENTED_EDGE('',*,*,#2153,.T.);
#2781=ORIENTED_EDGE('',*,*,#2154,.F.);
#2782=ORIENTED_EDGE('',*,*,#2155,.F.);
#2783=ORIENTED_EDGE('',*,*,#2156,.T.);
#2784=ORIENTED_EDGE('',*,*,#2157,.T.);
#2785=ORIENTED_EDGE('',*,*,#2158,.T.);
#2786=ORIENTED_EDGE('',*,*,#2159,.T.);
#2787=ORIENTED_EDGE('',*,*,#2160,.F.);
#2788=ORIENTED_EDGE('',*,*,#2161,.F.);
#2789=ORIENTED_EDGE('',*,*,#2162,.F.);
#2790=ORIENTED_EDGE('',*,*,#2163,.F.);
#2791=ORIENTED_EDGE('',*,*,#2164,.F.);
#2792=ORIENTED_EDGE('',*,*,#2165,.T.);
#2793=ORIENTED_EDGE('',*,*,#2166,.T.);
#2794=ORIENTED_EDGE('',*,*,#2167,.F.);
#2795=ORIENTED_EDGE('',*,*,#2160,.T.);
#2796=ORIENTED_EDGE('',*,*,#2168,.T.);
#2797=ORIENTED_EDGE('',*,*,#2169,.F.);
#2798=ORIENTED_EDGE('',*,*,#2170,.F.);
#2799=ORIENTED_EDGE('',*,*,#2171,.F.);
#2800=ORIENTED_EDGE('',*,*,#2172,.T.);
#2801=ORIENTED_EDGE('',*,*,#2173,.F.);
#2802=ORIENTED_EDGE('',*,*,#2174,.T.);
#2803=ORIENTED_EDGE('',*,*,#2175,.T.);
#2804=ORIENTED_EDGE('',*,*,#2176,.T.);
#2805=ORIENTED_EDGE('',*,*,#2177,.T.);
#2806=ORIENTED_EDGE('',*,*,#2178,.T.);
#2807=ORIENTED_EDGE('',*,*,#2179,.F.);
#2808=ORIENTED_EDGE('',*,*,#2180,.T.);
#2809=ORIENTED_EDGE('',*,*,#2181,.T.);
#2810=ORIENTED_EDGE('',*,*,#2182,.T.);
#2811=ORIENTED_EDGE('',*,*,#2183,.T.);
#2812=ORIENTED_EDGE('',*,*,#2184,.T.);
#2813=ORIENTED_EDGE('',*,*,#2185,.F.);
#2814=ORIENTED_EDGE('',*,*,#2186,.F.);
#2815=ORIENTED_EDGE('',*,*,#2187,.T.);
#2816=ORIENTED_EDGE('',*,*,#2188,.T.);
#2817=ORIENTED_EDGE('',*,*,#2189,.F.);
#2818=ORIENTED_EDGE('',*,*,#2190,.T.);
#2819=ORIENTED_EDGE('',*,*,#2140,.T.);
#2820=ORIENTED_EDGE('',*,*,#2144,.T.);
#2821=ORIENTED_EDGE('',*,*,#2191,.T.);
#2822=ORIENTED_EDGE('',*,*,#2192,.F.);
#2823=ORIENTED_EDGE('',*,*,#2193,.F.);
#2824=ORIENTED_EDGE('',*,*,#2194,.F.);
#2825=ORIENTED_EDGE('',*,*,#2156,.F.);
#2826=ORIENTED_EDGE('',*,*,#2195,.T.);
#2827=ORIENTED_EDGE('',*,*,#2196,.T.);
#2828=ORIENTED_EDGE('',*,*,#2150,.T.);
#2829=ORIENTED_EDGE('',*,*,#2197,.T.);
#2830=ORIENTED_EDGE('',*,*,#2198,.F.);
#2831=ORIENTED_EDGE('',*,*,#2199,.T.);
#2832=ORIENTED_EDGE('',*,*,#2200,.F.);
#2833=ORIENTED_EDGE('',*,*,#2201,.T.);
#2834=ORIENTED_EDGE('',*,*,#2202,.F.);
#2835=ORIENTED_EDGE('',*,*,#2203,.F.);
#2836=ORIENTED_EDGE('',*,*,#2204,.F.);
#2837=ORIENTED_EDGE('',*,*,#2205,.F.);
#2838=ORIENTED_EDGE('',*,*,#2206,.F.);
#2839=ORIENTED_EDGE('',*,*,#2207,.F.);
#2840=ORIENTED_EDGE('',*,*,#2208,.F.);
#2841=ORIENTED_EDGE('',*,*,#2209,.F.);
#2842=ORIENTED_EDGE('',*,*,#2210,.F.);
#2843=ORIENTED_EDGE('',*,*,#2211,.F.);
#2844=ORIENTED_EDGE('',*,*,#2212,.F.);
#2845=ORIENTED_EDGE('',*,*,#2213,.F.);
#2846=ORIENTED_EDGE('',*,*,#2214,.F.);
#2847=ORIENTED_EDGE('',*,*,#2215,.F.);
#2848=ORIENTED_EDGE('',*,*,#2216,.T.);
#2849=ORIENTED_EDGE('',*,*,#2217,.F.);
#2850=ORIENTED_EDGE('',*,*,#2218,.F.);
#2851=ORIENTED_EDGE('',*,*,#2219,.T.);
#2852=ORIENTED_EDGE('',*,*,#2220,.T.);
#2853=ORIENTED_EDGE('',*,*,#2221,.T.);
#2854=ORIENTED_EDGE('',*,*,#2146,.F.);
#2855=ORIENTED_EDGE('',*,*,#2222,.F.);
#2856=ORIENTED_EDGE('',*,*,#2223,.F.);
#2857=ORIENTED_EDGE('',*,*,#2224,.F.);
#2858=ORIENTED_EDGE('',*,*,#2225,.T.);
#2859=ORIENTED_EDGE('',*,*,#2154,.T.);
#2860=ORIENTED_EDGE('',*,*,#2172,.F.);
#2861=ORIENTED_EDGE('',*,*,#2226,.T.);
#2862=ORIENTED_EDGE('',*,*,#2195,.F.);
#2863=ORIENTED_EDGE('',*,*,#2155,.T.);
#2864=ORIENTED_EDGE('',*,*,#2225,.F.);
#2865=ORIENTED_EDGE('',*,*,#2227,.T.);
#2866=ORIENTED_EDGE('',*,*,#2215,.T.);
#2867=ORIENTED_EDGE('',*,*,#2228,.F.);
#2868=ORIENTED_EDGE('',*,*,#2229,.F.);
#2869=ORIENTED_EDGE('',*,*,#2230,.F.);
#2870=ORIENTED_EDGE('',*,*,#2231,.F.);
#2871=ORIENTED_EDGE('',*,*,#2232,.F.);
#2872=ORIENTED_EDGE('',*,*,#2233,.F.);
#2873=ORIENTED_EDGE('',*,*,#2234,.F.);
#2874=ORIENTED_EDGE('',*,*,#2235,.T.);
#2875=ORIENTED_EDGE('',*,*,#2236,.F.);
#2876=ORIENTED_EDGE('',*,*,#2237,.F.);
#2877=ORIENTED_EDGE('',*,*,#2186,.T.);
#2878=ORIENTED_EDGE('',*,*,#2238,.F.);
#2879=ORIENTED_EDGE('',*,*,#2239,.F.);
#2880=ORIENTED_EDGE('',*,*,#2240,.T.);
#2881=ORIENTED_EDGE('',*,*,#2241,.T.);
#2882=ORIENTED_EDGE('',*,*,#2242,.T.);
#2883=ORIENTED_EDGE('',*,*,#2243,.T.);
#2884=ORIENTED_EDGE('',*,*,#2244,.T.);
#2885=ORIENTED_EDGE('',*,*,#2245,.T.);
#2886=ORIENTED_EDGE('',*,*,#2246,.F.);
#2887=ORIENTED_EDGE('',*,*,#2201,.F.);
#2888=ORIENTED_EDGE('',*,*,#2247,.F.);
#2889=ORIENTED_EDGE('',*,*,#2222,.T.);
#2890=ORIENTED_EDGE('',*,*,#2145,.T.);
#2891=ORIENTED_EDGE('',*,*,#2193,.T.);
#2892=ORIENTED_EDGE('',*,*,#2245,.F.);
#2893=ORIENTED_EDGE('',*,*,#2248,.T.);
#2894=ORIENTED_EDGE('',*,*,#2249,.T.);
#2895=ORIENTED_EDGE('',*,*,#2250,.F.);
#2896=ORIENTED_EDGE('',*,*,#2251,.T.);
#2897=ORIENTED_EDGE('',*,*,#2252,.T.);
#2898=ORIENTED_EDGE('',*,*,#2253,.T.);
#2899=ORIENTED_EDGE('',*,*,#2254,.F.);
#2900=ORIENTED_EDGE('',*,*,#2249,.F.);
#2901=ORIENTED_EDGE('',*,*,#2255,.T.);
#2902=ORIENTED_EDGE('',*,*,#2256,.T.);
#2903=ORIENTED_EDGE('',*,*,#2257,.T.);
#2904=ORIENTED_EDGE('',*,*,#2253,.F.);
#2905=ORIENTED_EDGE('',*,*,#2258,.T.);
#2906=ORIENTED_EDGE('',*,*,#2239,.T.);
#2907=ORIENTED_EDGE('',*,*,#2259,.F.);
#2908=ORIENTED_EDGE('',*,*,#2260,.F.);
#2909=ORIENTED_EDGE('',*,*,#2202,.T.);
#2910=ORIENTED_EDGE('',*,*,#2246,.T.);
#2911=ORIENTED_EDGE('',*,*,#2250,.T.);
#2912=ORIENTED_EDGE('',*,*,#2254,.T.);
#2913=ORIENTED_EDGE('',*,*,#2259,.T.);
#2914=ORIENTED_EDGE('',*,*,#2238,.T.);
#2915=ORIENTED_EDGE('',*,*,#2185,.T.);
#2916=ORIENTED_EDGE('',*,*,#2261,.T.);
#2917=ORIENTED_EDGE('',*,*,#2262,.T.);
#2918=ORIENTED_EDGE('',*,*,#2263,.T.);
#2919=ORIENTED_EDGE('',*,*,#2179,.T.);
#2920=ORIENTED_EDGE('',*,*,#2264,.T.);
#2921=ORIENTED_EDGE('',*,*,#2265,.T.);
#2922=ORIENTED_EDGE('',*,*,#2266,.T.);
#2923=ORIENTED_EDGE('',*,*,#2173,.T.);
#2924=ORIENTED_EDGE('',*,*,#2236,.T.);
#2925=ORIENTED_EDGE('',*,*,#2267,.T.);
#2926=ORIENTED_EDGE('',*,*,#2268,.T.);
#2927=ORIENTED_EDGE('',*,*,#2269,.T.);
#2928=ORIENTED_EDGE('',*,*,#2228,.T.);
#2929=ORIENTED_EDGE('',*,*,#2214,.T.);
#2930=ORIENTED_EDGE('',*,*,#2270,.F.);
#2931=ORIENTED_EDGE('',*,*,#2271,.F.);
#2932=ORIENTED_EDGE('',*,*,#2272,.F.);
#2933=ORIENTED_EDGE('',*,*,#2208,.T.);
#2934=ORIENTED_EDGE('',*,*,#2273,.F.);
#2935=ORIENTED_EDGE('',*,*,#2274,.F.);
#2936=ORIENTED_EDGE('',*,*,#2275,.F.);
#2937=ORIENTED_EDGE('',*,*,#2276,.T.);
#2938=ORIENTED_EDGE('',*,*,#2267,.F.);
#2939=ORIENTED_EDGE('',*,*,#2235,.F.);
#2940=ORIENTED_EDGE('',*,*,#2277,.F.);
#2941=ORIENTED_EDGE('',*,*,#2278,.F.);
#2942=ORIENTED_EDGE('',*,*,#2279,.F.);
#2943=ORIENTED_EDGE('',*,*,#2280,.F.);
#2944=ORIENTED_EDGE('',*,*,#2281,.F.);
#2945=ORIENTED_EDGE('',*,*,#2282,.T.);
#2946=ORIENTED_EDGE('',*,*,#2268,.F.);
#2947=ORIENTED_EDGE('',*,*,#2276,.F.);
#2948=ORIENTED_EDGE('',*,*,#2283,.F.);
#2949=ORIENTED_EDGE('',*,*,#2229,.T.);
#2950=ORIENTED_EDGE('',*,*,#2269,.F.);
#2951=ORIENTED_EDGE('',*,*,#2282,.F.);
#2952=ORIENTED_EDGE('',*,*,#2284,.T.);
#2953=ORIENTED_EDGE('',*,*,#2285,.T.);
#2954=ORIENTED_EDGE('',*,*,#2286,.T.);
#2955=ORIENTED_EDGE('',*,*,#2287,.T.);
#2956=ORIENTED_EDGE('',*,*,#2288,.T.);
#2957=ORIENTED_EDGE('',*,*,#2265,.F.);
#2958=ORIENTED_EDGE('',*,*,#2266,.F.);
#2959=ORIENTED_EDGE('',*,*,#2288,.F.);
#2960=ORIENTED_EDGE('',*,*,#2289,.F.);
#2961=ORIENTED_EDGE('',*,*,#2174,.F.);
#2962=ORIENTED_EDGE('',*,*,#2290,.T.);
#2963=ORIENTED_EDGE('',*,*,#2284,.F.);
#2964=ORIENTED_EDGE('',*,*,#2264,.F.);
#2965=ORIENTED_EDGE('',*,*,#2178,.F.);
#2966=ORIENTED_EDGE('',*,*,#2289,.T.);
#2967=ORIENTED_EDGE('',*,*,#2287,.F.);
#2968=ORIENTED_EDGE('',*,*,#2291,.F.);
#2969=ORIENTED_EDGE('',*,*,#2175,.F.);
#2970=ORIENTED_EDGE('',*,*,#2291,.T.);
#2971=ORIENTED_EDGE('',*,*,#2286,.F.);
#2972=ORIENTED_EDGE('',*,*,#2292,.F.);
#2973=ORIENTED_EDGE('',*,*,#2176,.F.);
#2974=ORIENTED_EDGE('',*,*,#2292,.T.);
#2975=ORIENTED_EDGE('',*,*,#2285,.F.);
#2976=ORIENTED_EDGE('',*,*,#2290,.F.);
#2977=ORIENTED_EDGE('',*,*,#2177,.F.);
#2978=ORIENTED_EDGE('',*,*,#2293,.T.);
#2979=ORIENTED_EDGE('',*,*,#2294,.T.);
#2980=ORIENTED_EDGE('',*,*,#2295,.T.);
#2981=ORIENTED_EDGE('',*,*,#2296,.T.);
#2982=ORIENTED_EDGE('',*,*,#2297,.T.);
#2983=ORIENTED_EDGE('',*,*,#2262,.F.);
#2984=ORIENTED_EDGE('',*,*,#2298,.T.);
#2985=ORIENTED_EDGE('',*,*,#2293,.F.);
#2986=ORIENTED_EDGE('',*,*,#2261,.F.);
#2987=ORIENTED_EDGE('',*,*,#2184,.F.);
#2988=ORIENTED_EDGE('',*,*,#2299,.T.);
#2989=ORIENTED_EDGE('',*,*,#2294,.F.);
#2990=ORIENTED_EDGE('',*,*,#2298,.F.);
#2991=ORIENTED_EDGE('',*,*,#2183,.F.);
#2992=ORIENTED_EDGE('',*,*,#2300,.T.);
#2993=ORIENTED_EDGE('',*,*,#2295,.F.);
#2994=ORIENTED_EDGE('',*,*,#2299,.F.);
#2995=ORIENTED_EDGE('',*,*,#2182,.F.);
#2996=ORIENTED_EDGE('',*,*,#2301,.T.);
#2997=ORIENTED_EDGE('',*,*,#2296,.F.);
#2998=ORIENTED_EDGE('',*,*,#2300,.F.);
#2999=ORIENTED_EDGE('',*,*,#2181,.F.);
#3000=ORIENTED_EDGE('',*,*,#2263,.F.);
#3001=ORIENTED_EDGE('',*,*,#2297,.F.);
#3002=ORIENTED_EDGE('',*,*,#2301,.F.);
#3003=ORIENTED_EDGE('',*,*,#2180,.F.);
#3004=ORIENTED_EDGE('',*,*,#2270,.T.);
#3005=ORIENTED_EDGE('',*,*,#2213,.T.);
#3006=ORIENTED_EDGE('',*,*,#2302,.T.);
#3007=ORIENTED_EDGE('',*,*,#2303,.T.);
#3008=ORIENTED_EDGE('',*,*,#2212,.T.);
#3009=ORIENTED_EDGE('',*,*,#2304,.T.);
#3010=ORIENTED_EDGE('',*,*,#2305,.T.);
#3011=ORIENTED_EDGE('',*,*,#2302,.F.);
#3012=ORIENTED_EDGE('',*,*,#2211,.T.);
#3013=ORIENTED_EDGE('',*,*,#2306,.T.);
#3014=ORIENTED_EDGE('',*,*,#2307,.T.);
#3015=ORIENTED_EDGE('',*,*,#2304,.F.);
#3016=ORIENTED_EDGE('',*,*,#2210,.T.);
#3017=ORIENTED_EDGE('',*,*,#2308,.T.);
#3018=ORIENTED_EDGE('',*,*,#2309,.T.);
#3019=ORIENTED_EDGE('',*,*,#2306,.F.);
#3020=ORIENTED_EDGE('',*,*,#2272,.T.);
#3021=ORIENTED_EDGE('',*,*,#2310,.T.);
#3022=ORIENTED_EDGE('',*,*,#2308,.F.);
#3023=ORIENTED_EDGE('',*,*,#2209,.T.);
#3024=ORIENTED_EDGE('',*,*,#2271,.T.);
#3025=ORIENTED_EDGE('',*,*,#2303,.F.);
#3026=ORIENTED_EDGE('',*,*,#2305,.F.);
#3027=ORIENTED_EDGE('',*,*,#2307,.F.);
#3028=ORIENTED_EDGE('',*,*,#2309,.F.);
#3029=ORIENTED_EDGE('',*,*,#2310,.F.);
#3030=ORIENTED_EDGE('',*,*,#2274,.T.);
#3031=ORIENTED_EDGE('',*,*,#2311,.F.);
#3032=ORIENTED_EDGE('',*,*,#2312,.F.);
#3033=ORIENTED_EDGE('',*,*,#2313,.F.);
#3034=ORIENTED_EDGE('',*,*,#2314,.F.);
#3035=ORIENTED_EDGE('',*,*,#2315,.F.);
#3036=ORIENTED_EDGE('',*,*,#2260,.T.);
#3037=ORIENTED_EDGE('',*,*,#2315,.T.);
#3038=ORIENTED_EDGE('',*,*,#2316,.F.);
#3039=ORIENTED_EDGE('',*,*,#2203,.T.);
#3040=ORIENTED_EDGE('',*,*,#2204,.T.);
#3041=ORIENTED_EDGE('',*,*,#2316,.T.);
#3042=ORIENTED_EDGE('',*,*,#2314,.T.);
#3043=ORIENTED_EDGE('',*,*,#2317,.F.);
#3044=ORIENTED_EDGE('',*,*,#2205,.T.);
#3045=ORIENTED_EDGE('',*,*,#2317,.T.);
#3046=ORIENTED_EDGE('',*,*,#2313,.T.);
#3047=ORIENTED_EDGE('',*,*,#2318,.F.);
#3048=ORIENTED_EDGE('',*,*,#2206,.T.);
#3049=ORIENTED_EDGE('',*,*,#2318,.T.);
#3050=ORIENTED_EDGE('',*,*,#2312,.T.);
#3051=ORIENTED_EDGE('',*,*,#2319,.F.);
#3052=ORIENTED_EDGE('',*,*,#2273,.T.);
#3053=ORIENTED_EDGE('',*,*,#2207,.T.);
#3054=ORIENTED_EDGE('',*,*,#2319,.T.);
#3055=ORIENTED_EDGE('',*,*,#2311,.T.);
#3056=ORIENTED_EDGE('',*,*,#2320,.T.);
#3057=ORIENTED_EDGE('',*,*,#2240,.F.);
#3058=ORIENTED_EDGE('',*,*,#2258,.F.);
#3059=ORIENTED_EDGE('',*,*,#2252,.F.);
#3060=ORIENTED_EDGE('',*,*,#2321,.T.);
#3061=ORIENTED_EDGE('',*,*,#2241,.F.);
#3062=ORIENTED_EDGE('',*,*,#2320,.F.);
#3063=ORIENTED_EDGE('',*,*,#2251,.F.);
#3064=ORIENTED_EDGE('',*,*,#2322,.T.);
#3065=ORIENTED_EDGE('',*,*,#2242,.F.);
#3066=ORIENTED_EDGE('',*,*,#2321,.F.);
#3067=ORIENTED_EDGE('',*,*,#2257,.F.);
#3068=ORIENTED_EDGE('',*,*,#2323,.T.);
#3069=ORIENTED_EDGE('',*,*,#2243,.F.);
#3070=ORIENTED_EDGE('',*,*,#2322,.F.);
#3071=ORIENTED_EDGE('',*,*,#2256,.F.);
#3072=ORIENTED_EDGE('',*,*,#2244,.F.);
#3073=ORIENTED_EDGE('',*,*,#2323,.F.);
#3074=ORIENTED_EDGE('',*,*,#2255,.F.);
#3075=ORIENTED_EDGE('',*,*,#2248,.F.);
#3076=ORIENTED_EDGE('',*,*,#2275,.T.);
#3077=ORIENTED_EDGE('',*,*,#2234,.T.);
#3078=ORIENTED_EDGE('',*,*,#2324,.F.);
#3079=ORIENTED_EDGE('',*,*,#2277,.T.);
#3080=ORIENTED_EDGE('',*,*,#2278,.T.);
#3081=ORIENTED_EDGE('',*,*,#2324,.T.);
#3082=ORIENTED_EDGE('',*,*,#2233,.T.);
#3083=ORIENTED_EDGE('',*,*,#2325,.F.);
#3084=ORIENTED_EDGE('',*,*,#2279,.T.);
#3085=ORIENTED_EDGE('',*,*,#2325,.T.);
#3086=ORIENTED_EDGE('',*,*,#2232,.T.);
#3087=ORIENTED_EDGE('',*,*,#2326,.F.);
#3088=ORIENTED_EDGE('',*,*,#2280,.T.);
#3089=ORIENTED_EDGE('',*,*,#2326,.T.);
#3090=ORIENTED_EDGE('',*,*,#2231,.T.);
#3091=ORIENTED_EDGE('',*,*,#2327,.F.);
#3092=ORIENTED_EDGE('',*,*,#2281,.T.);
#3093=ORIENTED_EDGE('',*,*,#2327,.T.);
#3094=ORIENTED_EDGE('',*,*,#2230,.T.);
#3095=ORIENTED_EDGE('',*,*,#2283,.T.);
#3096=ORIENTED_EDGE('',*,*,#2247,.T.);
#3097=ORIENTED_EDGE('',*,*,#2200,.T.);
#3098=ORIENTED_EDGE('',*,*,#2328,.T.);
#3099=ORIENTED_EDGE('',*,*,#2329,.F.);
#3100=ORIENTED_EDGE('',*,*,#2220,.F.);
#3101=ORIENTED_EDGE('',*,*,#2330,.F.);
#3102=ORIENTED_EDGE('',*,*,#2328,.F.);
#3103=ORIENTED_EDGE('',*,*,#2199,.F.);
#3104=ORIENTED_EDGE('',*,*,#2331,.F.);
#3105=ORIENTED_EDGE('',*,*,#2188,.F.);
#3106=ORIENTED_EDGE('',*,*,#2332,.F.);
#3107=ORIENTED_EDGE('',*,*,#2237,.T.);
#3108=ORIENTED_EDGE('',*,*,#2192,.T.);
#3109=ORIENTED_EDGE('',*,*,#2333,.F.);
#3110=ORIENTED_EDGE('',*,*,#2332,.T.);
#3111=ORIENTED_EDGE('',*,*,#2187,.F.);
#3112=ORIENTED_EDGE('',*,*,#2224,.T.);
#3113=ORIENTED_EDGE('',*,*,#2334,.T.);
#3114=ORIENTED_EDGE('',*,*,#2335,.F.);
#3115=ORIENTED_EDGE('',*,*,#2216,.F.);
#3116=ORIENTED_EDGE('',*,*,#2227,.F.);
#3117=ORIENTED_EDGE('',*,*,#2335,.T.);
#3118=ORIENTED_EDGE('',*,*,#2336,.T.);
#3119=ORIENTED_EDGE('',*,*,#2217,.T.);
#3120=ORIENTED_EDGE('',*,*,#2170,.T.);
#3121=ORIENTED_EDGE('',*,*,#2337,.T.);
#3122=ORIENTED_EDGE('',*,*,#2338,.T.);
#3123=ORIENTED_EDGE('',*,*,#2171,.T.);
#3124=ORIENTED_EDGE('',*,*,#2338,.F.);
#3125=ORIENTED_EDGE('',*,*,#2339,.F.);
#3126=ORIENTED_EDGE('',*,*,#2196,.F.);
#3127=ORIENTED_EDGE('',*,*,#2226,.F.);
#3128=ORIENTED_EDGE('',*,*,#2218,.T.);
#3129=ORIENTED_EDGE('',*,*,#2336,.F.);
#3130=ORIENTED_EDGE('',*,*,#2334,.F.);
#3131=ORIENTED_EDGE('',*,*,#2340,.F.);
#3132=ORIENTED_EDGE('',*,*,#2341,.F.);
#3133=ORIENTED_EDGE('',*,*,#2342,.F.);
#3134=ORIENTED_EDGE('',*,*,#2223,.T.);
#3135=ORIENTED_EDGE('',*,*,#2153,.F.);
#3136=ORIENTED_EDGE('',*,*,#2343,.F.);
#3137=ORIENTED_EDGE('',*,*,#2340,.T.);
#3138=ORIENTED_EDGE('',*,*,#2342,.T.);
#3139=ORIENTED_EDGE('',*,*,#2344,.T.);
#3140=ORIENTED_EDGE('',*,*,#2151,.F.);
#3141=ORIENTED_EDGE('',*,*,#2219,.F.);
#3142=ORIENTED_EDGE('',*,*,#2152,.F.);
#3143=ORIENTED_EDGE('',*,*,#2344,.F.);
#3144=ORIENTED_EDGE('',*,*,#2341,.T.);
#3145=ORIENTED_EDGE('',*,*,#2343,.T.);
#3146=ORIENTED_EDGE('',*,*,#2198,.T.);
#3147=ORIENTED_EDGE('',*,*,#2345,.F.);
#3148=ORIENTED_EDGE('',*,*,#2346,.F.);
#3149=ORIENTED_EDGE('',*,*,#2347,.F.);
#3150=ORIENTED_EDGE('',*,*,#2329,.T.);
#3151=ORIENTED_EDGE('',*,*,#2330,.T.);
#3152=ORIENTED_EDGE('',*,*,#2347,.T.);
#3153=ORIENTED_EDGE('',*,*,#2348,.T.);
#3154=ORIENTED_EDGE('',*,*,#2147,.F.);
#3155=ORIENTED_EDGE('',*,*,#2221,.F.);
#3156=ORIENTED_EDGE('',*,*,#2148,.F.);
#3157=ORIENTED_EDGE('',*,*,#2348,.F.);
#3158=ORIENTED_EDGE('',*,*,#2346,.T.);
#3159=ORIENTED_EDGE('',*,*,#2349,.T.);
#3160=ORIENTED_EDGE('',*,*,#2149,.F.);
#3161=ORIENTED_EDGE('',*,*,#2349,.F.);
#3162=ORIENTED_EDGE('',*,*,#2345,.T.);
#3163=ORIENTED_EDGE('',*,*,#2197,.F.);
#3164=ORIENTED_EDGE('',*,*,#2169,.T.);
#3165=ORIENTED_EDGE('',*,*,#2350,.F.);
#3166=ORIENTED_EDGE('',*,*,#2351,.F.);
#3167=ORIENTED_EDGE('',*,*,#2352,.F.);
#3168=ORIENTED_EDGE('',*,*,#2339,.T.);
#3169=ORIENTED_EDGE('',*,*,#2337,.F.);
#3170=ORIENTED_EDGE('',*,*,#2194,.T.);
#3171=ORIENTED_EDGE('',*,*,#2352,.T.);
#3172=ORIENTED_EDGE('',*,*,#2353,.T.);
#3173=ORIENTED_EDGE('',*,*,#2157,.F.);
#3174=ORIENTED_EDGE('',*,*,#2159,.F.);
#3175=ORIENTED_EDGE('',*,*,#2354,.F.);
#3176=ORIENTED_EDGE('',*,*,#2350,.T.);
#3177=ORIENTED_EDGE('',*,*,#2168,.F.);
#3178=ORIENTED_EDGE('',*,*,#2158,.F.);
#3179=ORIENTED_EDGE('',*,*,#2353,.F.);
#3180=ORIENTED_EDGE('',*,*,#2351,.T.);
#3181=ORIENTED_EDGE('',*,*,#2354,.T.);
#3182=ORIENTED_EDGE('',*,*,#2189,.T.);
#3183=ORIENTED_EDGE('',*,*,#2331,.T.);
#3184=ORIENTED_EDGE('',*,*,#2333,.T.);
#3185=ORIENTED_EDGE('',*,*,#2355,.F.);
#3186=ORIENTED_EDGE('',*,*,#2356,.F.);
#3187=ORIENTED_EDGE('',*,*,#2357,.F.);
#3188=ORIENTED_EDGE('',*,*,#2357,.T.);
#3189=ORIENTED_EDGE('',*,*,#2358,.T.);
#3190=ORIENTED_EDGE('',*,*,#2141,.F.);
#3191=ORIENTED_EDGE('',*,*,#2190,.F.);
#3192=ORIENTED_EDGE('',*,*,#2142,.F.);
#3193=ORIENTED_EDGE('',*,*,#2358,.F.);
#3194=ORIENTED_EDGE('',*,*,#2356,.T.);
#3195=ORIENTED_EDGE('',*,*,#2359,.T.);
#3196=ORIENTED_EDGE('',*,*,#2143,.F.);
#3197=ORIENTED_EDGE('',*,*,#2359,.F.);
#3198=ORIENTED_EDGE('',*,*,#2355,.T.);
#3199=ORIENTED_EDGE('',*,*,#2191,.F.);
#3200=ORIENTED_EDGE('',*,*,#2360,.T.);
#3201=ORIENTED_EDGE('',*,*,#2360,.F.);
#3202=ORIENTED_EDGE('',*,*,#2361,.T.);
#3203=ORIENTED_EDGE('',*,*,#2362,.T.);
#3204=ORIENTED_EDGE('',*,*,#2361,.F.);
#3205=ORIENTED_EDGE('',*,*,#2363,.T.);
#3206=ORIENTED_EDGE('',*,*,#2362,.F.);
#3207=ORIENTED_EDGE('',*,*,#2363,.F.);
#3208=ORIENTED_EDGE('',*,*,#2364,.T.);
#3209=ORIENTED_EDGE('',*,*,#2164,.T.);
#3210=ORIENTED_EDGE('',*,*,#2364,.F.);
#3211=ORIENTED_EDGE('',*,*,#2365,.T.);
#3212=ORIENTED_EDGE('',*,*,#2365,.F.);
#3213=ORIENTED_EDGE('',*,*,#2366,.T.);
#3214=ORIENTED_EDGE('',*,*,#2163,.T.);
#3215=ORIENTED_EDGE('',*,*,#2366,.F.);
#3216=ORIENTED_EDGE('',*,*,#2367,.T.);
#3217=ORIENTED_EDGE('',*,*,#2367,.F.);
#3218=ORIENTED_EDGE('',*,*,#2368,.T.);
#3219=ORIENTED_EDGE('',*,*,#2162,.T.);
#3220=ORIENTED_EDGE('',*,*,#2368,.F.);
#3221=ORIENTED_EDGE('',*,*,#2369,.F.);
#3222=ORIENTED_EDGE('',*,*,#2166,.F.);
#3223=ORIENTED_EDGE('',*,*,#2370,.T.);
#3224=ORIENTED_EDGE('',*,*,#2138,.T.);
#3225=ORIENTED_EDGE('',*,*,#2370,.F.);
#3226=ORIENTED_EDGE('',*,*,#2165,.F.);
#3227=ORIENTED_EDGE('',*,*,#2139,.F.);
#3228=ORIENTED_EDGE('',*,*,#2369,.T.);
#3229=ORIENTED_EDGE('',*,*,#2161,.T.);
#3230=ORIENTED_EDGE('',*,*,#2167,.T.);
#3231=ORIENTED_EDGE('',*,*,#2371,.T.);
#3232=ORIENTED_EDGE('',*,*,#2372,.F.);
#3233=ORIENTED_EDGE('',*,*,#2373,.F.);
#3234=ORIENTED_EDGE('',*,*,#2374,.T.);
#3235=ORIENTED_EDGE('',*,*,#2375,.T.);
#3236=ORIENTED_EDGE('',*,*,#2376,.F.);
#3237=ORIENTED_EDGE('',*,*,#2377,.F.);
#3238=ORIENTED_EDGE('',*,*,#2372,.T.);
#3239=ORIENTED_EDGE('',*,*,#2378,.T.);
#3240=ORIENTED_EDGE('',*,*,#2379,.F.);
#3241=ORIENTED_EDGE('',*,*,#2380,.F.);
#3242=ORIENTED_EDGE('',*,*,#2376,.T.);
#3243=ORIENTED_EDGE('',*,*,#2381,.F.);
#3244=ORIENTED_EDGE('',*,*,#2382,.F.);
#3245=ORIENTED_EDGE('',*,*,#2383,.T.);
#3246=ORIENTED_EDGE('',*,*,#2379,.T.);
#3247=ORIENTED_EDGE('',*,*,#2384,.T.);
#3248=ORIENTED_EDGE('',*,*,#2385,.F.);
#3249=ORIENTED_EDGE('',*,*,#2386,.F.);
#3250=ORIENTED_EDGE('',*,*,#2382,.T.);
#3251=ORIENTED_EDGE('',*,*,#2387,.T.);
#3252=ORIENTED_EDGE('',*,*,#2388,.F.);
#3253=ORIENTED_EDGE('',*,*,#2389,.F.);
#3254=ORIENTED_EDGE('',*,*,#2385,.T.);
#3255=ORIENTED_EDGE('',*,*,#2390,.T.);
#3256=ORIENTED_EDGE('',*,*,#2391,.F.);
#3257=ORIENTED_EDGE('',*,*,#2392,.F.);
#3258=ORIENTED_EDGE('',*,*,#2388,.T.);
#3259=ORIENTED_EDGE('',*,*,#2393,.T.);
#3260=ORIENTED_EDGE('',*,*,#2394,.F.);
#3261=ORIENTED_EDGE('',*,*,#2395,.F.);
#3262=ORIENTED_EDGE('',*,*,#2391,.T.);
#3263=ORIENTED_EDGE('',*,*,#2396,.T.);
#3264=ORIENTED_EDGE('',*,*,#2397,.F.);
#3265=ORIENTED_EDGE('',*,*,#2398,.F.);
#3266=ORIENTED_EDGE('',*,*,#2394,.T.);
#3267=ORIENTED_EDGE('',*,*,#2399,.T.);
#3268=ORIENTED_EDGE('',*,*,#2400,.F.);
#3269=ORIENTED_EDGE('',*,*,#2401,.F.);
#3270=ORIENTED_EDGE('',*,*,#2397,.T.);
#3271=ORIENTED_EDGE('',*,*,#2402,.T.);
#3272=ORIENTED_EDGE('',*,*,#2403,.F.);
#3273=ORIENTED_EDGE('',*,*,#2404,.F.);
#3274=ORIENTED_EDGE('',*,*,#2400,.T.);
#3275=ORIENTED_EDGE('',*,*,#2405,.T.);
#3276=ORIENTED_EDGE('',*,*,#2406,.F.);
#3277=ORIENTED_EDGE('',*,*,#2407,.F.);
#3278=ORIENTED_EDGE('',*,*,#2403,.T.);
#3279=ORIENTED_EDGE('',*,*,#2408,.T.);
#3280=ORIENTED_EDGE('',*,*,#2409,.F.);
#3281=ORIENTED_EDGE('',*,*,#2410,.F.);
#3282=ORIENTED_EDGE('',*,*,#2406,.T.);
#3283=ORIENTED_EDGE('',*,*,#2411,.T.);
#3284=ORIENTED_EDGE('',*,*,#2412,.F.);
#3285=ORIENTED_EDGE('',*,*,#2413,.F.);
#3286=ORIENTED_EDGE('',*,*,#2409,.T.);
#3287=ORIENTED_EDGE('',*,*,#2414,.T.);
#3288=ORIENTED_EDGE('',*,*,#2415,.F.);
#3289=ORIENTED_EDGE('',*,*,#2416,.F.);
#3290=ORIENTED_EDGE('',*,*,#2412,.T.);
#3291=ORIENTED_EDGE('',*,*,#2417,.F.);
#3292=ORIENTED_EDGE('',*,*,#2418,.F.);
#3293=ORIENTED_EDGE('',*,*,#2419,.T.);
#3294=ORIENTED_EDGE('',*,*,#2415,.T.);
#3295=ORIENTED_EDGE('',*,*,#2420,.T.);
#3296=ORIENTED_EDGE('',*,*,#2421,.F.);
#3297=ORIENTED_EDGE('',*,*,#2422,.F.);
#3298=ORIENTED_EDGE('',*,*,#2418,.T.);
#3299=ORIENTED_EDGE('',*,*,#2423,.T.);
#3300=ORIENTED_EDGE('',*,*,#2424,.F.);
#3301=ORIENTED_EDGE('',*,*,#2425,.F.);
#3302=ORIENTED_EDGE('',*,*,#2421,.T.);
#3303=ORIENTED_EDGE('',*,*,#2426,.T.);
#3304=ORIENTED_EDGE('',*,*,#2427,.F.);
#3305=ORIENTED_EDGE('',*,*,#2428,.F.);
#3306=ORIENTED_EDGE('',*,*,#2424,.T.);
#3307=ORIENTED_EDGE('',*,*,#2429,.T.);
#3308=ORIENTED_EDGE('',*,*,#2430,.F.);
#3309=ORIENTED_EDGE('',*,*,#2431,.F.);
#3310=ORIENTED_EDGE('',*,*,#2427,.T.);
#3311=ORIENTED_EDGE('',*,*,#2432,.T.);
#3312=ORIENTED_EDGE('',*,*,#2433,.F.);
#3313=ORIENTED_EDGE('',*,*,#2434,.F.);
#3314=ORIENTED_EDGE('',*,*,#2430,.T.);
#3315=ORIENTED_EDGE('',*,*,#2435,.F.);
#3316=ORIENTED_EDGE('',*,*,#2436,.F.);
#3317=ORIENTED_EDGE('',*,*,#2437,.T.);
#3318=ORIENTED_EDGE('',*,*,#2433,.T.);
#3319=ORIENTED_EDGE('',*,*,#2438,.T.);
#3320=ORIENTED_EDGE('',*,*,#2439,.F.);
#3321=ORIENTED_EDGE('',*,*,#2440,.F.);
#3322=ORIENTED_EDGE('',*,*,#2436,.T.);
#3323=ORIENTED_EDGE('',*,*,#2441,.T.);
#3324=ORIENTED_EDGE('',*,*,#2442,.F.);
#3325=ORIENTED_EDGE('',*,*,#2443,.F.);
#3326=ORIENTED_EDGE('',*,*,#2439,.T.);
#3327=ORIENTED_EDGE('',*,*,#2444,.T.);
#3328=ORIENTED_EDGE('',*,*,#2445,.F.);
#3329=ORIENTED_EDGE('',*,*,#2446,.F.);
#3330=ORIENTED_EDGE('',*,*,#2442,.T.);
#3331=ORIENTED_EDGE('',*,*,#2447,.T.);
#3332=ORIENTED_EDGE('',*,*,#2448,.F.);
#3333=ORIENTED_EDGE('',*,*,#2449,.F.);
#3334=ORIENTED_EDGE('',*,*,#2445,.T.);
#3335=ORIENTED_EDGE('',*,*,#2450,.T.);
#3336=ORIENTED_EDGE('',*,*,#2451,.F.);
#3337=ORIENTED_EDGE('',*,*,#2452,.F.);
#3338=ORIENTED_EDGE('',*,*,#2448,.T.);
#3339=ORIENTED_EDGE('',*,*,#2453,.T.);
#3340=ORIENTED_EDGE('',*,*,#2454,.F.);
#3341=ORIENTED_EDGE('',*,*,#2455,.F.);
#3342=ORIENTED_EDGE('',*,*,#2451,.T.);
#3343=ORIENTED_EDGE('',*,*,#2456,.T.);
#3344=ORIENTED_EDGE('',*,*,#2457,.F.);
#3345=ORIENTED_EDGE('',*,*,#2458,.F.);
#3346=ORIENTED_EDGE('',*,*,#2454,.T.);
#3347=ORIENTED_EDGE('',*,*,#2459,.T.);
#3348=ORIENTED_EDGE('',*,*,#2460,.F.);
#3349=ORIENTED_EDGE('',*,*,#2461,.F.);
#3350=ORIENTED_EDGE('',*,*,#2457,.T.);
#3351=ORIENTED_EDGE('',*,*,#2462,.T.);
#3352=ORIENTED_EDGE('',*,*,#2463,.F.);
#3353=ORIENTED_EDGE('',*,*,#2464,.F.);
#3354=ORIENTED_EDGE('',*,*,#2460,.T.);
#3355=ORIENTED_EDGE('',*,*,#2465,.T.);
#3356=ORIENTED_EDGE('',*,*,#2466,.F.);
#3357=ORIENTED_EDGE('',*,*,#2467,.F.);
#3358=ORIENTED_EDGE('',*,*,#2463,.T.);
#3359=ORIENTED_EDGE('',*,*,#2468,.T.);
#3360=ORIENTED_EDGE('',*,*,#2469,.F.);
#3361=ORIENTED_EDGE('',*,*,#2470,.F.);
#3362=ORIENTED_EDGE('',*,*,#2466,.T.);
#3363=ORIENTED_EDGE('',*,*,#2471,.F.);
#3364=ORIENTED_EDGE('',*,*,#2472,.F.);
#3365=ORIENTED_EDGE('',*,*,#2473,.T.);
#3366=ORIENTED_EDGE('',*,*,#2469,.T.);
#3367=ORIENTED_EDGE('',*,*,#2474,.T.);
#3368=ORIENTED_EDGE('',*,*,#2475,.F.);
#3369=ORIENTED_EDGE('',*,*,#2476,.F.);
#3370=ORIENTED_EDGE('',*,*,#2472,.T.);
#3371=ORIENTED_EDGE('',*,*,#2477,.T.);
#3372=ORIENTED_EDGE('',*,*,#2374,.F.);
#3373=ORIENTED_EDGE('',*,*,#2478,.F.);
#3374=ORIENTED_EDGE('',*,*,#2475,.T.);
#3375=ORIENTED_EDGE('',*,*,#2373,.T.);
#3376=ORIENTED_EDGE('',*,*,#2377,.T.);
#3377=ORIENTED_EDGE('',*,*,#2380,.T.);
#3378=ORIENTED_EDGE('',*,*,#2383,.F.);
#3379=ORIENTED_EDGE('',*,*,#2386,.T.);
#3380=ORIENTED_EDGE('',*,*,#2389,.T.);
#3381=ORIENTED_EDGE('',*,*,#2392,.T.);
#3382=ORIENTED_EDGE('',*,*,#2395,.T.);
#3383=ORIENTED_EDGE('',*,*,#2398,.T.);
#3384=ORIENTED_EDGE('',*,*,#2401,.T.);
#3385=ORIENTED_EDGE('',*,*,#2404,.T.);
#3386=ORIENTED_EDGE('',*,*,#2407,.T.);
#3387=ORIENTED_EDGE('',*,*,#2410,.T.);
#3388=ORIENTED_EDGE('',*,*,#2413,.T.);
#3389=ORIENTED_EDGE('',*,*,#2416,.T.);
#3390=ORIENTED_EDGE('',*,*,#2419,.F.);
#3391=ORIENTED_EDGE('',*,*,#2422,.T.);
#3392=ORIENTED_EDGE('',*,*,#2425,.T.);
#3393=ORIENTED_EDGE('',*,*,#2428,.T.);
#3394=ORIENTED_EDGE('',*,*,#2431,.T.);
#3395=ORIENTED_EDGE('',*,*,#2434,.T.);
#3396=ORIENTED_EDGE('',*,*,#2437,.F.);
#3397=ORIENTED_EDGE('',*,*,#2440,.T.);
#3398=ORIENTED_EDGE('',*,*,#2443,.T.);
#3399=ORIENTED_EDGE('',*,*,#2446,.T.);
#3400=ORIENTED_EDGE('',*,*,#2449,.T.);
#3401=ORIENTED_EDGE('',*,*,#2452,.T.);
#3402=ORIENTED_EDGE('',*,*,#2455,.T.);
#3403=ORIENTED_EDGE('',*,*,#2458,.T.);
#3404=ORIENTED_EDGE('',*,*,#2461,.T.);
#3405=ORIENTED_EDGE('',*,*,#2464,.T.);
#3406=ORIENTED_EDGE('',*,*,#2467,.T.);
#3407=ORIENTED_EDGE('',*,*,#2470,.T.);
#3408=ORIENTED_EDGE('',*,*,#2473,.F.);
#3409=ORIENTED_EDGE('',*,*,#2476,.T.);
#3410=ORIENTED_EDGE('',*,*,#2478,.T.);
#3411=ORIENTED_EDGE('',*,*,#2479,.T.);
#3412=ORIENTED_EDGE('',*,*,#2371,.F.);
#3413=ORIENTED_EDGE('',*,*,#2477,.F.);
#3414=ORIENTED_EDGE('',*,*,#2474,.F.);
#3415=ORIENTED_EDGE('',*,*,#2471,.T.);
#3416=ORIENTED_EDGE('',*,*,#2468,.F.);
#3417=ORIENTED_EDGE('',*,*,#2465,.F.);
#3418=ORIENTED_EDGE('',*,*,#2462,.F.);
#3419=ORIENTED_EDGE('',*,*,#2459,.F.);
#3420=ORIENTED_EDGE('',*,*,#2456,.F.);
#3421=ORIENTED_EDGE('',*,*,#2453,.F.);
#3422=ORIENTED_EDGE('',*,*,#2450,.F.);
#3423=ORIENTED_EDGE('',*,*,#2447,.F.);
#3424=ORIENTED_EDGE('',*,*,#2444,.F.);
#3425=ORIENTED_EDGE('',*,*,#2441,.F.);
#3426=ORIENTED_EDGE('',*,*,#2438,.F.);
#3427=ORIENTED_EDGE('',*,*,#2435,.T.);
#3428=ORIENTED_EDGE('',*,*,#2432,.F.);
#3429=ORIENTED_EDGE('',*,*,#2429,.F.);
#3430=ORIENTED_EDGE('',*,*,#2426,.F.);
#3431=ORIENTED_EDGE('',*,*,#2423,.F.);
#3432=ORIENTED_EDGE('',*,*,#2420,.F.);
#3433=ORIENTED_EDGE('',*,*,#2417,.T.);
#3434=ORIENTED_EDGE('',*,*,#2414,.F.);
#3435=ORIENTED_EDGE('',*,*,#2411,.F.);
#3436=ORIENTED_EDGE('',*,*,#2408,.F.);
#3437=ORIENTED_EDGE('',*,*,#2405,.F.);
#3438=ORIENTED_EDGE('',*,*,#2402,.F.);
#3439=ORIENTED_EDGE('',*,*,#2399,.F.);
#3440=ORIENTED_EDGE('',*,*,#2396,.F.);
#3441=ORIENTED_EDGE('',*,*,#2393,.F.);
#3442=ORIENTED_EDGE('',*,*,#2390,.F.);
#3443=ORIENTED_EDGE('',*,*,#2387,.F.);
#3444=ORIENTED_EDGE('',*,*,#2384,.F.);
#3445=ORIENTED_EDGE('',*,*,#2381,.T.);
#3446=ORIENTED_EDGE('',*,*,#2378,.F.);
#3447=ORIENTED_EDGE('',*,*,#2375,.F.);
#3448=ORIENTED_EDGE('',*,*,#2480,.F.);
#3449=ORIENTED_EDGE('',*,*,#2479,.F.);
#3450=ORIENTED_EDGE('',*,*,#2481,.T.);
#3451=ORIENTED_EDGE('',*,*,#2480,.T.);
#3452=ORIENTED_EDGE('',*,*,#2481,.F.);
#3453=ORIENTED_EDGE('',*,*,#2482,.F.);
#3454=ORIENTED_EDGE('',*,*,#2483,.T.);
#3455=ORIENTED_EDGE('',*,*,#2484,.F.);
#3456=ORIENTED_EDGE('',*,*,#2485,.F.);
#3457=ORIENTED_EDGE('',*,*,#2486,.F.);
#3458=ORIENTED_EDGE('',*,*,#2487,.F.);
#3459=ORIENTED_EDGE('',*,*,#2488,.F.);
#3460=ORIENTED_EDGE('',*,*,#2489,.T.);
#3461=ORIENTED_EDGE('',*,*,#2490,.F.);
#3462=ORIENTED_EDGE('',*,*,#2491,.F.);
#3463=ORIENTED_EDGE('',*,*,#2492,.F.);
#3464=ORIENTED_EDGE('',*,*,#2493,.F.);
#3465=ORIENTED_EDGE('',*,*,#2494,.F.);
#3466=ORIENTED_EDGE('',*,*,#2495,.F.);
#3467=ORIENTED_EDGE('',*,*,#2496,.F.);
#3468=ORIENTED_EDGE('',*,*,#2497,.F.);
#3469=ORIENTED_EDGE('',*,*,#2498,.F.);
#3470=ORIENTED_EDGE('',*,*,#2499,.F.);
#3471=ORIENTED_EDGE('',*,*,#2500,.F.);
#3472=ORIENTED_EDGE('',*,*,#2501,.F.);
#3473=ORIENTED_EDGE('',*,*,#2502,.F.);
#3474=ORIENTED_EDGE('',*,*,#2503,.F.);
#3475=ORIENTED_EDGE('',*,*,#2504,.F.);
#3476=ORIENTED_EDGE('',*,*,#2505,.F.);
#3477=ORIENTED_EDGE('',*,*,#2506,.F.);
#3478=ORIENTED_EDGE('',*,*,#2507,.F.);
#3479=ORIENTED_EDGE('',*,*,#2508,.F.);
#3480=ORIENTED_EDGE('',*,*,#2509,.F.);
#3481=ORIENTED_EDGE('',*,*,#2510,.F.);
#3482=ORIENTED_EDGE('',*,*,#2511,.F.);
#3483=ORIENTED_EDGE('',*,*,#2512,.F.);
#3484=ORIENTED_EDGE('',*,*,#2513,.F.);
#3485=ORIENTED_EDGE('',*,*,#2514,.T.);
#3486=ORIENTED_EDGE('',*,*,#2507,.T.);
#3487=ORIENTED_EDGE('',*,*,#2515,.F.);
#3488=ORIENTED_EDGE('',*,*,#2516,.F.);
#3489=ORIENTED_EDGE('',*,*,#2517,.T.);
#3490=ORIENTED_EDGE('',*,*,#2506,.T.);
#3491=ORIENTED_EDGE('',*,*,#2518,.F.);
#3492=ORIENTED_EDGE('',*,*,#2519,.F.);
#3493=ORIENTED_EDGE('',*,*,#2515,.T.);
#3494=ORIENTED_EDGE('',*,*,#2518,.T.);
#3495=ORIENTED_EDGE('',*,*,#2520,.T.);
#3496=ORIENTED_EDGE('',*,*,#2521,.T.);
#3497=ORIENTED_EDGE('',*,*,#2522,.F.);
#3498=ORIENTED_EDGE('',*,*,#2523,.F.);
#3499=ORIENTED_EDGE('',*,*,#2524,.T.);
#3500=ORIENTED_EDGE('',*,*,#2525,.F.);
#3501=ORIENTED_EDGE('',*,*,#2526,.T.);
#3502=ORIENTED_EDGE('',*,*,#2527,.F.);
#3503=ORIENTED_EDGE('',*,*,#2528,.F.);
#3504=ORIENTED_EDGE('',*,*,#2504,.T.);
#3505=ORIENTED_EDGE('',*,*,#2529,.F.);
#3506=ORIENTED_EDGE('',*,*,#2530,.F.);
#3507=ORIENTED_EDGE('',*,*,#2527,.T.);
#3508=ORIENTED_EDGE('',*,*,#2503,.T.);
#3509=ORIENTED_EDGE('',*,*,#2531,.F.);
#3510=ORIENTED_EDGE('',*,*,#2532,.F.);
#3511=ORIENTED_EDGE('',*,*,#2529,.T.);
#3512=ORIENTED_EDGE('',*,*,#2502,.T.);
#3513=ORIENTED_EDGE('',*,*,#2533,.F.);
#3514=ORIENTED_EDGE('',*,*,#2534,.F.);
#3515=ORIENTED_EDGE('',*,*,#2531,.T.);
#3516=ORIENTED_EDGE('',*,*,#2501,.T.);
#3517=ORIENTED_EDGE('',*,*,#2535,.F.);
#3518=ORIENTED_EDGE('',*,*,#2536,.F.);
#3519=ORIENTED_EDGE('',*,*,#2533,.T.);
#3520=ORIENTED_EDGE('',*,*,#2500,.T.);
#3521=ORIENTED_EDGE('',*,*,#2537,.F.);
#3522=ORIENTED_EDGE('',*,*,#2538,.F.);
#3523=ORIENTED_EDGE('',*,*,#2535,.T.);
#3524=ORIENTED_EDGE('',*,*,#2537,.T.);
#3525=ORIENTED_EDGE('',*,*,#2539,.T.);
#3526=ORIENTED_EDGE('',*,*,#2540,.T.);
#3527=ORIENTED_EDGE('',*,*,#2541,.F.);
#3528=ORIENTED_EDGE('',*,*,#2542,.F.);
#3529=ORIENTED_EDGE('',*,*,#2541,.T.);
#3530=ORIENTED_EDGE('',*,*,#2543,.T.);
#3531=ORIENTED_EDGE('',*,*,#2544,.T.);
#3532=ORIENTED_EDGE('',*,*,#2545,.T.);
#3533=ORIENTED_EDGE('',*,*,#2546,.F.);
#3534=ORIENTED_EDGE('',*,*,#2547,.T.);
#3535=ORIENTED_EDGE('',*,*,#2548,.T.);
#3536=ORIENTED_EDGE('',*,*,#2549,.T.);
#3537=ORIENTED_EDGE('',*,*,#2550,.F.);
#3538=ORIENTED_EDGE('',*,*,#2551,.T.);
#3539=ORIENTED_EDGE('',*,*,#2552,.T.);
#3540=ORIENTED_EDGE('',*,*,#2553,.T.);
#3541=ORIENTED_EDGE('',*,*,#2524,.F.);
#3542=ORIENTED_EDGE('',*,*,#2554,.F.);
#3543=ORIENTED_EDGE('',*,*,#2522,.T.);
#3544=ORIENTED_EDGE('',*,*,#2555,.T.);
#3545=ORIENTED_EDGE('',*,*,#2556,.T.);
#3546=ORIENTED_EDGE('',*,*,#2557,.T.);
#3547=ORIENTED_EDGE('',*,*,#2558,.F.);
#3548=ORIENTED_EDGE('',*,*,#2559,.T.);
#3549=ORIENTED_EDGE('',*,*,#2560,.T.);
#3550=ORIENTED_EDGE('',*,*,#2561,.T.);
#3551=ORIENTED_EDGE('',*,*,#2562,.F.);
#3552=ORIENTED_EDGE('',*,*,#2563,.F.);
#3553=ORIENTED_EDGE('',*,*,#2562,.T.);
#3554=ORIENTED_EDGE('',*,*,#2564,.F.);
#3555=ORIENTED_EDGE('',*,*,#2565,.T.);
#3556=ORIENTED_EDGE('',*,*,#2566,.F.);
#3557=ORIENTED_EDGE('',*,*,#2567,.F.);
#3558=ORIENTED_EDGE('',*,*,#2498,.T.);
#3559=ORIENTED_EDGE('',*,*,#2568,.F.);
#3560=ORIENTED_EDGE('',*,*,#2569,.F.);
#3561=ORIENTED_EDGE('',*,*,#2566,.T.);
#3562=ORIENTED_EDGE('',*,*,#2497,.T.);
#3563=ORIENTED_EDGE('',*,*,#2570,.F.);
#3564=ORIENTED_EDGE('',*,*,#2571,.F.);
#3565=ORIENTED_EDGE('',*,*,#2568,.T.);
#3566=ORIENTED_EDGE('',*,*,#2496,.T.);
#3567=ORIENTED_EDGE('',*,*,#2572,.F.);
#3568=ORIENTED_EDGE('',*,*,#2573,.F.);
#3569=ORIENTED_EDGE('',*,*,#2570,.T.);
#3570=ORIENTED_EDGE('',*,*,#2495,.T.);
#3571=ORIENTED_EDGE('',*,*,#2574,.F.);
#3572=ORIENTED_EDGE('',*,*,#2575,.F.);
#3573=ORIENTED_EDGE('',*,*,#2572,.T.);
#3574=ORIENTED_EDGE('',*,*,#2494,.T.);
#3575=ORIENTED_EDGE('',*,*,#2576,.F.);
#3576=ORIENTED_EDGE('',*,*,#2577,.F.);
#3577=ORIENTED_EDGE('',*,*,#2574,.T.);
#3578=ORIENTED_EDGE('',*,*,#2493,.T.);
#3579=ORIENTED_EDGE('',*,*,#2578,.F.);
#3580=ORIENTED_EDGE('',*,*,#2579,.F.);
#3581=ORIENTED_EDGE('',*,*,#2576,.T.);
#3582=ORIENTED_EDGE('',*,*,#2492,.T.);
#3583=ORIENTED_EDGE('',*,*,#2580,.F.);
#3584=ORIENTED_EDGE('',*,*,#2581,.F.);
#3585=ORIENTED_EDGE('',*,*,#2578,.T.);
#3586=ORIENTED_EDGE('',*,*,#2491,.T.);
#3587=ORIENTED_EDGE('',*,*,#2582,.F.);
#3588=ORIENTED_EDGE('',*,*,#2583,.F.);
#3589=ORIENTED_EDGE('',*,*,#2580,.T.);
#3590=ORIENTED_EDGE('',*,*,#2490,.T.);
#3591=ORIENTED_EDGE('',*,*,#2584,.F.);
#3592=ORIENTED_EDGE('',*,*,#2585,.F.);
#3593=ORIENTED_EDGE('',*,*,#2582,.T.);
#3594=ORIENTED_EDGE('',*,*,#2584,.T.);
#3595=ORIENTED_EDGE('',*,*,#2586,.F.);
#3596=ORIENTED_EDGE('',*,*,#2587,.T.);
#3597=ORIENTED_EDGE('',*,*,#2588,.F.);
#3598=ORIENTED_EDGE('',*,*,#2589,.F.);
#3599=ORIENTED_EDGE('',*,*,#2590,.T.);
#3600=ORIENTED_EDGE('',*,*,#2591,.F.);
#3601=ORIENTED_EDGE('',*,*,#2592,.F.);
#3602=ORIENTED_EDGE('',*,*,#2593,.F.);
#3603=ORIENTED_EDGE('',*,*,#2594,.F.);
#3604=ORIENTED_EDGE('',*,*,#2488,.T.);
#3605=ORIENTED_EDGE('',*,*,#2595,.F.);
#3606=ORIENTED_EDGE('',*,*,#2596,.F.);
#3607=ORIENTED_EDGE('',*,*,#2593,.T.);
#3608=ORIENTED_EDGE('',*,*,#2487,.T.);
#3609=ORIENTED_EDGE('',*,*,#2597,.F.);
#3610=ORIENTED_EDGE('',*,*,#2598,.F.);
#3611=ORIENTED_EDGE('',*,*,#2595,.T.);
#3612=ORIENTED_EDGE('',*,*,#2486,.T.);
#3613=ORIENTED_EDGE('',*,*,#2599,.F.);
#3614=ORIENTED_EDGE('',*,*,#2600,.F.);
#3615=ORIENTED_EDGE('',*,*,#2597,.T.);
#3616=ORIENTED_EDGE('',*,*,#2485,.T.);
#3617=ORIENTED_EDGE('',*,*,#2601,.F.);
#3618=ORIENTED_EDGE('',*,*,#2602,.F.);
#3619=ORIENTED_EDGE('',*,*,#2599,.T.);
#3620=ORIENTED_EDGE('',*,*,#2484,.T.);
#3621=ORIENTED_EDGE('',*,*,#2603,.F.);
#3622=ORIENTED_EDGE('',*,*,#2604,.F.);
#3623=ORIENTED_EDGE('',*,*,#2601,.T.);
#3624=ORIENTED_EDGE('',*,*,#2603,.T.);
#3625=ORIENTED_EDGE('',*,*,#2605,.F.);
#3626=ORIENTED_EDGE('',*,*,#2606,.T.);
#3627=ORIENTED_EDGE('',*,*,#2607,.F.);
#3628=ORIENTED_EDGE('',*,*,#2608,.F.);
#3629=ORIENTED_EDGE('',*,*,#2607,.T.);
#3630=ORIENTED_EDGE('',*,*,#2609,.F.);
#3631=ORIENTED_EDGE('',*,*,#2610,.F.);
#3632=ORIENTED_EDGE('',*,*,#2611,.F.);
#3633=ORIENTED_EDGE('',*,*,#2612,.T.);
#3634=ORIENTED_EDGE('',*,*,#2613,.F.);
#3635=ORIENTED_EDGE('',*,*,#2614,.F.);
#3636=ORIENTED_EDGE('',*,*,#2615,.F.);
#3637=ORIENTED_EDGE('',*,*,#2616,.T.);
#3638=ORIENTED_EDGE('',*,*,#2617,.F.);
#3639=ORIENTED_EDGE('',*,*,#2618,.F.);
#3640=ORIENTED_EDGE('',*,*,#2619,.F.);
#3641=ORIENTED_EDGE('',*,*,#2590,.F.);
#3642=ORIENTED_EDGE('',*,*,#2620,.F.);
#3643=ORIENTED_EDGE('',*,*,#2588,.T.);
#3644=ORIENTED_EDGE('',*,*,#2621,.F.);
#3645=ORIENTED_EDGE('',*,*,#2622,.F.);
#3646=ORIENTED_EDGE('',*,*,#2623,.F.);
#3647=ORIENTED_EDGE('',*,*,#2624,.T.);
#3648=ORIENTED_EDGE('',*,*,#2625,.F.);
#3649=ORIENTED_EDGE('',*,*,#2626,.F.);
#3650=ORIENTED_EDGE('',*,*,#2627,.F.);
#3651=ORIENTED_EDGE('',*,*,#2628,.F.);
#3652=ORIENTED_EDGE('',*,*,#2629,.F.);
#3653=ORIENTED_EDGE('',*,*,#2628,.T.);
#3654=ORIENTED_EDGE('',*,*,#2630,.F.);
#3655=ORIENTED_EDGE('',*,*,#2631,.F.);
#3656=ORIENTED_EDGE('',*,*,#2632,.F.);
#3657=ORIENTED_EDGE('',*,*,#2633,.F.);
#3658=ORIENTED_EDGE('',*,*,#2482,.T.);
#3659=ORIENTED_EDGE('',*,*,#2634,.F.);
#3660=ORIENTED_EDGE('',*,*,#2635,.F.);
#3661=ORIENTED_EDGE('',*,*,#2632,.T.);
#3662=ORIENTED_EDGE('',*,*,#2513,.T.);
#3663=ORIENTED_EDGE('',*,*,#2636,.F.);
#3664=ORIENTED_EDGE('',*,*,#2637,.F.);
#3665=ORIENTED_EDGE('',*,*,#2634,.T.);
#3666=ORIENTED_EDGE('',*,*,#2512,.T.);
#3667=ORIENTED_EDGE('',*,*,#2638,.F.);
#3668=ORIENTED_EDGE('',*,*,#2639,.F.);
#3669=ORIENTED_EDGE('',*,*,#2636,.T.);
#3670=ORIENTED_EDGE('',*,*,#2511,.T.);
#3671=ORIENTED_EDGE('',*,*,#2640,.F.);
#3672=ORIENTED_EDGE('',*,*,#2641,.F.);
#3673=ORIENTED_EDGE('',*,*,#2638,.T.);
#3674=ORIENTED_EDGE('',*,*,#2510,.T.);
#3675=ORIENTED_EDGE('',*,*,#2642,.F.);
#3676=ORIENTED_EDGE('',*,*,#2643,.F.);
#3677=ORIENTED_EDGE('',*,*,#2640,.T.);
#3678=ORIENTED_EDGE('',*,*,#2509,.T.);
#3679=ORIENTED_EDGE('',*,*,#2644,.F.);
#3680=ORIENTED_EDGE('',*,*,#2645,.F.);
#3681=ORIENTED_EDGE('',*,*,#2642,.T.);
#3682=ORIENTED_EDGE('',*,*,#2646,.T.);
#3683=ORIENTED_EDGE('',*,*,#2647,.T.);
#3684=ORIENTED_EDGE('',*,*,#2514,.F.);
#3685=ORIENTED_EDGE('',*,*,#2647,.F.);
#3686=ORIENTED_EDGE('',*,*,#2508,.T.);
#3687=ORIENTED_EDGE('',*,*,#2517,.F.);
#3688=ORIENTED_EDGE('',*,*,#2648,.F.);
#3689=ORIENTED_EDGE('',*,*,#2644,.T.);
#3690=ORIENTED_EDGE('',*,*,#2604,.T.);
#3691=ORIENTED_EDGE('',*,*,#2608,.T.);
#3692=ORIENTED_EDGE('',*,*,#2629,.T.);
#3693=ORIENTED_EDGE('',*,*,#2633,.T.);
#3694=ORIENTED_EDGE('',*,*,#2635,.T.);
#3695=ORIENTED_EDGE('',*,*,#2637,.T.);
#3696=ORIENTED_EDGE('',*,*,#2639,.T.);
#3697=ORIENTED_EDGE('',*,*,#2641,.T.);
#3698=ORIENTED_EDGE('',*,*,#2643,.T.);
#3699=ORIENTED_EDGE('',*,*,#2645,.T.);
#3700=ORIENTED_EDGE('',*,*,#2648,.T.);
#3701=ORIENTED_EDGE('',*,*,#2516,.T.);
#3702=ORIENTED_EDGE('',*,*,#2519,.T.);
#3703=ORIENTED_EDGE('',*,*,#2523,.T.);
#3704=ORIENTED_EDGE('',*,*,#2554,.T.);
#3705=ORIENTED_EDGE('',*,*,#2528,.T.);
#3706=ORIENTED_EDGE('',*,*,#2530,.T.);
#3707=ORIENTED_EDGE('',*,*,#2532,.T.);
#3708=ORIENTED_EDGE('',*,*,#2534,.T.);
#3709=ORIENTED_EDGE('',*,*,#2536,.T.);
#3710=ORIENTED_EDGE('',*,*,#2538,.T.);
#3711=ORIENTED_EDGE('',*,*,#2542,.T.);
#3712=ORIENTED_EDGE('',*,*,#2563,.T.);
#3713=ORIENTED_EDGE('',*,*,#2567,.T.);
#3714=ORIENTED_EDGE('',*,*,#2569,.T.);
#3715=ORIENTED_EDGE('',*,*,#2571,.T.);
#3716=ORIENTED_EDGE('',*,*,#2573,.T.);
#3717=ORIENTED_EDGE('',*,*,#2575,.T.);
#3718=ORIENTED_EDGE('',*,*,#2577,.T.);
#3719=ORIENTED_EDGE('',*,*,#2579,.T.);
#3720=ORIENTED_EDGE('',*,*,#2581,.T.);
#3721=ORIENTED_EDGE('',*,*,#2583,.T.);
#3722=ORIENTED_EDGE('',*,*,#2585,.T.);
#3723=ORIENTED_EDGE('',*,*,#2589,.T.);
#3724=ORIENTED_EDGE('',*,*,#2620,.T.);
#3725=ORIENTED_EDGE('',*,*,#2594,.T.);
#3726=ORIENTED_EDGE('',*,*,#2596,.T.);
#3727=ORIENTED_EDGE('',*,*,#2598,.T.);
#3728=ORIENTED_EDGE('',*,*,#2600,.T.);
#3729=ORIENTED_EDGE('',*,*,#2602,.T.);
#3730=ORIENTED_EDGE('',*,*,#2646,.F.);
#3731=ORIENTED_EDGE('',*,*,#2520,.F.);
#3732=ORIENTED_EDGE('',*,*,#2505,.T.);
#3733=ORIENTED_EDGE('',*,*,#2526,.F.);
#3734=ORIENTED_EDGE('',*,*,#2649,.F.);
#3735=ORIENTED_EDGE('',*,*,#2650,.F.);
#3736=ORIENTED_EDGE('',*,*,#2651,.F.);
#3737=ORIENTED_EDGE('',*,*,#2652,.T.);
#3738=ORIENTED_EDGE('',*,*,#2653,.F.);
#3739=ORIENTED_EDGE('',*,*,#2654,.F.);
#3740=ORIENTED_EDGE('',*,*,#2655,.F.);
#3741=ORIENTED_EDGE('',*,*,#2656,.T.);
#3742=ORIENTED_EDGE('',*,*,#2657,.F.);
#3743=ORIENTED_EDGE('',*,*,#2658,.F.);
#3744=ORIENTED_EDGE('',*,*,#2659,.F.);
#3745=ORIENTED_EDGE('',*,*,#2539,.F.);
#3746=ORIENTED_EDGE('',*,*,#2499,.T.);
#3747=ORIENTED_EDGE('',*,*,#2565,.F.);
#3748=ORIENTED_EDGE('',*,*,#2660,.F.);
#3749=ORIENTED_EDGE('',*,*,#2661,.F.);
#3750=ORIENTED_EDGE('',*,*,#2662,.F.);
#3751=ORIENTED_EDGE('',*,*,#2663,.T.);
#3752=ORIENTED_EDGE('',*,*,#2664,.F.);
#3753=ORIENTED_EDGE('',*,*,#2665,.F.);
#3754=ORIENTED_EDGE('',*,*,#2666,.F.);
#3755=ORIENTED_EDGE('',*,*,#2555,.F.);
#3756=ORIENTED_EDGE('',*,*,#2521,.F.);
#3757=ORIENTED_EDGE('',*,*,#2666,.T.);
#3758=ORIENTED_EDGE('',*,*,#2667,.T.);
#3759=ORIENTED_EDGE('',*,*,#2556,.F.);
#3760=ORIENTED_EDGE('',*,*,#2667,.F.);
#3761=ORIENTED_EDGE('',*,*,#2665,.T.);
#3762=ORIENTED_EDGE('',*,*,#2668,.T.);
#3763=ORIENTED_EDGE('',*,*,#2557,.F.);
#3764=ORIENTED_EDGE('',*,*,#2668,.F.);
#3765=ORIENTED_EDGE('',*,*,#2664,.T.);
#3766=ORIENTED_EDGE('',*,*,#2669,.T.);
#3767=ORIENTED_EDGE('',*,*,#2558,.T.);
#3768=ORIENTED_EDGE('',*,*,#2669,.F.);
#3769=ORIENTED_EDGE('',*,*,#2663,.F.);
#3770=ORIENTED_EDGE('',*,*,#2670,.T.);
#3771=ORIENTED_EDGE('',*,*,#2559,.F.);
#3772=ORIENTED_EDGE('',*,*,#2670,.F.);
#3773=ORIENTED_EDGE('',*,*,#2662,.T.);
#3774=ORIENTED_EDGE('',*,*,#2671,.T.);
#3775=ORIENTED_EDGE('',*,*,#2560,.F.);
#3776=ORIENTED_EDGE('',*,*,#2671,.F.);
#3777=ORIENTED_EDGE('',*,*,#2661,.T.);
#3778=ORIENTED_EDGE('',*,*,#2672,.T.);
#3779=ORIENTED_EDGE('',*,*,#2561,.F.);
#3780=ORIENTED_EDGE('',*,*,#2672,.F.);
#3781=ORIENTED_EDGE('',*,*,#2660,.T.);
#3782=ORIENTED_EDGE('',*,*,#2564,.T.);
#3783=ORIENTED_EDGE('',*,*,#2543,.F.);
#3784=ORIENTED_EDGE('',*,*,#2540,.F.);
#3785=ORIENTED_EDGE('',*,*,#2659,.T.);
#3786=ORIENTED_EDGE('',*,*,#2673,.T.);
#3787=ORIENTED_EDGE('',*,*,#2544,.F.);
#3788=ORIENTED_EDGE('',*,*,#2673,.F.);
#3789=ORIENTED_EDGE('',*,*,#2658,.T.);
#3790=ORIENTED_EDGE('',*,*,#2674,.T.);
#3791=ORIENTED_EDGE('',*,*,#2545,.F.);
#3792=ORIENTED_EDGE('',*,*,#2674,.F.);
#3793=ORIENTED_EDGE('',*,*,#2657,.T.);
#3794=ORIENTED_EDGE('',*,*,#2675,.T.);
#3795=ORIENTED_EDGE('',*,*,#2546,.T.);
#3796=ORIENTED_EDGE('',*,*,#2675,.F.);
#3797=ORIENTED_EDGE('',*,*,#2656,.F.);
#3798=ORIENTED_EDGE('',*,*,#2676,.T.);
#3799=ORIENTED_EDGE('',*,*,#2547,.F.);
#3800=ORIENTED_EDGE('',*,*,#2676,.F.);
#3801=ORIENTED_EDGE('',*,*,#2655,.T.);
#3802=ORIENTED_EDGE('',*,*,#2677,.T.);
#3803=ORIENTED_EDGE('',*,*,#2548,.F.);
#3804=ORIENTED_EDGE('',*,*,#2677,.F.);
#3805=ORIENTED_EDGE('',*,*,#2654,.T.);
#3806=ORIENTED_EDGE('',*,*,#2678,.T.);
#3807=ORIENTED_EDGE('',*,*,#2549,.F.);
#3808=ORIENTED_EDGE('',*,*,#2678,.F.);
#3809=ORIENTED_EDGE('',*,*,#2653,.T.);
#3810=ORIENTED_EDGE('',*,*,#2679,.T.);
#3811=ORIENTED_EDGE('',*,*,#2550,.T.);
#3812=ORIENTED_EDGE('',*,*,#2679,.F.);
#3813=ORIENTED_EDGE('',*,*,#2652,.F.);
#3814=ORIENTED_EDGE('',*,*,#2680,.T.);
#3815=ORIENTED_EDGE('',*,*,#2551,.F.);
#3816=ORIENTED_EDGE('',*,*,#2680,.F.);
#3817=ORIENTED_EDGE('',*,*,#2651,.T.);
#3818=ORIENTED_EDGE('',*,*,#2681,.T.);
#3819=ORIENTED_EDGE('',*,*,#2552,.F.);
#3820=ORIENTED_EDGE('',*,*,#2681,.F.);
#3821=ORIENTED_EDGE('',*,*,#2650,.T.);
#3822=ORIENTED_EDGE('',*,*,#2682,.T.);
#3823=ORIENTED_EDGE('',*,*,#2553,.F.);
#3824=ORIENTED_EDGE('',*,*,#2682,.F.);
#3825=ORIENTED_EDGE('',*,*,#2649,.T.);
#3826=ORIENTED_EDGE('',*,*,#2525,.T.);
#3827=ORIENTED_EDGE('',*,*,#2483,.F.);
#3828=ORIENTED_EDGE('',*,*,#2631,.T.);
#3829=ORIENTED_EDGE('',*,*,#2683,.T.);
#3830=ORIENTED_EDGE('',*,*,#2684,.T.);
#3831=ORIENTED_EDGE('',*,*,#2685,.T.);
#3832=ORIENTED_EDGE('',*,*,#2686,.F.);
#3833=ORIENTED_EDGE('',*,*,#2687,.T.);
#3834=ORIENTED_EDGE('',*,*,#2688,.T.);
#3835=ORIENTED_EDGE('',*,*,#2689,.T.);
#3836=ORIENTED_EDGE('',*,*,#2586,.T.);
#3837=ORIENTED_EDGE('',*,*,#2489,.F.);
#3838=ORIENTED_EDGE('',*,*,#2592,.T.);
#3839=ORIENTED_EDGE('',*,*,#2690,.T.);
#3840=ORIENTED_EDGE('',*,*,#2691,.T.);
#3841=ORIENTED_EDGE('',*,*,#2692,.T.);
#3842=ORIENTED_EDGE('',*,*,#2693,.F.);
#3843=ORIENTED_EDGE('',*,*,#2694,.T.);
#3844=ORIENTED_EDGE('',*,*,#2695,.T.);
#3845=ORIENTED_EDGE('',*,*,#2696,.T.);
#3846=ORIENTED_EDGE('',*,*,#2697,.F.);
#3847=ORIENTED_EDGE('',*,*,#2698,.T.);
#3848=ORIENTED_EDGE('',*,*,#2699,.T.);
#3849=ORIENTED_EDGE('',*,*,#2700,.T.);
#3850=ORIENTED_EDGE('',*,*,#2605,.T.);
#3851=ORIENTED_EDGE('',*,*,#2627,.T.);
#3852=ORIENTED_EDGE('',*,*,#2701,.F.);
#3853=ORIENTED_EDGE('',*,*,#2683,.F.);
#3854=ORIENTED_EDGE('',*,*,#2630,.T.);
#3855=ORIENTED_EDGE('',*,*,#2626,.T.);
#3856=ORIENTED_EDGE('',*,*,#2702,.F.);
#3857=ORIENTED_EDGE('',*,*,#2684,.F.);
#3858=ORIENTED_EDGE('',*,*,#2701,.T.);
#3859=ORIENTED_EDGE('',*,*,#2625,.T.);
#3860=ORIENTED_EDGE('',*,*,#2703,.F.);
#3861=ORIENTED_EDGE('',*,*,#2685,.F.);
#3862=ORIENTED_EDGE('',*,*,#2702,.T.);
#3863=ORIENTED_EDGE('',*,*,#2624,.F.);
#3864=ORIENTED_EDGE('',*,*,#2704,.F.);
#3865=ORIENTED_EDGE('',*,*,#2686,.T.);
#3866=ORIENTED_EDGE('',*,*,#2703,.T.);
#3867=ORIENTED_EDGE('',*,*,#2623,.T.);
#3868=ORIENTED_EDGE('',*,*,#2705,.F.);
#3869=ORIENTED_EDGE('',*,*,#2687,.F.);
#3870=ORIENTED_EDGE('',*,*,#2704,.T.);
#3871=ORIENTED_EDGE('',*,*,#2622,.T.);
#3872=ORIENTED_EDGE('',*,*,#2706,.F.);
#3873=ORIENTED_EDGE('',*,*,#2688,.F.);
#3874=ORIENTED_EDGE('',*,*,#2705,.T.);
#3875=ORIENTED_EDGE('',*,*,#2621,.T.);
#3876=ORIENTED_EDGE('',*,*,#2587,.F.);
#3877=ORIENTED_EDGE('',*,*,#2689,.F.);
#3878=ORIENTED_EDGE('',*,*,#2706,.T.);
#3879=ORIENTED_EDGE('',*,*,#2619,.T.);
#3880=ORIENTED_EDGE('',*,*,#2707,.F.);
#3881=ORIENTED_EDGE('',*,*,#2690,.F.);
#3882=ORIENTED_EDGE('',*,*,#2591,.T.);
#3883=ORIENTED_EDGE('',*,*,#2618,.T.);
#3884=ORIENTED_EDGE('',*,*,#2708,.F.);
#3885=ORIENTED_EDGE('',*,*,#2691,.F.);
#3886=ORIENTED_EDGE('',*,*,#2707,.T.);
#3887=ORIENTED_EDGE('',*,*,#2617,.T.);
#3888=ORIENTED_EDGE('',*,*,#2709,.F.);
#3889=ORIENTED_EDGE('',*,*,#2692,.F.);
#3890=ORIENTED_EDGE('',*,*,#2708,.T.);
#3891=ORIENTED_EDGE('',*,*,#2616,.F.);
#3892=ORIENTED_EDGE('',*,*,#2710,.F.);
#3893=ORIENTED_EDGE('',*,*,#2693,.T.);
#3894=ORIENTED_EDGE('',*,*,#2709,.T.);
#3895=ORIENTED_EDGE('',*,*,#2615,.T.);
#3896=ORIENTED_EDGE('',*,*,#2711,.F.);
#3897=ORIENTED_EDGE('',*,*,#2694,.F.);
#3898=ORIENTED_EDGE('',*,*,#2710,.T.);
#3899=ORIENTED_EDGE('',*,*,#2614,.T.);
#3900=ORIENTED_EDGE('',*,*,#2712,.F.);
#3901=ORIENTED_EDGE('',*,*,#2695,.F.);
#3902=ORIENTED_EDGE('',*,*,#2711,.T.);
#3903=ORIENTED_EDGE('',*,*,#2613,.T.);
#3904=ORIENTED_EDGE('',*,*,#2713,.F.);
#3905=ORIENTED_EDGE('',*,*,#2696,.F.);
#3906=ORIENTED_EDGE('',*,*,#2712,.T.);
#3907=ORIENTED_EDGE('',*,*,#2612,.F.);
#3908=ORIENTED_EDGE('',*,*,#2714,.F.);
#3909=ORIENTED_EDGE('',*,*,#2697,.T.);
#3910=ORIENTED_EDGE('',*,*,#2713,.T.);
#3911=ORIENTED_EDGE('',*,*,#2611,.T.);
#3912=ORIENTED_EDGE('',*,*,#2715,.F.);
#3913=ORIENTED_EDGE('',*,*,#2698,.F.);
#3914=ORIENTED_EDGE('',*,*,#2714,.T.);
#3915=ORIENTED_EDGE('',*,*,#2610,.T.);
#3916=ORIENTED_EDGE('',*,*,#2716,.F.);
#3917=ORIENTED_EDGE('',*,*,#2699,.F.);
#3918=ORIENTED_EDGE('',*,*,#2715,.T.);
#3919=ORIENTED_EDGE('',*,*,#2609,.T.);
#3920=ORIENTED_EDGE('',*,*,#2606,.F.);
#3921=ORIENTED_EDGE('',*,*,#2700,.F.);
#3922=ORIENTED_EDGE('',*,*,#2716,.T.);
#3923=ORIENTED_EDGE('',*,*,#2717,.F.);
#3924=ORIENTED_EDGE('',*,*,#2718,.F.);
#3925=ORIENTED_EDGE('',*,*,#2719,.T.);
#3926=ORIENTED_EDGE('',*,*,#2720,.F.);
#3927=ORIENTED_EDGE('',*,*,#2721,.F.);
#3928=ORIENTED_EDGE('',*,*,#2722,.T.);
#3929=ORIENTED_EDGE('',*,*,#2723,.F.);
#3930=ORIENTED_EDGE('',*,*,#2724,.T.);
#3931=ORIENTED_EDGE('',*,*,#2725,.T.);
#3932=ORIENTED_EDGE('',*,*,#2726,.F.);
#3933=ORIENTED_EDGE('',*,*,#2727,.T.);
#3934=ORIENTED_EDGE('',*,*,#2728,.T.);
#3935=ORIENTED_EDGE('',*,*,#2729,.F.);
#3936=ORIENTED_EDGE('',*,*,#2730,.T.);
#3937=ORIENTED_EDGE('',*,*,#2731,.F.);
#3938=ORIENTED_EDGE('',*,*,#2732,.T.);
#3939=ORIENTED_EDGE('',*,*,#2733,.F.);
#3940=ORIENTED_EDGE('',*,*,#2732,.F.);
#3941=ORIENTED_EDGE('',*,*,#2734,.T.);
#3942=ORIENTED_EDGE('',*,*,#2718,.T.);
#3943=ORIENTED_EDGE('',*,*,#2735,.F.);
#3944=ORIENTED_EDGE('',*,*,#2736,.T.);
#3945=ORIENTED_EDGE('',*,*,#2737,.T.);
#3946=ORIENTED_EDGE('',*,*,#2738,.F.);
#3947=ORIENTED_EDGE('',*,*,#2739,.T.);
#3948=ORIENTED_EDGE('',*,*,#2740,.T.);
#3949=ORIENTED_EDGE('',*,*,#2741,.F.);
#3950=ORIENTED_EDGE('',*,*,#2742,.T.);
#3951=ORIENTED_EDGE('',*,*,#2743,.T.);
#3952=ORIENTED_EDGE('',*,*,#2744,.F.);
#3953=ORIENTED_EDGE('',*,*,#2745,.T.);
#3954=ORIENTED_EDGE('',*,*,#2746,.T.);
#3955=ORIENTED_EDGE('',*,*,#2747,.F.);
#3956=ORIENTED_EDGE('',*,*,#2724,.F.);
#3957=ORIENTED_EDGE('',*,*,#2748,.T.);
#3958=ORIENTED_EDGE('',*,*,#2726,.T.);
#3959=ORIENTED_EDGE('',*,*,#2749,.F.);
#3960=ORIENTED_EDGE('',*,*,#2738,.T.);
#3961=ORIENTED_EDGE('',*,*,#2750,.F.);
#3962=ORIENTED_EDGE('',*,*,#2751,.F.);
#3963=ORIENTED_EDGE('',*,*,#2752,.F.);
#3964=ORIENTED_EDGE('',*,*,#2753,.F.);
#3965=ORIENTED_EDGE('',*,*,#2754,.F.);
#3966=ORIENTED_EDGE('',*,*,#2744,.T.);
#3967=ORIENTED_EDGE('',*,*,#2753,.T.);
#3968=ORIENTED_EDGE('',*,*,#2755,.T.);
#3969=ORIENTED_EDGE('',*,*,#2751,.T.);
#3970=ORIENTED_EDGE('',*,*,#2756,.T.);
#3971=ORIENTED_EDGE('',*,*,#2757,.F.);
#3972=ORIENTED_EDGE('',*,*,#2722,.F.);
#3973=ORIENTED_EDGE('',*,*,#2758,.F.);
#3974=ORIENTED_EDGE('',*,*,#2728,.F.);
#3975=ORIENTED_EDGE('',*,*,#2730,.F.);
#3976=ORIENTED_EDGE('',*,*,#2759,.F.);
#3977=ORIENTED_EDGE('',*,*,#2720,.T.);
#3978=ORIENTED_EDGE('',*,*,#2760,.T.);
#3979=ORIENTED_EDGE('',*,*,#2758,.T.);
#3980=ORIENTED_EDGE('',*,*,#2721,.T.);
#3981=ORIENTED_EDGE('',*,*,#2759,.T.);
#3982=ORIENTED_EDGE('',*,*,#2729,.T.);
#3983=ORIENTED_EDGE('',*,*,#2760,.F.);
#3984=ORIENTED_EDGE('',*,*,#2719,.F.);
#3985=ORIENTED_EDGE('',*,*,#2734,.F.);
#3986=ORIENTED_EDGE('',*,*,#2731,.T.);
#3987=ORIENTED_EDGE('',*,*,#2757,.T.);
#3988=ORIENTED_EDGE('',*,*,#2727,.F.);
#3989=ORIENTED_EDGE('',*,*,#2748,.F.);
#3990=ORIENTED_EDGE('',*,*,#2723,.T.);
#3991=ORIENTED_EDGE('',*,*,#2761,.T.);
#3992=ORIENTED_EDGE('',*,*,#2745,.F.);
#3993=ORIENTED_EDGE('',*,*,#2754,.T.);
#3994=ORIENTED_EDGE('',*,*,#2756,.F.);
#3995=ORIENTED_EDGE('',*,*,#2750,.T.);
#3996=ORIENTED_EDGE('',*,*,#2737,.F.);
#3997=ORIENTED_EDGE('',*,*,#2735,.T.);
#3998=ORIENTED_EDGE('',*,*,#2717,.T.);
#3999=ORIENTED_EDGE('',*,*,#2747,.T.);
#4000=ORIENTED_EDGE('',*,*,#2762,.F.);
#4001=ORIENTED_EDGE('',*,*,#2762,.T.);
#4002=ORIENTED_EDGE('',*,*,#2746,.F.);
#4003=ORIENTED_EDGE('',*,*,#2761,.F.);
#4004=ORIENTED_EDGE('',*,*,#2736,.F.);
#4005=ORIENTED_EDGE('',*,*,#2733,.T.);
#4006=ORIENTED_EDGE('',*,*,#2763,.T.);
#4007=ORIENTED_EDGE('',*,*,#2741,.T.);
#4008=ORIENTED_EDGE('',*,*,#2725,.F.);
#4009=ORIENTED_EDGE('',*,*,#2764,.T.);
#4010=ORIENTED_EDGE('',*,*,#2742,.F.);
#4011=ORIENTED_EDGE('',*,*,#2763,.F.);
#4012=ORIENTED_EDGE('',*,*,#2740,.F.);
#4013=ORIENTED_EDGE('',*,*,#2749,.T.);
#4014=ORIENTED_EDGE('',*,*,#2755,.F.);
#4015=ORIENTED_EDGE('',*,*,#2752,.T.);
#4016=ORIENTED_EDGE('',*,*,#2743,.F.);
#4017=ORIENTED_EDGE('',*,*,#2764,.F.);
#4018=ORIENTED_EDGE('',*,*,#2739,.F.);
#4019=PLANE('',#4465);
#4020=PLANE('',#4473);
#4021=PLANE('',#4474);
#4022=PLANE('',#4475);
#4023=PLANE('',#4476);
#4024=PLANE('',#4477);
#4025=PLANE('',#4478);
#4026=PLANE('',#4479);
#4027=PLANE('',#4482);
#4028=PLANE('',#4485);
#4029=PLANE('',#4486);
#4030=PLANE('',#4487);
#4031=PLANE('',#4488);
#4032=PLANE('',#4489);
#4033=PLANE('',#4490);
#4034=PLANE('',#4491);
#4035=PLANE('',#4492);
#4036=PLANE('',#4493);
#4037=PLANE('',#4494);
#4038=PLANE('',#4495);
#4039=PLANE('',#4496);
#4040=PLANE('',#4497);
#4041=PLANE('',#4498);
#4042=PLANE('',#4499);
#4043=PLANE('',#4500);
#4044=PLANE('',#4501);
#4045=PLANE('',#4502);
#4046=PLANE('',#4503);
#4047=PLANE('',#4504);
#4048=PLANE('',#4505);
#4049=PLANE('',#4506);
#4050=PLANE('',#4507);
#4051=PLANE('',#4508);
#4052=PLANE('',#4509);
#4053=PLANE('',#4510);
#4054=PLANE('',#4511);
#4055=PLANE('',#4512);
#4056=PLANE('',#4513);
#4057=PLANE('',#4514);
#4058=PLANE('',#4515);
#4059=PLANE('',#4516);
#4060=PLANE('',#4517);
#4061=PLANE('',#4518);
#4062=PLANE('',#4519);
#4063=PLANE('',#4520);
#4064=PLANE('',#4521);
#4065=PLANE('',#4522);
#4066=PLANE('',#4523);
#4067=PLANE('',#4524);
#4068=PLANE('',#4525);
#4069=PLANE('',#4528);
#4070=PLANE('',#4529);
#4071=PLANE('',#4534);
#4072=PLANE('',#4535);
#4073=PLANE('',#4538);
#4074=PLANE('',#4540);
#4075=PLANE('',#4541);
#4076=PLANE('',#4543);
#4077=PLANE('',#4545);
#4078=PLANE('',#4547);
#4079=PLANE('',#4548);
#4080=PLANE('',#4550);
#4081=PLANE('',#4551);
#4082=PLANE('',#4553);
#4083=PLANE('',#4555);
#4084=PLANE('',#4557);
#4085=PLANE('',#4558);
#4086=PLANE('',#4562);
#4087=PLANE('',#4565);
#4088=PLANE('',#4568);
#4089=PLANE('',#4571);
#4090=PLANE('',#4572);
#4091=PLANE('',#4573);
#4092=PLANE('',#4575);
#4093=PLANE('',#4579);
#4094=PLANE('',#4583);
#4095=PLANE('',#4587);
#4096=PLANE('',#4588);
#4097=PLANE('',#4592);
#4098=PLANE('',#4596);
#4099=PLANE('',#4597);
#4100=PLANE('',#4601);
#4101=PLANE('',#4605);
#4102=PLANE('',#4609);
#4103=PLANE('',#4613);
#4104=PLANE('',#4617);
#4105=PLANE('',#4621);
#4106=PLANE('',#4622);
#4107=PLANE('',#4626);
#4108=PLANE('',#4630);
#4109=PLANE('',#4631);
#4110=PLANE('',#4635);
#4111=PLANE('',#4639);
#4112=PLANE('',#4643);
#4113=PLANE('',#4645);
#4114=PLANE('',#4646);
#4115=PLANE('',#4650);
#4116=PLANE('',#4652);
#4117=PLANE('',#4653);
#4118=PLANE('',#4654);
#4119=PLANE('',#4655);
#4120=PLANE('',#4656);
#4121=PLANE('',#4657);
#4122=PLANE('',#4658);
#4123=PLANE('',#4659);
#4124=PLANE('',#4660);
#4125=PLANE('',#4661);
#4126=PLANE('',#4662);
#4127=PLANE('',#4669);
#4128=PLANE('',#4670);
#4129=PLANE('',#4671);
#4130=PLANE('',#4672);
#4131=PLANE('',#4673);
#4132=PLANE('',#4674);
#4133=PLANE('',#4675);
#4134=PLANE('',#4676);
#4135=PLANE('',#4677);
#4136=PLANE('',#4678);
#4137=PLANE('',#4679);
#4138=PLANE('',#4680);
#4139=PLANE('',#4681);
#4140=PLANE('',#4682);
#4141=PLANE('',#4683);
#4142=PLANE('',#4684);
#4143=PLANE('',#4685);
#4144=PLANE('',#4686);
#4145=PLANE('',#4687);
#4146=PLANE('',#4694);
#4147=PLANE('',#4695);
#4148=PLANE('',#4696);
#4149=PLANE('',#4697);
#4150=PLANE('',#4698);
#4151=PLANE('',#4699);
#4152=PLANE('',#4700);
#4153=PLANE('',#4703);
#4154=PLANE('',#4704);
#4155=PLANE('',#4705);
#4156=PLANE('',#4712);
#4157=PLANE('',#4714);
#4158=PLANE('',#4716);
#4159=PLANE('',#4718);
#4160=PLANE('',#4719);
#4161=PLANE('',#4720);
#4162=PLANE('',#4721);
#4163=PLANE('',#4723);
#4164=PLANE('',#4725);
#4165=PLANE('',#4727);
#4166=PLANE('',#4728);
#4167=PLANE('',#4729);
#4168=PLANE('',#4730);
#4169=PLANE('',#4737);
#4170=PLANE('',#4739);
#4171=PLANE('',#4741);
#4172=PLANE('',#4743);
#4173=PLANE('',#4744);
#4174=PLANE('',#4745);
#4175=PLANE('',#4746);
#4176=PLANE('',#4748);
#4177=PLANE('',#4750);
#4178=PLANE('',#4752);
#4179=PLANE('',#4753);
#4180=PLANE('',#4754);
#4181=PLANE('',#4756);
#4182=PLANE('',#4760);
#4183=PLANE('',#4770);
#4184=PLANE('',#4771);
#4185=PLANE('',#4772);
#4186=PLANE('',#4773);
#4187=PLANE('',#4775);
#4188=PLANE('',#4776);
#4189=PLANE('',#4777);
#4190=PLANE('',#4778);
#4191=PLANE('',#4783);
#4192=ADVANCED_FACE('',(#129,#122,#123,#124),#4019,.F.);
#4193=ADVANCED_FACE('',(#130),#4020,.T.);
#4194=ADVANCED_FACE('',(#131),#4021,.T.);
#4195=ADVANCED_FACE('',(#132),#4022,.F.);
#4196=ADVANCED_FACE('',(#133),#4023,.T.);
#4197=ADVANCED_FACE('',(#134),#4024,.T.);
#4198=ADVANCED_FACE('',(#135),#4025,.F.);
#4199=ADVANCED_FACE('',(#136),#4026,.T.);
#4200=ADVANCED_FACE('',(#137),#4027,.T.);
#4201=ADVANCED_FACE('',(#138),#4028,.T.);
#4202=ADVANCED_FACE('',(#139),#4029,.T.);
#4203=ADVANCED_FACE('',(#140),#4030,.T.);
#4204=ADVANCED_FACE('',(#141),#4031,.T.);
#4205=ADVANCED_FACE('',(#142),#4032,.T.);
#4206=ADVANCED_FACE('',(#143),#4033,.T.);
#4207=ADVANCED_FACE('',(#144),#4034,.T.);
#4208=ADVANCED_FACE('',(#145),#4035,.T.);
#4209=ADVANCED_FACE('',(#146),#4036,.T.);
#4210=ADVANCED_FACE('',(#147),#4037,.T.);
#4211=ADVANCED_FACE('',(#148),#4038,.T.);
#4212=ADVANCED_FACE('',(#149),#4039,.T.);
#4213=ADVANCED_FACE('',(#150),#4040,.T.);
#4214=ADVANCED_FACE('',(#151),#4041,.T.);
#4215=ADVANCED_FACE('',(#152),#4042,.T.);
#4216=ADVANCED_FACE('',(#153),#4043,.T.);
#4217=ADVANCED_FACE('',(#154),#4044,.T.);
#4218=ADVANCED_FACE('',(#155),#4045,.T.);
#4219=ADVANCED_FACE('',(#156),#4046,.T.);
#4220=ADVANCED_FACE('',(#157),#4047,.F.);
#4221=ADVANCED_FACE('',(#158),#4048,.F.);
#4222=ADVANCED_FACE('',(#159),#4049,.F.);
#4223=ADVANCED_FACE('',(#160),#4050,.F.);
#4224=ADVANCED_FACE('',(#161),#4051,.F.);
#4225=ADVANCED_FACE('',(#162),#4052,.F.);
#4226=ADVANCED_FACE('',(#163),#4053,.F.);
#4227=ADVANCED_FACE('',(#164),#4054,.F.);
#4228=ADVANCED_FACE('',(#165),#4055,.F.);
#4229=ADVANCED_FACE('',(#166),#4056,.F.);
#4230=ADVANCED_FACE('',(#167),#4057,.F.);
#4231=ADVANCED_FACE('',(#168),#4058,.F.);
#4232=ADVANCED_FACE('',(#169),#4059,.T.);
#4233=ADVANCED_FACE('',(#170),#4060,.T.);
#4234=ADVANCED_FACE('',(#171),#4061,.T.);
#4235=ADVANCED_FACE('',(#172),#4062,.T.);
#4236=ADVANCED_FACE('',(#173),#4063,.T.);
#4237=ADVANCED_FACE('',(#174),#4064,.F.);
#4238=ADVANCED_FACE('',(#175),#4065,.F.);
#4239=ADVANCED_FACE('',(#176),#4066,.F.);
#4240=ADVANCED_FACE('',(#177),#4067,.F.);
#4241=ADVANCED_FACE('',(#178),#4068,.F.);
#4242=ADVANCED_FACE('',(#179),#77,.T.);
#4243=ADVANCED_FACE('',(#180),#4069,.T.);
#4244=ADVANCED_FACE('',(#181),#4070,.T.);
#4245=ADVANCED_FACE('',(#182),#78,.T.);
#4246=ADVANCED_FACE('',(#183),#79,.T.);
#4247=ADVANCED_FACE('',(#184),#4071,.F.);
#4248=ADVANCED_FACE('',(#185),#4072,.F.);
#4249=ADVANCED_FACE('',(#186),#80,.T.);
#4250=ADVANCED_FACE('',(#187),#4073,.F.);
#4251=ADVANCED_FACE('',(#188),#4074,.T.);
#4252=ADVANCED_FACE('',(#189),#4075,.T.);
#4253=ADVANCED_FACE('',(#190),#81,.F.);
#4254=ADVANCED_FACE('',(#191),#4076,.F.);
#4255=ADVANCED_FACE('',(#192),#4077,.T.);
#4256=ADVANCED_FACE('',(#193),#82,.F.);
#4257=ADVANCED_FACE('',(#194),#4078,.T.);
#4258=ADVANCED_FACE('',(#195),#4079,.F.);
#4259=ADVANCED_FACE('',(#196),#4080,.T.);
#4260=ADVANCED_FACE('',(#197),#4081,.T.);
#4261=ADVANCED_FACE('',(#198),#83,.F.);
#4262=ADVANCED_FACE('',(#199),#4082,.F.);
#4263=ADVANCED_FACE('',(#200),#4083,.T.);
#4264=ADVANCED_FACE('',(#201),#84,.F.);
#4265=ADVANCED_FACE('',(#202),#4084,.T.);
#4266=ADVANCED_FACE('',(#203),#4085,.T.);
#4267=ADVANCED_FACE('',(#204),#73,.F.);
#4268=ADVANCED_FACE('',(#205,#125),#4086,.T.);
#4269=ADVANCED_FACE('',(#206),#74,.F.);
#4270=ADVANCED_FACE('',(#207),#4087,.T.);
#4271=ADVANCED_FACE('',(#208),#75,.F.);
#4272=ADVANCED_FACE('',(#209),#4088,.T.);
#4273=ADVANCED_FACE('',(#210),#85,.F.);
#4274=ADVANCED_FACE('',(#211),#4089,.T.);
#4275=ADVANCED_FACE('',(#212),#4090,.F.);
#4276=ADVANCED_FACE('',(#213),#4091,.T.);
#4277=ADVANCED_FACE('',(#214),#4092,.F.);
#4278=ADVANCED_FACE('',(#215),#86,.T.);
#4279=ADVANCED_FACE('',(#216),#4093,.F.);
#4280=ADVANCED_FACE('',(#217),#87,.F.);
#4281=ADVANCED_FACE('',(#218),#4094,.F.);
#4282=ADVANCED_FACE('',(#219),#88,.T.);
#4283=ADVANCED_FACE('',(#220),#4095,.F.);
#4284=ADVANCED_FACE('',(#221),#4096,.F.);
#4285=ADVANCED_FACE('',(#222),#89,.T.);
#4286=ADVANCED_FACE('',(#223),#4097,.F.);
#4287=ADVANCED_FACE('',(#224),#90,.T.);
#4288=ADVANCED_FACE('',(#225),#4098,.F.);
#4289=ADVANCED_FACE('',(#226),#4099,.F.);
#4290=ADVANCED_FACE('',(#227),#91,.T.);
#4291=ADVANCED_FACE('',(#228),#4100,.F.);
#4292=ADVANCED_FACE('',(#229),#92,.F.);
#4293=ADVANCED_FACE('',(#230),#4101,.F.);
#4294=ADVANCED_FACE('',(#231),#93,.T.);
#4295=ADVANCED_FACE('',(#232),#4102,.F.);
#4296=ADVANCED_FACE('',(#233),#94,.T.);
#4297=ADVANCED_FACE('',(#234),#4103,.F.);
#4298=ADVANCED_FACE('',(#235),#95,.F.);
#4299=ADVANCED_FACE('',(#236),#4104,.F.);
#4300=ADVANCED_FACE('',(#237),#96,.T.);
#4301=ADVANCED_FACE('',(#238),#4105,.F.);
#4302=ADVANCED_FACE('',(#239),#4106,.F.);
#4303=ADVANCED_FACE('',(#240),#97,.T.);
#4304=ADVANCED_FACE('',(#241),#4107,.F.);
#4305=ADVANCED_FACE('',(#242),#98,.T.);
#4306=ADVANCED_FACE('',(#243),#4108,.F.);
#4307=ADVANCED_FACE('',(#244),#4109,.F.);
#4308=ADVANCED_FACE('',(#245),#99,.T.);
#4309=ADVANCED_FACE('',(#246),#4110,.F.);
#4310=ADVANCED_FACE('',(#247),#100,.F.);
#4311=ADVANCED_FACE('',(#248),#4111,.F.);
#4312=ADVANCED_FACE('',(#249),#101,.T.);
#4313=ADVANCED_FACE('',(#250,#126),#4112,.T.);
#4314=ADVANCED_FACE('',(#251),#4113,.F.);
#4315=ADVANCED_FACE('',(#252),#4114,.F.);
#4316=ADVANCED_FACE('',(#253),#76,.T.);
#4317=ADVANCED_FACE('',(#254,#127),#4115,.F.);
#4318=ADVANCED_FACE('',(#255),#4116,.F.);
#4319=ADVANCED_FACE('',(#256),#4117,.F.);
#4320=ADVANCED_FACE('',(#257),#4118,.F.);
#4321=ADVANCED_FACE('',(#258),#4119,.F.);
#4322=ADVANCED_FACE('',(#259),#4120,.F.);
#4323=ADVANCED_FACE('',(#260),#4121,.F.);
#4324=ADVANCED_FACE('',(#261),#4122,.F.);
#4325=ADVANCED_FACE('',(#262),#4123,.F.);
#4326=ADVANCED_FACE('',(#263),#4124,.F.);
#4327=ADVANCED_FACE('',(#264),#4125,.F.);
#4328=ADVANCED_FACE('',(#265),#4126,.F.);
#4329=ADVANCED_FACE('',(#266),#4127,.F.);
#4330=ADVANCED_FACE('',(#267),#4128,.F.);
#4331=ADVANCED_FACE('',(#268),#4129,.F.);
#4332=ADVANCED_FACE('',(#269),#4130,.F.);
#4333=ADVANCED_FACE('',(#270),#4131,.F.);
#4334=ADVANCED_FACE('',(#271),#4132,.F.);
#4335=ADVANCED_FACE('',(#272),#4133,.F.);
#4336=ADVANCED_FACE('',(#273),#4134,.F.);
#4337=ADVANCED_FACE('',(#274),#4135,.F.);
#4338=ADVANCED_FACE('',(#275),#4136,.F.);
#4339=ADVANCED_FACE('',(#276),#4137,.F.);
#4340=ADVANCED_FACE('',(#277),#4138,.F.);
#4341=ADVANCED_FACE('',(#278),#4139,.F.);
#4342=ADVANCED_FACE('',(#279),#4140,.F.);
#4343=ADVANCED_FACE('',(#280),#4141,.F.);
#4344=ADVANCED_FACE('',(#281),#4142,.F.);
#4345=ADVANCED_FACE('',(#282),#4143,.F.);
#4346=ADVANCED_FACE('',(#283),#4144,.F.);
#4347=ADVANCED_FACE('',(#284),#4145,.F.);
#4348=ADVANCED_FACE('',(#285),#4146,.F.);
#4349=ADVANCED_FACE('',(#286),#4147,.F.);
#4350=ADVANCED_FACE('',(#287),#4148,.F.);
#4351=ADVANCED_FACE('',(#288),#4149,.F.);
#4352=ADVANCED_FACE('',(#289),#4150,.F.);
#4353=ADVANCED_FACE('',(#290),#4151,.F.);
#4354=ADVANCED_FACE('',(#291),#4152,.F.);
#4355=ADVANCED_FACE('',(#292),#102,.F.);
#4356=ADVANCED_FACE('',(#293),#4153,.F.);
#4357=ADVANCED_FACE('',(#294,#128),#4154,.T.);
#4358=ADVANCED_FACE('',(#295),#4155,.F.);
#4359=ADVANCED_FACE('',(#296),#4156,.T.);
#4360=ADVANCED_FACE('',(#297),#103,.T.);
#4361=ADVANCED_FACE('',(#298),#4157,.T.);
#4362=ADVANCED_FACE('',(#299),#104,.F.);
#4363=ADVANCED_FACE('',(#300),#4158,.T.);
#4364=ADVANCED_FACE('',(#301),#105,.T.);
#4365=ADVANCED_FACE('',(#302),#4159,.T.);
#4366=ADVANCED_FACE('',(#303),#4160,.T.);
#4367=ADVANCED_FACE('',(#304),#4161,.T.);
#4368=ADVANCED_FACE('',(#305),#4162,.T.);
#4369=ADVANCED_FACE('',(#306),#106,.F.);
#4370=ADVANCED_FACE('',(#307),#4163,.T.);
#4371=ADVANCED_FACE('',(#308),#107,.T.);
#4372=ADVANCED_FACE('',(#309),#4164,.T.);
#4373=ADVANCED_FACE('',(#310),#108,.F.);
#4374=ADVANCED_FACE('',(#311),#4165,.T.);
#4375=ADVANCED_FACE('',(#312),#4166,.T.);
#4376=ADVANCED_FACE('',(#313),#4167,.T.);
#4377=ADVANCED_FACE('',(#314),#4168,.T.);
#4378=ADVANCED_FACE('',(#315),#4169,.F.);
#4379=ADVANCED_FACE('',(#316),#109,.T.);
#4380=ADVANCED_FACE('',(#317),#4170,.F.);
#4381=ADVANCED_FACE('',(#318),#110,.F.);
#4382=ADVANCED_FACE('',(#319),#4171,.F.);
#4383=ADVANCED_FACE('',(#320),#111,.T.);
#4384=ADVANCED_FACE('',(#321),#4172,.F.);
#4385=ADVANCED_FACE('',(#322),#4173,.F.);
#4386=ADVANCED_FACE('',(#323),#4174,.F.);
#4387=ADVANCED_FACE('',(#324),#4175,.F.);
#4388=ADVANCED_FACE('',(#325),#112,.F.);
#4389=ADVANCED_FACE('',(#326),#4176,.F.);
#4390=ADVANCED_FACE('',(#327),#113,.T.);
#4391=ADVANCED_FACE('',(#328),#4177,.F.);
#4392=ADVANCED_FACE('',(#329),#114,.F.);
#4393=ADVANCED_FACE('',(#330),#4178,.F.);
#4394=ADVANCED_FACE('',(#331),#4179,.F.);
#4395=ADVANCED_FACE('',(#332),#4180,.F.);
#4396=ADVANCED_FACE('',(#333),#4181,.F.);
#4397=ADVANCED_FACE('',(#334),#4182,.F.);
#4398=ADVANCED_FACE('',(#335),#115,.T.);
#4399=ADVANCED_FACE('',(#336),#116,.F.);
#4400=ADVANCED_FACE('',(#337),#4183,.F.);
#4401=ADVANCED_FACE('',(#338),#4184,.F.);
#4402=ADVANCED_FACE('',(#339),#4185,.T.);
#4403=ADVANCED_FACE('',(#340),#4186,.F.);
#4404=ADVANCED_FACE('',(#341),#117,.T.);
#4405=ADVANCED_FACE('',(#342),#4187,.T.);
#4406=ADVANCED_FACE('',(#343),#4188,.F.);
#4407=ADVANCED_FACE('',(#344),#4189,.F.);
#4408=ADVANCED_FACE('',(#345),#4190,.T.);
#4409=ADVANCED_FACE('',(#346),#118,.T.);
#4410=ADVANCED_FACE('',(#347),#119,.F.);
#4411=ADVANCED_FACE('',(#348),#120,.T.);
#4412=ADVANCED_FACE('',(#349),#121,.F.);
#4413=ADVANCED_FACE('',(#350),#4191,.T.);
#4414=CLOSED_SHELL('',(#4192,#4193,#4194,#4195,#4196,#4197,#4198,#4199,
#4200,#4201,#4202,#4203,#4204,#4205,#4206,#4207,#4208,#4209,#4210,#4211,
#4212,#4213,#4214,#4215,#4216,#4217,#4218,#4219,#4220,#4221,#4222,#4223,
#4224,#4225,#4226,#4227,#4228,#4229,#4230,#4231,#4232,#4233,#4234,#4235,
#4236,#4237,#4238,#4239,#4240,#4241,#4242,#4243,#4244,#4245,#4246,#4247,
#4248,#4249,#4250,#4251,#4252,#4253,#4254,#4255,#4256,#4257,#4258,#4259,
#4260,#4261,#4262,#4263,#4264,#4265,#4266,#4267,#4268,#4269,#4270,#4271,
#4272,#4273,#4274,#4275,#4276));
#4415=CLOSED_SHELL('',(#4277,#4278,#4279,#4280,#4281,#4282,#4283,#4284,
#4285,#4286,#4287,#4288,#4289,#4290,#4291,#4292,#4293,#4294,#4295,#4296,
#4297,#4298,#4299,#4300,#4301,#4302,#4303,#4304,#4305,#4306,#4307,#4308,
#4309,#4310,#4311,#4312,#4313,#4314,#4315,#4316));
#4416=CLOSED_SHELL('',(#4317,#4318,#4319,#4320,#4321,#4322,#4323,#4324,
#4325,#4326,#4327,#4328,#4329,#4330,#4331,#4332,#4333,#4334,#4335,#4336,
#4337,#4338,#4339,#4340,#4341,#4342,#4343,#4344,#4345,#4346,#4347,#4348,
#4349,#4350,#4351,#4352,#4353,#4354,#4355,#4356,#4357,#4358,#4359,#4360,
#4361,#4362,#4363,#4364,#4365,#4366,#4367,#4368,#4369,#4370,#4371,#4372,
#4373,#4374,#4375,#4376,#4377,#4378,#4379,#4380,#4381,#4382,#4383,#4384,
#4385,#4386,#4387,#4388,#4389,#4390,#4391,#4392,#4393,#4394,#4395));
#4417=CLOSED_SHELL('',(#4396,#4397,#4398,#4399,#4400,#4401,#4402,#4403,
#4404,#4405,#4406,#4407,#4408,#4409,#4410,#4411,#4412,#4413));
#4418=DERIVED_UNIT_ELEMENT(#4426,1.);
#4419=DERIVED_UNIT_ELEMENT(#7306,-3.);
#4420=DERIVED_UNIT_ELEMENT(#4426,1.);
#4421=DERIVED_UNIT_ELEMENT(#7306,-3.);
#4422=DERIVED_UNIT_ELEMENT(#4426,1.);
#4423=DERIVED_UNIT_ELEMENT(#7306,-3.);
#4424=DERIVED_UNIT_ELEMENT(#4426,1.);
#4425=DERIVED_UNIT_ELEMENT(#7306,-3.);
#4426=(
MASS_UNIT()
NAMED_UNIT(*)
SI_UNIT(.KILO.,.GRAM.)
);
#4427=DERIVED_UNIT((#4418,#4419));
#4428=DERIVED_UNIT((#4420,#4421));
#4429=DERIVED_UNIT((#4422,#4423));
#4430=DERIVED_UNIT((#4424,#4425));
#4431=MEASURE_REPRESENTATION_ITEM('density measure',
POSITIVE_RATIO_MEASURE(7850.),#4427);
#4432=MEASURE_REPRESENTATION_ITEM('density measure',
POSITIVE_RATIO_MEASURE(7850.),#4428);
#4433=MEASURE_REPRESENTATION_ITEM('density measure',
POSITIVE_RATIO_MEASURE(7850.),#4429);
#4434=MEASURE_REPRESENTATION_ITEM('density measure',
POSITIVE_RATIO_MEASURE(7850.),#4430);
#4435=PROPERTY_DEFINITION_REPRESENTATION(#4455,#4443);
#4436=PROPERTY_DEFINITION_REPRESENTATION(#4456,#4444);
#4437=PROPERTY_DEFINITION_REPRESENTATION(#4457,#4445);
#4438=PROPERTY_DEFINITION_REPRESENTATION(#4458,#4446);
#4439=PROPERTY_DEFINITION_REPRESENTATION(#4459,#4447);
#4440=PROPERTY_DEFINITION_REPRESENTATION(#4460,#4448);
#4441=PROPERTY_DEFINITION_REPRESENTATION(#4461,#4449);
#4442=PROPERTY_DEFINITION_REPRESENTATION(#4462,#4450);
#4443=REPRESENTATION('material name',(#4451),#7300);
#4444=REPRESENTATION('density',(#4431),#7300);
#4445=REPRESENTATION('material name',(#4452),#7301);
#4446=REPRESENTATION('density',(#4432),#7301);
#4447=REPRESENTATION('material name',(#4453),#7302);
#4448=REPRESENTATION('density',(#4433),#7302);
#4449=REPRESENTATION('material name',(#4454),#7303);
#4450=REPRESENTATION('density',(#4434),#7303);
#4451=DESCRIPTIVE_REPRESENTATION_ITEM('Steel','Steel');
#4452=DESCRIPTIVE_REPRESENTATION_ITEM('Steel','Steel');
#4453=DESCRIPTIVE_REPRESENTATION_ITEM('Steel','Steel');
#4454=DESCRIPTIVE_REPRESENTATION_ITEM('Steel','Steel');
#4455=PROPERTY_DEFINITION('material property','material name',#7333);
#4456=PROPERTY_DEFINITION('material property','density of part',#7333);
#4457=PROPERTY_DEFINITION('material property','material name',#7334);
#4458=PROPERTY_DEFINITION('material property','density of part',#7334);
#4459=PROPERTY_DEFINITION('material property','material name',#7335);
#4460=PROPERTY_DEFINITION('material property','density of part',#7335);
#4461=PROPERTY_DEFINITION('material property','material name',#7336);
#4462=PROPERTY_DEFINITION('material property','density of part',#7336);
#4463=AXIS2_PLACEMENT_3D('',#5975,#4792,#4793);
#4464=AXIS2_PLACEMENT_3D('',#5976,#4794,#4795);
#4465=AXIS2_PLACEMENT_3D('',#5977,#4796,#4797);
#4466=AXIS2_PLACEMENT_3D('',#5988,#4802,#4803);
#4467=AXIS2_PLACEMENT_3D('',#6000,#4809,#4810);
#4468=AXIS2_PLACEMENT_3D('',#6008,#4814,#4815);
#4469=AXIS2_PLACEMENT_3D('',#6020,#4821,#4822);
#4470=AXIS2_PLACEMENT_3D('',#6027,#4826,#4827);
#4471=AXIS2_PLACEMENT_3D('',#6029,#4828,#4829);
#4472=AXIS2_PLACEMENT_3D('',#6031,#4830,#4831);
#4473=AXIS2_PLACEMENT_3D('',#6032,#4832,#4833);
#4474=AXIS2_PLACEMENT_3D('',#6083,#4860,#4861);
#4475=AXIS2_PLACEMENT_3D('',#6089,#4865,#4866);
#4476=AXIS2_PLACEMENT_3D('',#6095,#4870,#4871);
#4477=AXIS2_PLACEMENT_3D('',#6141,#4895,#4896);
#4478=AXIS2_PLACEMENT_3D('',#6147,#4900,#4901);
#4479=AXIS2_PLACEMENT_3D('',#6153,#4905,#4906);
#4480=AXIS2_PLACEMENT_3D('',#6154,#4907,#4908);
#4481=AXIS2_PLACEMENT_3D('',#6155,#4909,#4910);
#4482=AXIS2_PLACEMENT_3D('',#6173,#4920,#4921);
#4483=AXIS2_PLACEMENT_3D('',#6174,#4922,#4923);
#4484=AXIS2_PLACEMENT_3D('',#6192,#4933,#4934);
#4485=AXIS2_PLACEMENT_3D('',#6193,#4935,#4936);
#4486=AXIS2_PLACEMENT_3D('',#6199,#4940,#4941);
#4487=AXIS2_PLACEMENT_3D('',#6213,#4949,#4950);
#4488=AXIS2_PLACEMENT_3D('',#6216,#4953,#4954);
#4489=AXIS2_PLACEMENT_3D('',#6242,#4970,#4971);
#4490=AXIS2_PLACEMENT_3D('',#6246,#4974,#4975);
#4491=AXIS2_PLACEMENT_3D('',#6258,#4982,#4983);
#4492=AXIS2_PLACEMENT_3D('',#6260,#4985,#4986);
#4493=AXIS2_PLACEMENT_3D('',#6270,#4992,#4993);
#4494=AXIS2_PLACEMENT_3D('',#6272,#4995,#4996);
#4495=AXIS2_PLACEMENT_3D('',#6274,#4998,#4999);
#4496=AXIS2_PLACEMENT_3D('',#6276,#5001,#5002);
#4497=AXIS2_PLACEMENT_3D('',#6278,#5004,#5005);
#4498=AXIS2_PLACEMENT_3D('',#6279,#5006,#5007);
#4499=AXIS2_PLACEMENT_3D('',#6289,#5013,#5014);
#4500=AXIS2_PLACEMENT_3D('',#6291,#5016,#5017);
#4501=AXIS2_PLACEMENT_3D('',#6293,#5019,#5020);
#4502=AXIS2_PLACEMENT_3D('',#6295,#5022,#5023);
#4503=AXIS2_PLACEMENT_3D('',#6297,#5025,#5026);
#4504=AXIS2_PLACEMENT_3D('',#6298,#5027,#5028);
#4505=AXIS2_PLACEMENT_3D('',#6302,#5031,#5032);
#4506=AXIS2_PLACEMENT_3D('',#6306,#5035,#5036);
#4507=AXIS2_PLACEMENT_3D('',#6310,#5039,#5040);
#4508=AXIS2_PLACEMENT_3D('',#6314,#5043,#5044);
#4509=AXIS2_PLACEMENT_3D('',#6316,#5046,#5047);
#4510=AXIS2_PLACEMENT_3D('',#6317,#5048,#5049);
#4511=AXIS2_PLACEMENT_3D('',#6327,#5055,#5056);
#4512=AXIS2_PLACEMENT_3D('',#6329,#5058,#5059);
#4513=AXIS2_PLACEMENT_3D('',#6331,#5061,#5062);
#4514=AXIS2_PLACEMENT_3D('',#6333,#5064,#5065);
#4515=AXIS2_PLACEMENT_3D('',#6335,#5067,#5068);
#4516=AXIS2_PLACEMENT_3D('',#6336,#5069,#5070);
#4517=AXIS2_PLACEMENT_3D('',#6338,#5072,#5073);
#4518=AXIS2_PLACEMENT_3D('',#6340,#5075,#5076);
#4519=AXIS2_PLACEMENT_3D('',#6342,#5078,#5079);
#4520=AXIS2_PLACEMENT_3D('',#6344,#5081,#5082);
#4521=AXIS2_PLACEMENT_3D('',#6345,#5083,#5084);
#4522=AXIS2_PLACEMENT_3D('',#6347,#5086,#5087);
#4523=AXIS2_PLACEMENT_3D('',#6349,#5089,#5090);
#4524=AXIS2_PLACEMENT_3D('',#6351,#5092,#5093);
#4525=AXIS2_PLACEMENT_3D('',#6353,#5095,#5096);
#4526=AXIS2_PLACEMENT_3D('',#6354,#5097,#5098);
#4527=AXIS2_PLACEMENT_3D('',#6356,#5099,#5100);
#4528=AXIS2_PLACEMENT_3D('',#6358,#5102,#5103);
#4529=AXIS2_PLACEMENT_3D('',#6360,#5105,#5106);
#4530=AXIS2_PLACEMENT_3D('',#6363,#5108,#5109);
#4531=AXIS2_PLACEMENT_3D('',#6364,#5110,#5111);
#4532=AXIS2_PLACEMENT_3D('',#6366,#5113,#5114);
#4533=AXIS2_PLACEMENT_3D('',#6369,#5116,#5117);
#4534=AXIS2_PLACEMENT_3D('',#6370,#5118,#5119);
#4535=AXIS2_PLACEMENT_3D('',#6372,#5121,#5122);
#4536=AXIS2_PLACEMENT_3D('',#6375,#5124,#5125);
#4537=AXIS2_PLACEMENT_3D('',#6376,#5126,#5127);
#4538=AXIS2_PLACEMENT_3D('',#6378,#5129,#5130);
#4539=AXIS2_PLACEMENT_3D('',#6382,#5132,#5133);
#4540=AXIS2_PLACEMENT_3D('',#6384,#5135,#5136);
#4541=AXIS2_PLACEMENT_3D('',#6386,#5138,#5139);
#4542=AXIS2_PLACEMENT_3D('',#6388,#5141,#5142);
#4543=AXIS2_PLACEMENT_3D('',#6389,#5143,#5144);
#4544=AXIS2_PLACEMENT_3D('',#6393,#5146,#5147);
#4545=AXIS2_PLACEMENT_3D('',#6395,#5149,#5150);
#4546=AXIS2_PLACEMENT_3D('',#6397,#5152,#5153);
#4547=AXIS2_PLACEMENT_3D('',#6399,#5155,#5156);
#4548=AXIS2_PLACEMENT_3D('',#6400,#5157,#5158);
#4549=AXIS2_PLACEMENT_3D('',#6404,#5160,#5161);
#4550=AXIS2_PLACEMENT_3D('',#6406,#5163,#5164);
#4551=AXIS2_PLACEMENT_3D('',#6408,#5166,#5167);
#4552=AXIS2_PLACEMENT_3D('',#6410,#5169,#5170);
#4553=AXIS2_PLACEMENT_3D('',#6411,#5171,#5172);
#4554=AXIS2_PLACEMENT_3D('',#6415,#5174,#5175);
#4555=AXIS2_PLACEMENT_3D('',#6417,#5177,#5178);
#4556=AXIS2_PLACEMENT_3D('',#6419,#5180,#5181);
#4557=AXIS2_PLACEMENT_3D('',#6421,#5183,#5184);
#4558=AXIS2_PLACEMENT_3D('',#6422,#5185,#5186);
#4559=AXIS2_PLACEMENT_3D('',#6424,#5187,#5188);
#4560=AXIS2_PLACEMENT_3D('',#6425,#5189,#5190);
#4561=AXIS2_PLACEMENT_3D('',#6428,#5192,#5193);
#4562=AXIS2_PLACEMENT_3D('',#6429,#5194,#5195);
#4563=AXIS2_PLACEMENT_3D('',#6431,#5196,#5197);
#4564=AXIS2_PLACEMENT_3D('',#6432,#5198,#5199);
#4565=AXIS2_PLACEMENT_3D('',#6434,#5201,#5202);
#4566=AXIS2_PLACEMENT_3D('',#6436,#5203,#5204);
#4567=AXIS2_PLACEMENT_3D('',#6437,#5205,#5206);
#4568=AXIS2_PLACEMENT_3D('',#6439,#5208,#5209);
#4569=AXIS2_PLACEMENT_3D('',#6441,#5210,#5211);
#4570=AXIS2_PLACEMENT_3D('',#6442,#5212,#5213);
#4571=AXIS2_PLACEMENT_3D('',#6444,#5215,#5216);
#4572=AXIS2_PLACEMENT_3D('',#6447,#5219,#5220);
#4573=AXIS2_PLACEMENT_3D('',#6448,#5221,#5222);
#4574=AXIS2_PLACEMENT_3D('',#6449,#5223,#5224);
#4575=AXIS2_PLACEMENT_3D('',#6450,#5225,#5226);
#4576=AXIS2_PLACEMENT_3D('',#6459,#5231,#5232);
#4577=AXIS2_PLACEMENT_3D('',#6461,#5233,#5234);
#4578=AXIS2_PLACEMENT_3D('',#6464,#5236,#5237);
#4579=AXIS2_PLACEMENT_3D('',#6465,#5238,#5239);
#4580=AXIS2_PLACEMENT_3D('',#6471,#5243,#5244);
#4581=AXIS2_PLACEMENT_3D('',#6473,#5245,#5246);
#4582=AXIS2_PLACEMENT_3D('',#6476,#5248,#5249);
#4583=AXIS2_PLACEMENT_3D('',#6477,#5250,#5251);
#4584=AXIS2_PLACEMENT_3D('',#6483,#5255,#5256);
#4585=AXIS2_PLACEMENT_3D('',#6485,#5257,#5258);
#4586=AXIS2_PLACEMENT_3D('',#6488,#5260,#5261);
#4587=AXIS2_PLACEMENT_3D('',#6489,#5262,#5263);
#4588=AXIS2_PLACEMENT_3D('',#6495,#5267,#5268);
#4589=AXIS2_PLACEMENT_3D('',#6501,#5272,#5273);
#4590=AXIS2_PLACEMENT_3D('',#6503,#5274,#5275);
#4591=AXIS2_PLACEMENT_3D('',#6506,#5277,#5278);
#4592=AXIS2_PLACEMENT_3D('',#6507,#5279,#5280);
#4593=AXIS2_PLACEMENT_3D('',#6513,#5284,#5285);
#4594=AXIS2_PLACEMENT_3D('',#6515,#5286,#5287);
#4595=AXIS2_PLACEMENT_3D('',#6518,#5289,#5290);
#4596=AXIS2_PLACEMENT_3D('',#6519,#5291,#5292);
#4597=AXIS2_PLACEMENT_3D('',#6525,#5296,#5297);
#4598=AXIS2_PLACEMENT_3D('',#6531,#5301,#5302);
#4599=AXIS2_PLACEMENT_3D('',#6533,#5303,#5304);
#4600=AXIS2_PLACEMENT_3D('',#6536,#5306,#5307);
#4601=AXIS2_PLACEMENT_3D('',#6537,#5308,#5309);
#4602=AXIS2_PLACEMENT_3D('',#6543,#5313,#5314);
#4603=AXIS2_PLACEMENT_3D('',#6545,#5315,#5316);
#4604=AXIS2_PLACEMENT_3D('',#6548,#5318,#5319);
#4605=AXIS2_PLACEMENT_3D('',#6549,#5320,#5321);
#4606=AXIS2_PLACEMENT_3D('',#6555,#5325,#5326);
#4607=AXIS2_PLACEMENT_3D('',#6557,#5327,#5328);
#4608=AXIS2_PLACEMENT_3D('',#6560,#5330,#5331);
#4609=AXIS2_PLACEMENT_3D('',#6561,#5332,#5333);
#4610=AXIS2_PLACEMENT_3D('',#6567,#5337,#5338);
#4611=AXIS2_PLACEMENT_3D('',#6569,#5339,#5340);
#4612=AXIS2_PLACEMENT_3D('',#6572,#5342,#5343);
#4613=AXIS2_PLACEMENT_3D('',#6573,#5344,#5345);
#4614=AXIS2_PLACEMENT_3D('',#6579,#5349,#5350);
#4615=AXIS2_PLACEMENT_3D('',#6581,#5351,#5352);
#4616=AXIS2_PLACEMENT_3D('',#6584,#5354,#5355);
#4617=AXIS2_PLACEMENT_3D('',#6585,#5356,#5357);
#4618=AXIS2_PLACEMENT_3D('',#6591,#5361,#5362);
#4619=AXIS2_PLACEMENT_3D('',#6593,#5363,#5364);
#4620=AXIS2_PLACEMENT_3D('',#6596,#5366,#5367);
#4621=AXIS2_PLACEMENT_3D('',#6597,#5368,#5369);
#4622=AXIS2_PLACEMENT_3D('',#6603,#5373,#5374);
#4623=AXIS2_PLACEMENT_3D('',#6609,#5378,#5379);
#4624=AXIS2_PLACEMENT_3D('',#6611,#5380,#5381);
#4625=AXIS2_PLACEMENT_3D('',#6614,#5383,#5384);
#4626=AXIS2_PLACEMENT_3D('',#6615,#5385,#5386);
#4627=AXIS2_PLACEMENT_3D('',#6621,#5390,#5391);
#4628=AXIS2_PLACEMENT_3D('',#6623,#5392,#5393);
#4629=AXIS2_PLACEMENT_3D('',#6626,#5395,#5396);
#4630=AXIS2_PLACEMENT_3D('',#6627,#5397,#5398);
#4631=AXIS2_PLACEMENT_3D('',#6633,#5402,#5403);
#4632=AXIS2_PLACEMENT_3D('',#6639,#5407,#5408);
#4633=AXIS2_PLACEMENT_3D('',#6641,#5409,#5410);
#4634=AXIS2_PLACEMENT_3D('',#6644,#5412,#5413);
#4635=AXIS2_PLACEMENT_3D('',#6645,#5414,#5415);
#4636=AXIS2_PLACEMENT_3D('',#6651,#5419,#5420);
#4637=AXIS2_PLACEMENT_3D('',#6653,#5421,#5422);
#4638=AXIS2_PLACEMENT_3D('',#6656,#5424,#5425);
#4639=AXIS2_PLACEMENT_3D('',#6657,#5426,#5427);
#4640=AXIS2_PLACEMENT_3D('',#6663,#5431,#5432);
#4641=AXIS2_PLACEMENT_3D('',#6664,#5433,#5434);
#4642=AXIS2_PLACEMENT_3D('',#6665,#5435,#5436);
#4643=AXIS2_PLACEMENT_3D('',#6666,#5437,#5438);
#4644=AXIS2_PLACEMENT_3D('',#6668,#5439,#5440);
#4645=AXIS2_PLACEMENT_3D('',#6669,#5441,#5442);
#4646=AXIS2_PLACEMENT_3D('',#6670,#5443,#5444);
#4647=AXIS2_PLACEMENT_3D('',#6672,#5445,#5446);
#4648=AXIS2_PLACEMENT_3D('',#6673,#5447,#5448);
#4649=AXIS2_PLACEMENT_3D('',#6675,#5450,#5451);
#4650=AXIS2_PLACEMENT_3D('',#6676,#5452,#5453);
#4651=AXIS2_PLACEMENT_3D('',#6742,#5486,#5487);
#4652=AXIS2_PLACEMENT_3D('',#6743,#5488,#5489);
#4653=AXIS2_PLACEMENT_3D('',#6749,#5493,#5494);
#4654=AXIS2_PLACEMENT_3D('',#6753,#5497,#5498);
#4655=AXIS2_PLACEMENT_3D('',#6761,#5503,#5504);
#4656=AXIS2_PLACEMENT_3D('',#6771,#5510,#5511);
#4657=AXIS2_PLACEMENT_3D('',#6775,#5514,#5515);
#4658=AXIS2_PLACEMENT_3D('',#6779,#5518,#5519);
#4659=AXIS2_PLACEMENT_3D('',#6783,#5522,#5523);
#4660=AXIS2_PLACEMENT_3D('',#6787,#5526,#5527);
#4661=AXIS2_PLACEMENT_3D('',#6791,#5530,#5531);
#4662=AXIS2_PLACEMENT_3D('',#6799,#5536,#5537);
#4663=AXIS2_PLACEMENT_3D('',#6807,#5541,#5542);
#4664=AXIS2_PLACEMENT_3D('',#6811,#5544,#5545);
#4665=AXIS2_PLACEMENT_3D('',#6815,#5547,#5548);
#4666=AXIS2_PLACEMENT_3D('',#6825,#5554,#5555);
#4667=AXIS2_PLACEMENT_3D('',#6829,#5557,#5558);
#4668=AXIS2_PLACEMENT_3D('',#6833,#5560,#5561);
#4669=AXIS2_PLACEMENT_3D('',#6839,#5565,#5566);
#4670=AXIS2_PLACEMENT_3D('',#6846,#5571,#5572);
#4671=AXIS2_PLACEMENT_3D('',#6850,#5575,#5576);
#4672=AXIS2_PLACEMENT_3D('',#6854,#5579,#5580);
#4673=AXIS2_PLACEMENT_3D('',#6858,#5583,#5584);
#4674=AXIS2_PLACEMENT_3D('',#6862,#5587,#5588);
#4675=AXIS2_PLACEMENT_3D('',#6866,#5591,#5592);
#4676=AXIS2_PLACEMENT_3D('',#6870,#5595,#5596);
#4677=AXIS2_PLACEMENT_3D('',#6874,#5599,#5600);
#4678=AXIS2_PLACEMENT_3D('',#6878,#5603,#5604);
#4679=AXIS2_PLACEMENT_3D('',#6882,#5607,#5608);
#4680=AXIS2_PLACEMENT_3D('',#6890,#5613,#5614);
#4681=AXIS2_PLACEMENT_3D('',#6900,#5620,#5621);
#4682=AXIS2_PLACEMENT_3D('',#6904,#5624,#5625);
#4683=AXIS2_PLACEMENT_3D('',#6908,#5628,#5629);
#4684=AXIS2_PLACEMENT_3D('',#6912,#5632,#5633);
#4685=AXIS2_PLACEMENT_3D('',#6916,#5636,#5637);
#4686=AXIS2_PLACEMENT_3D('',#6920,#5640,#5641);
#4687=AXIS2_PLACEMENT_3D('',#6928,#5646,#5647);
#4688=AXIS2_PLACEMENT_3D('',#6936,#5651,#5652);
#4689=AXIS2_PLACEMENT_3D('',#6940,#5654,#5655);
#4690=AXIS2_PLACEMENT_3D('',#6944,#5657,#5658);
#4691=AXIS2_PLACEMENT_3D('',#6954,#5664,#5665);
#4692=AXIS2_PLACEMENT_3D('',#6958,#5667,#5668);
#4693=AXIS2_PLACEMENT_3D('',#6962,#5670,#5671);
#4694=AXIS2_PLACEMENT_3D('',#6968,#5675,#5676);
#4695=AXIS2_PLACEMENT_3D('',#6975,#5681,#5682);
#4696=AXIS2_PLACEMENT_3D('',#6979,#5685,#5686);
#4697=AXIS2_PLACEMENT_3D('',#6983,#5689,#5690);
#4698=AXIS2_PLACEMENT_3D('',#6987,#5693,#5694);
#4699=AXIS2_PLACEMENT_3D('',#6991,#5697,#5698);
#4700=AXIS2_PLACEMENT_3D('',#6995,#5701,#5702);
#4701=AXIS2_PLACEMENT_3D('',#6999,#5705,#5706);
#4702=AXIS2_PLACEMENT_3D('',#7001,#5707,#5708);
#4703=AXIS2_PLACEMENT_3D('',#7003,#5710,#5711);
#4704=AXIS2_PLACEMENT_3D('',#7005,#5713,#5714);
#4705=AXIS2_PLACEMENT_3D('',#7006,#5715,#5716);
#4706=AXIS2_PLACEMENT_3D('',#7014,#5720,#5721);
#4707=AXIS2_PLACEMENT_3D('',#7018,#5723,#5724);
#4708=AXIS2_PLACEMENT_3D('',#7022,#5726,#5727);
#4709=AXIS2_PLACEMENT_3D('',#7031,#5732,#5733);
#4710=AXIS2_PLACEMENT_3D('',#7035,#5735,#5736);
#4711=AXIS2_PLACEMENT_3D('',#7039,#5738,#5739);
#4712=AXIS2_PLACEMENT_3D('',#7041,#5741,#5742);
#4713=AXIS2_PLACEMENT_3D('',#7043,#5744,#5745);
#4714=AXIS2_PLACEMENT_3D('',#7045,#5747,#5748);
#4715=AXIS2_PLACEMENT_3D('',#7047,#5750,#5751);
#4716=AXIS2_PLACEMENT_3D('',#7049,#5753,#5754);
#4717=AXIS2_PLACEMENT_3D('',#7051,#5756,#5757);
#4718=AXIS2_PLACEMENT_3D('',#7053,#5759,#5760);
#4719=AXIS2_PLACEMENT_3D('',#7054,#5761,#5762);
#4720=AXIS2_PLACEMENT_3D('',#7056,#5764,#5765);
#4721=AXIS2_PLACEMENT_3D('',#7058,#5767,#5768);
#4722=AXIS2_PLACEMENT_3D('',#7060,#5770,#5771);
#4723=AXIS2_PLACEMENT_3D('',#7062,#5773,#5774);
#4724=AXIS2_PLACEMENT_3D('',#7064,#5776,#5777);
#4725=AXIS2_PLACEMENT_3D('',#7066,#5779,#5780);
#4726=AXIS2_PLACEMENT_3D('',#7068,#5782,#5783);
#4727=AXIS2_PLACEMENT_3D('',#7070,#5785,#5786);
#4728=AXIS2_PLACEMENT_3D('',#7072,#5788,#5789);
#4729=AXIS2_PLACEMENT_3D('',#7074,#5791,#5792);
#4730=AXIS2_PLACEMENT_3D('',#7075,#5793,#5794);
#4731=AXIS2_PLACEMENT_3D('',#7079,#5796,#5797);
#4732=AXIS2_PLACEMENT_3D('',#7083,#5799,#5800);
#4733=AXIS2_PLACEMENT_3D('',#7087,#5802,#5803);
#4734=AXIS2_PLACEMENT_3D('',#7096,#5808,#5809);
#4735=AXIS2_PLACEMENT_3D('',#7100,#5811,#5812);
#4736=AXIS2_PLACEMENT_3D('',#7104,#5814,#5815);
#4737=AXIS2_PLACEMENT_3D('',#7110,#5819,#5820);
#4738=AXIS2_PLACEMENT_3D('',#7112,#5822,#5823);
#4739=AXIS2_PLACEMENT_3D('',#7114,#5825,#5826);
#4740=AXIS2_PLACEMENT_3D('',#7116,#5828,#5829);
#4741=AXIS2_PLACEMENT_3D('',#7118,#5831,#5832);
#4742=AXIS2_PLACEMENT_3D('',#7120,#5834,#5835);
#4743=AXIS2_PLACEMENT_3D('',#7122,#5837,#5838);
#4744=AXIS2_PLACEMENT_3D('',#7123,#5839,#5840);
#4745=AXIS2_PLACEMENT_3D('',#7125,#5842,#5843);
#4746=AXIS2_PLACEMENT_3D('',#7127,#5845,#5846);
#4747=AXIS2_PLACEMENT_3D('',#7129,#5848,#5849);
#4748=AXIS2_PLACEMENT_3D('',#7131,#5851,#5852);
#4749=AXIS2_PLACEMENT_3D('',#7133,#5854,#5855);
#4750=AXIS2_PLACEMENT_3D('',#7135,#5857,#5858);
#4751=AXIS2_PLACEMENT_3D('',#7137,#5860,#5861);
#4752=AXIS2_PLACEMENT_3D('',#7139,#5863,#5864);
#4753=AXIS2_PLACEMENT_3D('',#7141,#5866,#5867);
#4754=AXIS2_PLACEMENT_3D('',#7143,#5869,#5870);
#4755=AXIS2_PLACEMENT_3D('',#7144,#5871,#5872);
#4756=AXIS2_PLACEMENT_3D('',#7145,#5873,#5874);
#4757=AXIS2_PLACEMENT_3D('',#7150,#5876,#5877);
#4758=AXIS2_PLACEMENT_3D('',#7154,#5879,#5880);
#4759=AXIS2_PLACEMENT_3D('',#7161,#5884,#5885);
#4760=AXIS2_PLACEMENT_3D('',#7162,#5886,#5887);
#4761=AXIS2_PLACEMENT_3D('',#7167,#5889,#5890);
#4762=AXIS2_PLACEMENT_3D('',#7175,#5894,#5895);
#4763=AXIS2_PLACEMENT_3D('',#7178,#5897,#5898);
#4764=AXIS2_PLACEMENT_3D('',#7179,#5899,#5900);
#4765=AXIS2_PLACEMENT_3D('',#7204,#5902,#5903);
#4766=AXIS2_PLACEMENT_3D('',#7208,#5905,#5906);
#4767=AXIS2_PLACEMENT_3D('',#7216,#5907,#5908);
#4768=AXIS2_PLACEMENT_3D('',#7232,#5909,#5910);
#4769=AXIS2_PLACEMENT_3D('',#7236,#5912,#5913);
#4770=AXIS2_PLACEMENT_3D('',#7251,#5915,#5916);
#4771=AXIS2_PLACEMENT_3D('',#7257,#5920,#5921);
#4772=AXIS2_PLACEMENT_3D('',#7263,#5925,#5926);
#4773=AXIS2_PLACEMENT_3D('',#7266,#5929,#5930);
#4774=AXIS2_PLACEMENT_3D('',#7269,#5933,#5934);
#4775=AXIS2_PLACEMENT_3D('',#7272,#5937,#5938);
#4776=AXIS2_PLACEMENT_3D('',#7273,#5939,#5940);
#4777=AXIS2_PLACEMENT_3D('',#7274,#5941,#5942);
#4778=AXIS2_PLACEMENT_3D('',#7275,#5943,#5944);
#4779=AXIS2_PLACEMENT_3D('',#7277,#5946,#5947);
#4780=AXIS2_PLACEMENT_3D('',#7279,#5949,#5950);
#4781=AXIS2_PLACEMENT_3D('',#7280,#5951,#5952);
#4782=AXIS2_PLACEMENT_3D('',#7282,#5954,#5955);
#4783=AXIS2_PLACEMENT_3D('',#7284,#5957,#5958);
#4784=AXIS2_PLACEMENT_3D('',#7285,#5959,#5960);
#4785=AXIS2_PLACEMENT_3D('',#7286,#5961,#5962);
#4786=AXIS2_PLACEMENT_3D('',#7287,#5963,#5964);
#4787=AXIS2_PLACEMENT_3D('',#7288,#5965,#5966);
#4788=AXIS2_PLACEMENT_3D('',#7289,#5967,#5968);
#4789=AXIS2_PLACEMENT_3D('',#7290,#5969,#5970);
#4790=AXIS2_PLACEMENT_3D('',#7291,#5971,#5972);
#4791=AXIS2_PLACEMENT_3D('',#7292,#5973,#5974);
#4792=DIRECTION('axis',(0.,0.,1.));
#4793=DIRECTION('refdir',(1.,0.,0.));
#4794=DIRECTION('axis',(0.,0.,1.));
#4795=DIRECTION('refdir',(1.,0.,0.));
#4796=DIRECTION('center_axis',(0.,1.,0.));
#4797=DIRECTION('ref_axis',(0.,0.,1.));
#4798=DIRECTION('',(0.,0.,-1.));
#4799=DIRECTION('',(1.,0.,0.));
#4800=DIRECTION('',(0.,0.,-1.));
#4801=DIRECTION('',(-1.,0.,1.08420217248551E-16));
#4802=DIRECTION('center_axis',(0.,1.,0.));
#4803=DIRECTION('ref_axis',(1.,0.,0.));
#4804=DIRECTION('',(1.,0.,1.90628953404045E-16));
#4805=DIRECTION('',(0.,0.,-1.));
#4806=DIRECTION('',(1.,0.,0.));
#4807=DIRECTION('',(0.,0.,-1.));
#4808=DIRECTION('',(1.,0.,0.));
#4809=DIRECTION('center_axis',(0.,1.,0.));
#4810=DIRECTION('ref_axis',(1.,0.,0.));
#4811=DIRECTION('',(-1.,0.,0.));
#4812=DIRECTION('',(0.,0.,1.));
#4813=DIRECTION('',(1.,0.,-2.16840434497101E-16));
#4814=DIRECTION('center_axis',(0.,1.,0.));
#4815=DIRECTION('ref_axis',(1.,0.,0.));
#4816=DIRECTION('',(-1.,0.,0.));
#4817=DIRECTION('',(0.,0.,1.));
#4818=DIRECTION('',(-1.,0.,0.));
#4819=DIRECTION('',(0.,0.,1.));
#4820=DIRECTION('',(-1.,0.,-1.90628953404045E-16));
#4821=DIRECTION('center_axis',(0.,1.,0.));
#4822=DIRECTION('ref_axis',(1.,0.,0.));
#4823=DIRECTION('',(1.,0.,1.0842021724855E-16));
#4824=DIRECTION('',(0.,0.,-1.));
#4825=DIRECTION('',(1.,0.,0.));
#4826=DIRECTION('center_axis',(0.,-1.,0.));
#4827=DIRECTION('ref_axis',(0.,0.,-1.));
#4828=DIRECTION('center_axis',(0.,-1.,0.));
#4829=DIRECTION('ref_axis',(0.,0.,-1.));
#4830=DIRECTION('center_axis',(0.,-1.,0.));
#4831=DIRECTION('ref_axis',(0.,0.,-1.));
#4832=DIRECTION('center_axis',(1.,0.,0.));
#4833=DIRECTION('ref_axis',(0.,0.,-1.));
#4834=DIRECTION('',(0.,1.,0.));
#4835=DIRECTION('',(0.,0.,-1.));
#4836=DIRECTION('',(0.,1.,0.));
#4837=DIRECTION('',(0.,1.,0.));
#4838=DIRECTION('',(0.,0.,1.));
#4839=DIRECTION('',(0.,-1.,0.));
#4840=DIRECTION('',(0.,0.,1.));
#4841=DIRECTION('',(0.,1.,0.));
#4842=DIRECTION('',(0.,0.,-1.));
#4843=DIRECTION('',(0.,-0.984807753012208,0.173648177666931));
#4844=DIRECTION('',(0.,-1.,0.));
#4845=DIRECTION('',(0.,0.,1.));
#4846=DIRECTION('',(0.,1.,0.));
#4847=DIRECTION('',(0.,0.984807753012208,0.173648177666932));
#4848=DIRECTION('',(0.,0.,-1.));
#4849=DIRECTION('',(0.,-0.984807753012208,0.17364817766693));
#4850=DIRECTION('',(0.,-1.,0.));
#4851=DIRECTION('',(0.,0.,1.));
#4852=DIRECTION('',(0.,1.,0.));
#4853=DIRECTION('',(0.,0.984807753012208,0.17364817766693));
#4854=DIRECTION('',(0.,0.,-1.));
#4855=DIRECTION('',(0.,1.,0.));
#4856=DIRECTION('',(0.,0.,-1.));
#4857=DIRECTION('',(0.,-1.,0.));
#4858=DIRECTION('',(0.,0.,1.));
#4859=DIRECTION('',(0.,-1.,0.));
#4860=DIRECTION('center_axis',(1.,0.,0.));
#4861=DIRECTION('ref_axis',(0.,0.,-1.));
#4862=DIRECTION('',(0.,1.,0.));
#4863=DIRECTION('',(0.,0.,-1.));
#4864=DIRECTION('',(0.,1.,0.));
#4865=DIRECTION('center_axis',(-1.,0.,0.));
#4866=DIRECTION('ref_axis',(0.,0.,1.));
#4867=DIRECTION('',(0.,1.,0.));
#4868=DIRECTION('',(0.,1.,0.));
#4869=DIRECTION('',(0.,0.,1.));
#4870=DIRECTION('center_axis',(-1.,0.,0.));
#4871=DIRECTION('ref_axis',(0.,0.,1.));
#4872=DIRECTION('',(0.,1.,0.));
#4873=DIRECTION('',(0.,0.,-1.));
#4874=DIRECTION('',(0.,1.,0.));
#4875=DIRECTION('',(0.,0.,-1.));
#4876=DIRECTION('',(0.,1.,0.));
#4877=DIRECTION('',(0.,0.,1.));
#4878=DIRECTION('',(0.,0.984807753012208,0.17364817766693));
#4879=DIRECTION('',(0.,1.,0.));
#4880=DIRECTION('',(0.,0.,1.));
#4881=DIRECTION('',(0.,-1.,0.));
#4882=DIRECTION('',(0.,-0.984807753012208,0.17364817766693));
#4883=DIRECTION('',(0.,0.,1.));
#4884=DIRECTION('',(0.,0.984807753012208,0.173648177666932));
#4885=DIRECTION('',(0.,1.,0.));
#4886=DIRECTION('',(0.,0.,1.));
#4887=DIRECTION('',(0.,-1.,0.));
#4888=DIRECTION('',(0.,-0.984807753012208,0.173648177666931));
#4889=DIRECTION('',(0.,0.,1.));
#4890=DIRECTION('',(0.,1.,0.));
#4891=DIRECTION('',(0.,0.,1.));
#4892=DIRECTION('',(0.,1.,0.));
#4893=DIRECTION('',(0.,0.,-1.));
#4894=DIRECTION('',(0.,-1.,0.));
#4895=DIRECTION('center_axis',(-1.,0.,0.));
#4896=DIRECTION('ref_axis',(0.,0.,1.));
#4897=DIRECTION('',(0.,0.,-1.));
#4898=DIRECTION('',(0.,-1.,0.));
#4899=DIRECTION('',(0.,-1.,0.));
#4900=DIRECTION('center_axis',(1.,0.,0.));
#4901=DIRECTION('ref_axis',(0.,0.,-1.));
#4902=DIRECTION('',(0.,-1.,0.));
#4903=DIRECTION('',(0.,0.,1.));
#4904=DIRECTION('',(0.,-1.,0.));
#4905=DIRECTION('center_axis',(0.,0.,-1.));
#4906=DIRECTION('ref_axis',(-1.,0.,0.));
#4907=DIRECTION('center_axis',(0.,0.,-1.));
#4908=DIRECTION('ref_axis',(-1.,0.,0.));
#4909=DIRECTION('center_axis',(0.,0.,-1.));
#4910=DIRECTION('ref_axis',(-1.,0.,0.));
#4911=DIRECTION('',(-1.,0.,0.));
#4912=DIRECTION('',(0.,1.,0.));
#4913=DIRECTION('',(-1.,0.,0.));
#4914=DIRECTION('',(-0.5,-0.866025403784439,0.));
#4915=DIRECTION('',(-1.,0.,0.));
#4916=DIRECTION('',(-0.5,0.866025403784439,0.));
#4917=DIRECTION('',(-1.,-7.477256361969E-17,0.));
#4918=DIRECTION('',(0.,1.,0.));
#4919=DIRECTION('',(-1.,0.,0.));
#4920=DIRECTION('center_axis',(0.,0.,1.));
#4921=DIRECTION('ref_axis',(1.,0.,0.));
#4922=DIRECTION('center_axis',(0.,0.,1.));
#4923=DIRECTION('ref_axis',(1.,0.,0.));
#4924=DIRECTION('',(1.,0.,0.));
#4925=DIRECTION('',(0.,1.,0.));
#4926=DIRECTION('',(-1.,-7.477256361969E-17,0.));
#4927=DIRECTION('',(-0.5,0.866025403784439,0.));
#4928=DIRECTION('',(-1.,0.,0.));
#4929=DIRECTION('',(-0.5,-0.866025403784439,0.));
#4930=DIRECTION('',(-1.,0.,0.));
#4931=DIRECTION('',(0.,1.,0.));
#4932=DIRECTION('',(1.,0.,0.));
#4933=DIRECTION('center_axis',(0.,0.,1.));
#4934=DIRECTION('ref_axis',(1.,0.,0.));
#4935=DIRECTION('center_axis',(-1.,0.,0.));
#4936=DIRECTION('ref_axis',(0.,0.,1.));
#4937=DIRECTION('',(0.,0.,1.));
#4938=DIRECTION('',(0.,1.,0.));
#4939=DIRECTION('',(0.,0.,1.));
#4940=DIRECTION('center_axis',(0.,0.,1.));
#4941=DIRECTION('ref_axis',(1.,0.,0.));
#4942=DIRECTION('',(0.5,-0.866025403784439,0.));
#4943=DIRECTION('',(1.,7.477256361969E-17,0.));
#4944=DIRECTION('',(0.,1.,0.));
#4945=DIRECTION('',(1.,0.,0.));
#4946=DIRECTION('',(1.,0.,0.));
#4947=DIRECTION('',(0.5,0.866025403784439,0.));
#4948=DIRECTION('',(1.,0.,0.));
#4949=DIRECTION('center_axis',(1.,0.,6.19544098563145E-16));
#4950=DIRECTION('ref_axis',(6.19544098563145E-16,0.,-1.));
#4951=DIRECTION('',(6.19544098563145E-16,4.63249005250163E-32,-1.));
#4952=DIRECTION('',(6.19544098563145E-16,0.,-1.));
#4953=DIRECTION('center_axis',(0.,1.,0.));
#4954=DIRECTION('ref_axis',(0.,0.,1.));
#4955=DIRECTION('',(1.,0.,0.));
#4956=DIRECTION('',(-1.,0.,0.));
#4957=DIRECTION('',(0.,0.,-1.));
#4958=DIRECTION('',(1.,0.,0.));
#4959=DIRECTION('',(-1.,0.,0.));
#4960=DIRECTION('',(0.,0.,-1.));
#4961=DIRECTION('',(1.,0.,0.));
#4962=DIRECTION('',(0.,0.,-1.));
#4963=DIRECTION('',(-1.,0.,0.));
#4964=DIRECTION('',(0.,0.,1.));
#4965=DIRECTION('',(-1.,0.,0.));
#4966=DIRECTION('',(0.,0.,-1.));
#4967=DIRECTION('',(1.,0.,0.));
#4968=DIRECTION('',(-1.,0.,0.));
#4969=DIRECTION('',(0.,0.,-1.));
#4970=DIRECTION('center_axis',(1.,0.,0.));
#4971=DIRECTION('ref_axis',(0.,0.,-1.));
#4972=DIRECTION('',(0.,0.,1.));
#4973=DIRECTION('',(0.,1.,0.));
#4974=DIRECTION('center_axis',(0.,0.,-1.));
#4975=DIRECTION('ref_axis',(-1.,0.,0.));
#4976=DIRECTION('',(1.,7.477256361969E-17,0.));
#4977=DIRECTION('',(0.5,-0.866025403784439,0.));
#4978=DIRECTION('',(1.,0.,0.));
#4979=DIRECTION('',(0.5,0.866025403784439,0.));
#4980=DIRECTION('',(1.,0.,0.));
#4981=DIRECTION('',(0.,1.,0.));
#4982=DIRECTION('center_axis',(-1.,0.,0.));
#4983=DIRECTION('ref_axis',(0.,0.,1.));
#4984=DIRECTION('',(0.,0.,-1.));
#4985=DIRECTION('center_axis',(1.,0.,0.));
#4986=DIRECTION('ref_axis',(0.,0.,-1.));
#4987=DIRECTION('',(0.,-0.984807753012208,-0.173648177666932));
#4988=DIRECTION('',(0.,-1.,0.));
#4989=DIRECTION('',(0.,0.,-1.));
#4990=DIRECTION('',(0.,1.,0.));
#4991=DIRECTION('',(0.,0.984807753012208,-0.173648177666931));
#4992=DIRECTION('center_axis',(0.,0.173648177666931,0.984807753012208));
#4993=DIRECTION('ref_axis',(0.,-0.984807753012208,0.173648177666931));
#4994=DIRECTION('',(-1.,0.,0.));
#4995=DIRECTION('center_axis',(0.,0.173648177666932,-0.984807753012208));
#4996=DIRECTION('ref_axis',(0.,0.984807753012208,0.173648177666932));
#4997=DIRECTION('',(-1.,0.,0.));
#4998=DIRECTION('center_axis',(0.,0.,1.));
#4999=DIRECTION('ref_axis',(1.,0.,0.));
#5000=DIRECTION('',(-1.,0.,0.));
#5001=DIRECTION('center_axis',(0.,1.,0.));
#5002=DIRECTION('ref_axis',(0.,0.,1.));
#5003=DIRECTION('',(-1.,0.,0.));
#5004=DIRECTION('center_axis',(0.,0.,-1.));
#5005=DIRECTION('ref_axis',(-1.,0.,0.));
#5006=DIRECTION('center_axis',(1.,0.,0.));
#5007=DIRECTION('ref_axis',(0.,0.,-1.));
#5008=DIRECTION('',(0.,-0.984807753012208,-0.17364817766693));
#5009=DIRECTION('',(0.,-1.,0.));
#5010=DIRECTION('',(0.,0.,-1.));
#5011=DIRECTION('',(0.,1.,0.));
#5012=DIRECTION('',(0.,0.984807753012208,-0.17364817766693));
#5013=DIRECTION('center_axis',(0.,0.17364817766693,-0.984807753012208));
#5014=DIRECTION('ref_axis',(0.,0.984807753012208,0.17364817766693));
#5015=DIRECTION('',(-1.,0.,0.));
#5016=DIRECTION('center_axis',(0.,0.,-1.));
#5017=DIRECTION('ref_axis',(-1.,0.,0.));
#5018=DIRECTION('',(-1.,0.,0.));
#5019=DIRECTION('center_axis',(0.,1.,0.));
#5020=DIRECTION('ref_axis',(0.,0.,1.));
#5021=DIRECTION('',(-1.,0.,0.));
#5022=DIRECTION('center_axis',(0.,0.,1.));
#5023=DIRECTION('ref_axis',(1.,0.,0.));
#5024=DIRECTION('',(-1.,0.,0.));
#5025=DIRECTION('center_axis',(0.,0.17364817766693,0.984807753012208));
#5026=DIRECTION('ref_axis',(0.,-0.984807753012208,0.17364817766693));
#5027=DIRECTION('center_axis',(0.,-0.173648177666931,-0.984807753012208));
#5028=DIRECTION('ref_axis',(0.,0.984807753012208,-0.173648177666931));
#5029=DIRECTION('',(1.,0.,0.));
#5030=DIRECTION('',(0.,0.984807753012208,-0.173648177666931));
#5031=DIRECTION('center_axis',(0.,0.,-1.));
#5032=DIRECTION('ref_axis',(-1.,0.,0.));
#5033=DIRECTION('',(1.,0.,0.));
#5034=DIRECTION('',(0.,1.,0.));
#5035=DIRECTION('center_axis',(0.,-1.,0.));
#5036=DIRECTION('ref_axis',(0.,0.,-1.));
#5037=DIRECTION('',(1.,0.,0.));
#5038=DIRECTION('',(0.,0.,-1.));
#5039=DIRECTION('center_axis',(0.,0.,1.));
#5040=DIRECTION('ref_axis',(1.,0.,0.));
#5041=DIRECTION('',(1.,0.,0.));
#5042=DIRECTION('',(0.,-1.,0.));
#5043=DIRECTION('center_axis',(0.,-0.173648177666932,0.984807753012208));
#5044=DIRECTION('ref_axis',(0.,-0.984807753012208,-0.173648177666932));
#5045=DIRECTION('',(0.,-0.984807753012208,-0.173648177666932));
#5046=DIRECTION('center_axis',(1.,0.,0.));
#5047=DIRECTION('ref_axis',(0.,0.,-1.));
#5048=DIRECTION('center_axis',(1.,0.,0.));
#5049=DIRECTION('ref_axis',(0.,0.,-1.));
#5050=DIRECTION('',(0.,0.984807753012208,-0.17364817766693));
#5051=DIRECTION('',(0.,1.,0.));
#5052=DIRECTION('',(0.,0.,-1.));
#5053=DIRECTION('',(0.,-1.,0.));
#5054=DIRECTION('',(0.,-0.984807753012208,-0.17364817766693));
#5055=DIRECTION('center_axis',(0.,-0.17364817766693,0.984807753012208));
#5056=DIRECTION('ref_axis',(0.,-0.984807753012208,-0.17364817766693));
#5057=DIRECTION('',(1.,0.,0.));
#5058=DIRECTION('center_axis',(0.,0.,1.));
#5059=DIRECTION('ref_axis',(1.,0.,0.));
#5060=DIRECTION('',(1.,0.,0.));
#5061=DIRECTION('center_axis',(0.,-1.,0.));
#5062=DIRECTION('ref_axis',(0.,0.,-1.));
#5063=DIRECTION('',(1.,0.,0.));
#5064=DIRECTION('center_axis',(0.,0.,-1.));
#5065=DIRECTION('ref_axis',(-1.,0.,0.));
#5066=DIRECTION('',(1.,0.,0.));
#5067=DIRECTION('center_axis',(0.,-0.17364817766693,-0.984807753012208));
#5068=DIRECTION('ref_axis',(0.,0.984807753012208,-0.17364817766693));
#5069=DIRECTION('center_axis',(7.477256361969E-17,-1.,0.));
#5070=DIRECTION('ref_axis',(1.,7.477256361969E-17,0.));
#5071=DIRECTION('',(0.,0.,-1.));
#5072=DIRECTION('center_axis',(-0.866025403784439,-0.5,0.));
#5073=DIRECTION('ref_axis',(0.5,-0.866025403784439,0.));
#5074=DIRECTION('',(0.,0.,-1.));
#5075=DIRECTION('center_axis',(0.,-1.,0.));
#5076=DIRECTION('ref_axis',(0.,0.,-1.));
#5077=DIRECTION('',(0.,0.,-1.));
#5078=DIRECTION('center_axis',(0.866025403784439,-0.5,0.));
#5079=DIRECTION('ref_axis',(0.5,0.866025403784439,0.));
#5080=DIRECTION('',(0.,0.,-1.));
#5081=DIRECTION('center_axis',(0.,-1.,0.));
#5082=DIRECTION('ref_axis',(0.,0.,-1.));
#5083=DIRECTION('center_axis',(-7.477256361969E-17,1.,0.));
#5084=DIRECTION('ref_axis',(-1.,-7.477256361969E-17,0.));
#5085=DIRECTION('',(0.,0.,1.));
#5086=DIRECTION('center_axis',(0.866025403784439,0.5,0.));
#5087=DIRECTION('ref_axis',(-0.5,0.866025403784439,0.));
#5088=DIRECTION('',(0.,0.,1.));
#5089=DIRECTION('center_axis',(0.,1.,0.));
#5090=DIRECTION('ref_axis',(0.,0.,1.));
#5091=DIRECTION('',(0.,0.,1.));
#5092=DIRECTION('center_axis',(-0.866025403784439,0.5,0.));
#5093=DIRECTION('ref_axis',(-0.5,-0.866025403784439,0.));
#5094=DIRECTION('',(0.,0.,1.));
#5095=DIRECTION('center_axis',(0.,1.,0.));
#5096=DIRECTION('ref_axis',(0.,0.,1.));
#5097=DIRECTION('center_axis',(0.,0.,-1.));
#5098=DIRECTION('ref_axis',(-1.,0.,0.));
#5099=DIRECTION('center_axis',(0.,0.,1.));
#5100=DIRECTION('ref_axis',(1.,0.,0.));
#5101=DIRECTION('',(0.,0.,-1.));
#5102=DIRECTION('center_axis',(0.,0.,1.));
#5103=DIRECTION('ref_axis',(1.,0.,0.));
#5104=DIRECTION('',(-1.,0.,0.));
#5105=DIRECTION('center_axis',(0.,0.,1.));
#5106=DIRECTION('ref_axis',(1.,0.,0.));
#5107=DIRECTION('',(-1.,0.,0.));
#5108=DIRECTION('center_axis',(0.,0.,1.));
#5109=DIRECTION('ref_axis',(1.,0.,0.));
#5110=DIRECTION('center_axis',(0.,0.,-1.));
#5111=DIRECTION('ref_axis',(-1.,0.,0.));
#5112=DIRECTION('',(0.,0.,1.));
#5113=DIRECTION('center_axis',(0.,0.,1.));
#5114=DIRECTION('ref_axis',(1.,0.,0.));
#5115=DIRECTION('',(0.,0.,1.));
#5116=DIRECTION('center_axis',(0.,0.,1.));
#5117=DIRECTION('ref_axis',(1.,0.,0.));
#5118=DIRECTION('center_axis',(0.,0.,1.));
#5119=DIRECTION('ref_axis',(1.,0.,0.));
#5120=DIRECTION('',(-1.,0.,0.));
#5121=DIRECTION('center_axis',(0.,0.,1.));
#5122=DIRECTION('ref_axis',(1.,0.,0.));
#5123=DIRECTION('',(-1.,0.,0.));
#5124=DIRECTION('center_axis',(0.,0.,1.));
#5125=DIRECTION('ref_axis',(1.,0.,0.));
#5126=DIRECTION('center_axis',(0.,0.,1.));
#5127=DIRECTION('ref_axis',(1.,0.,0.));
#5128=DIRECTION('',(0.,0.,1.));
#5129=DIRECTION('center_axis',(0.,1.,0.));
#5130=DIRECTION('ref_axis',(0.,0.,1.));
#5131=DIRECTION('',(-1.,0.,0.));
#5132=DIRECTION('center_axis',(0.,1.,0.));
#5133=DIRECTION('ref_axis',(1.,0.,0.));
#5134=DIRECTION('',(1.,0.,-2.16840434497101E-16));
#5135=DIRECTION('center_axis',(0.,0.,1.));
#5136=DIRECTION('ref_axis',(1.,0.,0.));
#5137=DIRECTION('',(0.,-1.,0.));
#5138=DIRECTION('center_axis',(-2.16840434497101E-16,0.,-1.));
#5139=DIRECTION('ref_axis',(-1.,0.,2.16840434497101E-16));
#5140=DIRECTION('',(0.,-1.,0.));
#5141=DIRECTION('center_axis',(0.,-1.,0.));
#5142=DIRECTION('ref_axis',(0.,0.,-1.));
#5143=DIRECTION('center_axis',(0.,1.,0.));
#5144=DIRECTION('ref_axis',(0.,0.,1.));
#5145=DIRECTION('',(-1.,0.,0.));
#5146=DIRECTION('center_axis',(0.,1.,0.));
#5147=DIRECTION('ref_axis',(1.,0.,0.));
#5148=DIRECTION('',(1.,0.,0.));
#5149=DIRECTION('center_axis',(0.,0.,-1.));
#5150=DIRECTION('ref_axis',(-1.,0.,0.));
#5151=DIRECTION('',(0.,-1.,0.));
#5152=DIRECTION('center_axis',(0.,-1.,0.));
#5153=DIRECTION('ref_axis',(0.,0.,-1.));
#5154=DIRECTION('',(0.,-1.,0.));
#5155=DIRECTION('center_axis',(0.,0.,1.));
#5156=DIRECTION('ref_axis',(1.,0.,0.));
#5157=DIRECTION('center_axis',(0.,1.,0.));
#5158=DIRECTION('ref_axis',(0.,0.,1.));
#5159=DIRECTION('',(1.,0.,1.0842021724855E-16));
#5160=DIRECTION('center_axis',(0.,1.,0.));
#5161=DIRECTION('ref_axis',(1.,0.,0.));
#5162=DIRECTION('',(-1.,0.,-1.90628953404045E-16));
#5163=DIRECTION('center_axis',(-1.90628953404045E-16,0.,1.));
#5164=DIRECTION('ref_axis',(1.,0.,1.90628953404045E-16));
#5165=DIRECTION('',(0.,-1.,0.));
#5166=DIRECTION('center_axis',(1.0842021724855E-16,0.,-1.));
#5167=DIRECTION('ref_axis',(-1.,0.,-1.0842021724855E-16));
#5168=DIRECTION('',(0.,-1.,0.));
#5169=DIRECTION('center_axis',(0.,-1.,0.));
#5170=DIRECTION('ref_axis',(0.,0.,-1.));
#5171=DIRECTION('center_axis',(0.,1.,0.));
#5172=DIRECTION('ref_axis',(0.,0.,1.));
#5173=DIRECTION('',(1.,0.,1.90628953404045E-16));
#5174=DIRECTION('center_axis',(0.,1.,0.));
#5175=DIRECTION('ref_axis',(1.,0.,0.));
#5176=DIRECTION('',(-1.,0.,1.08420217248551E-16));
#5177=DIRECTION('center_axis',(1.08420217248551E-16,0.,1.));
#5178=DIRECTION('ref_axis',(1.,0.,-1.08420217248551E-16));
#5179=DIRECTION('',(0.,-1.,0.));
#5180=DIRECTION('center_axis',(0.,-1.,0.));
#5181=DIRECTION('ref_axis',(0.,0.,-1.));
#5182=DIRECTION('',(0.,-1.,0.));
#5183=DIRECTION('center_axis',(1.90628953404045E-16,0.,-1.));
#5184=DIRECTION('ref_axis',(-1.,0.,-1.90628953404045E-16));
#5185=DIRECTION('center_axis',(0.,-1.,0.));
#5186=DIRECTION('ref_axis',(0.,0.,-1.));
#5187=DIRECTION('center_axis',(0.,-1.,0.));
#5188=DIRECTION('ref_axis',(0.,0.,-1.));
#5189=DIRECTION('center_axis',(0.,-1.,0.));
#5190=DIRECTION('ref_axis',(0.,0.,-1.));
#5191=DIRECTION('',(-4.17358800824531E-17,-0.940136065162483,0.340799323621401));
#5192=DIRECTION('center_axis',(0.,-1.,0.));
#5193=DIRECTION('ref_axis',(0.,0.,-1.));
#5194=DIRECTION('center_axis',(0.,-1.,0.));
#5195=DIRECTION('ref_axis',(0.,0.,-1.));
#5196=DIRECTION('center_axis',(0.,-1.,0.));
#5197=DIRECTION('ref_axis',(0.,0.,-1.));
#5198=DIRECTION('center_axis',(0.,-1.,0.));
#5199=DIRECTION('ref_axis',(0.,0.,-1.));
#5200=DIRECTION('',(-6.10451066790044E-17,-0.866906303057535,0.498471124258083));
#5201=DIRECTION('center_axis',(0.,-1.,0.));
#5202=DIRECTION('ref_axis',(0.,0.,-1.));
#5203=DIRECTION('center_axis',(0.,-1.,0.));
#5204=DIRECTION('ref_axis',(0.,0.,-1.));
#5205=DIRECTION('center_axis',(0.,-1.,0.));
#5206=DIRECTION('ref_axis',(0.,0.,-1.));
#5207=DIRECTION('',(-6.10451066790043E-17,-0.866906303057535,0.498471124258082));
#5208=DIRECTION('center_axis',(0.,-1.,0.));
#5209=DIRECTION('ref_axis',(0.,0.,-1.));
#5210=DIRECTION('center_axis',(0.,-1.,0.));
#5211=DIRECTION('ref_axis',(0.,0.,-1.));
#5212=DIRECTION('center_axis',(0.,-1.,0.));
#5213=DIRECTION('ref_axis',(0.,0.,-1.));
#5214=DIRECTION('',(0.,-1.,0.));
#5215=DIRECTION('center_axis',(0.998048585650658,-0.0624421386622916,0.));
#5216=DIRECTION('ref_axis',(0.0624421386622916,0.998048585650658,0.));
#5217=DIRECTION('',(-0.0624421386622916,-0.998048585650658,0.));
#5218=DIRECTION('',(-0.0624421386622916,-0.998048585650658,0.));
#5219=DIRECTION('center_axis',(0.,0.,1.));
#5220=DIRECTION('ref_axis',(1.,0.,0.));
#5221=DIRECTION('center_axis',(0.,0.,1.));
#5222=DIRECTION('ref_axis',(1.,0.,0.));
#5223=DIRECTION('axis',(0.,0.,1.));
#5224=DIRECTION('refdir',(1.,0.,0.));
#5225=DIRECTION('center_axis',(1.,0.,0.));
#5226=DIRECTION('ref_axis',(0.,0.,-1.));
#5227=DIRECTION('',(0.,0.,1.));
#5228=DIRECTION('',(0.,-1.,0.));
#5229=DIRECTION('',(0.,0.,1.));
#5230=DIRECTION('',(0.,-1.,0.));
#5231=DIRECTION('center_axis',(0.,-1.,0.));
#5232=DIRECTION('ref_axis',(0.,0.,-1.));
#5233=DIRECTION('center_axis',(0.,1.,0.));
#5234=DIRECTION('ref_axis',(1.,0.,0.));
#5235=DIRECTION('',(0.,-1.,0.));
#5236=DIRECTION('center_axis',(0.,1.,0.));
#5237=DIRECTION('ref_axis',(1.,0.,0.));
#5238=DIRECTION('center_axis',(0.,0.,-1.));
#5239=DIRECTION('ref_axis',(-1.,0.,0.));
#5240=DIRECTION('',(1.,0.,0.));
#5241=DIRECTION('',(0.,-1.,0.));
#5242=DIRECTION('',(1.,0.,0.));
#5243=DIRECTION('center_axis',(0.,-1.,0.));
#5244=DIRECTION('ref_axis',(0.,0.,-1.));
#5245=DIRECTION('center_axis',(0.,1.,0.));
#5246=DIRECTION('ref_axis',(1.,0.,0.));
#5247=DIRECTION('',(0.,-1.,0.));
#5248=DIRECTION('center_axis',(0.,1.,0.));
#5249=DIRECTION('ref_axis',(1.,0.,0.));
#5250=DIRECTION('center_axis',(1.,0.,0.));
#5251=DIRECTION('ref_axis',(0.,0.,-1.));
#5252=DIRECTION('',(0.,0.,1.));
#5253=DIRECTION('',(0.,-1.,0.));
#5254=DIRECTION('',(0.,0.,1.));
#5255=DIRECTION('center_axis',(0.,-1.,0.));
#5256=DIRECTION('ref_axis',(0.,0.,-1.));
#5257=DIRECTION('center_axis',(0.,1.,0.));
#5258=DIRECTION('ref_axis',(1.,0.,0.));
#5259=DIRECTION('',(0.,-1.,0.));
#5260=DIRECTION('center_axis',(0.,1.,0.));
#5261=DIRECTION('ref_axis',(1.,0.,0.));
#5262=DIRECTION('center_axis',(0.,0.,-1.));
#5263=DIRECTION('ref_axis',(-1.,0.,0.));
#5264=DIRECTION('',(1.,0.,0.));
#5265=DIRECTION('',(0.,-1.,0.));
#5266=DIRECTION('',(1.,0.,0.));
#5267=DIRECTION('center_axis',(1.,0.,0.));
#5268=DIRECTION('ref_axis',(0.,0.,-1.));
#5269=DIRECTION('',(0.,0.,1.));
#5270=DIRECTION('',(0.,-1.,0.));
#5271=DIRECTION('',(0.,0.,1.));
#5272=DIRECTION('center_axis',(0.,-1.,0.));
#5273=DIRECTION('ref_axis',(0.,0.,-1.));
#5274=DIRECTION('center_axis',(0.,1.,0.));
#5275=DIRECTION('ref_axis',(1.,0.,0.));
#5276=DIRECTION('',(0.,-1.,0.));
#5277=DIRECTION('center_axis',(0.,1.,0.));
#5278=DIRECTION('ref_axis',(1.,0.,0.));
#5279=DIRECTION('center_axis',(0.,0.,-1.));
#5280=DIRECTION('ref_axis',(-1.,0.,0.));
#5281=DIRECTION('',(1.,0.,0.));
#5282=DIRECTION('',(0.,-1.,0.));
#5283=DIRECTION('',(1.,0.,0.));
#5284=DIRECTION('center_axis',(0.,-1.,0.));
#5285=DIRECTION('ref_axis',(0.,0.,-1.));
#5286=DIRECTION('center_axis',(0.,1.,0.));
#5287=DIRECTION('ref_axis',(1.,0.,0.));
#5288=DIRECTION('',(0.,-1.,0.));
#5289=DIRECTION('center_axis',(0.,1.,0.));
#5290=DIRECTION('ref_axis',(1.,0.,0.));
#5291=DIRECTION('center_axis',(-1.,0.,0.));
#5292=DIRECTION('ref_axis',(0.,0.,1.));
#5293=DIRECTION('',(0.,0.,-1.));
#5294=DIRECTION('',(0.,-1.,0.));
#5295=DIRECTION('',(0.,0.,-1.));
#5296=DIRECTION('center_axis',(0.,0.,-1.));
#5297=DIRECTION('ref_axis',(-1.,0.,0.));
#5298=DIRECTION('',(1.,0.,0.));
#5299=DIRECTION('',(0.,-1.,0.));
#5300=DIRECTION('',(1.,0.,0.));
#5301=DIRECTION('center_axis',(0.,-1.,0.));
#5302=DIRECTION('ref_axis',(0.,0.,-1.));
#5303=DIRECTION('center_axis',(0.,1.,0.));
#5304=DIRECTION('ref_axis',(1.,0.,0.));
#5305=DIRECTION('',(0.,-1.,0.));
#5306=DIRECTION('center_axis',(0.,1.,0.));
#5307=DIRECTION('ref_axis',(1.,0.,0.));
#5308=DIRECTION('center_axis',(-1.,0.,0.));
#5309=DIRECTION('ref_axis',(0.,0.,1.));
#5310=DIRECTION('',(0.,0.,-1.));
#5311=DIRECTION('',(0.,-1.,0.));
#5312=DIRECTION('',(0.,0.,-1.));
#5313=DIRECTION('center_axis',(0.,-1.,0.));
#5314=DIRECTION('ref_axis',(0.,0.,-1.));
#5315=DIRECTION('center_axis',(0.,1.,0.));
#5316=DIRECTION('ref_axis',(1.,0.,0.));
#5317=DIRECTION('',(0.,-1.,0.));
#5318=DIRECTION('center_axis',(0.,1.,0.));
#5319=DIRECTION('ref_axis',(1.,0.,0.));
#5320=DIRECTION('center_axis',(0.,0.,-1.));
#5321=DIRECTION('ref_axis',(-1.,0.,0.));
#5322=DIRECTION('',(1.,0.,0.));
#5323=DIRECTION('',(0.,-1.,0.));
#5324=DIRECTION('',(1.,0.,0.));
#5325=DIRECTION('center_axis',(0.,-1.,0.));
#5326=DIRECTION('ref_axis',(0.,0.,-1.));
#5327=DIRECTION('center_axis',(0.,1.,0.));
#5328=DIRECTION('ref_axis',(1.,0.,0.));
#5329=DIRECTION('',(0.,-1.,0.));
#5330=DIRECTION('center_axis',(0.,1.,0.));
#5331=DIRECTION('ref_axis',(1.,0.,0.));
#5332=DIRECTION('center_axis',(-1.,0.,0.));
#5333=DIRECTION('ref_axis',(0.,0.,1.));
#5334=DIRECTION('',(0.,0.,-1.));
#5335=DIRECTION('',(0.,-1.,0.));
#5336=DIRECTION('',(0.,0.,-1.));
#5337=DIRECTION('center_axis',(0.,-1.,0.));
#5338=DIRECTION('ref_axis',(0.,0.,-1.));
#5339=DIRECTION('center_axis',(0.,1.,0.));
#5340=DIRECTION('ref_axis',(1.,0.,0.));
#5341=DIRECTION('',(0.,-1.,0.));
#5342=DIRECTION('center_axis',(0.,1.,0.));
#5343=DIRECTION('ref_axis',(1.,0.,0.));
#5344=DIRECTION('center_axis',(0.,0.,1.));
#5345=DIRECTION('ref_axis',(1.,0.,0.));
#5346=DIRECTION('',(-1.,0.,0.));
#5347=DIRECTION('',(0.,-1.,0.));
#5348=DIRECTION('',(-1.,0.,0.));
#5349=DIRECTION('center_axis',(0.,-1.,0.));
#5350=DIRECTION('ref_axis',(0.,0.,-1.));
#5351=DIRECTION('center_axis',(0.,1.,0.));
#5352=DIRECTION('ref_axis',(1.,0.,0.));
#5353=DIRECTION('',(0.,-1.,0.));
#5354=DIRECTION('center_axis',(0.,1.,0.));
#5355=DIRECTION('ref_axis',(1.,0.,0.));
#5356=DIRECTION('center_axis',(-1.,0.,0.));
#5357=DIRECTION('ref_axis',(0.,0.,1.));
#5358=DIRECTION('',(0.,0.,-1.));
#5359=DIRECTION('',(0.,-1.,0.));
#5360=DIRECTION('',(0.,0.,-1.));
#5361=DIRECTION('center_axis',(0.,-1.,0.));
#5362=DIRECTION('ref_axis',(0.,0.,-1.));
#5363=DIRECTION('center_axis',(0.,1.,0.));
#5364=DIRECTION('ref_axis',(1.,0.,0.));
#5365=DIRECTION('',(0.,-1.,0.));
#5366=DIRECTION('center_axis',(0.,1.,0.));
#5367=DIRECTION('ref_axis',(1.,0.,0.));
#5368=DIRECTION('center_axis',(0.,0.,1.));
#5369=DIRECTION('ref_axis',(1.,0.,0.));
#5370=DIRECTION('',(-1.,0.,0.));
#5371=DIRECTION('',(0.,-1.,0.));
#5372=DIRECTION('',(-1.,0.,0.));
#5373=DIRECTION('center_axis',(-1.,0.,0.));
#5374=DIRECTION('ref_axis',(0.,0.,1.));
#5375=DIRECTION('',(0.,0.,-1.));
#5376=DIRECTION('',(0.,-1.,0.));
#5377=DIRECTION('',(0.,0.,-1.));
#5378=DIRECTION('center_axis',(0.,-1.,0.));
#5379=DIRECTION('ref_axis',(0.,0.,-1.));
#5380=DIRECTION('center_axis',(0.,1.,0.));
#5381=DIRECTION('ref_axis',(1.,0.,0.));
#5382=DIRECTION('',(0.,-1.,0.));
#5383=DIRECTION('center_axis',(0.,1.,0.));
#5384=DIRECTION('ref_axis',(1.,0.,0.));
#5385=DIRECTION('center_axis',(0.,0.,1.));
#5386=DIRECTION('ref_axis',(1.,0.,0.));
#5387=DIRECTION('',(-1.,0.,0.));
#5388=DIRECTION('',(0.,-1.,0.));
#5389=DIRECTION('',(-1.,0.,0.));
#5390=DIRECTION('center_axis',(0.,-1.,0.));
#5391=DIRECTION('ref_axis',(0.,0.,-1.));
#5392=DIRECTION('center_axis',(0.,1.,0.));
#5393=DIRECTION('ref_axis',(1.,0.,0.));
#5394=DIRECTION('',(0.,-1.,0.));
#5395=DIRECTION('center_axis',(0.,1.,0.));
#5396=DIRECTION('ref_axis',(1.,0.,0.));
#5397=DIRECTION('center_axis',(1.,0.,0.));
#5398=DIRECTION('ref_axis',(0.,0.,-1.));
#5399=DIRECTION('',(0.,0.,1.));
#5400=DIRECTION('',(0.,-1.,0.));
#5401=DIRECTION('',(0.,0.,1.));
#5402=DIRECTION('center_axis',(0.,0.,1.));
#5403=DIRECTION('ref_axis',(1.,0.,0.));
#5404=DIRECTION('',(-1.,0.,0.));
#5405=DIRECTION('',(0.,-1.,0.));
#5406=DIRECTION('',(-1.,0.,0.));
#5407=DIRECTION('center_axis',(0.,-1.,0.));
#5408=DIRECTION('ref_axis',(0.,0.,-1.));
#5409=DIRECTION('center_axis',(0.,1.,0.));
#5410=DIRECTION('ref_axis',(1.,0.,0.));
#5411=DIRECTION('',(0.,-1.,0.));
#5412=DIRECTION('center_axis',(0.,1.,0.));
#5413=DIRECTION('ref_axis',(1.,0.,0.));
#5414=DIRECTION('center_axis',(1.,0.,0.));
#5415=DIRECTION('ref_axis',(0.,0.,-1.));
#5416=DIRECTION('',(0.,0.,1.));
#5417=DIRECTION('',(0.,-1.,0.));
#5418=DIRECTION('',(0.,0.,1.));
#5419=DIRECTION('center_axis',(0.,-1.,0.));
#5420=DIRECTION('ref_axis',(0.,0.,-1.));
#5421=DIRECTION('center_axis',(0.,1.,0.));
#5422=DIRECTION('ref_axis',(1.,0.,0.));
#5423=DIRECTION('',(0.,-1.,0.));
#5424=DIRECTION('center_axis',(0.,1.,0.));
#5425=DIRECTION('ref_axis',(1.,0.,0.));
#5426=DIRECTION('center_axis',(0.,0.,1.));
#5427=DIRECTION('ref_axis',(1.,0.,0.));
#5428=DIRECTION('',(-1.,0.,0.));
#5429=DIRECTION('',(0.,-1.,0.));
#5430=DIRECTION('',(-1.,0.,0.));
#5431=DIRECTION('center_axis',(0.,-1.,0.));
#5432=DIRECTION('ref_axis',(0.,0.,-1.));
#5433=DIRECTION('center_axis',(0.,1.,0.));
#5434=DIRECTION('ref_axis',(1.,0.,0.));
#5435=DIRECTION('center_axis',(0.,1.,0.));
#5436=DIRECTION('ref_axis',(1.,0.,0.));
#5437=DIRECTION('center_axis',(0.,1.,0.));
#5438=DIRECTION('ref_axis',(0.,0.,1.));
#5439=DIRECTION('center_axis',(0.,-1.,0.));
#5440=DIRECTION('ref_axis',(0.,0.,-1.));
#5441=DIRECTION('center_axis',(0.,1.,0.));
#5442=DIRECTION('ref_axis',(0.,0.,1.));
#5443=DIRECTION('center_axis',(0.,-1.,0.));
#5444=DIRECTION('ref_axis',(0.,0.,-1.));
#5445=DIRECTION('center_axis',(0.,-1.,0.));
#5446=DIRECTION('ref_axis',(0.,0.,-1.));
#5447=DIRECTION('center_axis',(0.,-1.,0.));
#5448=DIRECTION('ref_axis',(0.,0.,-1.));
#5449=DIRECTION('',(4.27395569285715E-18,0.999390827019096,-0.0348994967025011));
#5450=DIRECTION('axis',(0.,0.,1.));
#5451=DIRECTION('refdir',(1.,0.,0.));
#5452=DIRECTION('center_axis',(0.,1.,0.));
#5453=DIRECTION('ref_axis',(0.,0.,1.));
#5454=DIRECTION('',(-1.,0.,0.));
#5455=DIRECTION('',(1.,0.,0.));
#5456=DIRECTION('',(-1.,0.,0.));
#5457=DIRECTION('',(-0.707106781186547,0.,0.707106781186548));
#5458=DIRECTION('',(-1.,0.,0.));
#5459=DIRECTION('',(-0.707106781186547,0.,-0.707106781186548));
#5460=DIRECTION('',(-1.,0.,0.));
#5461=DIRECTION('',(1.,0.,0.));
#5462=DIRECTION('',(-1.,0.,0.));
#5463=DIRECTION('',(-5.78241158658932E-15,0.,-1.));
#5464=DIRECTION('',(-1.,0.,0.));
#5465=DIRECTION('',(0.,0.,-1.));
#5466=DIRECTION('',(1.,0.,0.));
#5467=DIRECTION('',(0.,0.,-1.));
#5468=DIRECTION('',(-1.,0.,-4.33680868994201E-15));
#5469=DIRECTION('',(0.,0.,-1.));
#5470=DIRECTION('',(1.,0.,0.));
#5471=DIRECTION('',(1.,0.,0.));
#5472=DIRECTION('',(1.,0.,0.));
#5473=DIRECTION('',(0.707106781186547,0.,-0.707106781186548));
#5474=DIRECTION('',(1.,0.,0.));
#5475=DIRECTION('',(0.707106781186547,0.,0.707106781186548));
#5476=DIRECTION('',(1.,0.,0.));
#5477=DIRECTION('',(1.,0.,0.));
#5478=DIRECTION('',(1.,0.,-1.03257349760524E-15));
#5479=DIRECTION('',(0.,0.,1.));
#5480=DIRECTION('',(-1.,0.,0.));
#5481=DIRECTION('',(0.,0.,1.));
#5482=DIRECTION('',(1.,0.,0.));
#5483=DIRECTION('',(0.,0.,1.));
#5484=DIRECTION('',(-1.,0.,0.));
#5485=DIRECTION('',(-5.78241158658936E-15,0.,1.));
#5486=DIRECTION('center_axis',(0.,1.,0.));
#5487=DIRECTION('ref_axis',(1.,0.,0.));
#5488=DIRECTION('center_axis',(1.,0.,0.));
#5489=DIRECTION('ref_axis',(0.,0.,-1.));
#5490=DIRECTION('',(0.,-1.,0.));
#5491=DIRECTION('',(0.,0.,1.));
#5492=DIRECTION('',(0.,-1.,0.));
#5493=DIRECTION('center_axis',(-1.03257349760524E-15,0.,-1.));
#5494=DIRECTION('ref_axis',(-1.,0.,1.03257349760524E-15));
#5495=DIRECTION('',(0.,-1.,0.));
#5496=DIRECTION('',(1.,0.,-1.03257349760524E-15));
#5497=DIRECTION('center_axis',(1.,0.,0.));
#5498=DIRECTION('ref_axis',(0.,0.,-1.));
#5499=DIRECTION('',(0.,-1.,0.));
#5500=DIRECTION('',(0.,0.,1.));
#5501=DIRECTION('',(0.,-1.,0.));
#5502=DIRECTION('',(0.,0.,1.));
#5503=DIRECTION('center_axis',(-1.,0.,0.));
#5504=DIRECTION('ref_axis',(0.,0.,1.));
#5505=DIRECTION('',(0.,-1.,0.));
#5506=DIRECTION('',(0.,0.,1.));
#5507=DIRECTION('',(0.,1.,0.));
#5508=DIRECTION('',(0.,-1.,0.));
#5509=DIRECTION('',(0.,0.,-1.));
#5510=DIRECTION('center_axis',(0.,0.,-1.));
#5511=DIRECTION('ref_axis',(-1.,0.,0.));
#5512=DIRECTION('',(0.,-1.,0.));
#5513=DIRECTION('',(1.,0.,0.));
#5514=DIRECTION('center_axis',(0.707106781186548,0.,-0.707106781186547));
#5515=DIRECTION('ref_axis',(-0.707106781186547,0.,-0.707106781186548));
#5516=DIRECTION('',(0.,-1.,0.));
#5517=DIRECTION('',(0.707106781186547,0.,0.707106781186548));
#5518=DIRECTION('center_axis',(0.,0.,-1.));
#5519=DIRECTION('ref_axis',(-1.,0.,0.));
#5520=DIRECTION('',(0.,-1.,0.));
#5521=DIRECTION('',(1.,0.,0.));
#5522=DIRECTION('center_axis',(-0.707106781186548,0.,-0.707106781186547));
#5523=DIRECTION('ref_axis',(-0.707106781186547,0.,0.707106781186548));
#5524=DIRECTION('',(0.,-1.,0.));
#5525=DIRECTION('',(0.707106781186547,0.,-0.707106781186548));
#5526=DIRECTION('center_axis',(0.,0.,-1.));
#5527=DIRECTION('ref_axis',(-1.,0.,0.));
#5528=DIRECTION('',(0.,-1.,0.));
#5529=DIRECTION('',(1.,0.,0.));
#5530=DIRECTION('center_axis',(1.,0.,0.));
#5531=DIRECTION('ref_axis',(0.,0.,-1.));
#5532=DIRECTION('',(0.,-1.,0.));
#5533=DIRECTION('',(0.,0.,1.));
#5534=DIRECTION('',(0.,-1.,0.));
#5535=DIRECTION('',(0.,0.,1.));
#5536=DIRECTION('center_axis',(0.,0.,-1.));
#5537=DIRECTION('ref_axis',(-1.,0.,0.));
#5538=DIRECTION('',(-1.,0.,0.));
#5539=DIRECTION('',(0.,-1.,0.));
#5540=DIRECTION('',(0.34174306308671,-0.939793423488435,0.));
#5541=DIRECTION('center_axis',(0.,0.,1.));
#5542=DIRECTION('ref_axis',(1.,0.,0.));
#5543=DIRECTION('',(-0.939645911146137,0.342148449750026,0.));
#5544=DIRECTION('center_axis',(0.,0.,1.));
#5545=DIRECTION('ref_axis',(1.,0.,0.));
#5546=DIRECTION('',(-0.939572838736849,-0.342349062665549,0.));
#5547=DIRECTION('center_axis',(0.,0.,1.));
#5548=DIRECTION('ref_axis',(1.,0.,0.));
#5549=DIRECTION('',(0.341518981890216,0.939874877315417,0.));
#5550=DIRECTION('',(0.,1.,0.));
#5551=DIRECTION('',(-1.,0.,0.));
#5552=DIRECTION('',(1.,0.,0.));
#5553=DIRECTION('',(0.325923486293187,-0.94539615034254,0.));
#5554=DIRECTION('center_axis',(0.,0.,1.));
#5555=DIRECTION('ref_axis',(1.,0.,0.));
#5556=DIRECTION('',(0.939765878363605,0.341818802676918,0.));
#5557=DIRECTION('center_axis',(0.,0.,1.));
#5558=DIRECTION('ref_axis',(1.,0.,0.));
#5559=DIRECTION('',(0.939808667767839,-0.341701138406706,0.));
#5560=DIRECTION('center_axis',(0.,0.,1.));
#5561=DIRECTION('ref_axis',(1.,0.,0.));
#5562=DIRECTION('',(0.32547949443092,0.945549099045096,0.));
#5563=DIRECTION('',(0.,-1.,0.));
#5564=DIRECTION('',(1.,0.,0.));
#5565=DIRECTION('center_axis',(-1.,0.,0.));
#5566=DIRECTION('ref_axis',(0.,0.,1.));
#5567=DIRECTION('',(0.,0.,1.));
#5568=DIRECTION('',(0.,1.,0.));
#5569=DIRECTION('',(0.,-1.,0.));
#5570=DIRECTION('',(0.,0.,-1.));
#5571=DIRECTION('center_axis',(0.,0.,-1.));
#5572=DIRECTION('ref_axis',(-1.,0.,0.));
#5573=DIRECTION('',(0.,-1.,0.));
#5574=DIRECTION('',(1.,0.,0.));
#5575=DIRECTION('center_axis',(-1.,0.,0.));
#5576=DIRECTION('ref_axis',(0.,0.,1.));
#5577=DIRECTION('',(0.,-1.,0.));
#5578=DIRECTION('',(0.,0.,-1.));
#5579=DIRECTION('center_axis',(-4.33680868994201E-15,0.,1.));
#5580=DIRECTION('ref_axis',(1.,0.,4.33680868994201E-15));
#5581=DIRECTION('',(0.,-1.,0.));
#5582=DIRECTION('',(-1.,0.,-4.33680868994201E-15));
#5583=DIRECTION('center_axis',(-1.,0.,0.));
#5584=DIRECTION('ref_axis',(0.,0.,1.));
#5585=DIRECTION('',(0.,-1.,0.));
#5586=DIRECTION('',(0.,0.,-1.));
#5587=DIRECTION('center_axis',(0.,0.,-1.));
#5588=DIRECTION('ref_axis',(-1.,0.,0.));
#5589=DIRECTION('',(0.,-1.,0.));
#5590=DIRECTION('',(1.,0.,0.));
#5591=DIRECTION('center_axis',(-1.,0.,0.));
#5592=DIRECTION('ref_axis',(0.,0.,1.));
#5593=DIRECTION('',(0.,-1.,0.));
#5594=DIRECTION('',(0.,0.,-1.));
#5595=DIRECTION('center_axis',(0.,0.,1.));
#5596=DIRECTION('ref_axis',(1.,0.,0.));
#5597=DIRECTION('',(0.,-1.,0.));
#5598=DIRECTION('',(-1.,0.,0.));
#5599=DIRECTION('center_axis',(-1.,0.,5.78241158658932E-15));
#5600=DIRECTION('ref_axis',(5.78241158658932E-15,0.,1.));
#5601=DIRECTION('',(0.,-1.,0.));
#5602=DIRECTION('',(-5.78241158658932E-15,0.,-1.));
#5603=DIRECTION('center_axis',(0.,0.,1.));
#5604=DIRECTION('ref_axis',(1.,0.,0.));
#5605=DIRECTION('',(0.,-1.,0.));
#5606=DIRECTION('',(-1.,0.,0.));
#5607=DIRECTION('center_axis',(-1.,0.,0.));
#5608=DIRECTION('ref_axis',(0.,0.,1.));
#5609=DIRECTION('',(0.,1.,0.));
#5610=DIRECTION('',(0.,0.,-1.));
#5611=DIRECTION('',(0.,-1.,0.));
#5612=DIRECTION('',(0.,0.,-1.));
#5613=DIRECTION('center_axis',(1.,0.,0.));
#5614=DIRECTION('ref_axis',(0.,0.,-1.));
#5615=DIRECTION('',(0.,-1.,0.));
#5616=DIRECTION('',(0.,0.,-1.));
#5617=DIRECTION('',(0.,-1.,0.));
#5618=DIRECTION('',(0.,-1.,0.));
#5619=DIRECTION('',(0.,0.,1.));
#5620=DIRECTION('center_axis',(0.,0.,1.));
#5621=DIRECTION('ref_axis',(1.,0.,0.));
#5622=DIRECTION('',(0.,-1.,0.));
#5623=DIRECTION('',(-1.,0.,0.));
#5624=DIRECTION('center_axis',(-0.707106781186548,0.,0.707106781186547));
#5625=DIRECTION('ref_axis',(0.707106781186547,0.,0.707106781186548));
#5626=DIRECTION('',(0.,-1.,0.));
#5627=DIRECTION('',(-0.707106781186547,0.,-0.707106781186548));
#5628=DIRECTION('center_axis',(0.,0.,1.));
#5629=DIRECTION('ref_axis',(1.,0.,0.));
#5630=DIRECTION('',(0.,-1.,0.));
#5631=DIRECTION('',(-1.,0.,0.));
#5632=DIRECTION('center_axis',(0.707106781186548,0.,0.707106781186547));
#5633=DIRECTION('ref_axis',(0.707106781186547,0.,-0.707106781186548));
#5634=DIRECTION('',(0.,-1.,0.));
#5635=DIRECTION('',(-0.707106781186547,0.,0.707106781186548));
#5636=DIRECTION('center_axis',(0.,0.,1.));
#5637=DIRECTION('ref_axis',(1.,0.,0.));
#5638=DIRECTION('',(0.,-1.,0.));
#5639=DIRECTION('',(-1.,0.,0.));
#5640=DIRECTION('center_axis',(-1.,0.,0.));
#5641=DIRECTION('ref_axis',(0.,0.,1.));
#5642=DIRECTION('',(0.,1.,0.));
#5643=DIRECTION('',(0.,0.,-1.));
#5644=DIRECTION('',(0.,-1.,0.));
#5645=DIRECTION('',(0.,0.,-1.));
#5646=DIRECTION('center_axis',(0.,0.,1.));
#5647=DIRECTION('ref_axis',(1.,0.,0.));
#5648=DIRECTION('',(-1.,0.,0.));
#5649=DIRECTION('',(0.,1.,0.));
#5650=DIRECTION('',(0.341518981890216,0.939874877315417,0.));
#5651=DIRECTION('center_axis',(0.,0.,1.));
#5652=DIRECTION('ref_axis',(1.,0.,0.));
#5653=DIRECTION('',(-0.939572838736849,-0.342349062665549,0.));
#5654=DIRECTION('center_axis',(0.,0.,1.));
#5655=DIRECTION('ref_axis',(1.,0.,0.));
#5656=DIRECTION('',(-0.939645911146137,0.342148449750026,0.));
#5657=DIRECTION('center_axis',(0.,0.,1.));
#5658=DIRECTION('ref_axis',(1.,0.,0.));
#5659=DIRECTION('',(0.34174306308671,-0.939793423488435,0.));
#5660=DIRECTION('',(0.,-1.,0.));
#5661=DIRECTION('',(-1.,0.,0.));
#5662=DIRECTION('',(-1.,0.,0.));
#5663=DIRECTION('',(0.32547949443092,0.945549099045096,0.));
#5664=DIRECTION('center_axis',(0.,0.,1.));
#5665=DIRECTION('ref_axis',(1.,0.,0.));
#5666=DIRECTION('',(0.939808667767839,-0.341701138406706,0.));
#5667=DIRECTION('center_axis',(0.,0.,1.));
#5668=DIRECTION('ref_axis',(1.,0.,0.));
#5669=DIRECTION('',(0.939765878363605,0.341818802676918,0.));
#5670=DIRECTION('center_axis',(0.,0.,1.));
#5671=DIRECTION('ref_axis',(1.,0.,0.));
#5672=DIRECTION('',(0.325923486293187,-0.94539615034254,0.));
#5673=DIRECTION('',(0.,-1.,0.));
#5674=DIRECTION('',(-1.,0.,0.));
#5675=DIRECTION('center_axis',(1.,0.,0.));
#5676=DIRECTION('ref_axis',(0.,0.,-1.));
#5677=DIRECTION('',(0.,0.,-1.));
#5678=DIRECTION('',(0.,-1.,0.));
#5679=DIRECTION('',(0.,-1.,0.));
#5680=DIRECTION('',(0.,0.,1.));
#5681=DIRECTION('center_axis',(0.,0.,1.));
#5682=DIRECTION('ref_axis',(1.,0.,0.));
#5683=DIRECTION('',(0.,-1.,0.));
#5684=DIRECTION('',(-1.,0.,0.));
#5685=DIRECTION('center_axis',(1.,0.,5.78241158658936E-15));
#5686=DIRECTION('ref_axis',(5.78241158658936E-15,0.,-1.));
#5687=DIRECTION('',(0.,-1.,0.));
#5688=DIRECTION('',(-5.78241158658936E-15,0.,1.));
#5689=DIRECTION('center_axis',(0.,0.,1.));
#5690=DIRECTION('ref_axis',(1.,0.,0.));
#5691=DIRECTION('',(0.,-1.,0.));
#5692=DIRECTION('',(-1.,0.,0.));
#5693=DIRECTION('center_axis',(1.,0.,0.));
#5694=DIRECTION('ref_axis',(0.,0.,-1.));
#5695=DIRECTION('',(0.,-1.,0.));
#5696=DIRECTION('',(0.,0.,1.));
#5697=DIRECTION('center_axis',(0.,0.,-1.));
#5698=DIRECTION('ref_axis',(-1.,0.,0.));
#5699=DIRECTION('',(0.,-1.,0.));
#5700=DIRECTION('',(1.,0.,0.));
#5701=DIRECTION('center_axis',(1.,0.,0.));
#5702=DIRECTION('ref_axis',(0.,0.,-1.));
#5703=DIRECTION('',(0.,-1.,0.));
#5704=DIRECTION('',(0.,0.,1.));
#5705=DIRECTION('center_axis',(0.,-1.,0.));
#5706=DIRECTION('ref_axis',(0.,0.,-1.));
#5707=DIRECTION('center_axis',(0.,1.,0.));
#5708=DIRECTION('ref_axis',(1.,0.,0.));
#5709=DIRECTION('',(0.,-1.,0.));
#5710=DIRECTION('center_axis',(0.,0.,1.));
#5711=DIRECTION('ref_axis',(1.,0.,0.));
#5712=DIRECTION('',(-1.,0.,0.));
#5713=DIRECTION('center_axis',(0.,1.,0.));
#5714=DIRECTION('ref_axis',(0.,0.,1.));
#5715=DIRECTION('center_axis',(0.,0.,1.));
#5716=DIRECTION('ref_axis',(1.,0.,0.));
#5717=DIRECTION('',(-1.,0.,0.));
#5718=DIRECTION('',(0.,1.,0.));
#5719=DIRECTION('',(0.341518981890216,0.939874877315417,0.));
#5720=DIRECTION('center_axis',(0.,0.,1.));
#5721=DIRECTION('ref_axis',(1.,0.,0.));
#5722=DIRECTION('',(-0.939572838736849,-0.342349062665549,0.));
#5723=DIRECTION('center_axis',(0.,0.,1.));
#5724=DIRECTION('ref_axis',(1.,0.,0.));
#5725=DIRECTION('',(-0.939645911146137,0.342148449750026,0.));
#5726=DIRECTION('center_axis',(0.,0.,1.));
#5727=DIRECTION('ref_axis',(1.,0.,0.));
#5728=DIRECTION('',(0.34174306308671,-0.939793423488435,0.));
#5729=DIRECTION('',(0.,-1.,0.));
#5730=DIRECTION('',(-1.,0.,0.));
#5731=DIRECTION('',(0.32547949443092,0.945549099045096,0.));
#5732=DIRECTION('center_axis',(0.,0.,1.));
#5733=DIRECTION('ref_axis',(1.,0.,0.));
#5734=DIRECTION('',(0.939808667767839,-0.341701138406706,0.));
#5735=DIRECTION('center_axis',(0.,0.,1.));
#5736=DIRECTION('ref_axis',(1.,0.,0.));
#5737=DIRECTION('',(0.939765878363605,0.341818802676918,0.));
#5738=DIRECTION('center_axis',(0.,0.,1.));
#5739=DIRECTION('ref_axis',(1.,0.,0.));
#5740=DIRECTION('',(0.325923486293187,-0.94539615034254,0.));
#5741=DIRECTION('center_axis',(-0.94539615034254,-0.325923486293187,0.));
#5742=DIRECTION('ref_axis',(0.325923486293187,-0.94539615034254,0.));
#5743=DIRECTION('',(0.,0.,1.));
#5744=DIRECTION('center_axis',(0.,0.,1.));
#5745=DIRECTION('ref_axis',(1.,0.,0.));
#5746=DIRECTION('',(0.,0.,1.));
#5747=DIRECTION('center_axis',(0.341818802676918,-0.939765878363605,0.));
#5748=DIRECTION('ref_axis',(0.939765878363605,0.341818802676918,0.));
#5749=DIRECTION('',(0.,0.,1.));
#5750=DIRECTION('center_axis',(0.,0.,1.));
#5751=DIRECTION('ref_axis',(1.,0.,0.));
#5752=DIRECTION('',(0.,0.,1.));
#5753=DIRECTION('center_axis',(-0.341701138406706,-0.939808667767839,0.));
#5754=DIRECTION('ref_axis',(0.939808667767839,-0.341701138406706,0.));
#5755=DIRECTION('',(0.,0.,1.));
#5756=DIRECTION('center_axis',(0.,0.,1.));
#5757=DIRECTION('ref_axis',(1.,0.,0.));
#5758=DIRECTION('',(0.,0.,1.));
#5759=DIRECTION('center_axis',(0.945549099045096,-0.32547949443092,0.));
#5760=DIRECTION('ref_axis',(0.32547949443092,0.945549099045096,0.));
#5761=DIRECTION('center_axis',(0.,1.,0.));
#5762=DIRECTION('ref_axis',(0.,0.,1.));
#5763=DIRECTION('',(0.,0.,1.));
#5764=DIRECTION('center_axis',(-1.,0.,0.));
#5765=DIRECTION('ref_axis',(0.,0.,1.));
#5766=DIRECTION('',(0.,0.,1.));
#5767=DIRECTION('center_axis',(-0.939793423488435,-0.34174306308671,0.));
#5768=DIRECTION('ref_axis',(0.34174306308671,-0.939793423488435,0.));
#5769=DIRECTION('',(0.,0.,1.));
#5770=DIRECTION('center_axis',(0.,0.,1.));
#5771=DIRECTION('ref_axis',(1.,0.,0.));
#5772=DIRECTION('',(0.,0.,1.));
#5773=DIRECTION('center_axis',(0.342148449750026,0.939645911146137,0.));
#5774=DIRECTION('ref_axis',(-0.939645911146137,0.342148449750026,0.));
#5775=DIRECTION('',(0.,0.,1.));
#5776=DIRECTION('center_axis',(0.,0.,1.));
#5777=DIRECTION('ref_axis',(1.,0.,0.));
#5778=DIRECTION('',(0.,0.,1.));
#5779=DIRECTION('center_axis',(-0.342349062665549,0.939572838736849,0.));
#5780=DIRECTION('ref_axis',(-0.939572838736849,-0.342349062665549,0.));
#5781=DIRECTION('',(0.,0.,1.));
#5782=DIRECTION('center_axis',(0.,0.,1.));
#5783=DIRECTION('ref_axis',(-0.706111519914456,-0.708100643584015,0.));
#5784=DIRECTION('',(0.,0.,1.));
#5785=DIRECTION('center_axis',(0.939874877315417,-0.341518981890216,0.));
#5786=DIRECTION('ref_axis',(0.341518981890216,0.939874877315417,0.));
#5787=DIRECTION('',(0.,0.,1.));
#5788=DIRECTION('center_axis',(1.,0.,0.));
#5789=DIRECTION('ref_axis',(0.,0.,-1.));
#5790=DIRECTION('',(0.,0.,1.));
#5791=DIRECTION('center_axis',(0.,1.,0.));
#5792=DIRECTION('ref_axis',(0.,0.,1.));
#5793=DIRECTION('center_axis',(0.,0.,1.));
#5794=DIRECTION('ref_axis',(1.,0.,0.));
#5795=DIRECTION('',(0.325923486293187,-0.94539615034254,0.));
#5796=DIRECTION('center_axis',(0.,0.,1.));
#5797=DIRECTION('ref_axis',(1.,0.,0.));
#5798=DIRECTION('',(0.939765878363605,0.341818802676918,0.));
#5799=DIRECTION('center_axis',(0.,0.,1.));
#5800=DIRECTION('ref_axis',(1.,0.,0.));
#5801=DIRECTION('',(0.939808667767839,-0.341701138406706,0.));
#5802=DIRECTION('center_axis',(0.,0.,1.));
#5803=DIRECTION('ref_axis',(1.,0.,0.));
#5804=DIRECTION('',(0.32547949443092,0.945549099045096,0.));
#5805=DIRECTION('',(-1.,0.,0.));
#5806=DIRECTION('',(0.,-1.,0.));
#5807=DIRECTION('',(0.34174306308671,-0.939793423488435,0.));
#5808=DIRECTION('center_axis',(0.,0.,1.));
#5809=DIRECTION('ref_axis',(1.,0.,0.));
#5810=DIRECTION('',(-0.939645911146137,0.342148449750026,0.));
#5811=DIRECTION('center_axis',(0.,0.,1.));
#5812=DIRECTION('ref_axis',(1.,0.,0.));
#5813=DIRECTION('',(-0.939572838736849,-0.342349062665549,0.));
#5814=DIRECTION('center_axis',(0.,0.,1.));
#5815=DIRECTION('ref_axis',(1.,0.,0.));
#5816=DIRECTION('',(0.341518981890216,0.939874877315417,0.));
#5817=DIRECTION('',(0.,1.,0.));
#5818=DIRECTION('',(-1.,0.,0.));
#5819=DIRECTION('center_axis',(0.94539615034254,0.325923486293187,0.));
#5820=DIRECTION('ref_axis',(-0.325923486293187,0.94539615034254,0.));
#5821=DIRECTION('',(0.,0.,-1.));
#5822=DIRECTION('center_axis',(0.,0.,-1.));
#5823=DIRECTION('ref_axis',(-1.,0.,0.));
#5824=DIRECTION('',(0.,0.,-1.));
#5825=DIRECTION('center_axis',(-0.341818802676918,0.939765878363605,0.));
#5826=DIRECTION('ref_axis',(-0.939765878363605,-0.341818802676918,0.));
#5827=DIRECTION('',(0.,0.,-1.));
#5828=DIRECTION('center_axis',(0.,0.,-1.));
#5829=DIRECTION('ref_axis',(-1.,0.,0.));
#5830=DIRECTION('',(0.,0.,-1.));
#5831=DIRECTION('center_axis',(0.341701138406706,0.939808667767839,0.));
#5832=DIRECTION('ref_axis',(-0.939808667767839,0.341701138406706,0.));
#5833=DIRECTION('',(0.,0.,-1.));
#5834=DIRECTION('center_axis',(0.,0.,-1.));
#5835=DIRECTION('ref_axis',(-1.,0.,0.));
#5836=DIRECTION('',(0.,0.,-1.));
#5837=DIRECTION('center_axis',(-0.945549099045096,0.32547949443092,0.));
#5838=DIRECTION('ref_axis',(-0.32547949443092,-0.945549099045096,0.));
#5839=DIRECTION('center_axis',(0.,-1.,0.));
#5840=DIRECTION('ref_axis',(0.,0.,-1.));
#5841=DIRECTION('',(0.,0.,-1.));
#5842=DIRECTION('center_axis',(1.,0.,0.));
#5843=DIRECTION('ref_axis',(0.,0.,-1.));
#5844=DIRECTION('',(0.,0.,-1.));
#5845=DIRECTION('center_axis',(0.939793423488435,0.34174306308671,0.));
#5846=DIRECTION('ref_axis',(-0.34174306308671,0.939793423488435,0.));
#5847=DIRECTION('',(0.,0.,-1.));
#5848=DIRECTION('center_axis',(0.,0.,-1.));
#5849=DIRECTION('ref_axis',(0.70691584061813,-0.707297670209059,0.));
#5850=DIRECTION('',(0.,0.,-1.));
#5851=DIRECTION('center_axis',(-0.342148449750026,-0.939645911146137,0.));
#5852=DIRECTION('ref_axis',(0.939645911146137,-0.342148449750026,0.));
#5853=DIRECTION('',(0.,0.,-1.));
#5854=DIRECTION('center_axis',(0.,0.,-1.));
#5855=DIRECTION('ref_axis',(-1.,0.,0.));
#5856=DIRECTION('',(0.,0.,-1.));
#5857=DIRECTION('center_axis',(0.342349062665549,-0.939572838736849,0.));
#5858=DIRECTION('ref_axis',(0.939572838736849,0.342349062665549,0.));
#5859=DIRECTION('',(0.,0.,-1.));
#5860=DIRECTION('center_axis',(0.,0.,-1.));
#5861=DIRECTION('ref_axis',(-1.,0.,0.));
#5862=DIRECTION('',(0.,0.,-1.));
#5863=DIRECTION('center_axis',(-0.939874877315417,0.341518981890216,0.));
#5864=DIRECTION('ref_axis',(-0.341518981890216,-0.939874877315417,0.));
#5865=DIRECTION('',(0.,0.,-1.));
#5866=DIRECTION('center_axis',(-1.,0.,0.));
#5867=DIRECTION('ref_axis',(0.,0.,1.));
#5868=DIRECTION('',(0.,0.,-1.));
#5869=DIRECTION('center_axis',(0.,-1.,0.));
#5870=DIRECTION('ref_axis',(0.,0.,-1.));
#5871=DIRECTION('axis',(0.,0.,1.));
#5872=DIRECTION('refdir',(1.,0.,0.));
#5873=DIRECTION('center_axis',(0.,0.,-1.));
#5874=DIRECTION('ref_axis',(-1.,0.,0.));
#5875=DIRECTION('',(-0.707106781186548,0.707106781186548,0.));
#5876=DIRECTION('center_axis',(0.,0.,-1.));
#5877=DIRECTION('ref_axis',(-1.,0.,0.));
#5878=DIRECTION('',(0.,1.,0.));
#5879=DIRECTION('center_axis',(0.,0.,-1.));
#5880=DIRECTION('ref_axis',(-1.,0.,0.));
#5881=DIRECTION('',(0.,1.,0.));
#5882=DIRECTION('',(1.,6.12323399573677E-17,0.));
#5883=DIRECTION('',(0.,1.,0.));
#5884=DIRECTION('center_axis',(0.,0.,-1.));
#5885=DIRECTION('ref_axis',(-1.,0.,0.));
#5886=DIRECTION('center_axis',(0.,0.,1.));
#5887=DIRECTION('ref_axis',(1.,0.,0.));
#5888=DIRECTION('',(-0.707106781186548,0.707106781186548,0.));
#5889=DIRECTION('center_axis',(0.,0.,-1.));
#5890=DIRECTION('ref_axis',(-1.,0.,0.));
#5891=DIRECTION('',(0.,1.,0.));
#5892=DIRECTION('',(-1.,-6.12323399573677E-17,0.));
#5893=DIRECTION('',(0.,-1.,0.));
#5894=DIRECTION('center_axis',(0.,0.,-1.));
#5895=DIRECTION('ref_axis',(-1.,0.,0.));
#5896=DIRECTION('',(0.,1.,0.));
#5897=DIRECTION('center_axis',(0.,0.,-1.));
#5898=DIRECTION('ref_axis',(-1.,0.,0.));
#5899=DIRECTION('center_axis',(0.,0.,-1.));
#5900=DIRECTION('ref_axis',(-1.,0.,0.));
#5901=DIRECTION('',(0.,0.,1.));
#5902=DIRECTION('center_axis',(0.,0.,1.));
#5903=DIRECTION('ref_axis',(1.,0.,0.));
#5904=DIRECTION('',(0.,0.,1.));
#5905=DIRECTION('center_axis',(0.,0.,-1.));
#5906=DIRECTION('ref_axis',(-1.,0.,0.));
#5907=DIRECTION('center_axis',(0.,0.,-1.));
#5908=DIRECTION('ref_axis',(-1.,0.,0.));
#5909=DIRECTION('center_axis',(0.,0.,-1.));
#5910=DIRECTION('ref_axis',(-1.,0.,0.));
#5911=DIRECTION('',(0.,0.,-1.));
#5912=DIRECTION('center_axis',(0.,0.,1.));
#5913=DIRECTION('ref_axis',(1.,0.,0.));
#5914=DIRECTION('',(0.,0.,-1.));
#5915=DIRECTION('center_axis',(0.0523359562429436,0.998629534754574,0.));
#5916=DIRECTION('ref_axis',(-0.998629534754574,0.0523359562429436,0.));
#5917=DIRECTION('',(-0.998629534754574,0.0523359562429436,0.));
#5918=DIRECTION('',(0.998629534754574,-0.0523359562429436,0.));
#5919=DIRECTION('',(0.,0.,1.));
#5920=DIRECTION('center_axis',(-0.0523359562429436,-0.998629534754574,0.));
#5921=DIRECTION('ref_axis',(0.998629534754574,-0.0523359562429436,0.));
#5922=DIRECTION('',(0.998629534754574,-0.0523359562429436,0.));
#5923=DIRECTION('',(0.,0.,-1.));
#5924=DIRECTION('',(-0.998629534754574,0.0523359562429436,0.));
#5925=DIRECTION('center_axis',(-0.998629534754574,0.0523359562429439,0.));
#5926=DIRECTION('ref_axis',(-0.0523359562429439,-0.998629534754574,0.));
#5927=DIRECTION('',(-0.0523359562429439,-0.998629534754574,0.));
#5928=DIRECTION('',(0.0523359562429439,0.998629534754574,0.));
#5929=DIRECTION('center_axis',(-6.12323399573677E-17,1.,0.));
#5930=DIRECTION('ref_axis',(0.,0.,1.));
#5931=DIRECTION('',(0.,0.,-1.));
#5932=DIRECTION('',(0.,0.,1.));
#5933=DIRECTION('center_axis',(0.,0.,-1.));
#5934=DIRECTION('ref_axis',(-1.,0.,0.));
#5935=DIRECTION('',(0.,0.,-1.));
#5936=DIRECTION('',(0.,0.,-1.));
#5937=DIRECTION('center_axis',(-1.,0.,0.));
#5938=DIRECTION('ref_axis',(0.,0.,1.));
#5939=DIRECTION('center_axis',(-1.,0.,0.));
#5940=DIRECTION('ref_axis',(0.,0.,1.));
#5941=DIRECTION('center_axis',(1.,0.,0.));
#5942=DIRECTION('ref_axis',(0.,0.,-1.));
#5943=DIRECTION('center_axis',(0.,0.,1.));
#5944=DIRECTION('ref_axis',(1.,0.,0.));
#5945=DIRECTION('',(-0.707106781186548,0.707106781186548,0.));
#5946=DIRECTION('center_axis',(-0.707106781186548,0.707106781186548,0.));
#5947=DIRECTION('ref_axis',(-0.707106781186548,-0.707106781186548,0.));
#5948=DIRECTION('',(-0.707106781186548,0.707106781186548,0.));
#5949=DIRECTION('center_axis',(-0.707106781186548,0.707106781186548,0.));
#5950=DIRECTION('ref_axis',(-0.707106781186547,-0.707106781186547,0.));
#5951=DIRECTION('center_axis',(-0.707106781186548,0.707106781186548,0.));
#5952=DIRECTION('ref_axis',(-0.707106781186548,-0.707106781186548,0.));
#5953=DIRECTION('',(-0.707106781186548,0.707106781186548,0.));
#5954=DIRECTION('center_axis',(-0.707106781186548,0.707106781186548,0.));
#5955=DIRECTION('ref_axis',(-0.707106781186548,-0.707106781186548,0.));
#5956=DIRECTION('',(-0.707106781186548,0.707106781186548,0.));
#5957=DIRECTION('center_axis',(0.,0.,-1.));
#5958=DIRECTION('ref_axis',(-1.,0.,0.));
#5959=DIRECTION('',(0.,0.,1.));
#5960=DIRECTION('',(1.,0.,0.));
#5961=DIRECTION('',(0.,0.,1.));
#5962=DIRECTION('',(1.,0.,0.));
#5963=DIRECTION('',(0.,0.,1.));
#5964=DIRECTION('',(1.,0.,0.));
#5965=DIRECTION('',(0.,0.,1.));
#5966=DIRECTION('',(1.,0.,0.));
#5967=DIRECTION('',(0.,0.,1.));
#5968=DIRECTION('',(1.,0.,0.));
#5969=DIRECTION('',(0.,0.,-1.));
#5970=DIRECTION('',(-1.,0.,0.));
#5971=DIRECTION('',(0.,0.,-1.));
#5972=DIRECTION('',(-1.,0.,0.));
#5973=DIRECTION('center_axis',(0.,0.,1.));
#5974=DIRECTION('ref_axis',(1.,0.,0.));
#5975=CARTESIAN_POINT('',(0.,0.,0.));
#5976=CARTESIAN_POINT('',(0.,0.,0.));
#5977=CARTESIAN_POINT('Origin',(0.,-1.9,0.));
#5978=CARTESIAN_POINT('',(3.05,-1.9,0.5));
#5979=CARTESIAN_POINT('',(3.05,-1.9,-0.5));
#5980=CARTESIAN_POINT('',(3.05,-1.9,0.5));
#5981=CARTESIAN_POINT('',(3.15,-1.9,0.5));
#5982=CARTESIAN_POINT('',(3.05,-1.9,0.5));
#5983=CARTESIAN_POINT('',(3.15,-1.9,1.4));
#5984=CARTESIAN_POINT('',(3.15,-1.9,2.8));
#5985=CARTESIAN_POINT('',(1.725,-1.9,1.4));
#5986=CARTESIAN_POINT('',(3.725,-1.9,1.4));
#5987=CARTESIAN_POINT('',(1.725,-1.9,2.55));
#5988=CARTESIAN_POINT('Origin',(1.72500001666001,-1.9,1.975));
#5989=CARTESIAN_POINT('',(2.55,-1.9,2.55));
#5990=CARTESIAN_POINT('',(1.725,-1.9,2.55));
#5991=CARTESIAN_POINT('',(2.55,-1.9,2.8));
#5992=CARTESIAN_POINT('',(2.55,-1.9,3.435));
#5993=CARTESIAN_POINT('',(-2.55,-1.9,2.8));
#5994=CARTESIAN_POINT('',(-3.15,-1.9,2.8));
#5995=CARTESIAN_POINT('',(-2.55,-1.9,2.55));
#5996=CARTESIAN_POINT('',(-2.55,-1.9,3.435));
#5997=CARTESIAN_POINT('',(-1.725,-1.9,2.55));
#5998=CARTESIAN_POINT('',(-4.,-1.9,2.55));
#5999=CARTESIAN_POINT('',(-1.725,-1.9,1.4));
#6000=CARTESIAN_POINT('Origin',(-1.725,-1.9,1.975));
#6001=CARTESIAN_POINT('',(-3.15,-1.9,1.4));
#6002=CARTESIAN_POINT('',(-1.725,-1.9,1.4));
#6003=CARTESIAN_POINT('',(-3.15,-1.9,-1.4));
#6004=CARTESIAN_POINT('',(-3.15,-1.9,-2.8));
#6005=CARTESIAN_POINT('',(-1.725,-1.9,-1.4));
#6006=CARTESIAN_POINT('',(-3.725,-1.9,-1.4));
#6007=CARTESIAN_POINT('',(-1.725,-1.9,-2.55));
#6008=CARTESIAN_POINT('Origin',(-1.725,-1.9,-1.975));
#6009=CARTESIAN_POINT('',(-2.55,-1.9,-2.55));
#6010=CARTESIAN_POINT('',(-1.725,-1.9,-2.55));
#6011=CARTESIAN_POINT('',(-2.55,-1.9,-2.8));
#6012=CARTESIAN_POINT('',(-2.55,-1.9,-3.435));
#6013=CARTESIAN_POINT('',(2.55,-1.9,-2.8));
#6014=CARTESIAN_POINT('',(-1.8,-1.9,-2.8));
#6015=CARTESIAN_POINT('',(2.55,-1.9,-2.55));
#6016=CARTESIAN_POINT('',(2.55,-1.9,-3.435));
#6017=CARTESIAN_POINT('',(1.725,-1.9,-2.55));
#6018=CARTESIAN_POINT('',(4.,-1.9,-2.55));
#6019=CARTESIAN_POINT('',(1.725,-1.9,-1.4));
#6020=CARTESIAN_POINT('Origin',(1.725,-1.9,-1.975));
#6021=CARTESIAN_POINT('',(3.15,-1.9,-1.4));
#6022=CARTESIAN_POINT('',(1.725,-1.9,-1.4));
#6023=CARTESIAN_POINT('',(3.15,-1.9,-0.5));
#6024=CARTESIAN_POINT('',(3.15,-1.9,2.8));
#6025=CARTESIAN_POINT('',(3.05,-1.9,-0.5));
#6026=CARTESIAN_POINT('',(-9.18485099360515E-17,-1.9,0.75));
#6027=CARTESIAN_POINT('Origin',(0.,-1.9,0.));
#6028=CARTESIAN_POINT('',(-2.,-1.9,0.915));
#6029=CARTESIAN_POINT('Origin',(-2.,-1.9,0.));
#6030=CARTESIAN_POINT('',(2.,-1.9,0.765));
#6031=CARTESIAN_POINT('Origin',(2.,-1.9,0.));
#6032=CARTESIAN_POINT('Origin',(3.15,-1.9,2.8));
#6033=CARTESIAN_POINT('',(3.15,-0.301642533340428,0.5));
#6034=CARTESIAN_POINT('',(3.15,-1.9,0.5));
#6035=CARTESIAN_POINT('',(3.15,-0.301642533340428,-0.5));
#6036=CARTESIAN_POINT('',(3.15,-0.301642533340428,0.5));
#6037=CARTESIAN_POINT('',(3.15,-1.9,-0.5));
#6038=CARTESIAN_POINT('',(3.15,-1.7,-1.4));
#6039=CARTESIAN_POINT('',(3.15,-1.9,-1.4));
#6040=CARTESIAN_POINT('',(3.15,-1.7,-1.435));
#6041=CARTESIAN_POINT('',(3.15,-1.7,2.8));
#6042=CARTESIAN_POINT('',(3.15,-1.1,-1.435));
#6043=CARTESIAN_POINT('',(3.15,-1.9,-1.435));
#6044=CARTESIAN_POINT('',(3.15,-1.1,-2.8));
#6045=CARTESIAN_POINT('',(3.15,-1.1,-3.435));
#6046=CARTESIAN_POINT('',(3.15,0.,-2.8));
#6047=CARTESIAN_POINT('',(3.15,-1.9,-2.8));
#6048=CARTESIAN_POINT('',(3.15,0.,-2.50089746422584));
#6049=CARTESIAN_POINT('',(3.15,0.,2.8));
#6050=CARTESIAN_POINT('',(3.15,-0.713999999999983,-2.375));
#6051=CARTESIAN_POINT('',(3.15,-2.74921484498122,-2.01613671129141));
#6052=CARTESIAN_POINT('',(3.15,-0.963999999999983,-2.375));
#6053=CARTESIAN_POINT('',(3.15,-1.9,-2.375));
#6054=CARTESIAN_POINT('',(3.15,-0.963999999999983,-1.625));
#6055=CARTESIAN_POINT('',(3.15,-0.963999999999983,2.8));
#6056=CARTESIAN_POINT('',(3.15,-0.713999999999983,-1.625));
#6057=CARTESIAN_POINT('',(3.15,-1.9,-1.625));
#6058=CARTESIAN_POINT('',(3.15,0.,-1.49910253577416));
#6059=CARTESIAN_POINT('',(3.15,-1.10751815701799,-1.69438786848095));
#6060=CARTESIAN_POINT('',(3.15,0.,1.49910253577416));
#6061=CARTESIAN_POINT('',(3.15,0.,2.8));
#6062=CARTESIAN_POINT('',(3.15,-0.714,1.625));
#6063=CARTESIAN_POINT('',(3.15,-2.06517455832987,1.8632485302804));
#6064=CARTESIAN_POINT('',(3.15,-0.964,1.625));
#6065=CARTESIAN_POINT('',(3.15,-1.9,1.625));
#6066=CARTESIAN_POINT('',(3.15,-0.964,2.375));
#6067=CARTESIAN_POINT('',(3.15,-0.964,2.8));
#6068=CARTESIAN_POINT('',(3.15,-0.714000000000001,2.375));
#6069=CARTESIAN_POINT('',(3.15,-1.9,2.375));
#6070=CARTESIAN_POINT('',(3.15,0.,2.50089746422584));
#6071=CARTESIAN_POINT('',(3.15,-1.79155844366934,2.18499737309087));
#6072=CARTESIAN_POINT('',(3.15,0.,2.8));
#6073=CARTESIAN_POINT('',(3.15,0.,2.8));
#6074=CARTESIAN_POINT('',(3.15,-1.1,2.8));
#6075=CARTESIAN_POINT('',(3.15,-1.9,2.8));
#6076=CARTESIAN_POINT('',(3.15,-1.1,1.435));
#6077=CARTESIAN_POINT('',(3.15,-1.1,3.435));
#6078=CARTESIAN_POINT('',(3.15,-1.7,1.435));
#6079=CARTESIAN_POINT('',(3.15,-1.9,1.435));
#6080=CARTESIAN_POINT('',(3.15,-1.7,1.4));
#6081=CARTESIAN_POINT('',(3.15,-1.7,2.8));
#6082=CARTESIAN_POINT('',(3.15,-1.9,1.4));
#6083=CARTESIAN_POINT('Origin',(2.55,-1.7,3.435));
#6084=CARTESIAN_POINT('',(2.55,-1.7,2.55));
#6085=CARTESIAN_POINT('',(2.55,-1.7,2.55));
#6086=CARTESIAN_POINT('',(2.55,-1.7,2.8));
#6087=CARTESIAN_POINT('',(2.55,-1.7,3.435));
#6088=CARTESIAN_POINT('',(2.55,-1.9,2.8));
#6089=CARTESIAN_POINT('Origin',(2.55,-1.7,-3.435));
#6090=CARTESIAN_POINT('',(2.55,-1.7,-2.55));
#6091=CARTESIAN_POINT('',(2.55,-1.7,-2.55));
#6092=CARTESIAN_POINT('',(2.55,-1.7,-2.8));
#6093=CARTESIAN_POINT('',(2.55,-1.9,-2.8));
#6094=CARTESIAN_POINT('',(2.55,-1.7,-3.435));
#6095=CARTESIAN_POINT('Origin',(-3.15,-1.9,-2.8));
#6096=CARTESIAN_POINT('',(-3.15,-1.7,1.4));
#6097=CARTESIAN_POINT('',(-3.15,-1.9,1.4));
#6098=CARTESIAN_POINT('',(-3.15,-1.7,1.435));
#6099=CARTESIAN_POINT('',(-3.15,-1.7,-2.8));
#6100=CARTESIAN_POINT('',(-3.15,-1.1,1.435));
#6101=CARTESIAN_POINT('',(-3.15,-1.9,1.435));
#6102=CARTESIAN_POINT('',(-3.15,-1.1,2.8));
#6103=CARTESIAN_POINT('',(-3.15,-1.1,3.435));
#6104=CARTESIAN_POINT('',(-3.15,0.,2.8));
#6105=CARTESIAN_POINT('',(-3.15,-1.9,2.8));
#6106=CARTESIAN_POINT('',(-3.15,0.,2.50089746422585));
#6107=CARTESIAN_POINT('',(-3.15,0.,-2.8));
#6108=CARTESIAN_POINT('',(-3.15,-0.714000000000001,2.375));
#6109=CARTESIAN_POINT('',(-3.15,-2.74921484498121,2.01613671129142));
#6110=CARTESIAN_POINT('',(-3.15,-0.964,2.375));
#6111=CARTESIAN_POINT('',(-3.15,-1.9,2.375));
#6112=CARTESIAN_POINT('',(-3.15,-0.964,1.625));
#6113=CARTESIAN_POINT('',(-3.15,-0.964,-2.8));
#6114=CARTESIAN_POINT('',(-3.15,-0.714,1.625));
#6115=CARTESIAN_POINT('',(-3.15,-1.9,1.625));
#6116=CARTESIAN_POINT('',(-3.15,3.25260651745651E-16,1.49910253577416));
#6117=CARTESIAN_POINT('',(-3.15,-1.107518157018,1.69438786848094));
#6118=CARTESIAN_POINT('',(-3.15,4.33680868994202E-16,-1.49910253577416));
#6119=CARTESIAN_POINT('',(-3.15,0.,-2.8));
#6120=CARTESIAN_POINT('',(-3.15,-0.713999999999983,-1.625));
#6121=CARTESIAN_POINT('',(-3.15,-2.06517455832988,-1.86324853028041));
#6122=CARTESIAN_POINT('',(-3.15,-0.963999999999983,-1.625));
#6123=CARTESIAN_POINT('',(-3.15,-1.9,-1.625));
#6124=CARTESIAN_POINT('',(-3.15,-0.963999999999983,-2.375));
#6125=CARTESIAN_POINT('',(-3.15,-0.963999999999983,-2.8));
#6126=CARTESIAN_POINT('',(-3.15,-0.713999999999983,-2.375));
#6127=CARTESIAN_POINT('',(-3.15,-1.9,-2.375));
#6128=CARTESIAN_POINT('',(-3.15,0.,-2.50089746422584));
#6129=CARTESIAN_POINT('',(-3.15,-1.79155844366934,-2.18499737309087));
#6130=CARTESIAN_POINT('',(-3.15,0.,-2.8));
#6131=CARTESIAN_POINT('',(-3.15,0.,-2.8));
#6132=CARTESIAN_POINT('',(-3.15,-1.1,-2.8));
#6133=CARTESIAN_POINT('',(-3.15,-1.9,-2.8));
#6134=CARTESIAN_POINT('',(-3.15,-1.1,-1.435));
#6135=CARTESIAN_POINT('',(-3.15,-1.1,-3.435));
#6136=CARTESIAN_POINT('',(-3.15,-1.7,-1.435));
#6137=CARTESIAN_POINT('',(-3.15,-1.9,-1.435));
#6138=CARTESIAN_POINT('',(-3.15,-1.7,-1.4));
#6139=CARTESIAN_POINT('',(-3.15,-1.7,-2.8));
#6140=CARTESIAN_POINT('',(-3.15,-1.9,-1.4));
#6141=CARTESIAN_POINT('Origin',(-2.55,-1.9,3.435));
#6142=CARTESIAN_POINT('',(-2.55,-1.7,2.8));
#6143=CARTESIAN_POINT('',(-2.55,-1.7,2.55));
#6144=CARTESIAN_POINT('',(-2.55,-1.7,3.435));
#6145=CARTESIAN_POINT('',(-2.55,-1.9,2.55));
#6146=CARTESIAN_POINT('',(-2.55,-1.9,2.8));
#6147=CARTESIAN_POINT('Origin',(-2.55,-1.9,-3.435));
#6148=CARTESIAN_POINT('',(-2.55,-1.7,-2.55));
#6149=CARTESIAN_POINT('',(-2.55,-1.9,-2.55));
#6150=CARTESIAN_POINT('',(-2.55,-1.7,-2.8));
#6151=CARTESIAN_POINT('',(-2.55,-1.7,-3.435));
#6152=CARTESIAN_POINT('',(-2.55,-1.9,-2.8));
#6153=CARTESIAN_POINT('Origin',(3.15,-1.9,-2.8));
#6154=CARTESIAN_POINT('Origin',(2.55,-1.1,-2.8));
#6155=CARTESIAN_POINT('Origin',(-2.55,-1.1,-2.8));
#6156=CARTESIAN_POINT('',(-1.8,0.,-2.8));
#6157=CARTESIAN_POINT('',(-1.8,0.,-2.8));
#6158=CARTESIAN_POINT('',(-1.8,-1.05,-2.8));
#6159=CARTESIAN_POINT('',(-1.8,-1.9,-2.8));
#6160=CARTESIAN_POINT('',(-1.1,-1.05,-2.8));
#6161=CARTESIAN_POINT('',(-1.1,-1.05,-2.8));
#6162=CARTESIAN_POINT('',(-0.641583886263437,-0.256,-2.8));
#6163=CARTESIAN_POINT('',(-0.641583886263437,-0.256,-2.8));
#6164=CARTESIAN_POINT('',(0.641583886263437,-0.256,-2.8));
#6165=CARTESIAN_POINT('',(0.641583886263437,-0.256,-2.8));
#6166=CARTESIAN_POINT('',(1.1,-1.05,-2.8));
#6167=CARTESIAN_POINT('',(1.1,-1.05,-2.8));
#6168=CARTESIAN_POINT('',(1.8,-1.05,-2.8));
#6169=CARTESIAN_POINT('',(4.,-1.05,-2.8));
#6170=CARTESIAN_POINT('',(1.8,0.,-2.8));
#6171=CARTESIAN_POINT('',(1.8,-1.9,-2.8));
#6172=CARTESIAN_POINT('',(3.15,0.,-2.8));
#6173=CARTESIAN_POINT('Origin',(1.8,-1.9,2.8));
#6174=CARTESIAN_POINT('Origin',(2.55,-1.1,2.8));
#6175=CARTESIAN_POINT('',(1.8,0.,2.8));
#6176=CARTESIAN_POINT('',(1.8,0.,2.8));
#6177=CARTESIAN_POINT('',(1.8,-1.05,2.8));
#6178=CARTESIAN_POINT('',(1.8,-1.9,2.8));
#6179=CARTESIAN_POINT('',(1.1,-1.05,2.8));
#6180=CARTESIAN_POINT('',(4.,-1.05,2.8));
#6181=CARTESIAN_POINT('',(0.641583886263437,-0.256,2.8));
#6182=CARTESIAN_POINT('',(1.1,-1.05,2.8));
#6183=CARTESIAN_POINT('',(-0.641583886263437,-0.256,2.8));
#6184=CARTESIAN_POINT('',(0.641583886263437,-0.256,2.8));
#6185=CARTESIAN_POINT('',(-1.1,-1.05,2.8));
#6186=CARTESIAN_POINT('',(-0.641583886263437,-0.256,2.8));
#6187=CARTESIAN_POINT('',(-1.8,-1.05,2.8));
#6188=CARTESIAN_POINT('',(-1.1,-1.05,2.8));
#6189=CARTESIAN_POINT('',(-1.8,0.,2.8));
#6190=CARTESIAN_POINT('',(-1.8,-1.9,2.8));
#6191=CARTESIAN_POINT('',(-3.15,0.,2.8));
#6192=CARTESIAN_POINT('Origin',(-2.55,-1.1,2.8));
#6193=CARTESIAN_POINT('Origin',(-1.8,-1.9,2.8));
#6194=CARTESIAN_POINT('',(-1.8,-1.05,3.15));
#6195=CARTESIAN_POINT('',(-1.8,-1.05,2.8));
#6196=CARTESIAN_POINT('',(-1.8,0.,3.15));
#6197=CARTESIAN_POINT('',(-1.8,-1.9,3.15));
#6198=CARTESIAN_POINT('',(-1.8,0.,2.8));
#6199=CARTESIAN_POINT('Origin',(-1.8,-1.9,3.15));
#6200=CARTESIAN_POINT('',(0.641583886263437,-0.256,3.15));
#6201=CARTESIAN_POINT('',(1.1,-1.05,3.15));
#6202=CARTESIAN_POINT('',(0.743060796608387,-0.431763164512564,3.15));
#6203=CARTESIAN_POINT('',(1.8,-1.05,3.15));
#6204=CARTESIAN_POINT('',(-1.8,-1.05,3.15));
#6205=CARTESIAN_POINT('',(1.8,0.,3.15));
#6206=CARTESIAN_POINT('',(1.8,-1.9,3.15));
#6207=CARTESIAN_POINT('',(-1.8,0.,3.15));
#6208=CARTESIAN_POINT('',(-1.1,-1.05,3.15));
#6209=CARTESIAN_POINT('',(-1.8,-1.05,3.15));
#6210=CARTESIAN_POINT('',(-0.641583886263437,-0.256,3.15));
#6211=CARTESIAN_POINT('',(-1.64306079660839,-1.99060889132455,3.15));
#6212=CARTESIAN_POINT('',(-1.8,-0.256,3.15));
#6213=CARTESIAN_POINT('Origin',(1.8,-1.9,3.15));
#6214=CARTESIAN_POINT('',(1.8,-1.05,3.15));
#6215=CARTESIAN_POINT('',(1.8,0.,3.15));
#6216=CARTESIAN_POINT('Origin',(0.,0.,0.));
#6217=CARTESIAN_POINT('',(-3.1,0.,2.50089746422584));
#6218=CARTESIAN_POINT('',(0.,0.,2.50089746422584));
#6219=CARTESIAN_POINT('',(3.1,0.,2.50089746422584));
#6220=CARTESIAN_POINT('',(0.,0.,2.50089746422584));
#6221=CARTESIAN_POINT('',(3.1,-5.42101086242752E-17,1.49910253577416));
#6222=CARTESIAN_POINT('',(3.1,0.,0.));
#6223=CARTESIAN_POINT('',(0.,0.,1.49910253577416));
#6224=CARTESIAN_POINT('',(3.1,0.,-1.49910253577416));
#6225=CARTESIAN_POINT('',(0.,0.,-1.49910253577416));
#6226=CARTESIAN_POINT('',(3.1,0.,-2.50089746422584));
#6227=CARTESIAN_POINT('',(3.1,0.,0.));
#6228=CARTESIAN_POINT('',(0.,0.,-2.50089746422584));
#6229=CARTESIAN_POINT('',(1.8,0.,-3.15));
#6230=CARTESIAN_POINT('',(1.8,0.,-2.8));
#6231=CARTESIAN_POINT('',(-1.8,0.,-3.15));
#6232=CARTESIAN_POINT('',(1.8,0.,-3.15));
#6233=CARTESIAN_POINT('',(-1.8,0.,-3.15));
#6234=CARTESIAN_POINT('',(-3.1,0.,-2.50089746422584));
#6235=CARTESIAN_POINT('',(0.,0.,-2.50089746422584));
#6236=CARTESIAN_POINT('',(-3.1,0.,-1.49910253577416));
#6237=CARTESIAN_POINT('',(-3.1,0.,0.));
#6238=CARTESIAN_POINT('',(0.,0.,-1.49910253577416));
#6239=CARTESIAN_POINT('',(-3.1,-5.42101086242752E-17,1.49910253577416));
#6240=CARTESIAN_POINT('',(0.,0.,1.49910253577416));
#6241=CARTESIAN_POINT('',(-3.1,0.,0.));
#6242=CARTESIAN_POINT('Origin',(1.8,-1.9,-2.8));
#6243=CARTESIAN_POINT('',(1.8,-1.05,-3.15));
#6244=CARTESIAN_POINT('',(1.8,-1.05,-2.8));
#6245=CARTESIAN_POINT('',(1.8,-1.9,-3.15));
#6246=CARTESIAN_POINT('Origin',(1.8,-1.9,-3.15));
#6247=CARTESIAN_POINT('',(1.1,-1.05,-3.15));
#6248=CARTESIAN_POINT('',(1.8,-1.05,-3.15));
#6249=CARTESIAN_POINT('',(0.641583886263437,-0.256,-3.15));
#6250=CARTESIAN_POINT('',(1.64306079660839,-1.99060889132455,-3.15));
#6251=CARTESIAN_POINT('',(-0.641583886263437,-0.256,-3.15));
#6252=CARTESIAN_POINT('',(1.8,-0.256,-3.15));
#6253=CARTESIAN_POINT('',(-1.1,-1.05,-3.15));
#6254=CARTESIAN_POINT('',(-0.743060796608387,-0.431763164512565,-3.15));
#6255=CARTESIAN_POINT('',(-1.8,-1.05,-3.15));
#6256=CARTESIAN_POINT('',(1.8,-1.05,-3.15));
#6257=CARTESIAN_POINT('',(-1.8,-1.9,-3.15));
#6258=CARTESIAN_POINT('Origin',(-1.8,-1.9,-3.15));
#6259=CARTESIAN_POINT('',(-1.8,-1.05,-3.15));
#6260=CARTESIAN_POINT('Origin',(3.1,0.,0.));
#6261=CARTESIAN_POINT('',(3.1,-0.713999999999983,-1.625));
#6262=CARTESIAN_POINT('',(3.1,1.,-1.32277555506569));
#6263=CARTESIAN_POINT('',(3.1,-0.963999999999983,-1.625));
#6264=CARTESIAN_POINT('',(3.1,-0.713999999999983,-1.625));
#6265=CARTESIAN_POINT('',(3.1,-0.963999999999983,-2.375));
#6266=CARTESIAN_POINT('',(3.1,-0.963999999999983,-1.625));
#6267=CARTESIAN_POINT('',(3.1,-0.713999999999983,-2.375));
#6268=CARTESIAN_POINT('',(3.1,-0.963999999999983,-2.375));
#6269=CARTESIAN_POINT('',(3.1,-0.713999999999983,-2.375));
#6270=CARTESIAN_POINT('Origin',(5.1,-0.713999999999983,-2.375));
#6271=CARTESIAN_POINT('',(5.1,-0.713999999999983,-2.375));
#6272=CARTESIAN_POINT('Origin',(5.1,1.,-1.32277555506569));
#6273=CARTESIAN_POINT('',(5.1,-0.713999999999983,-1.625));
#6274=CARTESIAN_POINT('Origin',(5.1,-0.963999999999983,-2.375));
#6275=CARTESIAN_POINT('',(5.1,-0.963999999999983,-2.375));
#6276=CARTESIAN_POINT('Origin',(5.1,-0.963999999999983,-1.625));
#6277=CARTESIAN_POINT('',(5.1,-0.963999999999983,-1.625));
#6278=CARTESIAN_POINT('Origin',(5.1,-0.713999999999983,-1.625));
#6279=CARTESIAN_POINT('Origin',(3.1,0.,0.));
#6280=CARTESIAN_POINT('',(3.1,-0.714000000000001,2.375));
#6281=CARTESIAN_POINT('',(3.1,2.,2.85355142564277));
#6282=CARTESIAN_POINT('',(3.1,-0.964,2.375));
#6283=CARTESIAN_POINT('',(3.1,-0.714,2.375));
#6284=CARTESIAN_POINT('',(3.1,-0.964,1.625));
#6285=CARTESIAN_POINT('',(3.1,-0.964,2.375));
#6286=CARTESIAN_POINT('',(3.1,-0.714,1.625));
#6287=CARTESIAN_POINT('',(3.1,-0.964,1.625));
#6288=CARTESIAN_POINT('',(3.1,-0.714,1.625));
#6289=CARTESIAN_POINT('Origin',(5.1,2.,2.85355142564277));
#6290=CARTESIAN_POINT('',(5.1,-0.714000000000001,2.375));
#6291=CARTESIAN_POINT('Origin',(5.1,-0.714,2.375));
#6292=CARTESIAN_POINT('',(5.1,-0.964,2.375));
#6293=CARTESIAN_POINT('Origin',(5.1,-0.964,2.375));
#6294=CARTESIAN_POINT('',(5.1,-0.964,1.625));
#6295=CARTESIAN_POINT('Origin',(5.1,-0.964,1.625));
#6296=CARTESIAN_POINT('',(5.1,-0.714,1.625));
#6297=CARTESIAN_POINT('Origin',(5.1,-0.714,1.625));
#6298=CARTESIAN_POINT('Origin',(-5.1,-0.713999999999983,-2.375));
#6299=CARTESIAN_POINT('',(-3.1,-0.713999999999983,-2.375));
#6300=CARTESIAN_POINT('',(-5.1,-0.713999999999983,-2.375));
#6301=CARTESIAN_POINT('',(-3.1,-0.713999999999983,-2.375));
#6302=CARTESIAN_POINT('Origin',(-5.1,-0.963999999999983,-2.375));
#6303=CARTESIAN_POINT('',(-3.1,-0.963999999999983,-2.375));
#6304=CARTESIAN_POINT('',(-5.1,-0.963999999999983,-2.375));
#6305=CARTESIAN_POINT('',(-3.1,-0.963999999999983,-2.375));
#6306=CARTESIAN_POINT('Origin',(-5.1,-0.963999999999983,-1.625));
#6307=CARTESIAN_POINT('',(-3.1,-0.963999999999983,-1.625));
#6308=CARTESIAN_POINT('',(-5.1,-0.963999999999983,-1.625));
#6309=CARTESIAN_POINT('',(-3.1,-0.963999999999983,-1.625));
#6310=CARTESIAN_POINT('Origin',(-5.1,-0.713999999999983,-1.625));
#6311=CARTESIAN_POINT('',(-3.1,-0.713999999999983,-1.625));
#6312=CARTESIAN_POINT('',(-5.1,-0.713999999999983,-1.625));
#6313=CARTESIAN_POINT('',(-3.1,-0.713999999999983,-1.625));
#6314=CARTESIAN_POINT('Origin',(-5.1,1.,-1.32277555506569));
#6315=CARTESIAN_POINT('',(-3.1,1.,-1.32277555506569));
#6316=CARTESIAN_POINT('Origin',(-3.1,0.,0.));
#6317=CARTESIAN_POINT('Origin',(-3.1,0.,0.));
#6318=CARTESIAN_POINT('',(-3.1,-0.714,1.625));
#6319=CARTESIAN_POINT('',(-3.1,-0.714,1.625));
#6320=CARTESIAN_POINT('',(-3.1,-0.964,1.625));
#6321=CARTESIAN_POINT('',(-3.1,-0.964,1.625));
#6322=CARTESIAN_POINT('',(-3.1,-0.964,2.375));
#6323=CARTESIAN_POINT('',(-3.1,-0.964,2.375));
#6324=CARTESIAN_POINT('',(-3.1,-0.714000000000001,2.375));
#6325=CARTESIAN_POINT('',(-3.1,-0.714,2.375));
#6326=CARTESIAN_POINT('',(-3.1,2.,2.85355142564277));
#6327=CARTESIAN_POINT('Origin',(-5.1,2.,2.85355142564277));
#6328=CARTESIAN_POINT('',(-5.1,-0.714000000000001,2.375));
#6329=CARTESIAN_POINT('Origin',(-5.1,-0.714,2.375));
#6330=CARTESIAN_POINT('',(-5.1,-0.964,2.375));
#6331=CARTESIAN_POINT('Origin',(-5.1,-0.964,2.375));
#6332=CARTESIAN_POINT('',(-5.1,-0.964,1.625));
#6333=CARTESIAN_POINT('Origin',(-5.1,-0.964,1.625));
#6334=CARTESIAN_POINT('',(-5.1,-0.714,1.625));
#6335=CARTESIAN_POINT('Origin',(-5.1,-0.714,1.625));
#6336=CARTESIAN_POINT('Origin',(4.,-1.05,4.8));
#6337=CARTESIAN_POINT('',(1.1,-1.05,4.8));
#6338=CARTESIAN_POINT('Origin',(1.1,-1.05,4.8));
#6339=CARTESIAN_POINT('',(0.641583886263437,-0.256,4.8));
#6340=CARTESIAN_POINT('Origin',(0.641583886263437,-0.256,4.8));
#6341=CARTESIAN_POINT('',(-0.641583886263437,-0.256,4.8));
#6342=CARTESIAN_POINT('Origin',(-0.641583886263437,-0.256,4.8));
#6343=CARTESIAN_POINT('',(-1.1,-1.05,4.8));
#6344=CARTESIAN_POINT('Origin',(-1.1,-1.05,4.8));
#6345=CARTESIAN_POINT('Origin',(4.,-1.05,-4.8));
#6346=CARTESIAN_POINT('',(1.1,-1.05,-4.8));
#6347=CARTESIAN_POINT('Origin',(1.1,-1.05,-4.8));
#6348=CARTESIAN_POINT('',(0.641583886263437,-0.256,-4.8));
#6349=CARTESIAN_POINT('Origin',(0.641583886263437,-0.256,-4.8));
#6350=CARTESIAN_POINT('',(-0.641583886263437,-0.256,-4.8));
#6351=CARTESIAN_POINT('Origin',(-0.641583886263437,-0.256,-4.8));
#6352=CARTESIAN_POINT('',(-1.1,-1.05,-4.8));
#6353=CARTESIAN_POINT('Origin',(-1.1,-1.05,-4.8));
#6354=CARTESIAN_POINT('Origin',(-2.55,-1.1,3.435));
#6355=CARTESIAN_POINT('',(-2.55,-1.7,1.435));
#6356=CARTESIAN_POINT('Origin',(-2.55,-1.1,1.435));
#6357=CARTESIAN_POINT('',(-2.55,-1.7,3.435));
#6358=CARTESIAN_POINT('Origin',(2.55,-1.1,1.435));
#6359=CARTESIAN_POINT('',(2.55,-1.7,1.435));
#6360=CARTESIAN_POINT('Origin',(2.55,-1.1,1.435));
#6361=CARTESIAN_POINT('',(2.55,-1.7,1.435));
#6362=CARTESIAN_POINT('',(2.55,-1.7,1.435));
#6363=CARTESIAN_POINT('Origin',(2.55,-1.1,1.435));
#6364=CARTESIAN_POINT('Origin',(2.55,-1.1,3.435));
#6365=CARTESIAN_POINT('',(2.55,-1.7,3.435));
#6366=CARTESIAN_POINT('Origin',(-2.55,-1.1,-3.435));
#6367=CARTESIAN_POINT('',(-2.55,-1.7,-1.435));
#6368=CARTESIAN_POINT('',(-2.55,-1.7,-3.435));
#6369=CARTESIAN_POINT('Origin',(-2.55,-1.1,-1.435));
#6370=CARTESIAN_POINT('Origin',(2.55,-1.1,-1.435));
#6371=CARTESIAN_POINT('',(2.55,-1.7,-1.435));
#6372=CARTESIAN_POINT('Origin',(2.55,-1.1,-1.435));
#6373=CARTESIAN_POINT('',(2.55,-1.7,-1.435));
#6374=CARTESIAN_POINT('',(2.55,-1.7,-1.435));
#6375=CARTESIAN_POINT('Origin',(2.55,-1.1,-1.435));
#6376=CARTESIAN_POINT('Origin',(2.55,-1.1,-3.435));
#6377=CARTESIAN_POINT('',(2.55,-1.7,-3.435));
#6378=CARTESIAN_POINT('Origin',(-1.725,-1.7,1.975));
#6379=CARTESIAN_POINT('',(-1.725,-1.7,-2.55));
#6380=CARTESIAN_POINT('',(-1.725,-1.7,-2.55));
#6381=CARTESIAN_POINT('',(-1.725,-1.7,-1.4));
#6382=CARTESIAN_POINT('Origin',(-1.725,-1.7,-1.975));
#6383=CARTESIAN_POINT('',(-3.725,-1.7,-1.4));
#6384=CARTESIAN_POINT('Origin',(-1.725,-1.7,-2.55));
#6385=CARTESIAN_POINT('',(-1.725,-1.7,-2.55));
#6386=CARTESIAN_POINT('Origin',(-3.725,-1.7,-1.4));
#6387=CARTESIAN_POINT('',(-1.725,-1.7,-1.4));
#6388=CARTESIAN_POINT('Origin',(-1.725,-1.7,-1.975));
#6389=CARTESIAN_POINT('Origin',(-1.725,-1.7,1.975));
#6390=CARTESIAN_POINT('',(-1.725,-1.7,1.4));
#6391=CARTESIAN_POINT('',(-1.725,-1.7,1.4));
#6392=CARTESIAN_POINT('',(-1.725,-1.7,2.55));
#6393=CARTESIAN_POINT('Origin',(-1.725,-1.7,1.975));
#6394=CARTESIAN_POINT('',(-4.,-1.7,2.55));
#6395=CARTESIAN_POINT('Origin',(-4.,-1.7,2.55));
#6396=CARTESIAN_POINT('',(-1.725,-1.7,2.55));
#6397=CARTESIAN_POINT('Origin',(-1.725,-1.7,1.975));
#6398=CARTESIAN_POINT('',(-1.725,-1.7,1.4));
#6399=CARTESIAN_POINT('Origin',(-1.725,-1.7,1.4));
#6400=CARTESIAN_POINT('Origin',(1.725,-1.7,-1.975));
#6401=CARTESIAN_POINT('',(1.725,-1.7,-1.4));
#6402=CARTESIAN_POINT('',(1.725,-1.7,-1.4));
#6403=CARTESIAN_POINT('',(1.725,-1.7,-2.55));
#6404=CARTESIAN_POINT('Origin',(1.725,-1.7,-1.975));
#6405=CARTESIAN_POINT('',(4.,-1.7,-2.55));
#6406=CARTESIAN_POINT('Origin',(4.,-1.7,-2.55));
#6407=CARTESIAN_POINT('',(1.725,-1.7,-2.55));
#6408=CARTESIAN_POINT('Origin',(1.725,-1.7,-1.4));
#6409=CARTESIAN_POINT('',(1.725,-1.7,-1.4));
#6410=CARTESIAN_POINT('Origin',(1.725,-1.7,-1.975));
#6411=CARTESIAN_POINT('Origin',(1.725,-1.7,-1.975));
#6412=CARTESIAN_POINT('',(1.725,-1.7,2.55));
#6413=CARTESIAN_POINT('',(1.725,-1.7,2.55));
#6414=CARTESIAN_POINT('',(1.725,-1.7,1.4));
#6415=CARTESIAN_POINT('Origin',(1.72500001666001,-1.7,1.975));
#6416=CARTESIAN_POINT('',(3.725,-1.7,1.4));
#6417=CARTESIAN_POINT('Origin',(3.725,-1.7,1.4));
#6418=CARTESIAN_POINT('',(1.725,-1.7,1.4));
#6419=CARTESIAN_POINT('Origin',(1.72500001666001,-1.7,1.975));
#6420=CARTESIAN_POINT('',(1.725,-1.7,2.55));
#6421=CARTESIAN_POINT('Origin',(1.725,-1.7,2.55));
#6422=CARTESIAN_POINT('Origin',(2.,-1.3,0.));
#6423=CARTESIAN_POINT('',(2.,-1.3,0.355));
#6424=CARTESIAN_POINT('Origin',(2.,-1.3,0.));
#6425=CARTESIAN_POINT('Origin',(2.,-1.3,0.));
#6426=CARTESIAN_POINT('',(2.,-1.7,0.5));
#6427=CARTESIAN_POINT('',(2.,-1.3,0.355));
#6428=CARTESIAN_POINT('Origin',(2.,-1.7,0.));
#6429=CARTESIAN_POINT('Origin',(2.5,-1.7,0.));
#6430=CARTESIAN_POINT('',(2.,-1.7,0.65));
#6431=CARTESIAN_POINT('Origin',(2.,-1.7,0.));
#6432=CARTESIAN_POINT('Origin',(2.,-1.7,0.));
#6433=CARTESIAN_POINT('',(2.,-1.7,0.65));
#6434=CARTESIAN_POINT('Origin',(-2.,-1.7,0.));
#6435=CARTESIAN_POINT('',(-2.,-1.7,0.8));
#6436=CARTESIAN_POINT('Origin',(-2.,-1.7,0.));
#6437=CARTESIAN_POINT('Origin',(-2.,-1.7,0.));
#6438=CARTESIAN_POINT('',(-2.,-1.7,0.8));
#6439=CARTESIAN_POINT('Origin',(0.,-1.7,0.));
#6440=CARTESIAN_POINT('',(-9.18485099360515E-17,-1.7,0.75));
#6441=CARTESIAN_POINT('Origin',(0.,-1.7,0.));
#6442=CARTESIAN_POINT('Origin',(0.,-1.9,0.));
#6443=CARTESIAN_POINT('',(-9.18485099360515E-17,-1.9,0.75));
#6444=CARTESIAN_POINT('Origin',(3.15,-0.301642533340428,0.5));
#6445=CARTESIAN_POINT('',(3.15,-0.301642533340428,-0.5));
#6446=CARTESIAN_POINT('',(3.15,-0.301642533340428,0.5));
#6447=CARTESIAN_POINT('Origin',(0.,0.,0.5));
#6448=CARTESIAN_POINT('Origin',(0.,0.,-0.5));
#6449=CARTESIAN_POINT('',(0.,0.,0.));
#6450=CARTESIAN_POINT('Origin',(-3.125,0.5,-1.965));
#6451=CARTESIAN_POINT('',(-3.125,0.,-1.965));
#6452=CARTESIAN_POINT('',(-3.125,0.,1.965));
#6453=CARTESIAN_POINT('',(-3.125,0.,-1.965));
#6454=CARTESIAN_POINT('',(-3.125,0.5,1.965));
#6455=CARTESIAN_POINT('',(-3.125,0.5,1.965));
#6456=CARTESIAN_POINT('',(-3.125,0.5,-1.965));
#6457=CARTESIAN_POINT('',(-3.125,0.5,-1.965));
#6458=CARTESIAN_POINT('',(-3.125,0.5,-1.965));
#6459=CARTESIAN_POINT('Origin',(-2.975,0.5,1.965));
#6460=CARTESIAN_POINT('',(-2.975,0.,2.115));
#6461=CARTESIAN_POINT('Origin',(-2.975,0.,1.965));
#6462=CARTESIAN_POINT('',(-2.975,0.5,2.115));
#6463=CARTESIAN_POINT('',(-2.975,0.5,2.115));
#6464=CARTESIAN_POINT('Origin',(-2.975,0.5,1.965));
#6465=CARTESIAN_POINT('Origin',(-2.975,0.5,2.115));
#6466=CARTESIAN_POINT('',(-2.935,0.,2.115));
#6467=CARTESIAN_POINT('',(-2.975,0.,2.115));
#6468=CARTESIAN_POINT('',(-2.935,0.5,2.115));
#6469=CARTESIAN_POINT('',(-2.935,0.5,2.115));
#6470=CARTESIAN_POINT('',(-2.975,0.5,2.115));
#6471=CARTESIAN_POINT('Origin',(-2.935,0.5,2.265));
#6472=CARTESIAN_POINT('',(-2.785,0.,2.265));
#6473=CARTESIAN_POINT('Origin',(-2.935,0.,2.265));
#6474=CARTESIAN_POINT('',(-2.785,0.5,2.265));
#6475=CARTESIAN_POINT('',(-2.785,0.5,2.265));
#6476=CARTESIAN_POINT('Origin',(-2.935,0.5,2.265));
#6477=CARTESIAN_POINT('Origin',(-2.785,0.5,2.265));
#6478=CARTESIAN_POINT('',(-2.785,0.,2.635));
#6479=CARTESIAN_POINT('',(-2.785,0.,2.265));
#6480=CARTESIAN_POINT('',(-2.785,0.5,2.635));
#6481=CARTESIAN_POINT('',(-2.785,0.5,2.635));
#6482=CARTESIAN_POINT('',(-2.785,0.5,2.265));
#6483=CARTESIAN_POINT('Origin',(-2.635,0.5,2.635));
#6484=CARTESIAN_POINT('',(-2.635,0.,2.785));
#6485=CARTESIAN_POINT('Origin',(-2.635,0.,2.635));
#6486=CARTESIAN_POINT('',(-2.635,0.5,2.785));
#6487=CARTESIAN_POINT('',(-2.635,0.5,2.785));
#6488=CARTESIAN_POINT('Origin',(-2.635,0.5,2.635));
#6489=CARTESIAN_POINT('Origin',(-2.635,0.5,2.785));
#6490=CARTESIAN_POINT('',(-2.05,0.,2.785));
#6491=CARTESIAN_POINT('',(-2.635,0.,2.785));
#6492=CARTESIAN_POINT('',(-2.05,0.5,2.785));
#6493=CARTESIAN_POINT('',(-2.05,0.5,2.785));
#6494=CARTESIAN_POINT('',(-2.635,0.5,2.785));
#6495=CARTESIAN_POINT('Origin',(-2.05,0.5,2.785));
#6496=CARTESIAN_POINT('',(-2.05,0.,2.95));
#6497=CARTESIAN_POINT('',(-2.05,0.,2.785));
#6498=CARTESIAN_POINT('',(-2.05,0.5,2.95));
#6499=CARTESIAN_POINT('',(-2.05,0.5,2.95));
#6500=CARTESIAN_POINT('',(-2.05,0.5,2.785));
#6501=CARTESIAN_POINT('Origin',(-1.9,0.5,2.95));
#6502=CARTESIAN_POINT('',(-1.9,0.,3.1));
#6503=CARTESIAN_POINT('Origin',(-1.9,0.,2.95));
#6504=CARTESIAN_POINT('',(-1.9,0.5,3.1));
#6505=CARTESIAN_POINT('',(-1.9,0.5,3.1));
#6506=CARTESIAN_POINT('Origin',(-1.9,0.5,2.95));
#6507=CARTESIAN_POINT('Origin',(-1.9,0.5,3.1));
#6508=CARTESIAN_POINT('',(1.9,0.,3.1));
#6509=CARTESIAN_POINT('',(-1.9,0.,3.1));
#6510=CARTESIAN_POINT('',(1.9,0.5,3.1));
#6511=CARTESIAN_POINT('',(1.9,0.5,3.1));
#6512=CARTESIAN_POINT('',(-1.9,0.5,3.1));
#6513=CARTESIAN_POINT('Origin',(1.9,0.5,2.95));
#6514=CARTESIAN_POINT('',(2.05,0.,2.95));
#6515=CARTESIAN_POINT('Origin',(1.9,0.,2.95));
#6516=CARTESIAN_POINT('',(2.05,0.5,2.95));
#6517=CARTESIAN_POINT('',(2.05,0.5,2.95));
#6518=CARTESIAN_POINT('Origin',(1.9,0.5,2.95));
#6519=CARTESIAN_POINT('Origin',(2.05,0.5,2.95));
#6520=CARTESIAN_POINT('',(2.05,0.,2.785));
#6521=CARTESIAN_POINT('',(2.05,0.,2.95));
#6522=CARTESIAN_POINT('',(2.05,0.5,2.785));
#6523=CARTESIAN_POINT('',(2.05,0.5,2.785));
#6524=CARTESIAN_POINT('',(2.05,0.5,2.95));
#6525=CARTESIAN_POINT('Origin',(2.05,0.5,2.785));
#6526=CARTESIAN_POINT('',(2.635,0.,2.785));
#6527=CARTESIAN_POINT('',(2.05,0.,2.785));
#6528=CARTESIAN_POINT('',(2.635,0.5,2.785));
#6529=CARTESIAN_POINT('',(2.635,0.5,2.785));
#6530=CARTESIAN_POINT('',(2.05,0.5,2.785));
#6531=CARTESIAN_POINT('Origin',(2.635,0.5,2.635));
#6532=CARTESIAN_POINT('',(2.785,0.,2.635));
#6533=CARTESIAN_POINT('Origin',(2.635,0.,2.635));
#6534=CARTESIAN_POINT('',(2.785,0.5,2.635));
#6535=CARTESIAN_POINT('',(2.785,0.5,2.635));
#6536=CARTESIAN_POINT('Origin',(2.635,0.5,2.635));
#6537=CARTESIAN_POINT('Origin',(2.785,0.5,2.635));
#6538=CARTESIAN_POINT('',(2.785,0.,2.265));
#6539=CARTESIAN_POINT('',(2.785,0.,2.635));
#6540=CARTESIAN_POINT('',(2.785,0.5,2.265));
#6541=CARTESIAN_POINT('',(2.785,0.5,2.265));
#6542=CARTESIAN_POINT('',(2.785,0.5,2.635));
#6543=CARTESIAN_POINT('Origin',(2.935,0.5,2.265));
#6544=CARTESIAN_POINT('',(2.935,0.,2.115));
#6545=CARTESIAN_POINT('Origin',(2.935,0.,2.265));
#6546=CARTESIAN_POINT('',(2.935,0.5,2.115));
#6547=CARTESIAN_POINT('',(2.935,0.5,2.115));
#6548=CARTESIAN_POINT('Origin',(2.935,0.5,2.265));
#6549=CARTESIAN_POINT('Origin',(2.935,0.5,2.115));
#6550=CARTESIAN_POINT('',(2.975,0.,2.115));
#6551=CARTESIAN_POINT('',(2.935,0.,2.115));
#6552=CARTESIAN_POINT('',(2.975,0.5,2.115));
#6553=CARTESIAN_POINT('',(2.975,0.5,2.115));
#6554=CARTESIAN_POINT('',(2.935,0.5,2.115));
#6555=CARTESIAN_POINT('Origin',(2.975,0.5,1.965));
#6556=CARTESIAN_POINT('',(3.125,0.,1.965));
#6557=CARTESIAN_POINT('Origin',(2.975,0.,1.965));
#6558=CARTESIAN_POINT('',(3.125,0.5,1.965));
#6559=CARTESIAN_POINT('',(3.125,0.5,1.965));
#6560=CARTESIAN_POINT('Origin',(2.975,0.5,1.965));
#6561=CARTESIAN_POINT('Origin',(3.125,0.5,1.965));
#6562=CARTESIAN_POINT('',(3.125,0.,-1.965));
#6563=CARTESIAN_POINT('',(3.125,0.,1.965));
#6564=CARTESIAN_POINT('',(3.125,0.5,-1.965));
#6565=CARTESIAN_POINT('',(3.125,0.5,-1.965));
#6566=CARTESIAN_POINT('',(3.125,0.5,1.965));
#6567=CARTESIAN_POINT('Origin',(2.975,0.5,-1.965));
#6568=CARTESIAN_POINT('',(2.975,0.,-2.115));
#6569=CARTESIAN_POINT('Origin',(2.975,0.,-1.965));
#6570=CARTESIAN_POINT('',(2.975,0.5,-2.115));
#6571=CARTESIAN_POINT('',(2.975,0.5,-2.115));
#6572=CARTESIAN_POINT('Origin',(2.975,0.5,-1.965));
#6573=CARTESIAN_POINT('Origin',(2.975,0.5,-2.115));
#6574=CARTESIAN_POINT('',(2.935,0.,-2.115));
#6575=CARTESIAN_POINT('',(2.975,0.,-2.115));
#6576=CARTESIAN_POINT('',(2.935,0.5,-2.115));
#6577=CARTESIAN_POINT('',(2.935,0.5,-2.115));
#6578=CARTESIAN_POINT('',(2.975,0.5,-2.115));
#6579=CARTESIAN_POINT('Origin',(2.935,0.5,-2.265));
#6580=CARTESIAN_POINT('',(2.785,0.,-2.265));
#6581=CARTESIAN_POINT('Origin',(2.935,0.,-2.265));
#6582=CARTESIAN_POINT('',(2.785,0.5,-2.265));
#6583=CARTESIAN_POINT('',(2.785,0.5,-2.265));
#6584=CARTESIAN_POINT('Origin',(2.935,0.5,-2.265));
#6585=CARTESIAN_POINT('Origin',(2.785,0.5,-2.265));
#6586=CARTESIAN_POINT('',(2.785,0.,-2.635));
#6587=CARTESIAN_POINT('',(2.785,0.,-2.265));
#6588=CARTESIAN_POINT('',(2.785,0.5,-2.635));
#6589=CARTESIAN_POINT('',(2.785,0.5,-2.635));
#6590=CARTESIAN_POINT('',(2.785,0.5,-2.265));
#6591=CARTESIAN_POINT('Origin',(2.635,0.5,-2.635));
#6592=CARTESIAN_POINT('',(2.635,0.,-2.785));
#6593=CARTESIAN_POINT('Origin',(2.635,0.,-2.635));
#6594=CARTESIAN_POINT('',(2.635,0.5,-2.785));
#6595=CARTESIAN_POINT('',(2.635,0.5,-2.785));
#6596=CARTESIAN_POINT('Origin',(2.635,0.5,-2.635));
#6597=CARTESIAN_POINT('Origin',(2.635,0.5,-2.785));
#6598=CARTESIAN_POINT('',(2.05,0.,-2.785));
#6599=CARTESIAN_POINT('',(2.635,0.,-2.785));
#6600=CARTESIAN_POINT('',(2.05,0.5,-2.785));
#6601=CARTESIAN_POINT('',(2.05,0.5,-2.785));
#6602=CARTESIAN_POINT('',(2.635,0.5,-2.785));
#6603=CARTESIAN_POINT('Origin',(2.05,0.5,-2.785));
#6604=CARTESIAN_POINT('',(2.05,0.,-2.95));
#6605=CARTESIAN_POINT('',(2.05,0.,-2.785));
#6606=CARTESIAN_POINT('',(2.05,0.5,-2.95));
#6607=CARTESIAN_POINT('',(2.05,0.5,-2.95));
#6608=CARTESIAN_POINT('',(2.05,0.5,-2.785));
#6609=CARTESIAN_POINT('Origin',(1.9,0.5,-2.95));
#6610=CARTESIAN_POINT('',(1.9,0.,-3.1));
#6611=CARTESIAN_POINT('Origin',(1.9,0.,-2.95));
#6612=CARTESIAN_POINT('',(1.9,0.5,-3.1));
#6613=CARTESIAN_POINT('',(1.9,0.5,-3.1));
#6614=CARTESIAN_POINT('Origin',(1.9,0.5,-2.95));
#6615=CARTESIAN_POINT('Origin',(1.9,0.5,-3.1));
#6616=CARTESIAN_POINT('',(-1.9,0.,-3.1));
#6617=CARTESIAN_POINT('',(1.9,0.,-3.1));
#6618=CARTESIAN_POINT('',(-1.9,0.5,-3.1));
#6619=CARTESIAN_POINT('',(-1.9,0.5,-3.1));
#6620=CARTESIAN_POINT('',(1.9,0.5,-3.1));
#6621=CARTESIAN_POINT('Origin',(-1.9,0.5,-2.95));
#6622=CARTESIAN_POINT('',(-2.05,0.,-2.95));
#6623=CARTESIAN_POINT('Origin',(-1.9,0.,-2.95));
#6624=CARTESIAN_POINT('',(-2.05,0.5,-2.95));
#6625=CARTESIAN_POINT('',(-2.05,0.5,-2.95));
#6626=CARTESIAN_POINT('Origin',(-1.9,0.5,-2.95));
#6627=CARTESIAN_POINT('Origin',(-2.05,0.5,-2.95));
#6628=CARTESIAN_POINT('',(-2.05,0.,-2.785));
#6629=CARTESIAN_POINT('',(-2.05,0.,-2.95));
#6630=CARTESIAN_POINT('',(-2.05,0.5,-2.785));
#6631=CARTESIAN_POINT('',(-2.05,0.5,-2.785));
#6632=CARTESIAN_POINT('',(-2.05,0.5,-2.95));
#6633=CARTESIAN_POINT('Origin',(-2.05,0.5,-2.785));
#6634=CARTESIAN_POINT('',(-2.635,0.,-2.785));
#6635=CARTESIAN_POINT('',(-2.05,0.,-2.785));
#6636=CARTESIAN_POINT('',(-2.635,0.5,-2.785));
#6637=CARTESIAN_POINT('',(-2.635,0.5,-2.785));
#6638=CARTESIAN_POINT('',(-2.05,0.5,-2.785));
#6639=CARTESIAN_POINT('Origin',(-2.635,0.5,-2.635));
#6640=CARTESIAN_POINT('',(-2.785,0.,-2.635));
#6641=CARTESIAN_POINT('Origin',(-2.635,0.,-2.635));
#6642=CARTESIAN_POINT('',(-2.785,0.5,-2.635));
#6643=CARTESIAN_POINT('',(-2.785,0.5,-2.635));
#6644=CARTESIAN_POINT('Origin',(-2.635,0.5,-2.635));
#6645=CARTESIAN_POINT('Origin',(-2.785,0.5,-2.635));
#6646=CARTESIAN_POINT('',(-2.785,0.,-2.265));
#6647=CARTESIAN_POINT('',(-2.785,0.,-2.635));
#6648=CARTESIAN_POINT('',(-2.785,0.5,-2.265));
#6649=CARTESIAN_POINT('',(-2.785,0.5,-2.265));
#6650=CARTESIAN_POINT('',(-2.785,0.5,-2.635));
#6651=CARTESIAN_POINT('Origin',(-2.935,0.5,-2.265));
#6652=CARTESIAN_POINT('',(-2.935,0.,-2.115));
#6653=CARTESIAN_POINT('Origin',(-2.935,0.,-2.265));
#6654=CARTESIAN_POINT('',(-2.935,0.5,-2.115));
#6655=CARTESIAN_POINT('',(-2.935,0.5,-2.115));
#6656=CARTESIAN_POINT('Origin',(-2.935,0.5,-2.265));
#6657=CARTESIAN_POINT('Origin',(-2.935,0.5,-2.115));
#6658=CARTESIAN_POINT('',(-2.975,0.,-2.115));
#6659=CARTESIAN_POINT('',(-2.935,0.,-2.115));
#6660=CARTESIAN_POINT('',(-2.975,0.5,-2.115));
#6661=CARTESIAN_POINT('',(-2.975,0.5,-2.115));
#6662=CARTESIAN_POINT('',(-2.935,0.5,-2.115));
#6663=CARTESIAN_POINT('Origin',(-2.975,0.5,-1.965));
#6664=CARTESIAN_POINT('Origin',(-2.975,0.,-1.965));
#6665=CARTESIAN_POINT('Origin',(-2.975,0.5,-1.965));
#6666=CARTESIAN_POINT('Origin',(-2.975,0.5,1.965));
#6667=CARTESIAN_POINT('',(-1.77564082937534E-16,0.5,1.44992076949175));
#6668=CARTESIAN_POINT('Origin',(0.,0.5,0.));
#6669=CARTESIAN_POINT('Origin',(-2.975,0.,1.965));
#6670=CARTESIAN_POINT('Origin',(0.,1.5,0.));
#6671=CARTESIAN_POINT('',(-1.73287522079351E-16,1.5,1.415));
#6672=CARTESIAN_POINT('Origin',(0.,1.5,0.));
#6673=CARTESIAN_POINT('Origin',(0.,1.5,0.));
#6674=CARTESIAN_POINT('',(-1.73287522079351E-16,1.5,1.415));
#6675=CARTESIAN_POINT('',(0.,0.,0.));
#6676=CARTESIAN_POINT('Origin',(0.,0.,0.));
#6677=CARTESIAN_POINT('',(-2.705,0.,-2.8125));
#6678=CARTESIAN_POINT('',(-3.025,0.,-2.8125));
#6679=CARTESIAN_POINT('',(-2.705,0.,-2.8125));
#6680=CARTESIAN_POINT('',(-2.05,0.,-2.8125));
#6681=CARTESIAN_POINT('',(0.,0.,-2.8125));
#6682=CARTESIAN_POINT('',(-1.6,0.,-2.8125));
#6683=CARTESIAN_POINT('',(-1.6,0.,-2.8125));
#6684=CARTESIAN_POINT('',(-1.2875,0.,-3.125));
#6685=CARTESIAN_POINT('',(-1.2875,0.,-3.125));
#6686=CARTESIAN_POINT('',(1.2875,0.,-3.125));
#6687=CARTESIAN_POINT('',(1.2875,0.,-3.125));
#6688=CARTESIAN_POINT('',(1.6,0.,-2.8125));
#6689=CARTESIAN_POINT('',(1.6,0.,-2.8125));
#6690=CARTESIAN_POINT('',(2.05,0.,-2.8125));
#6691=CARTESIAN_POINT('',(2.05,0.,-2.8125));
#6692=CARTESIAN_POINT('',(2.705,0.,-2.8125));
#6693=CARTESIAN_POINT('',(0.,0.,-2.8125));
#6694=CARTESIAN_POINT('',(3.025,0.,-2.8125));
#6695=CARTESIAN_POINT('',(3.025,0.,-2.8125));
#6696=CARTESIAN_POINT('',(3.025,0.,-2.6625));
#6697=CARTESIAN_POINT('',(3.025,0.,-2.6625));
#6698=CARTESIAN_POINT('',(3.1,0.,-2.6625));
#6699=CARTESIAN_POINT('',(3.1,0.,-2.6625));
#6700=CARTESIAN_POINT('',(3.1,0.,-2.2125));
#6701=CARTESIAN_POINT('',(3.1,0.,-2.2125));
#6702=CARTESIAN_POINT('',(3.025,0.,-2.2125));
#6703=CARTESIAN_POINT('',(3.025,0.,-2.2125));
#6704=CARTESIAN_POINT('',(3.025,0.,-1.2125));
#6705=CARTESIAN_POINT('',(3.025,0.,-1.2125));
#6706=CARTESIAN_POINT('',(3.125,0.,-1.2125));
#6707=CARTESIAN_POINT('',(3.125,0.,-1.2125));
#6708=CARTESIAN_POINT('',(3.125,0.,2.8125));
#6709=CARTESIAN_POINT('',(3.125,0.,2.8125));
#6710=CARTESIAN_POINT('',(2.705,0.,2.8125));
#6711=CARTESIAN_POINT('',(2.705,0.,2.8125));
#6712=CARTESIAN_POINT('',(2.05,0.,2.8125));
#6713=CARTESIAN_POINT('',(0.,0.,2.8125));
#6714=CARTESIAN_POINT('',(1.6,0.,2.8125));
#6715=CARTESIAN_POINT('',(1.6,0.,2.8125));
#6716=CARTESIAN_POINT('',(1.2875,0.,3.125));
#6717=CARTESIAN_POINT('',(1.2875,0.,3.125));
#6718=CARTESIAN_POINT('',(-1.2875,0.,3.125));
#6719=CARTESIAN_POINT('',(-1.2875,0.,3.125));
#6720=CARTESIAN_POINT('',(-1.6,0.,2.8125));
#6721=CARTESIAN_POINT('',(-1.6,0.,2.8125));
#6722=CARTESIAN_POINT('',(-2.05,0.,2.8125));
#6723=CARTESIAN_POINT('',(-2.05,0.,2.8125));
#6724=CARTESIAN_POINT('',(-2.705,0.,2.8125));
#6725=CARTESIAN_POINT('',(0.,0.,2.8125));
#6726=CARTESIAN_POINT('',(-3.125,0.,2.8125));
#6727=CARTESIAN_POINT('',(-3.125,0.,2.8125));
#6728=CARTESIAN_POINT('',(-3.125,0.,-1.2125));
#6729=CARTESIAN_POINT('',(-3.125,0.,-1.2125));
#6730=CARTESIAN_POINT('',(-3.025,0.,-1.2125));
#6731=CARTESIAN_POINT('',(-3.025,0.,-1.2125));
#6732=CARTESIAN_POINT('',(-3.025,0.,-2.2125));
#6733=CARTESIAN_POINT('',(-3.025,0.,-2.2125));
#6734=CARTESIAN_POINT('',(-3.1,0.,-2.2125));
#6735=CARTESIAN_POINT('',(-3.1,0.,-2.2125));
#6736=CARTESIAN_POINT('',(-3.1,0.,-2.6625));
#6737=CARTESIAN_POINT('',(-3.1,0.,-2.6625));
#6738=CARTESIAN_POINT('',(-3.025,0.,-2.6625));
#6739=CARTESIAN_POINT('',(-3.025,0.,-2.6625));
#6740=CARTESIAN_POINT('',(-3.025,0.,-2.8125));
#6741=CARTESIAN_POINT('',(-2.00842075060166E-16,0.,1.64));
#6742=CARTESIAN_POINT('Origin',(0.,0.,0.));
#6743=CARTESIAN_POINT('Origin',(-3.125,0.2,-1.2125));
#6744=CARTESIAN_POINT('',(-3.125,0.2,2.8125));
#6745=CARTESIAN_POINT('',(-3.125,0.2,2.8125));
#6746=CARTESIAN_POINT('',(-3.125,0.2,-1.2125));
#6747=CARTESIAN_POINT('',(-3.125,0.2,-1.2125));
#6748=CARTESIAN_POINT('',(-3.125,0.2,-1.2125));
#6749=CARTESIAN_POINT('Origin',(-3.125,0.2,2.8125));
#6750=CARTESIAN_POINT('',(-2.705,0.2,2.8125));
#6751=CARTESIAN_POINT('',(-2.705,0.2,2.8125));
#6752=CARTESIAN_POINT('',(-3.125,0.2,2.8125));
#6753=CARTESIAN_POINT('Origin',(-2.705,0.2,2.8125));
#6754=CARTESIAN_POINT('',(-2.705,-0.73900000000001,2.8125));
#6755=CARTESIAN_POINT('',(-2.705,0.199999999999997,2.8125));
#6756=CARTESIAN_POINT('',(-2.705,-0.73900000000001,3.0125));
#6757=CARTESIAN_POINT('',(-2.705,-0.73900000000001,2.8125));
#6758=CARTESIAN_POINT('',(-2.705,0.2,3.0125));
#6759=CARTESIAN_POINT('',(-2.705,0.2,3.0125));
#6760=CARTESIAN_POINT('',(-2.705,0.2,2.8125));
#6761=CARTESIAN_POINT('Origin',(-2.05,0.2,3.0125));
#6762=CARTESIAN_POINT('',(-2.05,0.2,3.0125));
#6763=CARTESIAN_POINT('',(-2.05,-0.719000000000014,3.0125));
#6764=CARTESIAN_POINT('',(-2.05,0.2,3.0125));
#6765=CARTESIAN_POINT('',(-2.05,-0.719000000000014,2.8125));
#6766=CARTESIAN_POINT('',(-2.05,-0.719000000000014,2.8125));
#6767=CARTESIAN_POINT('',(-2.05,-0.719000000000014,2.8125));
#6768=CARTESIAN_POINT('',(-2.05,0.2,2.8125));
#6769=CARTESIAN_POINT('',(-2.05,0.2,2.8125));
#6770=CARTESIAN_POINT('',(-2.05,0.2,3.0125));
#6771=CARTESIAN_POINT('Origin',(-2.05,0.2,2.8125));
#6772=CARTESIAN_POINT('',(-1.6,0.2,2.8125));
#6773=CARTESIAN_POINT('',(-1.6,0.2,2.8125));
#6774=CARTESIAN_POINT('',(-2.05,0.2,2.8125));
#6775=CARTESIAN_POINT('Origin',(-1.6,0.2,2.8125));
#6776=CARTESIAN_POINT('',(-1.2875,0.2,3.125));
#6777=CARTESIAN_POINT('',(-1.2875,0.2,3.125));
#6778=CARTESIAN_POINT('',(-1.6,0.2,2.8125));
#6779=CARTESIAN_POINT('Origin',(-1.2875,0.2,3.125));
#6780=CARTESIAN_POINT('',(1.2875,0.2,3.125));
#6781=CARTESIAN_POINT('',(1.2875,0.2,3.125));
#6782=CARTESIAN_POINT('',(-1.2875,0.2,3.125));
#6783=CARTESIAN_POINT('Origin',(1.2875,0.2,3.125));
#6784=CARTESIAN_POINT('',(1.6,0.2,2.8125));
#6785=CARTESIAN_POINT('',(1.6,0.2,2.8125));
#6786=CARTESIAN_POINT('',(1.2875,0.2,3.125));
#6787=CARTESIAN_POINT('Origin',(1.6,0.2,2.8125));
#6788=CARTESIAN_POINT('',(2.05,0.2,2.8125));
#6789=CARTESIAN_POINT('',(2.05,0.2,2.8125));
#6790=CARTESIAN_POINT('',(1.6,0.2,2.8125));
#6791=CARTESIAN_POINT('Origin',(2.05,0.2,2.8125));
#6792=CARTESIAN_POINT('',(2.05,-0.719000000000014,2.8125));
#6793=CARTESIAN_POINT('',(2.05,0.199999999999997,2.8125));
#6794=CARTESIAN_POINT('',(2.05,-0.719000000000014,3.0125));
#6795=CARTESIAN_POINT('',(2.05,-0.719000000000014,2.8125));
#6796=CARTESIAN_POINT('',(2.05,0.2,3.0125));
#6797=CARTESIAN_POINT('',(2.05,0.2,3.0125));
#6798=CARTESIAN_POINT('',(2.05,0.2,2.8125));
#6799=CARTESIAN_POINT('Origin',(2.05,0.2,3.0125));
#6800=CARTESIAN_POINT('',(1.84699999999999,-0.719000000000014,3.0125));
#6801=CARTESIAN_POINT('',(2.05,-0.719000000000014,3.0125));
#6802=CARTESIAN_POINT('',(1.84699999999999,-0.924000000000012,3.0125));
#6803=CARTESIAN_POINT('',(1.84699999999999,-0.719000000000014,3.0125));
#6804=CARTESIAN_POINT('',(2.03488321167883,-1.44067883211679,3.0125));
#6805=CARTESIAN_POINT('',(1.84699999999999,-0.924000000000012,3.0125));
#6806=CARTESIAN_POINT('',(1.77857755388156,-1.69684612513697,3.0125));
#6807=CARTESIAN_POINT('Origin',(1.84686570433496,-1.50886546520715,3.0125));
#6808=CARTESIAN_POINT('',(0.290941432613075,-1.15516080873592,3.0125));
#6809=CARTESIAN_POINT('',(1.77857755388156,-1.69684612513697,3.0125));
#6810=CARTESIAN_POINT('',(-0.290941432613074,-1.15516080873592,3.0125));
#6811=CARTESIAN_POINT('Origin',(0.,-1.95381785828163,3.0125));
#6812=CARTESIAN_POINT('',(-1.77888296969971,-1.6973171690747,3.0125));
#6813=CARTESIAN_POINT('',(-0.290941432613074,-1.15516080873592,3.0125));
#6814=CARTESIAN_POINT('',(-2.03587686736441,-1.44104519229711,3.0125));
#6815=CARTESIAN_POINT('Origin',(-1.84800898606623,-1.5096429996712,3.0125));
#6816=CARTESIAN_POINT('',(-1.848,-0.924000000000012,3.0125));
#6817=CARTESIAN_POINT('',(-2.03587686736441,-1.44104519229711,3.0125));
#6818=CARTESIAN_POINT('',(-1.848,-0.719000000000014,3.0125));
#6819=CARTESIAN_POINT('',(-1.848,-0.924000000000012,3.0125));
#6820=CARTESIAN_POINT('',(-1.848,-0.719000000000014,3.0125));
#6821=CARTESIAN_POINT('',(-2.705,0.2,3.0125));
#6822=CARTESIAN_POINT('',(-2.37682103604634,-1.69093854445366,3.0125));
#6823=CARTESIAN_POINT('',(-2.705,-0.73900000000001,3.0125));
#6824=CARTESIAN_POINT('',(-1.65593247548578,-2.03518595756275,3.0125));
#6825=CARTESIAN_POINT('Origin',(-1.8472421717924,-1.50887749278276,3.0125));
#6826=CARTESIAN_POINT('',(-0.170975899194168,-1.49506624198097,3.0125));
#6827=CARTESIAN_POINT('',(-1.65593247548578,-2.03518595756275,3.0125));
#6828=CARTESIAN_POINT('',(0.170975899194154,-1.49506624198097,3.0125));
#6829=CARTESIAN_POINT('Origin',(-7.10152422978005E-15,-1.96492498872806,
3.0125));
#6830=CARTESIAN_POINT('',(1.65666582193266,-2.03524208343695,3.0125));
#6831=CARTESIAN_POINT('',(0.170975899194154,-1.49506624198097,3.0125));
#6832=CARTESIAN_POINT('',(2.37726819674832,-1.69109227184915,3.0125));
#6833=CARTESIAN_POINT('Origin',(1.84775096286294,-1.50885204846701,3.0125));
#6834=CARTESIAN_POINT('',(2.705,-0.73900000000001,3.0125));
#6835=CARTESIAN_POINT('',(2.37726819674833,-1.69109227184915,3.0125));
#6836=CARTESIAN_POINT('',(2.705,0.2,3.0125));
#6837=CARTESIAN_POINT('',(2.705,0.2,3.0125));
#6838=CARTESIAN_POINT('',(2.05,0.2,3.0125));
#6839=CARTESIAN_POINT('Origin',(2.705,0.2,3.0125));
#6840=CARTESIAN_POINT('',(2.705,-0.73900000000001,2.8125));
#6841=CARTESIAN_POINT('',(2.705,-0.73900000000001,2.8125));
#6842=CARTESIAN_POINT('',(2.705,-0.73900000000001,2.8125));
#6843=CARTESIAN_POINT('',(2.705,0.2,2.8125));
#6844=CARTESIAN_POINT('',(2.705,0.2,2.8125));
#6845=CARTESIAN_POINT('',(2.705,0.2,3.0125));
#6846=CARTESIAN_POINT('Origin',(2.705,0.2,2.8125));
#6847=CARTESIAN_POINT('',(3.125,0.2,2.8125));
#6848=CARTESIAN_POINT('',(3.125,0.2,2.8125));
#6849=CARTESIAN_POINT('',(2.705,0.2,2.8125));
#6850=CARTESIAN_POINT('Origin',(3.125,0.2,2.8125));
#6851=CARTESIAN_POINT('',(3.125,0.2,-1.2125));
#6852=CARTESIAN_POINT('',(3.125,0.2,-1.2125));
#6853=CARTESIAN_POINT('',(3.125,0.2,2.8125));
#6854=CARTESIAN_POINT('Origin',(3.125,0.2,-1.2125));
#6855=CARTESIAN_POINT('',(3.025,0.2,-1.2125));
#6856=CARTESIAN_POINT('',(3.025,0.2,-1.2125));
#6857=CARTESIAN_POINT('',(3.125,0.2,-1.2125));
#6858=CARTESIAN_POINT('Origin',(3.025,0.2,-1.2125));
#6859=CARTESIAN_POINT('',(3.025,0.2,-2.2125));
#6860=CARTESIAN_POINT('',(3.025,0.2,-2.2125));
#6861=CARTESIAN_POINT('',(3.025,0.2,-1.2125));
#6862=CARTESIAN_POINT('Origin',(3.025,0.2,-2.2125));
#6863=CARTESIAN_POINT('',(3.1,0.2,-2.2125));
#6864=CARTESIAN_POINT('',(3.1,0.2,-2.2125));
#6865=CARTESIAN_POINT('',(3.025,0.2,-2.2125));
#6866=CARTESIAN_POINT('Origin',(3.1,0.2,-2.2125));
#6867=CARTESIAN_POINT('',(3.1,0.2,-2.6625));
#6868=CARTESIAN_POINT('',(3.1,0.2,-2.6625));
#6869=CARTESIAN_POINT('',(3.1,0.2,-2.2125));
#6870=CARTESIAN_POINT('Origin',(3.1,0.2,-2.6625));
#6871=CARTESIAN_POINT('',(3.025,0.2,-2.6625));
#6872=CARTESIAN_POINT('',(3.025,0.2,-2.6625));
#6873=CARTESIAN_POINT('',(3.1,0.2,-2.6625));
#6874=CARTESIAN_POINT('Origin',(3.025,0.2,-2.6625));
#6875=CARTESIAN_POINT('',(3.025,0.2,-2.8125));
#6876=CARTESIAN_POINT('',(3.025,0.2,-2.8125));
#6877=CARTESIAN_POINT('',(3.025,0.2,-2.6625));
#6878=CARTESIAN_POINT('Origin',(3.025,0.2,-2.8125));
#6879=CARTESIAN_POINT('',(2.705,0.2,-2.8125));
#6880=CARTESIAN_POINT('',(2.705,0.2,-2.8125));
#6881=CARTESIAN_POINT('',(3.025,0.2,-2.8125));
#6882=CARTESIAN_POINT('Origin',(2.705,0.2,-2.8125));
#6883=CARTESIAN_POINT('',(2.705,-0.73900000000001,-2.8125));
#6884=CARTESIAN_POINT('',(2.705,-0.73900000000001,-2.8125));
#6885=CARTESIAN_POINT('',(2.705,-0.73900000000001,-3.0125));
#6886=CARTESIAN_POINT('',(2.705,-0.73900000000001,-2.8125));
#6887=CARTESIAN_POINT('',(2.705,0.2,-3.0125));
#6888=CARTESIAN_POINT('',(2.705,0.2,-3.0125));
#6889=CARTESIAN_POINT('',(2.705,0.2,-2.8125));
#6890=CARTESIAN_POINT('Origin',(2.05,0.2,-3.0125));
#6891=CARTESIAN_POINT('',(2.05,0.2,-3.0125));
#6892=CARTESIAN_POINT('',(2.05,-0.719000000000014,-3.0125));
#6893=CARTESIAN_POINT('',(2.05,0.2,-3.0125));
#6894=CARTESIAN_POINT('',(2.05,-0.719000000000014,-2.8125));
#6895=CARTESIAN_POINT('',(2.05,-0.719000000000014,-2.8125));
#6896=CARTESIAN_POINT('',(2.05,0.199999999999997,-2.8125));
#6897=CARTESIAN_POINT('',(2.05,0.2,-2.8125));
#6898=CARTESIAN_POINT('',(2.05,0.2,-2.8125));
#6899=CARTESIAN_POINT('',(2.05,0.2,-3.0125));
#6900=CARTESIAN_POINT('Origin',(2.05,0.2,-2.8125));
#6901=CARTESIAN_POINT('',(1.6,0.2,-2.8125));
#6902=CARTESIAN_POINT('',(1.6,0.2,-2.8125));
#6903=CARTESIAN_POINT('',(2.05,0.2,-2.8125));
#6904=CARTESIAN_POINT('Origin',(1.6,0.2,-2.8125));
#6905=CARTESIAN_POINT('',(1.2875,0.2,-3.125));
#6906=CARTESIAN_POINT('',(1.2875,0.2,-3.125));
#6907=CARTESIAN_POINT('',(1.6,0.2,-2.8125));
#6908=CARTESIAN_POINT('Origin',(1.2875,0.2,-3.125));
#6909=CARTESIAN_POINT('',(-1.2875,0.2,-3.125));
#6910=CARTESIAN_POINT('',(-1.2875,0.2,-3.125));
#6911=CARTESIAN_POINT('',(1.2875,0.2,-3.125));
#6912=CARTESIAN_POINT('Origin',(-1.2875,0.2,-3.125));
#6913=CARTESIAN_POINT('',(-1.6,0.2,-2.8125));
#6914=CARTESIAN_POINT('',(-1.6,0.2,-2.8125));
#6915=CARTESIAN_POINT('',(-1.2875,0.2,-3.125));
#6916=CARTESIAN_POINT('Origin',(-1.6,0.2,-2.8125));
#6917=CARTESIAN_POINT('',(-2.05,0.2,-2.8125));
#6918=CARTESIAN_POINT('',(-2.05,0.2,-2.8125));
#6919=CARTESIAN_POINT('',(-1.6,0.2,-2.8125));
#6920=CARTESIAN_POINT('Origin',(-2.05,0.2,-2.8125));
#6921=CARTESIAN_POINT('',(-2.05,-0.719000000000014,-2.8125));
#6922=CARTESIAN_POINT('',(-2.05,-0.719000000000014,-2.8125));
#6923=CARTESIAN_POINT('',(-2.05,-0.719000000000014,-3.0125));
#6924=CARTESIAN_POINT('',(-2.05,-0.719000000000014,-2.8125));
#6925=CARTESIAN_POINT('',(-2.05,0.2,-3.0125));
#6926=CARTESIAN_POINT('',(-2.05,0.2,-3.0125));
#6927=CARTESIAN_POINT('',(-2.05,0.2,-2.8125));
#6928=CARTESIAN_POINT('Origin',(-2.05,0.2,-3.0125));
#6929=CARTESIAN_POINT('',(-1.848,-0.719000000000014,-3.0125));
#6930=CARTESIAN_POINT('',(-1.848,-0.719000000000014,-3.0125));
#6931=CARTESIAN_POINT('',(-1.848,-0.924000000000012,-3.0125));
#6932=CARTESIAN_POINT('',(-1.848,-0.924000000000012,-3.0125));
#6933=CARTESIAN_POINT('',(-2.03587686736441,-1.44104519229711,-3.0125));
#6934=CARTESIAN_POINT('',(-2.03587686736441,-1.44104519229711,-3.0125));
#6935=CARTESIAN_POINT('',(-1.77888296969971,-1.6973171690747,-3.0125));
#6936=CARTESIAN_POINT('Origin',(-1.84800898606623,-1.5096429996712,-3.0125));
#6937=CARTESIAN_POINT('',(-0.290941432613074,-1.15516080873592,-3.0125));
#6938=CARTESIAN_POINT('',(-0.290941432613074,-1.15516080873592,-3.0125));
#6939=CARTESIAN_POINT('',(0.290941432613075,-1.15516080873592,-3.0125));
#6940=CARTESIAN_POINT('Origin',(0.,-1.95381785828163,-3.0125));
#6941=CARTESIAN_POINT('',(1.77857755388156,-1.69684612513697,-3.0125));
#6942=CARTESIAN_POINT('',(1.77857755388156,-1.69684612513697,-3.0125));
#6943=CARTESIAN_POINT('',(2.03488321167883,-1.44067883211679,-3.0125));
#6944=CARTESIAN_POINT('Origin',(1.84686570433496,-1.50886546520715,-3.0125));
#6945=CARTESIAN_POINT('',(1.84699999999999,-0.924000000000012,-3.0125));
#6946=CARTESIAN_POINT('',(1.84699999999999,-0.924000000000012,-3.0125));
#6947=CARTESIAN_POINT('',(1.84699999999999,-0.719000000000014,-3.0125));
#6948=CARTESIAN_POINT('',(1.84699999999999,-0.719000000000014,-3.0125));
#6949=CARTESIAN_POINT('',(2.05,-0.719000000000014,-3.0125));
#6950=CARTESIAN_POINT('',(2.705,0.2,-3.0125));
#6951=CARTESIAN_POINT('',(2.37726819674832,-1.69109227184915,-3.0125));
#6952=CARTESIAN_POINT('',(2.37726819674833,-1.69109227184915,-3.0125));
#6953=CARTESIAN_POINT('',(1.65666582193266,-2.03524208343695,-3.0125));
#6954=CARTESIAN_POINT('Origin',(1.84775096286294,-1.50885204846701,-3.0125));
#6955=CARTESIAN_POINT('',(0.170975899194154,-1.49506624198097,-3.0125));
#6956=CARTESIAN_POINT('',(0.170975899194154,-1.49506624198097,-3.0125));
#6957=CARTESIAN_POINT('',(-0.170975899194168,-1.49506624198097,-3.0125));
#6958=CARTESIAN_POINT('Origin',(-7.10152422978005E-15,-1.96492498872806,
-3.0125));
#6959=CARTESIAN_POINT('',(-1.65593247548578,-2.03518595756275,-3.0125));
#6960=CARTESIAN_POINT('',(-1.65593247548578,-2.03518595756275,-3.0125));
#6961=CARTESIAN_POINT('',(-2.37682103604634,-1.69093854445366,-3.0125));
#6962=CARTESIAN_POINT('Origin',(-1.8472421717924,-1.50887749278276,-3.0125));
#6963=CARTESIAN_POINT('',(-2.705,-0.73900000000001,-3.0125));
#6964=CARTESIAN_POINT('',(-2.705,-0.73900000000001,-3.0125));
#6965=CARTESIAN_POINT('',(-2.705,0.2,-3.0125));
#6966=CARTESIAN_POINT('',(-2.705,0.2,-3.0125));
#6967=CARTESIAN_POINT('',(-2.05,0.2,-3.0125));
#6968=CARTESIAN_POINT('Origin',(-2.705,0.2,-3.0125));
#6969=CARTESIAN_POINT('',(-2.705,-0.73900000000001,-2.8125));
#6970=CARTESIAN_POINT('',(-2.705,-0.73900000000001,-2.8125));
#6971=CARTESIAN_POINT('',(-2.705,0.199999999999997,-2.8125));
#6972=CARTESIAN_POINT('',(-2.705,0.2,-2.8125));
#6973=CARTESIAN_POINT('',(-2.705,0.2,-2.8125));
#6974=CARTESIAN_POINT('',(-2.705,0.2,-3.0125));
#6975=CARTESIAN_POINT('Origin',(-2.705,0.2,-2.8125));
#6976=CARTESIAN_POINT('',(-3.025,0.2,-2.8125));
#6977=CARTESIAN_POINT('',(-3.025,0.2,-2.8125));
#6978=CARTESIAN_POINT('',(-2.705,0.2,-2.8125));
#6979=CARTESIAN_POINT('Origin',(-3.025,0.2,-2.8125));
#6980=CARTESIAN_POINT('',(-3.025,0.2,-2.6625));
#6981=CARTESIAN_POINT('',(-3.025,0.2,-2.6625));
#6982=CARTESIAN_POINT('',(-3.025,0.2,-2.8125));
#6983=CARTESIAN_POINT('Origin',(-3.025,0.2,-2.6625));
#6984=CARTESIAN_POINT('',(-3.1,0.2,-2.6625));
#6985=CARTESIAN_POINT('',(-3.1,0.2,-2.6625));
#6986=CARTESIAN_POINT('',(-3.025,0.2,-2.6625));
#6987=CARTESIAN_POINT('Origin',(-3.1,0.2,-2.6625));
#6988=CARTESIAN_POINT('',(-3.1,0.2,-2.2125));
#6989=CARTESIAN_POINT('',(-3.1,0.2,-2.2125));
#6990=CARTESIAN_POINT('',(-3.1,0.2,-2.6625));
#6991=CARTESIAN_POINT('Origin',(-3.1,0.2,-2.2125));
#6992=CARTESIAN_POINT('',(-3.025,0.2,-2.2125));
#6993=CARTESIAN_POINT('',(-3.025,0.2,-2.2125));
#6994=CARTESIAN_POINT('',(-3.1,0.2,-2.2125));
#6995=CARTESIAN_POINT('Origin',(-3.025,0.2,-2.2125));
#6996=CARTESIAN_POINT('',(-3.025,0.2,-1.2125));
#6997=CARTESIAN_POINT('',(-3.025,0.2,-1.2125));
#6998=CARTESIAN_POINT('',(-3.025,0.2,-2.2125));
#6999=CARTESIAN_POINT('Origin',(0.,0.2,0.));
#7000=CARTESIAN_POINT('',(-2.00842075060166E-16,0.2,1.64));
#7001=CARTESIAN_POINT('Origin',(0.,0.2,0.));
#7002=CARTESIAN_POINT('',(-2.00842075060166E-16,0.2,1.64));
#7003=CARTESIAN_POINT('Origin',(-3.025,0.2,-1.2125));
#7004=CARTESIAN_POINT('',(-3.025,0.2,-1.2125));
#7005=CARTESIAN_POINT('Origin',(0.,0.2,0.));
#7006=CARTESIAN_POINT('Origin',(-1.8472421717924,-1.50887749278276,2.8125));
#7007=CARTESIAN_POINT('',(-1.848,-0.719000000000014,2.8125));
#7008=CARTESIAN_POINT('',(-1.848,-0.719000000000014,2.8125));
#7009=CARTESIAN_POINT('',(-1.848,-0.924000000000012,2.8125));
#7010=CARTESIAN_POINT('',(-1.848,-0.924000000000012,2.8125));
#7011=CARTESIAN_POINT('',(-2.03587686736441,-1.44104519229711,2.8125));
#7012=CARTESIAN_POINT('',(-2.03587686736441,-1.44104519229711,2.8125));
#7013=CARTESIAN_POINT('',(-1.77888296969971,-1.6973171690747,2.8125));
#7014=CARTESIAN_POINT('Origin',(-1.84800898606623,-1.5096429996712,2.8125));
#7015=CARTESIAN_POINT('',(-0.290941432613074,-1.15516080873592,2.8125));
#7016=CARTESIAN_POINT('',(-0.290941432613074,-1.15516080873592,2.8125));
#7017=CARTESIAN_POINT('',(0.290941432613075,-1.15516080873592,2.8125));
#7018=CARTESIAN_POINT('Origin',(0.,-1.95381785828163,2.8125));
#7019=CARTESIAN_POINT('',(1.77857755388156,-1.69684612513697,2.8125));
#7020=CARTESIAN_POINT('',(1.77857755388156,-1.69684612513697,2.8125));
#7021=CARTESIAN_POINT('',(2.03488321167883,-1.44067883211679,2.8125));
#7022=CARTESIAN_POINT('Origin',(1.84686570433496,-1.50886546520715,2.8125));
#7023=CARTESIAN_POINT('',(1.84699999999999,-0.924000000000012,2.8125));
#7024=CARTESIAN_POINT('',(1.84699999999999,-0.924000000000012,2.8125));
#7025=CARTESIAN_POINT('',(1.84699999999999,-0.719000000000014,2.8125));
#7026=CARTESIAN_POINT('',(1.84699999999999,-0.719000000000014,2.8125));
#7027=CARTESIAN_POINT('',(2.05,-0.719000000000014,2.8125));
#7028=CARTESIAN_POINT('',(2.37726819674832,-1.69109227184915,2.8125));
#7029=CARTESIAN_POINT('',(2.37726819674833,-1.69109227184915,2.8125));
#7030=CARTESIAN_POINT('',(1.65666582193266,-2.03524208343695,2.8125));
#7031=CARTESIAN_POINT('Origin',(1.84775096286294,-1.50885204846701,2.8125));
#7032=CARTESIAN_POINT('',(0.170975899194154,-1.49506624198097,2.8125));
#7033=CARTESIAN_POINT('',(0.170975899194154,-1.49506624198097,2.8125));
#7034=CARTESIAN_POINT('',(-0.170975899194168,-1.49506624198097,2.8125));
#7035=CARTESIAN_POINT('Origin',(-7.10152422978005E-15,-1.96492498872806,
2.8125));
#7036=CARTESIAN_POINT('',(-1.65593247548578,-2.03518595756275,2.8125));
#7037=CARTESIAN_POINT('',(-1.65593247548578,-2.03518595756275,2.8125));
#7038=CARTESIAN_POINT('',(-2.37682103604634,-1.69093854445366,2.8125));
#7039=CARTESIAN_POINT('Origin',(-1.8472421717924,-1.50887749278276,2.8125));
#7040=CARTESIAN_POINT('',(-2.705,-0.73900000000001,2.8125));
#7041=CARTESIAN_POINT('Origin',(-2.705,-0.73900000000001,2.8125));
#7042=CARTESIAN_POINT('',(-2.37682103604634,-1.69093854445366,2.8125));
#7043=CARTESIAN_POINT('Origin',(-1.8472421717924,-1.50887749278276,2.8125));
#7044=CARTESIAN_POINT('',(-1.65593247548578,-2.03518595756275,2.8125));
#7045=CARTESIAN_POINT('Origin',(-1.65593247548578,-2.03518595756275,2.8125));
#7046=CARTESIAN_POINT('',(-0.170975899194168,-1.49506624198097,2.8125));
#7047=CARTESIAN_POINT('Origin',(-7.10152422978005E-15,-1.96492498872806,
2.8125));
#7048=CARTESIAN_POINT('',(0.170975899194154,-1.49506624198097,2.8125));
#7049=CARTESIAN_POINT('Origin',(0.170975899194154,-1.49506624198097,2.8125));
#7050=CARTESIAN_POINT('',(1.65666582193266,-2.03524208343695,2.8125));
#7051=CARTESIAN_POINT('Origin',(1.84775096286294,-1.50885204846701,2.8125));
#7052=CARTESIAN_POINT('',(2.37726819674832,-1.69109227184915,2.8125));
#7053=CARTESIAN_POINT('Origin',(2.37726819674833,-1.69109227184915,2.8125));
#7054=CARTESIAN_POINT('Origin',(2.05,-0.719000000000014,2.8125));
#7055=CARTESIAN_POINT('',(1.84699999999999,-0.719000000000014,2.8125));
#7056=CARTESIAN_POINT('Origin',(1.84699999999999,-0.719000000000014,2.8125));
#7057=CARTESIAN_POINT('',(1.84699999999999,-0.924000000000012,2.8125));
#7058=CARTESIAN_POINT('Origin',(1.84699999999999,-0.924000000000012,2.8125));
#7059=CARTESIAN_POINT('',(2.03488321167883,-1.44067883211679,2.8125));
#7060=CARTESIAN_POINT('Origin',(1.84686570433496,-1.50886546520715,2.8125));
#7061=CARTESIAN_POINT('',(1.77857755388156,-1.69684612513697,2.8125));
#7062=CARTESIAN_POINT('Origin',(1.77857755388156,-1.69684612513697,2.8125));
#7063=CARTESIAN_POINT('',(0.290941432613075,-1.15516080873592,2.8125));
#7064=CARTESIAN_POINT('Origin',(0.,-1.95381785828163,2.8125));
#7065=CARTESIAN_POINT('',(-0.290941432613074,-1.15516080873592,2.8125));
#7066=CARTESIAN_POINT('Origin',(-0.290941432613074,-1.15516080873592,2.8125));
#7067=CARTESIAN_POINT('',(-1.77888296969971,-1.6973171690747,2.8125));
#7068=CARTESIAN_POINT('Origin',(-1.84800898606623,-1.5096429996712,2.8125));
#7069=CARTESIAN_POINT('',(-2.03587686736441,-1.44104519229711,2.8125));
#7070=CARTESIAN_POINT('Origin',(-2.03587686736441,-1.44104519229711,2.8125));
#7071=CARTESIAN_POINT('',(-1.848,-0.924000000000012,2.8125));
#7072=CARTESIAN_POINT('Origin',(-1.848,-0.924000000000012,2.8125));
#7073=CARTESIAN_POINT('',(-1.848,-0.719000000000014,2.8125));
#7074=CARTESIAN_POINT('Origin',(-1.848,-0.719000000000014,2.8125));
#7075=CARTESIAN_POINT('Origin',(-1.8472421717924,-1.50887749278276,-2.8125));
#7076=CARTESIAN_POINT('',(-2.37682103604634,-1.69093854445366,-2.8125));
#7077=CARTESIAN_POINT('',(-2.705,-0.73900000000001,-2.8125));
#7078=CARTESIAN_POINT('',(-1.65593247548578,-2.03518595756275,-2.8125));
#7079=CARTESIAN_POINT('Origin',(-1.8472421717924,-1.50887749278276,-2.8125));
#7080=CARTESIAN_POINT('',(-0.170975899194168,-1.49506624198097,-2.8125));
#7081=CARTESIAN_POINT('',(-1.65593247548578,-2.03518595756275,-2.8125));
#7082=CARTESIAN_POINT('',(0.170975899194154,-1.49506624198097,-2.8125));
#7083=CARTESIAN_POINT('Origin',(-7.10152422978005E-15,-1.96492498872806,
-2.8125));
#7084=CARTESIAN_POINT('',(1.65666582193266,-2.03524208343695,-2.8125));
#7085=CARTESIAN_POINT('',(0.170975899194154,-1.49506624198097,-2.8125));
#7086=CARTESIAN_POINT('',(2.37726819674832,-1.69109227184915,-2.8125));
#7087=CARTESIAN_POINT('Origin',(1.84775096286294,-1.50885204846701,-2.8125));
#7088=CARTESIAN_POINT('',(2.37726819674833,-1.69109227184915,-2.8125));
#7089=CARTESIAN_POINT('',(1.84699999999999,-0.719000000000014,-2.8125));
#7090=CARTESIAN_POINT('',(2.05,-0.719000000000014,-2.8125));
#7091=CARTESIAN_POINT('',(1.84699999999999,-0.924000000000012,-2.8125));
#7092=CARTESIAN_POINT('',(1.84699999999999,-0.719000000000014,-2.8125));
#7093=CARTESIAN_POINT('',(2.03488321167883,-1.44067883211679,-2.8125));
#7094=CARTESIAN_POINT('',(1.84699999999999,-0.924000000000012,-2.8125));
#7095=CARTESIAN_POINT('',(1.77857755388156,-1.69684612513697,-2.8125));
#7096=CARTESIAN_POINT('Origin',(1.84686570433496,-1.50886546520715,-2.8125));
#7097=CARTESIAN_POINT('',(0.290941432613075,-1.15516080873592,-2.8125));
#7098=CARTESIAN_POINT('',(1.77857755388156,-1.69684612513697,-2.8125));
#7099=CARTESIAN_POINT('',(-0.290941432613074,-1.15516080873592,-2.8125));
#7100=CARTESIAN_POINT('Origin',(0.,-1.95381785828163,-2.8125));
#7101=CARTESIAN_POINT('',(-1.77888296969971,-1.6973171690747,-2.8125));
#7102=CARTESIAN_POINT('',(-0.290941432613074,-1.15516080873592,-2.8125));
#7103=CARTESIAN_POINT('',(-2.03587686736441,-1.44104519229711,-2.8125));
#7104=CARTESIAN_POINT('Origin',(-1.84800898606623,-1.5096429996712,-2.8125));
#7105=CARTESIAN_POINT('',(-1.848,-0.924000000000012,-2.8125));
#7106=CARTESIAN_POINT('',(-2.03587686736441,-1.44104519229711,-2.8125));
#7107=CARTESIAN_POINT('',(-1.848,-0.719000000000014,-2.8125));
#7108=CARTESIAN_POINT('',(-1.848,-0.924000000000012,-2.8125));
#7109=CARTESIAN_POINT('',(-1.848,-0.719000000000014,-2.8125));
#7110=CARTESIAN_POINT('Origin',(-2.705,-0.73900000000001,-2.8125));
#7111=CARTESIAN_POINT('',(-2.37682103604634,-1.69093854445366,-2.8125));
#7112=CARTESIAN_POINT('Origin',(-1.8472421717924,-1.50887749278276,-2.8125));
#7113=CARTESIAN_POINT('',(-1.65593247548578,-2.03518595756275,-2.8125));
#7114=CARTESIAN_POINT('Origin',(-1.65593247548578,-2.03518595756275,-2.8125));
#7115=CARTESIAN_POINT('',(-0.170975899194168,-1.49506624198097,-2.8125));
#7116=CARTESIAN_POINT('Origin',(-7.10152422978005E-15,-1.96492498872806,
-2.8125));
#7117=CARTESIAN_POINT('',(0.170975899194154,-1.49506624198097,-2.8125));
#7118=CARTESIAN_POINT('Origin',(0.170975899194154,-1.49506624198097,-2.8125));
#7119=CARTESIAN_POINT('',(1.65666582193266,-2.03524208343695,-2.8125));
#7120=CARTESIAN_POINT('Origin',(1.84775096286294,-1.50885204846701,-2.8125));
#7121=CARTESIAN_POINT('',(2.37726819674832,-1.69109227184915,-2.8125));
#7122=CARTESIAN_POINT('Origin',(2.37726819674833,-1.69109227184915,-2.8125));
#7123=CARTESIAN_POINT('Origin',(2.05,-0.719000000000014,-2.8125));
#7124=CARTESIAN_POINT('',(1.84699999999999,-0.719000000000014,-2.8125));
#7125=CARTESIAN_POINT('Origin',(1.84699999999999,-0.719000000000014,-2.8125));
#7126=CARTESIAN_POINT('',(1.84699999999999,-0.924000000000012,-2.8125));
#7127=CARTESIAN_POINT('Origin',(1.84699999999999,-0.924000000000012,-2.8125));
#7128=CARTESIAN_POINT('',(2.03488321167883,-1.44067883211679,-2.8125));
#7129=CARTESIAN_POINT('Origin',(1.84686570433496,-1.50886546520715,-2.8125));
#7130=CARTESIAN_POINT('',(1.77857755388156,-1.69684612513697,-2.8125));
#7131=CARTESIAN_POINT('Origin',(1.77857755388156,-1.69684612513697,-2.8125));
#7132=CARTESIAN_POINT('',(0.290941432613075,-1.15516080873592,-2.8125));
#7133=CARTESIAN_POINT('Origin',(0.,-1.95381785828163,-2.8125));
#7134=CARTESIAN_POINT('',(-0.290941432613074,-1.15516080873592,-2.8125));
#7135=CARTESIAN_POINT('Origin',(-0.290941432613074,-1.15516080873592,-2.8125));
#7136=CARTESIAN_POINT('',(-1.77888296969971,-1.6973171690747,-2.8125));
#7137=CARTESIAN_POINT('Origin',(-1.84800898606623,-1.5096429996712,-2.8125));
#7138=CARTESIAN_POINT('',(-2.03587686736441,-1.44104519229711,-2.8125));
#7139=CARTESIAN_POINT('Origin',(-2.03587686736441,-1.44104519229711,-2.8125));
#7140=CARTESIAN_POINT('',(-1.848,-0.924000000000012,-2.8125));
#7141=CARTESIAN_POINT('Origin',(-1.848,-0.924000000000012,-2.8125));
#7142=CARTESIAN_POINT('',(-1.848,-0.719000000000014,-2.8125));
#7143=CARTESIAN_POINT('Origin',(-1.848,-0.719000000000014,-2.8125));
#7144=CARTESIAN_POINT('',(0.,0.,0.));
#7145=CARTESIAN_POINT('Origin',(0.,0.,0.375));
#7146=CARTESIAN_POINT('',(0.0923049096188722,-0.862304909618872,0.375));
#7147=CARTESIAN_POINT('',(-0.0846686344027639,-0.685331365597236,0.375));
#7148=CARTESIAN_POINT('',(3.15153390593274,-3.92153390593274,0.375));
#7149=CARTESIAN_POINT('',(0.3,-0.386,0.375));
#7150=CARTESIAN_POINT('Origin',(-0.35,-0.386,0.375));
#7151=CARTESIAN_POINT('',(0.3,1.83697019872103E-17,0.375));
#7152=CARTESIAN_POINT('',(0.3,-0.386,0.375));
#7153=CARTESIAN_POINT('',(0.,0.3,0.375));
#7154=CARTESIAN_POINT('Origin',(0.,0.,0.375));
#7155=CARTESIAN_POINT('',(0.,0.,0.375));
#7156=CARTESIAN_POINT('',(0.,0.,0.375));
#7157=CARTESIAN_POINT('',(0.05,3.06161699786838E-18,0.375));
#7158=CARTESIAN_POINT('',(0.,0.,0.375));
#7159=CARTESIAN_POINT('',(0.05,-0.386,0.375));
#7160=CARTESIAN_POINT('',(0.05,-0.386,0.375));
#7161=CARTESIAN_POINT('Origin',(-0.35,-0.386,0.375));
#7162=CARTESIAN_POINT('Origin',(0.,0.3,-0.375));
#7163=CARTESIAN_POINT('',(0.0923049096188722,-0.862304909618872,-0.375));
#7164=CARTESIAN_POINT('',(-0.0846686344027639,-0.685331365597236,-0.375));
#7165=CARTESIAN_POINT('',(3.15153390593274,-3.92153390593274,-0.375));
#7166=CARTESIAN_POINT('',(0.0499999999999999,-0.386,-0.375));
#7167=CARTESIAN_POINT('Origin',(-0.35,-0.386,-0.375));
#7168=CARTESIAN_POINT('',(0.05,1.83697019872103E-17,-0.375));
#7169=CARTESIAN_POINT('',(0.05,-0.386,-0.375));
#7170=CARTESIAN_POINT('',(0.,0.,-0.375));
#7171=CARTESIAN_POINT('',(0.3,1.83697019872103E-17,-0.375));
#7172=CARTESIAN_POINT('',(0.,0.3,-0.375));
#7173=CARTESIAN_POINT('',(0.,0.3,-0.375));
#7174=CARTESIAN_POINT('',(0.3,1.83697019872103E-17,-0.375));
#7175=CARTESIAN_POINT('Origin',(0.,0.,-0.375));
#7176=CARTESIAN_POINT('',(0.3,-0.386,-0.375));
#7177=CARTESIAN_POINT('',(0.3,-0.386,-0.375));
#7178=CARTESIAN_POINT('Origin',(-0.35,-0.386,-0.375));
#7179=CARTESIAN_POINT('Origin',(-0.35,-0.386,-49.625));
#7180=CARTESIAN_POINT('',(0.0491152306880221,-0.899037067503751,-0.3575));
#7181=CARTESIAN_POINT('Ctrl Pts',(0.0923049096188715,-0.862304909618872,
-0.374999999999996));
#7182=CARTESIAN_POINT('Ctrl Pts',(0.083061012385219,-0.870888951160094,
-0.374999999999996));
#7183=CARTESIAN_POINT('Ctrl Pts',(0.0729351057719422,-0.879736160621386,
-0.372471401057772));
#7184=CARTESIAN_POINT('Ctrl Pts',(0.0584182969069925,-0.891705343495616,
-0.364697119437774));
#7185=CARTESIAN_POINT('Ctrl Pts',(0.0535984144336783,-0.895549391801153,
-0.361360883200634));
#7186=CARTESIAN_POINT('Ctrl Pts',(0.0491152306880211,-0.89903706750375,
-0.3575));
#7187=CARTESIAN_POINT('',(0.3,-0.386,-0.375));
#7188=CARTESIAN_POINT('',(0.0491152306880221,-0.899037067503751,0.3575));
#7189=CARTESIAN_POINT('Ctrl Pts',(0.0491152306880213,-0.89903706750375,
0.3575));
#7190=CARTESIAN_POINT('Ctrl Pts',(0.0536056744420308,-0.895543743905334,
0.361367135463729));
#7191=CARTESIAN_POINT('Ctrl Pts',(0.0584342868137865,-0.891692581139997,
0.364708183618043));
#7192=CARTESIAN_POINT('Ctrl Pts',(0.0729528142065287,-0.879720776805312,
0.372476066563036));
#7193=CARTESIAN_POINT('Ctrl Pts',(0.0830696256143768,-0.870880952767747,
0.374999999999996));
#7194=CARTESIAN_POINT('Ctrl Pts',(0.0923049096188715,-0.862304909618872,
0.374999999999996));
#7195=CARTESIAN_POINT('',(0.0023622131440546,-0.932205886775512,0.34));
#7196=CARTESIAN_POINT('Ctrl Pts',(0.0491152306880215,-0.89903706750375,
0.357500000000002));
#7197=CARTESIAN_POINT('Ctrl Pts',(0.0424408796784123,-0.904229353425417,
0.351752100482589));
#7198=CARTESIAN_POINT('Ctrl Pts',(0.0350560679159878,-0.909760687132655,
0.347377100482082));
#7199=CARTESIAN_POINT('Ctrl Pts',(0.0271838792372126,-0.91536973963721,
0.344439075360903));
#7200=CARTESIAN_POINT('Ctrl Pts',(0.0193116905584374,-0.920978792141765,
0.341501050239724));
#7201=CARTESIAN_POINT('Ctrl Pts',(0.0109518777877915,-0.926664618698183,
0.339999999997882));
#7202=CARTESIAN_POINT('Ctrl Pts',(0.00236221314455559,-0.932205886775189,
0.339999999997836));
#7203=CARTESIAN_POINT('',(-0.384018371557914,-1.03510919759047,0.34));
#7204=CARTESIAN_POINT('Origin',(-0.35,-0.386,0.34));
#7205=CARTESIAN_POINT('',(-0.384018371557914,-1.03510919759047,-0.34));
#7206=CARTESIAN_POINT('',(-0.384018371557913,-1.03510919759047,-0.375));
#7207=CARTESIAN_POINT('',(0.00236221314405487,-0.932205886775512,-0.34));
#7208=CARTESIAN_POINT('Origin',(-0.35,-0.386,-0.34));
#7209=CARTESIAN_POINT('Ctrl Pts',(0.00236221314405421,-0.932205886775513,
-0.339999999999996));
#7210=CARTESIAN_POINT('Ctrl Pts',(0.010951057899974,-0.926665147615024,
-0.339999999999996));
#7211=CARTESIAN_POINT('Ctrl Pts',(0.0193110463984036,-0.920979242943047,
-0.341501179038308));
#7212=CARTESIAN_POINT('Ctrl Pts',(0.0271835147521327,-0.915369999338107,
-0.344439268557458));
#7213=CARTESIAN_POINT('Ctrl Pts',(0.0350559831058618,-0.909760755733167,
-0.347377358076609));
#7214=CARTESIAN_POINT('Ctrl Pts',(0.0424411787916676,-0.9042291207314,-0.351752358076612));
#7215=CARTESIAN_POINT('Ctrl Pts',(0.0491152306880215,-0.89903706750375,
-0.357500000000002));
#7216=CARTESIAN_POINT('Origin',(-0.35,-0.386,-49.625));
#7217=CARTESIAN_POINT('',(-0.129913172028052,-0.720008664787677,-0.3575));
#7218=CARTESIAN_POINT('Ctrl Pts',(-0.129913172028053,-0.720008664787677,
-0.3575));
#7219=CARTESIAN_POINT('Ctrl Pts',(-0.125143651589079,-0.716865906125927,
-0.361332508358355));
#7220=CARTESIAN_POINT('Ctrl Pts',(-0.120049305909177,-0.713362373268277,
-0.364650731446386));
#7221=CARTESIAN_POINT('Ctrl Pts',(-0.104745141317791,-0.70223116886408,
-0.372438613871911));
#7222=CARTESIAN_POINT('Ctrl Pts',(-0.0941829376408114,-0.693764972499139,
-0.374999999999997));
#7223=CARTESIAN_POINT('Ctrl Pts',(-0.0846686344027645,-0.685331365597235,
-0.374999999999996));
#7224=CARTESIAN_POINT('',(-0.181203644837337,-0.74864002879412,-0.34));
#7225=CARTESIAN_POINT('Ctrl Pts',(-0.129913172028053,-0.720008664787677,
-0.3575));
#7226=CARTESIAN_POINT('Ctrl Pts',(-0.134888363508373,-0.723286945344119,
-0.353502226392211));
#7227=CARTESIAN_POINT('Ctrl Pts',(-0.140382130837318,-0.726747014459439,
-0.350093910387806));
#7228=CARTESIAN_POINT('Ctrl Pts',(-0.157202770439311,-0.736696498843167,
-0.342359871561169));
#7229=CARTESIAN_POINT('Ctrl Pts',(-0.169468934038946,-0.74317792793823,
-0.339999999999998));
#7230=CARTESIAN_POINT('Ctrl Pts',(-0.181203644837339,-0.748640028794121,
-0.339999999999998));
#7231=CARTESIAN_POINT('',(-0.370934382497178,-0.78545181390183,-0.34));
#7232=CARTESIAN_POINT('Origin',(-0.35,-0.386,-0.34));
#7233=CARTESIAN_POINT('',(-0.370934382497178,-0.78545181390183,0.34));
#7234=CARTESIAN_POINT('',(-0.370934382497178,-0.78545181390183,0.375));
#7235=CARTESIAN_POINT('',(-0.181203644837338,-0.74864002879412,0.34));
#7236=CARTESIAN_POINT('Origin',(-0.35,-0.386,0.34));
#7237=CARTESIAN_POINT('',(-0.129913172028052,-0.720008664787677,0.3575));
#7238=CARTESIAN_POINT('Ctrl Pts',(-0.181203644837339,-0.748640028794121,
0.339999999999998));
#7239=CARTESIAN_POINT('Ctrl Pts',(-0.169419777162506,-0.743155047117263,
0.339999999999998));
#7240=CARTESIAN_POINT('Ctrl Pts',(-0.157106613792772,-0.736645048715604,
0.342379705968772));
#7241=CARTESIAN_POINT('Ctrl Pts',(-0.140301729491959,-0.726696450386709,
0.350143808012057));
#7242=CARTESIAN_POINT('Ctrl Pts',(-0.134852815653156,-0.723263521955684,
0.353530790574708));
#7243=CARTESIAN_POINT('Ctrl Pts',(-0.129913172028053,-0.720008664787677,
0.357500000000001));
#7244=CARTESIAN_POINT('Ctrl Pts',(-0.0846686344027645,-0.685331365597235,
0.374999999999996));
#7245=CARTESIAN_POINT('Ctrl Pts',(-0.0941591676763168,-0.693743902481545,
0.374999999999996));
#7246=CARTESIAN_POINT('Ctrl Pts',(-0.104695611774615,-0.702191830763087,
0.372451247617427));
#7247=CARTESIAN_POINT('Ctrl Pts',(-0.120003726603524,-0.713330986963971,
0.36468040206364));
#7248=CARTESIAN_POINT('Ctrl Pts',(-0.125122823327763,-0.71685218185333,
0.361349244733973));
#7249=CARTESIAN_POINT('Ctrl Pts',(-0.129913172028052,-0.720008664787677,
0.3575));
#7250=CARTESIAN_POINT('',(0.05,-0.386,0.375));
#7251=CARTESIAN_POINT('Origin',(-1.41460405142463,-0.981098490747756,-0.375));
#7252=CARTESIAN_POINT('',(-1.41460405142463,-0.981098490747756,-0.34));
#7253=CARTESIAN_POINT('',(-1.41460405142463,-0.981098490747756,-0.34));
#7254=CARTESIAN_POINT('',(-1.41460405142463,-0.981098490747756,0.34));
#7255=CARTESIAN_POINT('',(-1.41460405142463,-0.981098490747756,0.34));
#7256=CARTESIAN_POINT('',(-1.41460405142463,-0.981098490747756,-0.375));
#7257=CARTESIAN_POINT('Origin',(-1.4015200623639,-0.731441107059112,0.375));
#7258=CARTESIAN_POINT('',(-1.4015200623639,-0.731441107059112,-0.34));
#7259=CARTESIAN_POINT('',(-1.4015200623639,-0.731441107059112,-0.34));
#7260=CARTESIAN_POINT('',(-1.4015200623639,-0.731441107059112,0.34));
#7261=CARTESIAN_POINT('',(-1.4015200623639,-0.731441107059112,0.375));
#7262=CARTESIAN_POINT('',(-1.4015200623639,-0.731441107059112,0.34));
#7263=CARTESIAN_POINT('Origin',(-1.35945301814551,0.071245913720634,0.));
#7264=CARTESIAN_POINT('',(-1.35945301814551,0.071245913720634,-0.34));
#7265=CARTESIAN_POINT('',(-1.35945301814551,0.071245913720634,0.34));
#7266=CARTESIAN_POINT('Origin',(0.,0.,0.));
#7267=CARTESIAN_POINT('',(0.05,1.83697019872103E-17,0.375));
#7268=CARTESIAN_POINT('',(0.,0.,-0.375));
#7269=CARTESIAN_POINT('Origin',(0.,0.,-0.375));
#7270=CARTESIAN_POINT('',(0.,0.3,0.375));
#7271=CARTESIAN_POINT('',(0.3,1.83697019872103E-17,0.375));
#7272=CARTESIAN_POINT('Origin',(0.,0.,0.));
#7273=CARTESIAN_POINT('Origin',(0.3,-0.386,-0.375));
#7274=CARTESIAN_POINT('Origin',(0.05,-0.386,0.375));
#7275=CARTESIAN_POINT('Origin',(1.73732034355964,-5.33574746830583,0.34));
#7276=CARTESIAN_POINT('',(3.07161206911701,-4.00145574274847,0.34));
#7277=CARTESIAN_POINT('Origin',(3.15153390593274,-3.92153390593274,0.274999999999999));
#7278=CARTESIAN_POINT('',(3.11157298752487,-3.9614948243406,0.3575));
#7279=CARTESIAN_POINT('Origin',(3.07161206911701,-4.00145574274847,0.44));
#7280=CARTESIAN_POINT('Origin',(3.15153390593274,-3.92153390593274,-0.274999999999998));
#7281=CARTESIAN_POINT('',(3.11157298752487,-3.9614948243406,-0.3575));
#7282=CARTESIAN_POINT('Origin',(3.07161206911701,-4.00145574274847,-0.440000000000001));
#7283=CARTESIAN_POINT('',(3.07161206911701,-4.00145574274847,-0.34));
#7284=CARTESIAN_POINT('Origin',(3.07161206911701,-4.00145574274847,-0.34));
#7285=CARTESIAN_POINT('',(0.,0.,0.));
#7286=CARTESIAN_POINT('',(0.,0.,0.));
#7287=CARTESIAN_POINT('',(0.,0.5,0.));
#7288=CARTESIAN_POINT('',(3.1,-0.964,2.));
#7289=CARTESIAN_POINT('',(3.1,-0.964,-2.));
#7290=CARTESIAN_POINT('',(-3.1,-0.964,2.));
#7291=CARTESIAN_POINT('',(-3.1,-0.964,-2.));
#7292=CARTESIAN_POINT('Origin',(0.,0.,0.));
#7293=UNCERTAINTY_MEASURE_WITH_UNIT(LENGTH_MEASURE(0.01),#7305,
'DISTANCE_ACCURACY_VALUE',
'Maximum model space distance between geometric entities at asserted c
onnectivities');
#7294=UNCERTAINTY_MEASURE_WITH_UNIT(LENGTH_MEASURE(0.01),#7305,
'DISTANCE_ACCURACY_VALUE',
'Maximum model space distance between geometric entities at asserted c
onnectivities');
#7295=UNCERTAINTY_MEASURE_WITH_UNIT(LENGTH_MEASURE(0.01),#7305,
'DISTANCE_ACCURACY_VALUE',
'Maximum model space distance between geometric entities at asserted c
onnectivities');
#7296=UNCERTAINTY_MEASURE_WITH_UNIT(LENGTH_MEASURE(0.01),#7305,
'DISTANCE_ACCURACY_VALUE',
'Maximum model space distance between geometric entities at asserted c
onnectivities');
#7297=UNCERTAINTY_MEASURE_WITH_UNIT(LENGTH_MEASURE(0.01),#7305,
'DISTANCE_ACCURACY_VALUE',
'Maximum model space distance between geometric entities at asserted c
onnectivities');
#7298=UNCERTAINTY_MEASURE_WITH_UNIT(LENGTH_MEASURE(0.01),#7305,
'DISTANCE_ACCURACY_VALUE',
'Maximum model space distance between geometric entities at asserted c
onnectivities');
#7299=(
GEOMETRIC_REPRESENTATION_CONTEXT(3)
GLOBAL_UNCERTAINTY_ASSIGNED_CONTEXT((#7293))
GLOBAL_UNIT_ASSIGNED_CONTEXT((#7305,#7307,#7308))
REPRESENTATION_CONTEXT('','3D')
);
#7300=(
GEOMETRIC_REPRESENTATION_CONTEXT(3)
GLOBAL_UNCERTAINTY_ASSIGNED_CONTEXT((#7294))
GLOBAL_UNIT_ASSIGNED_CONTEXT((#7305,#7307,#7308))
REPRESENTATION_CONTEXT('','3D')
);
#7301=(
GEOMETRIC_REPRESENTATION_CONTEXT(3)
GLOBAL_UNCERTAINTY_ASSIGNED_CONTEXT((#7295))
GLOBAL_UNIT_ASSIGNED_CONTEXT((#7305,#7307,#7308))
REPRESENTATION_CONTEXT('','3D')
);
#7302=(
GEOMETRIC_REPRESENTATION_CONTEXT(3)
GLOBAL_UNCERTAINTY_ASSIGNED_CONTEXT((#7296))
GLOBAL_UNIT_ASSIGNED_CONTEXT((#7305,#7307,#7308))
REPRESENTATION_CONTEXT('','3D')
);
#7303=(
GEOMETRIC_REPRESENTATION_CONTEXT(3)
GLOBAL_UNCERTAINTY_ASSIGNED_CONTEXT((#7297))
GLOBAL_UNIT_ASSIGNED_CONTEXT((#7305,#7307,#7308))
REPRESENTATION_CONTEXT('','3D')
);
#7304=(
GEOMETRIC_REPRESENTATION_CONTEXT(3)
GLOBAL_UNCERTAINTY_ASSIGNED_CONTEXT((#7298))
GLOBAL_UNIT_ASSIGNED_CONTEXT((#7305,#7307,#7308))
REPRESENTATION_CONTEXT('','3D')
);
#7305=(
LENGTH_UNIT()
NAMED_UNIT(*)
SI_UNIT(.MILLI.,.METRE.)
);
#7306=(
LENGTH_UNIT()
NAMED_UNIT(*)
SI_UNIT($,.METRE.)
);
#7307=(
NAMED_UNIT(*)
PLANE_ANGLE_UNIT()
SI_UNIT($,.RADIAN.)
);
#7308=(
NAMED_UNIT(*)
SI_UNIT($,.STERADIAN.)
SOLID_ANGLE_UNIT()
);
#7309=SHAPE_DEFINITION_REPRESENTATION(#7314,#7326);
#7310=SHAPE_DEFINITION_REPRESENTATION(#7315,#7327);
#7311=SHAPE_DEFINITION_REPRESENTATION(#7316,#7328);
#7312=SHAPE_DEFINITION_REPRESENTATION(#7317,#7329);
#7313=SHAPE_DEFINITION_REPRESENTATION(#7318,#7330);
#7314=PRODUCT_DEFINITION_SHAPE('',$,#7332);
#7315=PRODUCT_DEFINITION_SHAPE('',$,#7333);
#7316=PRODUCT_DEFINITION_SHAPE('',$,#7334);
#7317=PRODUCT_DEFINITION_SHAPE('',$,#7335);
#7318=PRODUCT_DEFINITION_SHAPE('',$,#7336);
#7319=PRODUCT_DEFINITION_SHAPE($,$,#41);
#7320=PRODUCT_DEFINITION_SHAPE($,$,#42);
#7321=PRODUCT_DEFINITION_SHAPE($,$,#43);
#7322=PRODUCT_DEFINITION_SHAPE($,$,#44);
#7323=PRODUCT_DEFINITION_SHAPE($,$,#45);
#7324=PRODUCT_DEFINITION_SHAPE($,$,#46);
#7325=PRODUCT_DEFINITION_SHAPE($,$,#47);
#7326=SHAPE_REPRESENTATION('',(#4463,#4784,#4785,#4786,#4787,#4788,#4789,
#4790),#7299);
#7327=SHAPE_REPRESENTATION('',(#4464),#7300);
#7328=SHAPE_REPRESENTATION('',(#4574),#7301);
#7329=SHAPE_REPRESENTATION('',(#4649),#7302);
#7330=SHAPE_REPRESENTATION('',(#4755),#7303);
#7331=PRODUCT_DEFINITION_CONTEXT('part definition',#7348,'design');
#7332=PRODUCT_DEFINITION('KSC241JLFS','SW_KSC241JLFS v1',#7337,#7331);
#7333=PRODUCT_DEFINITION('KSC2 - body','KSC2 - body',#7338,#7331);
#7334=PRODUCT_DEFINITION('KSC2  - button','KSC2  - button',#7339,#7331);
#7335=PRODUCT_DEFINITION('KSC2 - cover','KSC2 - cover',#7340,#7331);
#7336=PRODUCT_DEFINITION('KSC21J_pin','KSC21J_pin',#7341,#7331);
#7337=PRODUCT_DEFINITION_FORMATION('',$,#7350);
#7338=PRODUCT_DEFINITION_FORMATION('',$,#7351);
#7339=PRODUCT_DEFINITION_FORMATION('',$,#7352);
#7340=PRODUCT_DEFINITION_FORMATION('',$,#7353);
#7341=PRODUCT_DEFINITION_FORMATION('',$,#7354);
#7342=PRODUCT_RELATED_PRODUCT_CATEGORY('SW_KSC241JLFS v1',
'SW_KSC241JLFS v1',(#7350));
#7343=PRODUCT_RELATED_PRODUCT_CATEGORY('KSC2 - body','KSC2 - body',(#7351));
#7344=PRODUCT_RELATED_PRODUCT_CATEGORY('KSC2  - button',
'KSC2  - button',(#7352));
#7345=PRODUCT_RELATED_PRODUCT_CATEGORY('KSC2 - cover','KSC2 - cover',(#7353));
#7346=PRODUCT_RELATED_PRODUCT_CATEGORY('KSC21J_pin','KSC21J_pin',(#7354));
#7347=APPLICATION_PROTOCOL_DEFINITION('international standard',
'automotive_design',2009,#7348);
#7348=APPLICATION_CONTEXT(
'Core Data for Automotive Mechanical Design Process');
#7349=PRODUCT_CONTEXT('part definition',#7348,'mechanical');
#7350=PRODUCT('KSC241JLFS','SW_KSC241JLFS v1','STEP AP203',(#7349));
#7351=PRODUCT('KSC2 - body','KSC2 - body','KSC2 - body',(#7349));
#7352=PRODUCT('KSC2  - button','KSC2  - button','KSC2  - button',(#7349));
#7353=PRODUCT('KSC2 - cover','KSC2 - cover','KSC2 - cover',(#7349));
#7354=PRODUCT('KSC21J_pin','KSC21J_pin','KSC21J_pin',(#7349));
#7355=PRESENTATION_STYLE_ASSIGNMENT((#7360));
#7356=PRESENTATION_STYLE_ASSIGNMENT((#7361));
#7357=PRESENTATION_STYLE_ASSIGNMENT((#7362));
#7358=PRESENTATION_STYLE_ASSIGNMENT((#7363));
#7359=PRESENTATION_STYLE_ASSIGNMENT((NULL_STYLE(.NULL.)));
#7360=SURFACE_STYLE_USAGE(.BOTH.,#7364);
#7361=SURFACE_STYLE_USAGE(.BOTH.,#7365);
#7362=SURFACE_STYLE_USAGE(.BOTH.,#7366);
#7363=SURFACE_STYLE_USAGE(.BOTH.,#7367);
#7364=SURFACE_SIDE_STYLE('',(#7368));
#7365=SURFACE_SIDE_STYLE('',(#7369));
#7366=SURFACE_SIDE_STYLE('',(#7370));
#7367=SURFACE_SIDE_STYLE('',(#7371));
#7368=SURFACE_STYLE_FILL_AREA(#7372);
#7369=SURFACE_STYLE_FILL_AREA(#7373);
#7370=SURFACE_STYLE_FILL_AREA(#7374);
#7371=SURFACE_STYLE_FILL_AREA(#7375);
#7372=FILL_AREA_STYLE('Steel - Satin',(#7376));
#7373=FILL_AREA_STYLE(
'PA 12 - Nylon - PA 603-CF (with EOS P 3D Printers)',(#7377));
#7374=FILL_AREA_STYLE('Plastic - Translucent Glossy (White)',(#7378));
#7375=FILL_AREA_STYLE('Aluminum - Satin',(#7379));
#7376=FILL_AREA_STYLE_COLOUR('Steel - Satin',#7380);
#7377=FILL_AREA_STYLE_COLOUR(
'PA 12 - Nylon - PA 603-CF (with EOS P 3D Printers)',#7381);
#7378=FILL_AREA_STYLE_COLOUR('Plastic - Translucent Glossy (White)',#7382);
#7379=FILL_AREA_STYLE_COLOUR('Aluminum - Satin',#7383);
#7380=COLOUR_RGB('Steel - Satin',0.627450980392157,0.627450980392157,0.627450980392157);
#7381=COLOUR_RGB('PA 12 - Nylon - PA 603-CF (with EOS P 3D Printers)',0.247058823529412,
0.247058823529412,0.247058823529412);
#7382=COLOUR_RGB('Plastic - Translucent Glossy (White)',0.964705882352941,
0.964705882352941,0.952941176470588);
#7383=COLOUR_RGB('Aluminum - Satin',0.96078431372549,0.96078431372549,0.964705882352941);
ENDSEC;
END-ISO-10303-21;
